"title-titre-eng","title-titre-fra","referenceNumber-numeroReference","amendmentNumber-numeroModification","procurementNumber-numeroApprovisionnement","solicitationNumber-numeroSollicitation","contractNumber-numeroContrat","numberOfRecords-nombreEnregistrements","publicationDate-datePublication","contractAwardDate-dateAttributionContrat","amendmentDate-dateModification","contractStartDate-contratDateDebut","contractEndDate-dateFinContrat","contractAmount-montantContrat","totalContractValue-valeurTotaleContrat","contractCurrency-contratMonnaie","contractStatus-statutContrat-eng","contractStatus-statutContrat-fra","instrumentType-typeInstrument-eng","instrumentType-typeInstrument-fra","amendmentType-typeModification-eng","amendmentType-typeModification-fra","gsin-nibs","gsinDescription-nibsDescription-eng","gsinDescription-nibsDescription-fra","unspsc","unspscDescription-eng","unspscDescription-fra","procurementCategory-categorieApprovisionnement","noticeType-avisType-eng","noticeType-avisType-fra","procurementMethod-methodeApprovisionnement-eng","procurementMethod-methodeApprovisionnement-fra","selectionCriteria-criteresSelection-eng","selectionCriteria-criteresSelection-fra","limitedTenderingReason-raisonAppelOffresLimite-eng","limitedTenderingReason-raisonAppelOffresLimite-fra","tradeAgreements-accordsCommerciaux-eng","tradeAgreements-accordsCommerciaux-fra","regionsOfDelivery-regionsLivraison-eng","regionsOfDelivery-regionsLivraison-fra","supplierLegalName-nomLegalFournisseur-eng","supplierLegalName-nomLegalFournisseur-fra","supplierStandardizedName-nomNormaliseFournisseur-eng","supplierStandardizedName-nomNormaliseFournisseur-fra","supplierOperatingName-nomCommercialFournisseur-eng","supplierOperatingName-nomCommercialFournisseur-fra","supplierEmployeeCount-fournisseurNombreEmployes-eng","supplierEmployeeCount-fournisseurNombreEmployes-fra","supplierAddressLine-ligneAdresseFournisseur-eng","supplierAddressLine-ligneAdresseFournisseur-fra","supplierAddressCity-fournisseurAdresseVille-eng","supplierAddressCity-fournisseurAdresseVille-fra","supplierAddressProvince-fournisseurAdresseProvince-eng","supplierAddressProvince-fournisseurAdresseProvince-fra","supplierAddressPostalCode-fournisseurAdresseCodePostal","supplierAddressCountry-fournisseurAdressePays-eng","supplierAddressCountry-fournisseurAdressePays-fra","contractingEntityName-nomEntitContractante-eng","contractingEntityName-nomEntitContractante-fra","contractingEntityAddressLine-ligneAdresseEntiteContractante-eng","contractingEntityAddressLine-ligneAdresseEntiteContractante-fra","contractingEntityAddressCity-entiteContractanteAdresseVille-eng","contractingEntityAddressCity-entiteContractanteAdresseVille-fra","contractingEntityAddressProvince-entiteContractanteAdresseProvince-eng","contractingEntityAddressProvince-entiteContractanteAdresseProvince-fra","contractingEntityAddressPostalCode-entiteContractanteAdresseCodePostal","contractingEntityAddressCountry-entiteContractanteAdressePays-eng","contractingEntityAddressCountry-entiteContractanteAdressePays-fra","endUserEntitiesName-nomEntitesUtilisateurFinal-eng","endUserEntitiesName-nomEntitesUtilisateurFinal-fra","endUserEntitiesOfficeName-bureauNomEntitesUtilisateurFinal-eng","endUserEntitiesOfficeName-bureauNomEntitesUtilisateurFinal-fra","endUserEntitiesAddress-adresseEntitesUtilisateurFinal-eng","endUserEntitiesAddress-adresseEntitesUtilisateurFinal-fra","contactInfoName-informationsContactNom","contactInfoEmail-informationsContactCourriel","contactInfoPhone-contactInfoTelephone","contactInfoFax","contactInfoAddressLine-contactInfoAdresseLigne-eng","contactInfoAddressLine-contactInfoAdresseLigne-fra","contactInfoCity-contacterInfoVille-eng","contactInfoCity-contacterInfoVille-fra","contactInfoProvince-contacterInfoProvince-eng","contactInfoProvince-contacterInfoProvince-fra","contactInfoPostalcode","contactInfoCountry-contactInfoPays-eng","contactInfoCountry-contactInfoPays-fra","percentageOfGoodsByCountry-pourcentageDeBiensParPays","tenderDescription-descriptionAppelOffres-eng","tenderDescription-descriptionAppelOffres-fra"
"MARTEC LTD (W8482-242123/001/ML~000)","MARTEC LTD (W8482-242123/001/ML~000)","W8482-242123/001/ML","000","W8482-242123","","W8482-242123/001/ML","5","2024-11-29","2024-11-13","","","2026-02-13","924247.00","924247.00","CAD","","","","","","","*C216BB","*Technical Investigations and Engineering Services (TIES) (Marine)","*Enquêtes techniques et études d'ingénierie (ETEI) (marine)","","","","*SRV","","","Advance contract award notice","Préavis d'attribution du contrat","Highest Combined Rating of Technical Merit and Price","Cote combinée la plus élevée pour le mérite technique et le prix","","","*Canadian Free Trade Agreement (CFTA)","*Accord de libre-échange canadien (ALEC)","","","Martec Limited","Martec Limited","MARTEC LTD","MARTEC LTD","Martec Limited","Martec Limited","20 to 49 employees","20 à 49 employés","Martec Limited<br>237 Brownlow Ave, Suite 200","Martec Limited<br>237 Brownlow Ave, Suite 200","Dartmouth","Dartmouth","Nova Scotia","Nova Scotia","B3B2C7","Canada","Canada","Public Works and Government Services Canada","Travaux publics et Services gouvernementaux Canada","","","","","","","","","","Department of National Defence","Ministère de la défense nationale","NDHQ","N/D","ATTN DGMEPM NP - DMARP<br>101 COLONEL BY DR.,OTTAWA,Ontario,K1A0K2,Canada","ATTN DGMEPM NP - DMARP<br>101 COLONEL BY DR.,OTTAWA,Ontario,K1A0K2,Canada","","","","","","","","","","","","","","","",""
"ATLANTIC CANADA AEROSPACE & DEFENCE ASSOCIATION (EP984-240002/001/MCS~000)","ATLANTIC CANADA AEROSPACE & DEFENCE ASSOCIATION (EP984-240002/001/MCS~000)","EP984-240002/001/MCS","000","EP984-240002","","EP984-240002/001/MCS","1","2024-11-29","2024-10-24","","","2024-11-12","2500.00","2500.00","CAD","","","","","","","*C216BC","*Marine Management","*Gestion marine","","","","*SRV","","","Non-competitive","Non concurrentielle","Low Dollar Value","Faible valeur","","","*None","*Aucun","","","Atlantic Canada Aerospace & Defence Association","Atlantic Canada Aerospace & Defence Association","ATLANTIC CANADA AEROSPACE & DEFENCE ASSOCIATION","ATLANTIC CANADA AEROSPACE & DEFENCE ASSOCIATION","Atlantic Canada Aerospace & Defence Association","Atlantic Canada Aerospace & Defence Association","5 to 9 employees","5 à 9 employés","PO Box 46040 Halifax RPO Novalea","PO Box 46040 Halifax RPO Novalea","Halifax","Halifax","Nova Scotia","Nova Scotia","B3K5V8","Canada","Canada","Public Works and Government Services Canada","Travaux publics et Services gouvernementaux Canada","","","","","","","","","","Public Works and Government Services Canada","Travaux publics et Services gouvernementaux Canada","MRN CHRTR STRTGC INITIATIVES","SRVCS D'?FFRTMNT MRTM NTTVS ST","11  Laurier Street,Gatineau,Quebec,K1A0S5,Canada","11  Laurier Street,Gatineau,Quebec,K1A0S5,Canada","","","","","","","","","","","","","","","",""
"Serco Canada Marine (M7594-244173/001/MC~000)","Serco Canada Marine (M7594-244173/001/MC~000)","M7594-244173/001/MC","000","M7594-244173","","M7594-244173/001/MC","9","2024-06-27","2024-05-22","","","2024-12-31","129950.00","249730.00","CAD","","","","","","","*C216C","*Marine Architect and Engineering Services","*Services d'architecture et d'ingénierie","","","","*SRV","","","Competitive - Open bidding","Concurrentielle - Invitation ouverte à soumissionner","Highest Combined Rating of Technical Merit and Price","Cote combinée la plus élevée pour le mérite technique et le prix","","","*Canadian Free Trade Agreement (CFTA)","*Accord de libre-échange canadien (ALEC)","","","SERCO CANADA MARINE CORPORATION","SERCO CANADA MARINE CORPORATION","Serco Canada Marine","Serco Canada Marine","Serco Canada Marine","Serco Canada Marine","50 to 99 employees","50 à 99 employés","555 Legget Drive<br>Tower A, Suite 400","555 Legget Drive<br>Tower A, Suite 400","Ottawa","Ottawa","Ontario","Ontario","K2K2X3","Canada","Canada","Public Works and Government Services Canada","Travaux publics et Services gouvernementaux Canada","","","","","","","","","","Royal Canadian Mounted Police","Gendarmerie royale du Canada","HQ PROCURE.&CONTRACT.SERVS","SERVS APPROVISION.&CONTRATS QG","4TH FL.<br>73 LEIKIN DR. M1,OTTAWA,Ontario,K1A0R2,Canada","4TH FL.<br>73 LEIKIN DR. M1,OTTAWA,Ontario,K1A0R2,Canada","","","","","","","","","","","","","","","",""
"UNITED STATES DEPARTMENT OF THE AIR FORCE (AFSAC) (W8474-238413/001/USW~000)","UNITED STATES DEPARTMENT OF THE AIR FORCE (AFSAC) (W8474-238413/001/USW~000)","W8474-238413/001/USW","000","W8474-238413","","W8474-238413/001/USW","2","2024-05-28","2024-05-10","","","2031-05-31","171419294.00","171419293.00","CAD","","","","","","","*D399BB","*Telecommunications - Satellite Services","*Télécommunications - services par satellite","","","","*SRV","","","Non-competitive","Non concurrentielle","Government Objectives Representing Best Interests/Value to Govt","Objectifs gouvern.  représentant  les meilleurs intérets/valeur pour l'État","","","*None","*Aucun","","","UNITED STATES DEPARTMENT OF THE AIR FORCE (AFSAC)","UNITED STATES DEPARTMENT OF THE AIR FORCE (AFSAC)","UNITED STATES DEPARTMENT OF THE AIR FORCE (AFSAC)","UNITED STATES DEPARTMENT OF THE AIR FORCE (AFSAC)","Not applicable","Not applicable","UNKNOWN","INCONNU","1822 VAN PATTON DRIVE","1822 VAN PATTON DRIVE","WP AFB","WP AFB","Ohio","Ohio","45433","United States","United States","Public Works and Government Services Canada","Travaux publics et Services gouvernementaux Canada","","","","","","","","","","Department of National Defence","Ministère de la défense nationale","NDHQ","QGDN","101 COLONEL BY DRIVE,OTTAWA,Ontario,K1A0K2,Canada","101 COLONEL BY DRIVE,OTTAWA,Ontario,K1A0K2,Canada","","","","","","","","","","","","","","","",""
"TELESAT CANADA (W8474-238288/001/QD~000)","TELESAT CANADA (W8474-238288/001/QD~000)","W8474-238288/001/QD","000","W8474-238288","","W8474-238288/001/QD","7","2024-08-27","2024-07-26","","","2029-07-31","7062500.00","7062500.00","CAD","","","","","","","*J019A","*Maintenance, Repair, Modification, Rebuilding & Installation of Equipment related to Ships","*Entretien, réparation, modification, réflection, et installation de biens et d'équipement afférents aux navires","","","","*SRVTGD","","","Non-competitive","Non concurrentielle","","","Exclusive Rights","Droits exclusifs","*Canadian Free Trade Agreement (CFTA)","*Accord de libre-échange canadien (ALEC)","","","Telesat Canada","Telesat Canada","TELESAT CANADA","TELESAT CANADA","Telesat Canada","Telesat Canada","500 to 999 employees","500  à  999 employés","160 Elgin<br>Suite 2100","160 Elgin<br>Suite 2100","Ottawa","Ottawa","Ontario","Ontario","K2P2P7","Canada","Canada","Public Works and Government Services Canada","Travaux publics et Services gouvernementaux Canada","","","","","","","","","","Department of National Defence","Ministère de la défense nationale","NDHQ","QGDN","101 COLONEL BY DRIVE,OTTAWA,Ontario,K1A0K2,Canada","101 COLONEL BY DRIVE,OTTAWA,Ontario,K1A0K2,Canada","","","","","","","","","","","","","","","",""
"GEOSPECTRUM TECHNOLOGIES INC (W8482-241840/001/QF~000)","GEOSPECTRUM TECHNOLOGIES INC (W8482-241840/001/QF~000)","W8482-241840/001/QF","000","W8482-241840","","W8482-241840/001/QF","1","2024-06-27","2024-05-23","","","2033-03-31","546717.00","546717.00","CAD","","","","","","","*J019A","*Maintenance, Repair, Modification, Rebuilding & Installation of Equipment related to Ships","*Entretien, réparation, modification, réflection, et installation de biens et d'équipement afférents aux navires","","","","*SRVTGD","","","Non-competitive","Non concurrentielle","","","Exclusive Rights","Droits exclusifs","*None","*Aucun","","","GeoSpectrum Technologies Inc.","GeoSpectrum Technologies Inc.","GEOSPECTRUM TECHNOLOGIES INC","GEOSPECTRUM TECHNOLOGIES INC","GeoSpectrum Technologies Inc.","GeoSpectrum Technologies Inc.","1 to 4 employees","1 à 4 employés","10 Akerley Boulevard, Unit 19","10 Akerley Boulevard, Unit 19","Dartmouth","Dartmouth","Nova Scotia","Nova Scotia","B3B1J4","Canada","Canada","Public Works and Government Services Canada","Travaux publics et Services gouvernementaux Canada","","","","","","","","","","Department of National Defence","Ministère de la défense nationale","NDHQ","N/D","ATTN DGMEPM NP - DMARP<br>101 COLONEL BY DR.,OTTAWA,Ontario,K1A0K2,Canada","ATTN DGMEPM NP - DMARP<br>101 COLONEL BY DR.,OTTAWA,Ontario,K1A0K2,Canada","","","","","","","","","","","","","","","",""
"UNITED STATES DEPARTMENT OF THE AIR FORCE (AFSAC) (W8485-237392/001/USW~000)","UNITED STATES DEPARTMENT OF THE AIR FORCE (AFSAC) (W8485-237392/001/USW~000)","W8485-237392/001/USW","000","W8485-237392","","W8485-237392/001/USW","1","2024-05-28","2024-05-07","","","2031-05-30","2595936.00","2595936.00","CAD","","","","","","","*JX1510","*Aircraft, Fixed Wing - (Military) Repair and Overhaul","*Aéronef à voilure fixe - réparation","","","","*SRVTGD","","","Non-competitive","Non concurrentielle","Government Objectives Representing Best Interests/Value to Govt","Objectifs gouvern.  représentant  les meilleurs intérets/valeur pour l'État","","","*None","*Aucun","","","UNITED STATES DEPARTMENT OF THE AIR FORCE (AFSAC)","UNITED STATES DEPARTMENT OF THE AIR FORCE (AFSAC)","UNITED STATES DEPARTMENT OF THE AIR FORCE (AFSAC)","UNITED STATES DEPARTMENT OF THE AIR FORCE (AFSAC)","Not applicable","Not applicable","UNKNOWN","INCONNU","1822 VAN PATTON DRIVE","1822 VAN PATTON DRIVE","WP AFB","WP AFB","Ohio","Ohio","45433","United States","United States","Public Works and Government Services Canada","Travaux publics et Services gouvernementaux Canada","","","","","","","","","","Department of National Defence","Ministère de la défense nationale","NDHQ","N/D","DGAEPM<br>101 COLONEL BY DR.,OTTAWA,Ontario,K1A0K2,Canada","DGAEPM<br>101 COLONEL BY DR.,OTTAWA,Ontario,K1A0K2,Canada","","","","","","","","","","","","","","","",""
"UNITED STATES DEPARTMENT OF THE NAVY (NAVAIR) (W8485-247626/001/USW~000)","UNITED STATES DEPARTMENT OF THE NAVY (NAVAIR) (W8485-247626/001/USW~000)","W8485-247626/001/USW","000","W8485-247626","","W8485-247626/001/USW","2","2024-04-29","2024-04-11","","","2033-06-30","33187039.00","33187039.00","CAD","","","","","","","*JX1510A","*Aircraft, Fixed Wing - Repair and Overhaul (Military)","*Aéronef, aile fixe, militaires - réparation et révision","","","","*SRVTGD","","","Non-competitive","Non concurrentielle","Government Objectives Representing Best Interests/Value to Govt","Objectifs gouvern.  représentant  les meilleurs intérets/valeur pour l'État","","","*None","*Aucun","","","UNITED STATES DEPARTMENT OF THE NAVY (NAVAIR)","UNITED STATES DEPARTMENT OF THE NAVY (NAVAIR)","UNITED STATES DEPARTMENT OF THE NAVY (NAVAIR)","UNITED STATES DEPARTMENT OF THE NAVY (NAVAIR)","Not applicable","Not applicable","UNKNOWN","INCONNU","2521 South Clark Street<br>Suite 800","2521 South Clark Street<br>Suite 800","Arlington","Arlington","Virginia","Virginia","22202-3928","United States","United States","Public Works and Government Services Canada","Travaux publics et Services gouvernementaux Canada","","","","","","","","","","Department of National Defence","Ministère de la défense nationale","X","N/D","7 CF SUPPLY DEPOT<br>STN FORCES P.O.BOX 10500,EDMONTON,Alberta,T5J4J5,Canada","7 CF SUPPLY DEPOT<br>STN FORCES P.O.BOX 10500,EDMONTON,Alberta,T5J4J5,Canada","","","","","","","","","","","","","","","",""
"ALL SEA ATLANTIC LTD (W8482-242598/001/MCS~000)","ALL SEA ATLANTIC LTD (W8482-242598/001/MCS~000)","W8482-242598/001/MCS","000","W8482-242598","","W8482-242598/001/MCS","1","2024-06-27","2024-05-28","","","2024-09-01","413626.00","413626.00","CAD","","","","","","","*JX1990","*Vessels, Miscellaneous - Repair","*Bateaux divers - réparation","","","","*SRVTGD","","","Competitive - Traditional","Concurrentielle - Traditionnelle","Lowest Price","Prix le plus bas","","","*Canadian Free Trade Agreement (CFTA)","*Accord de libre-échange canadien (ALEC)","","","SGS Saint John Diving, ULC","SGS Saint John Diving, ULC","ALL SEA ATLANTIC LTD","ALL SEA ATLANTIC LTD","SGS Saint John Diving, ULC","SGS Saint John Diving, ULC","5 to 9 employees","5 à 9 employés","50 Thornhill Drive","50 Thornhill Drive","Dartmouth","Dartmouth","Nova Scotia","Nova Scotia","B3B1S1","Canada","Canada","Public Works and Government Services Canada","Travaux publics et Services gouvernementaux Canada","","","","","","","","","","Department of National Defence","Ministère de la défense nationale","NDHQ","N/D","ATTN DGMEPM NP - DMARP<br>101 COLONEL BY DR.,OTTAWA,Ontario,K1A0K2,Canada","ATTN DGMEPM NP - DMARP<br>101 COLONEL BY DR.,OTTAWA,Ontario,K1A0K2,Canada","","","","","","","","","","","","","","","",""
"R2SONIC, LLC (F2915-230840/001/ML~000)","R2SONIC, LLC (F2915-230840/001/ML~000)","F2915-230840/001/ML","000","F2915-230840","","F2915-230840/001/ML","1","2024-04-29","2024-04-10","","","2024-09-30","33805.00","33805.00","CAD","","","","","","","*JX2090","*Ship and Marine Miscellaneous Equipment - Repair","*Matériels nautiques divers - réparation","","","","*SRVTGD","","","Non-competitive","Non concurrentielle","","","Exclusive Rights","Droits exclusifs","*Canadian Free Trade Agreement (CFTA)","*Accord de libre-échange canadien (ALEC)","","","R2Sonic, LLC","R2Sonic, LLC","R2SONIC, LLC","R2SONIC, LLC","R2Sonic, LLC","R2Sonic, LLC","20 to 49 employees","20 à 49 employés","5307 Industrial Oaks Blvd<br>Suite 120","5307 Industrial Oaks Blvd<br>Suite 120","Austin","Austin","Texas","Texas","78735","United States","United States","Public Works and Government Services Canada","Travaux publics et Services gouvernementaux Canada","","","","","","","","","","Fisheries and Oceans Canada","Pêches et Océans Canada","DIRECTOR HYDROGRAPHY","N/D","867 LAKESHORE BLVD<br>P.O.BOX 5050,BURLINGTON,Ontario,L7R4A6,Canada","867 LAKESHORE BLVD<br>P.O.BOX 5050,BURLINGTON,Ontario,L7R4A6,Canada","","","","","","","","","","","","","","","",""
"GRIFFON MARINE LTD (F7049-240023/001/ML~000)","GRIFFON MARINE LTD (F7049-240023/001/ML~000)","F7049-240023/001/ML","000","F7049-240023","","F7049-240023/001/ML","1","2025-06-29","2024-06-10","","","2024-08-31","18537.00","18537.00","CAD","","","","","","","*JX2520","*Vehicular Power Transmission Components - Repair","*Composants de transmission de puissance des véhicules - réparation","","","","*SRVTGD","","","Non-competitive","Non concurrentielle","","","Exclusive Rights","Droits exclusifs","*Canada-Chile Free Trade Agreement (CCFTA)
*Comprehensive and Progressive Agreement for Trans-Pacific Partnership (CPTPP)","*Accord de libre-échange Canada-Chili (ALECC)
*Accord de Partenariat transpacifique global et progressiste (PTPGP)","","","GRIFFON MARINE LIMITED","GRIFFON MARINE LIMITED","GRIFFON MARINE LTD","GRIFFON MARINE LTD","GRIFFON MARINE LIMITED","GRIFFON MARINE LIMITED","20 to 49 employees","20 à 49 employés","Griffon Hoverwork Limited<br>8 HAZEL  Road","Griffon Hoverwork Limited<br>8 HAZEL  Road","SOUTHAMPTON","SOUTHAMPTON","","","S0197GB","United Kingdom","United Kingdom","Public Works and Government Services Canada","Travaux publics et Services gouvernementaux Canada","","","","","","","","","","Fisheries and Oceans Canada","Pêches et Océans Canada","INTEGRATED TECHNICAL SERVICES","SERVICES TECHNIQUES INTEGRÉS","VLE MLM PROGRAM<br>200 KENT ST., STN 7N157,OTTAWA,Ontario,K1A0E6,Canada","VLE MLM PROGRAM<br>200 KENT ST., STN 7N157,OTTAWA,Ontario,K1A0E6,Canada","","","","","","","","","","","","","","","",""
"WAJAX LTD (F7044-240109/001/ML~000)","WAJAX LTD (F7044-240109/001/ML~000)","F7044-240109/001/ML","000","F7044-240109","","F7044-240109/001/ML","2","2025-04-29","2025-03-21","","","2025-12-31","5000000.00","5000000.00","CAD","","","","","","","*JX2815C","*Diesel Engines, Repair, Overhaul, Modification and Maintenance","*Moteurs diesel - réparation, révision, modification et entretien","","","","*SRVTGD","","","Competitive - Traditional","Concurrentielle - Traditionnelle","Lowest Price","Prix le plus bas","","","","","","","Wajax limited","Wajax limited","WAJAX LTD","WAJAX LTD","Wajax limited","Wajax limited","2500 to 4999 employees","2500 à 4999 employés","10 Diesel Drive","10 Diesel Drive","Toronto","Toronto","Ontario","Ontario","M8W2T8","Canada","Canada","Public Works and Government Services Canada","Travaux publics et Services gouvernementaux Canada","","","","","","","","","","Fisheries and Oceans Canada","Pêches et Océans Canada","D/PROJ.MGR STIMULUS PACKAGE","GEST.A.PRGM PLAN ACTION ECON.","INTEGRATED TECHNICAL SERVICES<br>200 KENT ST STN. 7W060,OTTAWA,Ontario,K1A0E6,Canada","INTEGRATED TECHNICAL SERVICES<br>200 KENT ST STN. 7W060,OTTAWA,Ontario,K1A0E6,Canada","","","","","","","","","","","","","","","",""
"CULLEN DIESEL POWER LTD (F7044-240109/002/ML~000)","CULLEN DIESEL POWER LTD (F7044-240109/002/ML~000)","F7044-240109/002/ML","000","F7044-240109","","F7044-240109/002/ML","2","2025-04-29","2025-03-21","","","2025-12-31","5000000.00","5000000.00","CAD","","","","","","","*JX2815C","*Diesel Engines, Repair, Overhaul, Modification and Maintenance","*Moteurs diesel - réparation, révision, modification et entretien","","","","*SRVTGD","","","Competitive - Traditional","Concurrentielle - Traditionnelle","Lowest Price","Prix le plus bas","","","","","","","CULLEN DIESEL POWER LTD.","CULLEN DIESEL POWER LTD.","CULLEN DIESEL POWER LTD","CULLEN DIESEL POWER LTD","CULLEN DIESEL POWER LTD.","CULLEN DIESEL POWER LTD.","200 to 499 employees","200 à 499 employés","9300 192nd street","9300 192nd street","Surrey","Surrey","British Columbia","British Columbia","V4N3R8","Canada","Canada","Public Works and Government Services Canada","Travaux publics et Services gouvernementaux Canada","","","","","","","","","","Fisheries and Oceans Canada","Pêches et Océans Canada","D/PROJ.MGR STIMULUS PACKAGE","GEST.A.PRGM PLAN ACTION ECON.","INTEGRATED TECHNICAL SERVICES<br>200 KENT ST STN. 7W060,OTTAWA,Ontario,K1A0E6,Canada","INTEGRATED TECHNICAL SERVICES<br>200 KENT ST STN. 7W060,OTTAWA,Ontario,K1A0E6,Canada","","","","","","","","","","","","","","","",""
"TROY LIFE & FIRE SAFETY LTD (F2599-240190/001/ML~000)","TROY LIFE & FIRE SAFETY LTD (F2599-240190/001/ML~000)","F2599-240190/001/ML","000","F2599-240190","","F2599-240190/001/ML","2","2024-11-29","2024-10-28","","","2024-12-31","75531.00","77358.00","CAD","","","","","","","*JX4210","*Firefighting Equipment - Repair and Overhaul","*Équipement de lutte contre l'incendie - réparation et révision","","","","*SRVTGD","","","Competitive - Open bidding","Concurrentielle - Invitation ouverte à soumissionner","Only One Response to Bid Solicitation","Une seule réponse à une invitation à soumissionner","","","*None","*Aucun","","","Troy Life & Fire Safety Ltd./Protection incendie Troy Ltée","Troy Life & Fire Safety Ltd./Protection incendie Troy Ltée","TROY LIFE & FIRE SAFETY LTD","TROY LIFE & FIRE SAFETY LTD","Troy Life & Fire Safety Ltd","Troy Life & Fire Safety Ltd","500 to 999 employees","500  à  999 employés","1-900 Maple Grove Rd","1-900 Maple Grove Rd","Cambridge","Cambridge","Ontario","Ontario","N3H4R7","Canada","Canada","Public Works and Government Services Canada","Travaux publics et Services gouvernementaux Canada","","","","","","","","","","Fisheries and Oceans Canada","Pêches et Océans Canada","CCG CENTRAL&ARCTIC RGN","N/D","MARINE ENGINEERING<br>520 EXMOUTH ST,SARNIA,Ontario,N7T8B1,Canada","MARINE ENGINEERING<br>520 EXMOUTH ST,SARNIA,Ontario,N7T8B1,Canada","","","","","","","","","","","","","","","",""
"LEONARDO MW LTD (W8486-217874/001/QD~000)","LEONARDO MW LTD (W8486-217874/001/QD~000)","W8486-217874/001/QD","000","W8486-217874","","W8486-217874/001/QD","1","2024-12-27","2024-12-19","","","2029-03-31","3360000.00","3360000.00","CAD","","","","","","","*JX5895","*Aircraft (Military) Miscellaneous Communications Equipment - Repair and Overhaul","*Équipements divers de télécommunications pour aéronef (militaires) - réparation et révision","","","","*SRVTGD","","","Non-competitive","Non concurrentielle","","","Exclusive Rights","Droits exclusifs","*None","*Aucun","","","LEONARDO UK LTD","LEONARDO UK LTD","LEONARDO MW LTD","LEONARDO MW LTD","Leonardo UK Ltd.","Leonardo UK Ltd.","5000 employees and over","5000 employés et plus","Leonardo UK Ltd.<br>One Eagle Place","Leonardo UK Ltd.<br>One Eagle Place","London","London","","","SW1Y6AF","United Kingdom","United Kingdom","Public Works and Government Services Canada","Travaux publics et Services gouvernementaux Canada","","","","","","","","","","Department of National Defence","Ministère de la défense nationale","NDHQ DGLEPM","N/D","101 COLONEL BY DR.,OTTAWA,Ontario,K1A0K2,Canada","101 COLONEL BY DR.,OTTAWA,Ontario,K1A0K2,Canada","","","","","","","","","","","","","","","",""
"CAE USA (W8485-20CF18/001/BF~000)","CAE USA (W8485-20CF18/001/BF~000)","W8485-20CF18/001/BF","000","W8485-20CF18","","W8485-20CF18/001/BF","1","2024-10-25","2024-10-17","","","2027-12-31","14128705.00","14128705.00","CAD","","","","","","","*JX6930","*Operation Training Devices - Repair","*Appareils d'instruction opérationnels - réparation","","","","*SRVTGD","","","Non-competitive","Non concurrentielle","","","Exclusive Rights","Droits exclusifs","","","","","CAE USA Inc.","CAE USA Inc.","CAE USA","CAE USA","CAE USA Inc.","CAE USA Inc.","UNKNOWN","INCONNU","2200 Arlington Downs Road,","2200 Arlington Downs Road,","Arlington","Arlington","Texas","Texas","76011","United States","United States","Public Works and Government Services Canada","Travaux publics et Services gouvernementaux Canada","","","","","","","","","","Department of National Defence","Ministère de la défense nationale","NDHQ","N/D","DGAEPM<br>101 COLONEL BY DR.,OTTAWA,Ontario,K1A0K2,Canada","DGAEPM<br>101 COLONEL BY DR.,OTTAWA,Ontario,K1A0K2,Canada","","","","","","","","","","","","","","","",""
"SAVIT CORPORATION (W8476-226544/001/BM~000)","SAVIT CORPORATION (W8476-226544/001/BM~000)","W8476-226544/001/BM","000","W8476-226544","","W8476-226544/001/BM","3","2024-08-27","2024-08-14","","","2027-12-31","480633.00","640295.00","CAD","","","","","","","*N1005","*Guns, through 30 mm, unless installed in a vehicle, aircraft, ship","*Canons, jusqu'à 30 mm","","","","*GD","","","Advance contract award notice","Préavis d'attribution du contrat","","","Exclusive Rights","Droits exclusifs","","","","","SAVIT Corporation","SAVIT Corporation","SAVIT CORPORATION","SAVIT CORPORATION","SAVIT Corporation","SAVIT Corporation","20 to 49 employees","20 à 49 employés","400 Commons Way Suite D","400 Commons Way Suite D","Rockaway","Rockaway","New Jersey","New Jersey","07866","United States","United States","Public Works and Government Services Canada","Travaux publics et Services gouvernementaux Canada","","","","","","","","","","Department of National Defence","Ministère de la défense nationale","DGLEPM CAPITAL","N/D","101 COLONEL BY DR.,OTTAWA,Ontario,K1A0K2,Canada","101 COLONEL BY DR.,OTTAWA,Ontario,K1A0K2,Canada","","","","","","","","","","","","","","","",""
"LOCKHEED MARTIN CANADA INC (W8482-220150/001/QF~000)","LOCKHEED MARTIN CANADA INC (W8482-220150/001/QF~000)","W8482-220150/001/QF","000","W8482-220150","","W8482-220150/001/QF","3","2025-01-27","2024-10-25","","","2034-03-31","92000000.00","287500000.00","CAD","","","","","","","*N1230","*Fire Control Systems, Complete","*Systèmes de conduite de tir, complets","","","","*GD","","","Non-competitive","Non concurrentielle","","","Exclusive Rights","Droits exclusifs","*Canadian Free Trade Agreement (CFTA)","*Accord de libre-échange canadien (ALEC)","","","Lockheed Martin Canada Inc.","Lockheed Martin Canada Inc.","LOCKHEED MARTIN CANADA INC","LOCKHEED MARTIN CANADA INC","Lockheed Martin Canada Inc.","Lockheed Martin Canada Inc.","500 to 999 employees","500  à  999 employés","501 Palladium Dr","501 Palladium Dr","Kanata","Kanata","Ontario","Ontario","K2V0A2","Canada","Canada","Public Works and Government Services Canada","Travaux publics et Services gouvernementaux Canada","","","","","","","","","","Department of National Defence","Ministère de la défense nationale","NDHQ","N/D","ATTN DGMEPM NP - DMARP<br>101 COLONEL BY DR.,OTTAWA,Ontario,K1A0K2,Canada","ATTN DGMEPM NP - DMARP<br>101 COLONEL BY DR.,OTTAWA,Ontario,K1A0K2,Canada","","","","","","","","","","","","","","","",""
"BARBER-NICHOLS INC (W8482-218163/001/VCI~000)","BARBER-NICHOLS INC (W8482-218163/001/VCI~000)","W8482-218163/001/VCI","000","W8482-218163","","W8482-218163/001/VCI","4","2024-08-27","2024-08-16","","","2028-08-16","2841594.00","2841594.00","CAD","","","","","","","*N1305","*Ammunition, through 30mm","*Munitions, jusqu'à 30 mm","","","","*GD","","","Non-competitive","Non concurrentielle","","","","","","","","","Barber-Nichols, LLC","Barber-Nichols, LLC","BARBER-NICHOLS INC","BARBER-NICHOLS INC","Barber-Nichols","Barber-Nichols","UNKNOWN","INCONNU","6325 West 55th Avenue","6325 West 55th Avenue","Arvada","Arvada","Colorado","Colorado","80002","United States","United States","Public Works and Government Services Canada","Travaux publics et Services gouvernementaux Canada","","","","","","","","","","Department of National Defence","Ministère de la défense nationale","NDHQ","N/D","ATTN DGMEPM NP - DMARP<br>101 COLONEL BY DR.,OTTAWA,Ontario,K1A0K2,Canada","ATTN DGMEPM NP - DMARP<br>101 COLONEL BY DR.,OTTAWA,Ontario,K1A0K2,Canada","","","","","","","","","","","","","","","",""
"GENERAL DYNAMICS ORDNANCE AND TACTICAL SYSTEMS - CANADA INC (W8486-24XA07/001/BK~000)","GENERAL DYNAMICS ORDNANCE AND TACTICAL SYSTEMS - CANADA INC (W8486-24XA07/001/BK~000)","W8486-24XA07/001/BK","000","W8486-24XA07","","W8486-24XA07/001/BK","1","2024-07-27","2024-07-15","","","2026-05-31","1437044.00","1437044.00","CAD","","","","","","","*N1305","*Ammunition, through 30mm","*Munitions, jusqu'à 30 mm","","","","*GD","","","Non-competitive","Non concurrentielle","Government Objectives Representing Best Interests/Value to Govt","Objectifs gouvern.  représentant  les meilleurs intérets/valeur pour l'État","","","*Canadian Free Trade Agreement (CFTA)","*Accord de libre-échange canadien (ALEC)","","","GENERAL DYNAMICS ORDNANCE AND TACTICAL SYSTEMS - CANADA INC.","GENERAL DYNAMICS ORDNANCE AND TACTICAL SYSTEMS - CANADA INC.","GENERAL DYNAMICS ORDNANCE AND TACTICAL SYSTEMS - CANADA INC","GENERAL DYNAMICS ORDNANCE AND TACTICAL SYSTEMS - CANADA INC","General Dynamics Ordnance and Tactical Systems - Canada Inc","General Dynamics Ordnance and Tactical Systems - Canada Inc","1000 to 1499 employees","1000 à 1499 employés","5 Montée des Arsenaux","5 Montée des Arsenaux","Repentigny","Repentigny","Quebec","Quebec","J5Z2P4","Canada","Canada","Public Works and Government Services Canada","Travaux publics et Services gouvernementaux Canada","","","","","","","","","","Department of National Defence / Department of National Defence","Ministère de la défense nationale / Ministère de la défense nationale","NDHQ DGLEPM / NDHQ DGLEPM","N/D / N/D","101 COLONEL BY DR.,OTTAWA,Ontario,K1A0K2,Canada / 101 COLONEL BY DR.,OTTAWA,Ontario,K1A0K2,Canada","101 COLONEL BY DR.,OTTAWA,Ontario,K1A0K2,Canada / 101 COLONEL BY DR.,OTTAWA,Ontario,K1A0K2,Canada","","","","","","","","","","","","","","","",""
"GENERAL DYNAMICS ORDNANCE AND TACTICAL SYSTEMS - CANADA INC (W8486-23XA43/001/BK~000)","GENERAL DYNAMICS ORDNANCE AND TACTICAL SYSTEMS - CANADA INC (W8486-23XA43/001/BK~000)","W8486-23XA43/001/BK","000","W8486-23XA43","","W8486-23XA43/001/BK","1","2024-05-28","2024-04-26","","","2027-12-31","14412714.00","14412714.00","CAD","","","","","","","*N1315","*Ammunition, 75mm through 125mm","*Munitions, de 75 mm jusqu'à 125 mm","","","","*GD","","","Non-competitive","Non concurrentielle","","","Exclusive Rights","Droits exclusifs","*Canadian Free Trade Agreement (CFTA)","*Accord de libre-échange canadien (ALEC)","","","GENERAL DYNAMICS ORDNANCE AND TACTICAL SYSTEMS - CANADA INC.","GENERAL DYNAMICS ORDNANCE AND TACTICAL SYSTEMS - CANADA INC.","GENERAL DYNAMICS ORDNANCE AND TACTICAL SYSTEMS - CANADA INC","GENERAL DYNAMICS ORDNANCE AND TACTICAL SYSTEMS - CANADA INC","General Dynamics Ordnance and Tactical Systems - Canada Inc","General Dynamics Ordnance and Tactical Systems - Canada Inc","1000 to 1499 employees","1000 à 1499 employés","5 Montée des Arsenaux","5 Montée des Arsenaux","Repentigny","Repentigny","Quebec","Quebec","J5Z2P4","Canada","Canada","Public Works and Government Services Canada","Travaux publics et Services gouvernementaux Canada","","","","","","","","","","Department of National Defence","Ministère de la défense nationale","NDHQ DGLEPM","N/D","101 COLONEL BY DR.,OTTAWA,Ontario,K1A0K2,Canada","101 COLONEL BY DR.,OTTAWA,Ontario,K1A0K2,Canada","","","","","","","","","","","","","","","",""
"GENERAL DYNAMICS ORDNANCE AND TACTICAL SYSTEMS - CANADA INC (W8486-23XA44/001/BK~000)","GENERAL DYNAMICS ORDNANCE AND TACTICAL SYSTEMS - CANADA INC (W8486-23XA44/001/BK~000)","W8486-23XA44/001/BK","000","W8486-23XA44","","W8486-23XA44/001/BK","1","2024-05-28","2024-04-26","","","2027-12-31","25234273.00","25234273.00","CAD","","","","","","","*N1315","*Ammunition, 75mm through 125mm","*Munitions, de 75 mm jusqu'à 125 mm","","","","*GD","","","Non-competitive","Non concurrentielle","","","Exclusive Rights","Droits exclusifs","*Canadian Free Trade Agreement (CFTA)","*Accord de libre-échange canadien (ALEC)","","","GENERAL DYNAMICS ORDNANCE AND TACTICAL SYSTEMS - CANADA INC.","GENERAL DYNAMICS ORDNANCE AND TACTICAL SYSTEMS - CANADA INC.","GENERAL DYNAMICS ORDNANCE AND TACTICAL SYSTEMS - CANADA INC","GENERAL DYNAMICS ORDNANCE AND TACTICAL SYSTEMS - CANADA INC","General Dynamics Ordnance and Tactical Systems - Canada Inc","General Dynamics Ordnance and Tactical Systems - Canada Inc","1000 to 1499 employees","1000 à 1499 employés","5 Montée des Arsenaux","5 Montée des Arsenaux","Repentigny","Repentigny","Quebec","Quebec","J5Z2P4","Canada","Canada","Public Works and Government Services Canada","Travaux publics et Services gouvernementaux Canada","","","","","","","","","","Department of National Defence","Ministère de la défense nationale","NDHQ DGLEPM","N/D","101 COLONEL BY DR.,OTTAWA,Ontario,K1A0K2,Canada","101 COLONEL BY DR.,OTTAWA,Ontario,K1A0K2,Canada","","","","","","","","","","","","","","","",""
"GENERAL DYNAMICS ORDNANCE AND TACTICAL SYSTEMS - CANADA INC (W8486-24XA17/001/BK~000)","GENERAL DYNAMICS ORDNANCE AND TACTICAL SYSTEMS - CANADA INC (W8486-24XA17/001/BK~000)","W8486-24XA17/001/BK","000","W8486-24XA17","","W8486-24XA17/001/BK","1","2024-07-27","2024-06-26","","","2028-12-31","13550130.00","13550130.00","CAD","","","","","","","*N1315","*Ammunition, 75mm through 125mm","*Munitions, de 75 mm jusqu'à 125 mm","","","","*GD","","","Non-competitive","Non concurrentielle","","","Exclusive Rights","Droits exclusifs","*Canadian Free Trade Agreement (CFTA)","*Accord de libre-échange canadien (ALEC)","","","GENERAL DYNAMICS ORDNANCE AND TACTICAL SYSTEMS - CANADA INC.","GENERAL DYNAMICS ORDNANCE AND TACTICAL SYSTEMS - CANADA INC.","GENERAL DYNAMICS ORDNANCE AND TACTICAL SYSTEMS - CANADA INC","GENERAL DYNAMICS ORDNANCE AND TACTICAL SYSTEMS - CANADA INC","General Dynamics Ordnance and Tactical Systems - Canada Inc","General Dynamics Ordnance and Tactical Systems - Canada Inc","1000 to 1499 employees","1000 à 1499 employés","5 Montée des Arsenaux","5 Montée des Arsenaux","Repentigny","Repentigny","Quebec","Quebec","J5Z2P4","Canada","Canada","Public Works and Government Services Canada","Travaux publics et Services gouvernementaux Canada","","","","","","","","","","Department of National Defence / Department of National Defence","Ministère de la défense nationale / Ministère de la défense nationale","NDHQ DGLEPM / NDHQ DGLEPM","N/D / N/D","101 COLONEL BY DR.,OTTAWA,Ontario,K1A0K2,Canada / 101 COLONEL BY DR.,OTTAWA,Ontario,K1A0K2,Canada","101 COLONEL BY DR.,OTTAWA,Ontario,K1A0K2,Canada / 101 COLONEL BY DR.,OTTAWA,Ontario,K1A0K2,Canada","","","","","","","","","","","","","","","",""
"GENERAL DYNAMICS ORDNANCE AND TACTICAL SYSTEMS - CANADA INC (W8486-24XA18/001/BK~000)","GENERAL DYNAMICS ORDNANCE AND TACTICAL SYSTEMS - CANADA INC (W8486-24XA18/001/BK~000)","W8486-24XA18/001/BK","000","W8486-24XA18","","W8486-24XA18/001/BK","1","2024-07-27","2024-06-26","","","2028-12-31","9759781.00","9759781.00","CAD","","","","","","","*N1315","*Ammunition, 75mm through 125mm","*Munitions, de 75 mm jusqu'à 125 mm","","","","*GD","","","Non-competitive","Non concurrentielle","","","Exclusive Rights","Droits exclusifs","*Canadian Free Trade Agreement (CFTA)","*Accord de libre-échange canadien (ALEC)","","","GENERAL DYNAMICS ORDNANCE AND TACTICAL SYSTEMS - CANADA INC.","GENERAL DYNAMICS ORDNANCE AND TACTICAL SYSTEMS - CANADA INC.","GENERAL DYNAMICS ORDNANCE AND TACTICAL SYSTEMS - CANADA INC","GENERAL DYNAMICS ORDNANCE AND TACTICAL SYSTEMS - CANADA INC","General Dynamics Ordnance and Tactical Systems - Canada Inc","General Dynamics Ordnance and Tactical Systems - Canada Inc","1000 to 1499 employees","1000 à 1499 employés","5 Montée des Arsenaux","5 Montée des Arsenaux","Repentigny","Repentigny","Quebec","Quebec","J5Z2P4","Canada","Canada","Public Works and Government Services Canada","Travaux publics et Services gouvernementaux Canada","","","","","","","","","","Department of National Defence / Department of National Defence","Ministère de la défense nationale / Ministère de la défense nationale","NDHQ DGLEPM / NDHQ DGLEPM","N/D / N/D","101 COLONEL BY DR.,OTTAWA,Ontario,K1A0K2,Canada / 101 COLONEL BY DR.,OTTAWA,Ontario,K1A0K2,Canada","101 COLONEL BY DR.,OTTAWA,Ontario,K1A0K2,Canada / 101 COLONEL BY DR.,OTTAWA,Ontario,K1A0K2,Canada","","","","","","","","","","","","","","","",""
"GENERAL DYNAMICS ORDNANCE AND TACTICAL SYSTEMS - CANADA INC (W8486-24XA19/001/BK~000)","GENERAL DYNAMICS ORDNANCE AND TACTICAL SYSTEMS - CANADA INC (W8486-24XA19/001/BK~000)","W8486-24XA19/001/BK","000","W8486-24XA19","","W8486-24XA19/001/BK","1","2024-07-27","2024-06-26","","","2028-12-31","22526661.00","22526661.00","CAD","","","","","","","*N1315","*Ammunition, 75mm through 125mm","*Munitions, de 75 mm jusqu'à 125 mm","","","","*GD","","","Non-competitive","Non concurrentielle","","","Exclusive Rights","Droits exclusifs","*Canadian Free Trade Agreement (CFTA)","*Accord de libre-échange canadien (ALEC)","","","GENERAL DYNAMICS ORDNANCE AND TACTICAL SYSTEMS - CANADA INC.","GENERAL DYNAMICS ORDNANCE AND TACTICAL SYSTEMS - CANADA INC.","GENERAL DYNAMICS ORDNANCE AND TACTICAL SYSTEMS - CANADA INC","GENERAL DYNAMICS ORDNANCE AND TACTICAL SYSTEMS - CANADA INC","General Dynamics Ordnance and Tactical Systems - Canada Inc","General Dynamics Ordnance and Tactical Systems - Canada Inc","1000 to 1499 employees","1000 à 1499 employés","5 Montée des Arsenaux","5 Montée des Arsenaux","Repentigny","Repentigny","Quebec","Quebec","J5Z2P4","Canada","Canada","Public Works and Government Services Canada","Travaux publics et Services gouvernementaux Canada","","","","","","","","","","Department of National Defence / Department of National Defence","Ministère de la défense nationale / Ministère de la défense nationale","NDHQ DGLEPM / NDHQ DGLEPM","N/D / N/D","101 COLONEL BY DR.,OTTAWA,Ontario,K1A0K2,Canada / 101 COLONEL BY DR.,OTTAWA,Ontario,K1A0K2,Canada","101 COLONEL BY DR.,OTTAWA,Ontario,K1A0K2,Canada / 101 COLONEL BY DR.,OTTAWA,Ontario,K1A0K2,Canada","","","","","","","","","","","","","","","",""
"NATO SEASPARROW SURFACE MISSILE SYSTEM PROJECT (W8472-165645/010/USW~000)","NATO SEASPARROW SURFACE MISSILE SYSTEM PROJECT (W8472-165645/010/USW~000)","W8472-165645/010/USW","000","W8472-165645","","W8472-165645/010/USW","1","2025-03-03","2025-01-23","","","2029-10-02","97775259.00","97775259.00","CAD","","","","","","","*N1336","*Guided Missile Warheads and Explosive Components","*Sections chargées monoblocs de missiles et composants explosifs","","","","*GD","","","Non-competitive","Non concurrentielle","Government Objectives Representing Best Interests/Value to Govt","Objectifs gouvern.  représentant  les meilleurs intérets/valeur pour l'État","","","*None","*Aucun","","","Not applicable","Not applicable","NATO SEASPARROW SURFACE MISSILE SYSTEM PROJECT","NATO SEASPARROW SURFACE MISSILE SYSTEM PROJECT","NATO SEASPARROW SURFACE       MISSILE SYSTEM PROJECT","NATO SEASPARROW SURFACE       MISSILE SYSTEM PROJECT","UNKNOWN","INCONNU","","","WASHINGTON","WASHINGTON","District of Columbia","District of Columbia","","United States","United States","Public Works and Government Services Canada","Travaux publics et Services gouvernementaux Canada","","","","","","","","","","Department of National Defence","Ministère de la défense nationale","NDHQ","N/D","ATTN DGMEPM CAP - DMARP<br>101 COLONEL BY DR.,OTTAWA,Ontario,K1A0K2,Canada","ATTN DGMEPM CAP - DMARP<br>101 COLONEL BY DR.,OTTAWA,Ontario,K1A0K2,Canada","","","","","","","","","","","","","","","",""
"NATO SEASPARROW SURFACE MISSILE SYSTEM PROJECT (W8472-165645/011/USW~000)","NATO SEASPARROW SURFACE MISSILE SYSTEM PROJECT (W8472-165645/011/USW~000)","W8472-165645/011/USW","000","W8472-165645","","W8472-165645/011/USW","1","2025-03-27","2025-02-25","","","2030-03-31","108110000.00","108110000.00","CAD","","","","","","","*N1336","*Guided Missile Warheads and Explosive Components","*Sections chargées monoblocs de missiles et composants explosifs","","","","*GD","","","Non-competitive","Non concurrentielle","Government Objectives Representing Best Interests/Value to Govt","Objectifs gouvern.  représentant  les meilleurs intérets/valeur pour l'État","","","*None","*Aucun","","","Not applicable","Not applicable","NATO SEASPARROW SURFACE MISSILE SYSTEM PROJECT","NATO SEASPARROW SURFACE MISSILE SYSTEM PROJECT","NATO SEASPARROW SURFACE       MISSILE SYSTEM PROJECT","NATO SEASPARROW SURFACE       MISSILE SYSTEM PROJECT","UNKNOWN","INCONNU","","","WASHINGTON","WASHINGTON","District of Columbia","District of Columbia","","United States","United States","Public Works and Government Services Canada","Travaux publics et Services gouvernementaux Canada","","","","","","","","","","Department of National Defence","Ministère de la défense nationale","NDHQ","N/D","ATTN DGMEPM CAP - DMARP<br>101 COLONEL BY DR.,OTTAWA,Ontario,K1A0K2,Canada","ATTN DGMEPM CAP - DMARP<br>101 COLONEL BY DR.,OTTAWA,Ontario,K1A0K2,Canada","","","","","","","","","","","","","","","",""
"NATO SEASPARROW SURFACE MISSILE SYSTEM PROJECT (W8472-165645/012/USW~000)","NATO SEASPARROW SURFACE MISSILE SYSTEM PROJECT (W8472-165645/012/USW~000)","W8472-165645/012/USW","000","W8472-165645","","W8472-165645/012/USW","1","2025-03-27","2025-01-03","","","2030-03-31","7398040.00","7398040.00","CAD","","","","","","","*N1336","*Guided Missile Warheads and Explosive Components","*Sections chargées monoblocs de missiles et composants explosifs","","","","*GD","","","Non-competitive","Non concurrentielle","Government Objectives Representing Best Interests/Value to Govt","Objectifs gouvern.  représentant  les meilleurs intérets/valeur pour l'État","","","*None","*Aucun","","","Not applicable","Not applicable","NATO SEASPARROW SURFACE MISSILE SYSTEM PROJECT","NATO SEASPARROW SURFACE MISSILE SYSTEM PROJECT","NATO SEASPARROW SURFACE       MISSILE SYSTEM PROJECT","NATO SEASPARROW SURFACE       MISSILE SYSTEM PROJECT","UNKNOWN","INCONNU","","","WASHINGTON","WASHINGTON","District of Columbia","District of Columbia","","United States","United States","Public Works and Government Services Canada","Travaux publics et Services gouvernementaux Canada","","","","","","","","","","Department of National Defence","Ministère de la défense nationale","NDHQ","N/D","ATTN DGMEPM CAP - DMARP<br>101 COLONEL BY DR.,OTTAWA,Ontario,K1A0K2,Canada","ATTN DGMEPM CAP - DMARP<br>101 COLONEL BY DR.,OTTAWA,Ontario,K1A0K2,Canada","","","","","","","","","","","","","","","",""
"UNITED STATES DEPARTMENT OF THE ARMY (USASAC) (W8484-23XA48/001/USW~000)","UNITED STATES DEPARTMENT OF THE ARMY (USASAC) (W8484-23XA48/001/USW~000)","W8484-23XA48/001/USW","000","W8484-23XA48","","W8484-23XA48/001/USW","1","2024-09-24","2024-08-23","","","2030-06-01","2831729.00","2831729.00","CAD","","","","","","","*N1375","*Demolition Materials","*Explosifs de démolition","","","","*GD","","","Non-competitive","Non concurrentielle","Government Objectives Representing Best Interests/Value to Govt","Objectifs gouvern.  représentant  les meilleurs intérets/valeur pour l'État","","","*None","*Aucun","","","UNITED STATES DEPARTMENT OF THE ARMY (USASAC)","UNITED STATES DEPARTMENT OF THE ARMY (USASAC)","UNITED STATES DEPARTMENT OF THE ARMY (USASAC)","UNITED STATES DEPARTMENT OF THE ARMY (USASAC)","UNITED STATES DEPARTMENT OF THE ARMY (USASAC)","UNITED STATES DEPARTMENT OF THE ARMY (USASAC)","5 to 9 employees","5 à 9 employés","7613 CARDINAL ROAD","7613 CARDINAL ROAD","REDSTONE ARSENAL","REDSTONE ARSENAL","Alabama","Alabama","35898-5000","United States","United States","Public Works and Government Services Canada","Travaux publics et Services gouvernementaux Canada","","","","","","","","","","Department of National Defence","Ministère de la défense nationale","COMMANDING OFFICER","N/D","CF AMMUNITION DEPOT,ANGUS,Ontario,L0M1B0,Canada","CF AMMUNITION DEPOT,ANGUS,Ontario,L0M1B0,Canada","","","","","","","","","","","","","","","",""
"UNITED STATES DEPARTMENT OF THE NAVY (NAVAIR) (W8486-24WA07/001/USW~000)","UNITED STATES DEPARTMENT OF THE NAVY (NAVAIR) (W8486-24WA07/001/USW~000)","W8486-24WA07/001/USW","000","W8486-24WA07","","W8486-24WA07/001/USW","3","2025-05-27","2025-02-11","","","2033-06-30","3960159.00","3960159.00","CAD","","","","","","","*N1377","*Cartridge and Propellant Actuated Devices and Components","*Dispositifs actionnés par cartouches ou agents propulsifs et composants","","","","*GD","","","Non-competitive","Non concurrentielle","Government Objectives Representing Best Interests/Value to Govt","Objectifs gouvern.  représentant  les meilleurs intérets/valeur pour l'État","","","*None","*Aucun","","","UNITED STATES DEPARTMENT OF THE NAVY (NAVAIR)","UNITED STATES DEPARTMENT OF THE NAVY (NAVAIR)","UNITED STATES DEPARTMENT OF THE NAVY (NAVAIR)","UNITED STATES DEPARTMENT OF THE NAVY (NAVAIR)","Not applicable","Not applicable","UNKNOWN","INCONNU","2521 South Clark Street<br>Suite 800","2521 South Clark Street<br>Suite 800","Arlington","Arlington","Virginia","Virginia","22202-3928","United States","United States","Public Works and Government Services Canada","Travaux publics et Services gouvernementaux Canada","","","","","","","","","","Department of National Defence","Ministère de la défense nationale","","N/D","CFAMMUNITION DEPOT DUNDURN,DUNDURN,Saskatchewan,S0K1K0,Canada","CFAMMUNITION DEPOT DUNDURN,DUNDURN,Saskatchewan,S0K1K0,Canada","","","","","","","","","","","","","","","",""
"UNITED STATES DEPARTMENT OF THE NAVY (NAVSEA) (W8482-231385/001/USW~000)","UNITED STATES DEPARTMENT OF THE NAVY (NAVSEA) (W8482-231385/001/USW~000)","W8482-231385/001/USW","000","W8482-231385","","W8482-231385/001/USW","1","2024-11-29","2024-11-19","","","2031-11-30","1982289.00","1982289.00","CAD","","","","","","","*N1005","*Guns, through 30 mm, unless installed in a vehicle, aircraft, ship","*Canons, jusqu'à 30 mm","","","","*GD","","","Non-competitive","Non concurrentielle","Government Objectives Representing Best Interests/Value to Govt","Objectifs gouvern.  représentant  les meilleurs intérets/valeur pour l'État","","","*None","*Aucun","","","UNITED STATES DEPARTMENT OF THE NAVY (NAVSEA)","UNITED STATES DEPARTMENT OF THE NAVY (NAVSEA)","UNITED STATES DEPARTMENT OF THE NAVY (NAVSEA)","UNITED STATES DEPARTMENT OF THE NAVY (NAVSEA)","Not applicable","Not applicable","UNKNOWN","INCONNU","2521 South Clark Street<br>Suite 800","2521 South Clark Street<br>Suite 800","Arlington","Arlington","Virginia","Virginia","22202-3928","United States","United States","Public Works and Government Services Canada","Travaux publics et Services gouvernementaux Canada","","","","","","","","","","Department of National Defence","Ministère de la défense nationale","NDHQ","N/D","ATTN DGMEPM NP - DMARP<br>101 COLONEL BY DR.,OTTAWA,Ontario,K1A0K2,Canada","ATTN DGMEPM NP - DMARP<br>101 COLONEL BY DR.,OTTAWA,Ontario,K1A0K2,Canada","","","","","","","","","","","","","","","",""
"UNITED STATES DEPARTMENT OF THE ARMY (USASAC) (W8486-249638/001/USW~000)","UNITED STATES DEPARTMENT OF THE ARMY (USASAC) (W8486-249638/001/USW~000)","W8486-249638/001/USW","000","W8486-249638","","W8486-249638/001/USW","2","2025-03-03","2025-01-22","","","2030-08-30","37201875.00","45030573.00","CAD","","","","","","","*N1045","*Launchers, Torpedo and Depth Charges, Unless Installed in a Vehicle, Aircraft, Ship","*Appareils de lancement de torpilles et grenades sous-marines","","","","*GD","","","Non-competitive","Non concurrentielle","Government Objectives Representing Best Interests/Value to Govt","Objectifs gouvern.  représentant  les meilleurs intérets/valeur pour l'État","","","*None","*Aucun","","","UNITED STATES DEPARTMENT OF THE ARMY (USASAC)","UNITED STATES DEPARTMENT OF THE ARMY (USASAC)","UNITED STATES DEPARTMENT OF THE ARMY (USASAC)","UNITED STATES DEPARTMENT OF THE ARMY (USASAC)","UNITED STATES DEPARTMENT OF THE ARMY (USASAC)","UNITED STATES DEPARTMENT OF THE ARMY (USASAC)","5 to 9 employees","5 à 9 employés","7613 CARDINAL ROAD","7613 CARDINAL ROAD","REDSTONE ARSENAL","REDSTONE ARSENAL","Alabama","Alabama","35898-5000","United States","United States","Public Works and Government Services Canada","Travaux publics et Services gouvernementaux Canada","","","","","","","","","","Department of National Defence","Ministère de la défense nationale","NDHQ DGLEPM","N/D","101 COLONEL BY DR.,OTTAWA,Ontario,K1A0K2,Canada","101 COLONEL BY DR.,OTTAWA,Ontario,K1A0K2,Canada","","","","","","","","","","","","","","","",""
"GENERAL DYNAMICS ORDNANCE AND TACTICAL SYSTEMS - CANADA INC (W8486-24XA06/001/BK~000)","GENERAL DYNAMICS ORDNANCE AND TACTICAL SYSTEMS - CANADA INC (W8486-24XA06/001/BK~000)","W8486-24XA06/001/BK","000","W8486-24XA06","","W8486-24XA06/001/BK","2","2024-07-27","2024-07-16","","","2026-05-31","457784.00","457784.00","CAD","","","","","","","*N1305","*Ammunition, through 30mm","*Munitions, jusqu'à 30 mm","","","","*GD","","","Non-competitive","Non concurrentielle","Government Objectives Representing Best Interests/Value to Govt","Objectifs gouvern.  représentant  les meilleurs intérets/valeur pour l'État","","","*Canadian Free Trade Agreement (CFTA)","*Accord de libre-échange canadien (ALEC)","","","GENERAL DYNAMICS ORDNANCE AND TACTICAL SYSTEMS - CANADA INC.","GENERAL DYNAMICS ORDNANCE AND TACTICAL SYSTEMS - CANADA INC.","GENERAL DYNAMICS ORDNANCE AND TACTICAL SYSTEMS - CANADA INC","GENERAL DYNAMICS ORDNANCE AND TACTICAL SYSTEMS - CANADA INC","General Dynamics Ordnance and Tactical Systems - Canada Inc","General Dynamics Ordnance and Tactical Systems - Canada Inc","1000 to 1499 employees","1000 à 1499 employés","5 Montée des Arsenaux","5 Montée des Arsenaux","Repentigny","Repentigny","Quebec","Quebec","J5Z2P4","Canada","Canada","Public Works and Government Services Canada","Travaux publics et Services gouvernementaux Canada","","","","","","","","","","Department of National Defence / Department of National Defence","Ministère de la défense nationale / Ministère de la défense nationale","NDHQ DGLEPM / NDHQ DGLEPM","N/D / N/D","101 COLONEL BY DR.,OTTAWA,Ontario,K1A0K2,Canada / 101 COLONEL BY DR.,OTTAWA,Ontario,K1A0K2,Canada","101 COLONEL BY DR.,OTTAWA,Ontario,K1A0K2,Canada / 101 COLONEL BY DR.,OTTAWA,Ontario,K1A0K2,Canada","","","","","","","","","","","","","","","",""
"A B PRECISION (POOLE) LTD (W8486-239027/001/BK~000)","A B PRECISION (POOLE) LTD (W8486-239027/001/BK~000)","W8486-239027/001/BK","000","W8486-239027","","W8486-239027/001/BK","3","2024-05-28","2024-05-01","","","2026-05-31","2811443.00","3048606.16","CAD","","","","","","","*N1385","*Explosive Ordnance Disposal Tools, Surface","*Équipement de neutralisation des munitions explosives de surface","","","","*GD","","","Non-competitive","Non concurrentielle","","","Exclusive Rights","Droits exclusifs","*Canadian Free Trade Agreement (CFTA)","*Accord de libre-échange canadien (ALEC)","","","A B Precision (Poole) Ltd","A B Precision (Poole) Ltd","A B PRECISION (POOLE) LTD","A B PRECISION (POOLE) LTD","A B Precision (Poole) Ltd","A B Precision (Poole) Ltd","50 to 99 employees","50 à 99 employés","1 Fleets Lane","1 Fleets Lane","Poole, Dorset","Poole, Dorset","","","BH153BZ","United Kingdom","United Kingdom","Public Works and Government Services Canada","Travaux publics et Services gouvernementaux Canada","","","","","","","","","","Department of National Defence","Ministère de la défense nationale","NDHQ DGLEPM","N/D","101 COLONEL BY DR.,OTTAWA,Ontario,K1A0K2,Canada","101 COLONEL BY DR.,OTTAWA,Ontario,K1A0K2,Canada","","","","","","","","","","","","","","","",""
"FACTA GLOBAL INC (M7594-230897/001/BK~000)","FACTA GLOBAL INC (M7594-230897/001/BK~000)","M7594-230897/001/BK","000","M7594-230897","","M7594-230897/001/BK","1","2025-03-03","2024-06-28","","","2028-06-28","277972.00","277972.00","CAD","","","","","","","*N1395","*Miscellaneous Ammunition","*Munitions diverses","","","","*GD","","","Competitive - Open bidding","Concurrentielle - Invitation ouverte à soumissionner","Only One Response to Bid Solicitation","Une seule réponse à une invitation à soumissionner","","","*None","*Aucun","","","FACTA GLOBAL Inc.","FACTA GLOBAL Inc.","FACTA GLOBAL INC","FACTA GLOBAL INC","FACTA GLOBAL Inc.","FACTA GLOBAL Inc.","1 to 4 employees","1 à 4 employés","cp 398 succ place d'armes","cp 398 succ place d'armes","Montréal","Montréal","Quebec","Quebec","H2Y3H1","Canada","Canada","Public Works and Government Services Canada","Travaux publics et Services gouvernementaux Canada","","","","","","","","","","Royal Canadian Mounted Police","Gendarmerie royale du Canada","HQ PROCURE.&CONTRACT.SERVS","SERVS APPROVISION.&CONTRATS QG","4TH FL.<br>73 LEIKIN DR. M1,OTTAWA,Ontario,K1A0R2,Canada","4TH FL.<br>73 LEIKIN DR. M1,OTTAWA,Ontario,K1A0R2,Canada","","","","","","","","","","","","","","","",""
"NATO SEASPARROW SURFACE MISSILE SYSTEM PROJECT (W8472-185703/028/USW~000)","NATO SEASPARROW SURFACE MISSILE SYSTEM PROJECT (W8472-185703/028/USW~000)","W8472-185703/028/USW","000","W8472-185703","","W8472-185703/028/USW","2","2024-09-24","2024-09-04","","","2039-09-30","1646523.00","2080119.00","CAD","","","","","","","*N1410","*Guided Missiles","*Missiles","","","","*GD","","","Non-competitive","Non concurrentielle","Government Objectives Representing Best Interests/Value to Govt","Objectifs gouvern.  représentant  les meilleurs intérets/valeur pour l'État","","","*None","*Aucun","","","Not applicable","Not applicable","NATO SEASPARROW SURFACE MISSILE SYSTEM PROJECT","NATO SEASPARROW SURFACE MISSILE SYSTEM PROJECT","NATO SEASPARROW SURFACE       MISSILE SYSTEM PROJECT","NATO SEASPARROW SURFACE       MISSILE SYSTEM PROJECT","UNKNOWN","INCONNU","","","WASHINGTON","WASHINGTON","District of Columbia","District of Columbia","","United States","United States","Public Works and Government Services Canada","Travaux publics et Services gouvernementaux Canada","","","","","","","","","","Department of National Defence","Ministère de la défense nationale","NDHQ","N/D","ATTN DGMEPM CAP - DMARP<br>101 COLONEL BY DR.,OTTAWA,Ontario,K1A0K2,Canada","ATTN DGMEPM CAP - DMARP<br>101 COLONEL BY DR.,OTTAWA,Ontario,K1A0K2,Canada","","","","","","","","","","","","","","","",""
"NATO SEASPARROW SURFACE MISSILE SYSTEM PROJECT (W8472-185703/029/USW~000)","NATO SEASPARROW SURFACE MISSILE SYSTEM PROJECT (W8472-185703/029/USW~000)","W8472-185703/029/USW","000","W8472-185703","","W8472-185703/029/USW","2","2024-09-24","2024-09-04","","","2039-09-30","2382271.00","3013774.00","CAD","","","","","","","*N1410","*Guided Missiles","*Missiles","","","","*GD","","","Non-competitive","Non concurrentielle","Government Objectives Representing Best Interests/Value to Govt","Objectifs gouvern.  représentant  les meilleurs intérets/valeur pour l'État","","","*None","*Aucun","","","Not applicable","Not applicable","NATO SEASPARROW SURFACE MISSILE SYSTEM PROJECT","NATO SEASPARROW SURFACE MISSILE SYSTEM PROJECT","NATO SEASPARROW SURFACE       MISSILE SYSTEM PROJECT","NATO SEASPARROW SURFACE       MISSILE SYSTEM PROJECT","UNKNOWN","INCONNU","","","WASHINGTON","WASHINGTON","District of Columbia","District of Columbia","","United States","United States","Public Works and Government Services Canada","Travaux publics et Services gouvernementaux Canada","","","","","","","","","","Department of National Defence","Ministère de la défense nationale","NDHQ","N/D","ATTN DGMEPM CAP - DMARP<br>101 COLONEL BY DR.,OTTAWA,Ontario,K1A0K2,Canada","ATTN DGMEPM CAP - DMARP<br>101 COLONEL BY DR.,OTTAWA,Ontario,K1A0K2,Canada","","","","","","","","","","","","","","","",""
"NATO SEASPARROW SURFACE MISSILE SYSTEM PROJECT (W8472-185703/030/USW~000)","NATO SEASPARROW SURFACE MISSILE SYSTEM PROJECT (W8472-185703/030/USW~000)","W8472-185703/030/USW","000","W8472-185703","","W8472-185703/030/USW","2","2024-09-24","2024-09-04","","","2039-09-30","4394467.00","5559373.00","CAD","","","","","","","*N1410","*Guided Missiles","*Missiles","","","","*GD","","","Non-competitive","Non concurrentielle","Government Objectives Representing Best Interests/Value to Govt","Objectifs gouvern.  représentant  les meilleurs intérets/valeur pour l'État","","","*None","*Aucun","","","Not applicable","Not applicable","NATO SEASPARROW SURFACE MISSILE SYSTEM PROJECT","NATO SEASPARROW SURFACE MISSILE SYSTEM PROJECT","NATO SEASPARROW SURFACE       MISSILE SYSTEM PROJECT","NATO SEASPARROW SURFACE       MISSILE SYSTEM PROJECT","UNKNOWN","INCONNU","","","WASHINGTON","WASHINGTON","District of Columbia","District of Columbia","","United States","United States","Public Works and Government Services Canada","Travaux publics et Services gouvernementaux Canada","","","","","","","","","","Department of National Defence","Ministère de la défense nationale","NDHQ","N/D","ATTN DGMEPM CAP - DMARP<br>101 COLONEL BY DR.,OTTAWA,Ontario,K1A0K2,Canada","ATTN DGMEPM CAP - DMARP<br>101 COLONEL BY DR.,OTTAWA,Ontario,K1A0K2,Canada","","","","","","","","","","","","","","","",""
"NATO SEASPARROW SURFACE MISSILE SYSTEM PROJECT (W8472-185703/033/USW~000)","NATO SEASPARROW SURFACE MISSILE SYSTEM PROJECT (W8472-185703/033/USW~000)","W8472-185703/033/USW","000","W8472-185703","","W8472-185703/033/USW","1","2025-03-27","2025-02-25","","","2030-03-31","34140000.00","34140000.00","CAD","","","","","","","*N1410","*Guided Missiles","*Missiles","","","","*GD","","","Non-competitive","Non concurrentielle","Government Objectives Representing Best Interests/Value to Govt","Objectifs gouvern.  représentant  les meilleurs intérets/valeur pour l'État","","","*None","*Aucun","","","Not applicable","Not applicable","NATO SEASPARROW SURFACE MISSILE SYSTEM PROJECT","NATO SEASPARROW SURFACE MISSILE SYSTEM PROJECT","NATO SEASPARROW SURFACE       MISSILE SYSTEM PROJECT","NATO SEASPARROW SURFACE       MISSILE SYSTEM PROJECT","UNKNOWN","INCONNU","","","WASHINGTON","WASHINGTON","District of Columbia","District of Columbia","","United States","United States","Public Works and Government Services Canada","Travaux publics et Services gouvernementaux Canada","","","","","","","","","","Department of National Defence","Ministère de la défense nationale","NDHQ","N/D","ATTN DGMEPM CAP - DMARP<br>101 COLONEL BY DR.,OTTAWA,Ontario,K1A0K2,Canada","ATTN DGMEPM CAP - DMARP<br>101 COLONEL BY DR.,OTTAWA,Ontario,K1A0K2,Canada","","","","","","","","","","","","","","","",""
"NATO SEASPARROW SURFACE MISSILE SYSTEM PROJECT (W8472-185703/034/USW~000)","NATO SEASPARROW SURFACE MISSILE SYSTEM PROJECT (W8472-185703/034/USW~000)","W8472-185703/034/USW","000","W8472-185703","","W8472-185703/034/USW","1","2025-03-27","2025-02-26","","","2030-03-31","19287450.00","19287450.00","CAD","","","","","","","*N1410","*Guided Missiles","*Missiles","","","","*GD","","","Non-competitive","Non concurrentielle","Government Objectives Representing Best Interests/Value to Govt","Objectifs gouvern.  représentant  les meilleurs intérets/valeur pour l'État","","","*None","*Aucun","","","Not applicable","Not applicable","NATO SEASPARROW SURFACE MISSILE SYSTEM PROJECT","NATO SEASPARROW SURFACE MISSILE SYSTEM PROJECT","NATO SEASPARROW SURFACE       MISSILE SYSTEM PROJECT","NATO SEASPARROW SURFACE       MISSILE SYSTEM PROJECT","UNKNOWN","INCONNU","","","WASHINGTON","WASHINGTON","District of Columbia","District of Columbia","","United States","United States","Public Works and Government Services Canada","Travaux publics et Services gouvernementaux Canada","","","","","","","","","","Department of National Defence","Ministère de la défense nationale","NDHQ","N/D","ATTN DGMEPM CAP - DMARP<br>101 COLONEL BY DR.,OTTAWA,Ontario,K1A0K2,Canada","ATTN DGMEPM CAP - DMARP<br>101 COLONEL BY DR.,OTTAWA,Ontario,K1A0K2,Canada","","","","","","","","","","","","","","","",""
"NATO SEASPARROW SURFACE MISSILE SYSTEM PROJECT (W8472-185703/035/USW~000)","NATO SEASPARROW SURFACE MISSILE SYSTEM PROJECT (W8472-185703/035/USW~000)","W8472-185703/035/USW","000","W8472-185703","","W8472-185703/035/USW","2","2025-03-27","2025-02-27","","","2030-03-31","2857400.00","7143500.00","CAD","","","","","","","*N1410","*Guided Missiles","*Missiles","","","","*GD","","","Non-competitive","Non concurrentielle","Government Objectives Representing Best Interests/Value to Govt","Objectifs gouvern.  représentant  les meilleurs intérets/valeur pour l'État","","","*None","*Aucun","","","Not applicable","Not applicable","NATO SEASPARROW SURFACE MISSILE SYSTEM PROJECT","NATO SEASPARROW SURFACE MISSILE SYSTEM PROJECT","NATO SEASPARROW SURFACE       MISSILE SYSTEM PROJECT","NATO SEASPARROW SURFACE       MISSILE SYSTEM PROJECT","UNKNOWN","INCONNU","","","WASHINGTON","WASHINGTON","District of Columbia","District of Columbia","","United States","United States","Public Works and Government Services Canada","Travaux publics et Services gouvernementaux Canada","","","","","","","","","","Department of National Defence","Ministère de la défense nationale","NDHQ","N/D","ATTN DGMEPM CAP - DMARP<br>101 COLONEL BY DR.,OTTAWA,Ontario,K1A0K2,Canada","ATTN DGMEPM CAP - DMARP<br>101 COLONEL BY DR.,OTTAWA,Ontario,K1A0K2,Canada","","","","","","","","","","","","","","","",""
"NATO SEASPARROW SURFACE MISSILE SYSTEM PROJECT (W8472-185703/031/USW~000)","NATO SEASPARROW SURFACE MISSILE SYSTEM PROJECT (W8472-185703/031/USW~000)","W8472-185703/031/USW","000","W8472-185703","","W8472-185703/031/USW","2","2024-09-24","2024-09-04","","","2039-09-30","5465282.00","6909481.00","CAD","","","","","","","*N1410","*Guided Missiles","*Missiles","","","","*GD","","","Non-competitive","Non concurrentielle","Government Objectives Representing Best Interests/Value to Govt","Objectifs gouvern.  représentant  les meilleurs intérets/valeur pour l'État","","","*None","*Aucun","","","Not applicable","Not applicable","NATO SEASPARROW SURFACE MISSILE SYSTEM PROJECT","NATO SEASPARROW SURFACE MISSILE SYSTEM PROJECT","NATO SEASPARROW SURFACE       MISSILE SYSTEM PROJECT","NATO SEASPARROW SURFACE       MISSILE SYSTEM PROJECT","UNKNOWN","INCONNU","","","WASHINGTON","WASHINGTON","District of Columbia","District of Columbia","","United States","United States","Public Works and Government Services Canada","Travaux publics et Services gouvernementaux Canada","","","","","","","","","","Department of National Defence","Ministère de la défense nationale","NDHQ","N/D","ATTN DGMEPM CAP - DMARP<br>101 COLONEL BY DR.,OTTAWA,Ontario,K1A0K2,Canada","ATTN DGMEPM CAP - DMARP<br>101 COLONEL BY DR.,OTTAWA,Ontario,K1A0K2,Canada","","","","","","","","","","","","","","","",""
"RMUS CANADA (E60QD-250036/001/QD~000)","RMUS CANADA (E60QD-250036/001/QD~000)","E60QD-250036/001/QD","000","E60QD-250036","","E60QD-250036/001/QD","1","2025-03-03","2025-01-23","","","2026-01-23","0.00","0.00","CAD","","","","","","","*N1550","*Unmanned Aircraft","*Aéronef sans pilote","","","","*GD","","","Non-competitive","Non concurrentielle","","","Exclusive Rights","Droits exclusifs","*Canadian Free Trade Agreement (CFTA)","*Accord de libre-échange canadien (ALEC)","","","Incite Experiential Design inc.","Incite Experiential Design inc.","RMUS CANADA","RMUS CANADA","RMUS Canada","RMUS Canada","1 to 4 employees","1 à 4 employés","1137 Woodeden Drive","1137 Woodeden Drive","Mississauga","Mississauga","Ontario","Ontario","L5H2T7","Canada","Canada","Public Works and Government Services Canada","Travaux publics et Services gouvernementaux Canada","","","","","","","","","","Public Works and Government Services Canada","Travaux publics et Services gouvernementaux Canada","CONSOLIDATED PROC QD AMES","N/D","PORTAGE III 5C1<br>11 LAURIER ST,GATINEAU,Quebec,K1A0S5,Canada","PORTAGE III 5C1<br>11 LAURIER ST,GATINEAU,Quebec,K1A0S5,Canada","","","","","","","","","","","","","","","",""
"SHERPA 6, INC (W8476-246837/001/QD~000)","SHERPA 6, INC (W8476-246837/001/QD~000)","W8476-246837/001/QD","000","W8476-246837","","W8476-246837/001/QD","2","2024-08-27","2024-07-24","","","2029-07-24","1923720.00","2953050.50","CAD","","","","","","","*N1550","*Unmanned Aircraft","*Aéronef sans pilote","","","","*GD","","","Non-competitive","Non concurrentielle","","","Exclusive Rights","Droits exclusifs","*Canadian Free Trade Agreement (CFTA)","*Accord de libre-échange canadien (ALEC)","","","Sherpa 6, Inc.","Sherpa 6, Inc.","SHERPA 6, INC","SHERPA 6, INC","Sherpa 6, Inc.","Sherpa 6, Inc.","100 to 199 employees","100 à 199 employés","18022 West TOLLER DR STE 180","18022 West TOLLER DR STE 180","Littleton","Littleton","Colorado","Colorado","80127","United States","United States","Public Works and Government Services Canada","Travaux publics et Services gouvernementaux Canada","","","","","","","","","","Department of National Defence","Ministère de la défense nationale","DGLEPM CAPITAL","N/D","101 COLONEL BY DR.,OTTAWA,Ontario,K1A0K2,Canada","101 COLONEL BY DR.,OTTAWA,Ontario,K1A0K2,Canada","","","","","","","","","","","","","","","",""
"INDAL TECHNOLOGIES, A BUSINESS UNIT OF CURTISS-WRIGHT FLOW CONTROL COMPANY (W8482-231105/001/ML~000)","INDAL TECHNOLOGIES, A BUSINESS UNIT OF CURTISS-WRIGHT FLOW CONTROL COMPANY (W8482-231105/001/ML~000)","W8482-231105/001/ML","000","W8482-231105","","W8482-231105/001/ML","1","2025-03-27","2025-03-17","","","2030-03-16","4430000.00","4430000.00","CAD","","","","","","","*N1620","*Aircraft Landing Gear Components","*Composants de trains d'atterrissage","","","","*GD","","","Non-competitive","Non concurrentielle","","","Exclusive Rights","Droits exclusifs","*Canadian Free Trade Agreement (CFTA)","*Accord de libre-échange canadien (ALEC)","","","Indal Technologies Inc.","Indal Technologies Inc.","INDAL TECHNOLOGIES, A BUSINESS UNIT OF CURTISS-WRIGHT FLOW CONTROL COMPANY","INDAL TECHNOLOGIES, A BUSINESS UNIT OF CURTISS-WRIGHT FLOW CONTROL COMPANY","db as Indal Technologies Inc. / Curtiss-Wright Corporation","db as Indal Technologies Inc. / Curtiss-Wright Corporation","100 to 199 employees","100 à 199 employés","3570 Hawkestone Road","3570 Hawkestone Road","Mississauga","Mississauga","Ontario","Ontario","L5C2V8","Canada","Canada","Public Works and Government Services Canada","Travaux publics et Services gouvernementaux Canada","","","","","","","","","","Department of National Defence","Ministère de la défense nationale","NDHQ","N/D","ATTN DGMEPM NP - DMARP<br>101 COLONEL BY DR.,OTTAWA,Ontario,K1A0K2,Canada","ATTN DGMEPM NP - DMARP<br>101 COLONEL BY DR.,OTTAWA,Ontario,K1A0K2,Canada","","","","","","","","","","","","","","","",""
"ZODIAC HURRICANE TECHNOLOGIES, INC (M7594-243205/001/MC~000)","ZODIAC HURRICANE TECHNOLOGIES, INC (M7594-243205/001/MC~000)","M7594-243205/001/MC","000","M7594-243205","","M7594-243205/001/MC","2","2024-09-24","2024-08-23","","","2029-03-31","18855874.00","18855874.00","CAD","","","","","","","*N1940DA","*Boats - Inflatable - Rigid Hull","*Bateaux pneumatiques, coque rigide","","","","*GD","","","Competitive - Traditional","Concurrentielle - Traditionnelle","Lowest Price","Prix le plus bas","","","*Canadian Free Trade Agreement (CFTA)","*Accord de libre-échange canadien (ALEC)","","","Zodiac Hurricane Technologies, Inc.","Zodiac Hurricane Technologies, Inc.","ZODIAC HURRICANE TECHNOLOGIES, INC","ZODIAC HURRICANE TECHNOLOGIES, INC","Zodiac Hurricane Technologies, Inc.","Zodiac Hurricane Technologies, Inc.","100 to 199 employees","100 à 199 employés","7830 Vantage Way","7830 Vantage Way","Delta","Delta","British Columbia","British Columbia","V4G1A7","Canada","Canada","Public Works and Government Services Canada","Travaux publics et Services gouvernementaux Canada","","","","","","","","","","Royal Canadian Mounted Police","Gendarmerie royale du Canada","HQ PROCURE.&CONTRACT.SERVS","SERVS APPROVISION.&CONTRATS QG","4TH FL.<br>73 LEIKIN DR. M1,OTTAWA,Ontario,K1A0R2,Canada","4TH FL.<br>73 LEIKIN DR. M1,OTTAWA,Ontario,K1A0R2,Canada","","","","","","","","","","","","","","","",""
"VEMCO, A DIVISION OF AMIRIX SYSTEMS INC (F2402-240173/001/ML~000)","VEMCO, A DIVISION OF AMIRIX SYSTEMS INC (F2402-240173/001/ML~000)","F2402-240173/001/ML","000","F2402-240173","","F2402-240173/001/ML","1","2025-03-03","2025-01-24","","","2026-01-23","2000000.00","2000000.00","CAD","","","","","","","*N1940G","*Boats, Small, Aluminum","*Bateaux légers, aluminium","","","","*GD","","","Non-competitive","Non concurrentielle","","","Exclusive Rights","Droits exclusifs","*Canadian Free Trade Agreement (CFTA)","*Accord de libre-échange canadien (ALEC)","","","InnovaSea Marine Systems Canada Inc.","InnovaSea Marine Systems Canada Inc.","VEMCO, A DIVISION OF AMIRIX SYSTEMS INC","VEMCO, A DIVISION OF AMIRIX SYSTEMS INC","VEMCO","VEMCO","100 to 199 employees","100 à 199 employés","20 Angus Morton Drive","20 Angus Morton Drive","Bedford","Bedford","Nova Scotia","Nova Scotia","B4B0L9","Canada","Canada","Public Works and Government Services Canada","Travaux publics et Services gouvernementaux Canada","","","","","","","","","","Fisheries and Oceans Canada","Pêches et Océans Canada","ARCTIC AQUATIC RSRCH DIV","DIV RECHERCHES AQUA.ARTIQUE","CTRL&ARCTIC<br>501 UNIVERSITY CRES.,WINNIPEG,Manitoba,R3T2N6,Canada","CTRL&ARCTIC<br>501 UNIVERSITY CRES.,WINNIPEG,Manitoba,R3T2N6,Canada","","","","","","","","","","","","","","","",""
"LONG RANGE OUTDOORS (K2B79-240550/001/MC~000)","LONG RANGE OUTDOORS (K2B79-240550/001/MC~000)","K2B79-240550/001/MC","000","K2B79-240550","","K2B79-240550/001/MC","3","2024-05-28","2024-05-08","","","2025-05-07","86580.00","95612.00","CAD","","","","","","","*N1940G","*Boats, Small, Aluminum","*Bateaux légers, aluminium","","","","*GD","","","Non-competitive","Non concurrentielle","Government Objectives Representing Best Interests/Value to Govt","Objectifs gouvern.  représentant  les meilleurs intérets/valeur pour l'État","","","*Canadian Free Trade Agreement (CFTA)","*Accord de libre-échange canadien (ALEC)","","","Snow & Water Sports Ltd.","Snow & Water Sports Ltd.","LONG RANGE OUTDOORS","LONG RANGE OUTDOORS","LONG RANGE OUTDOORS","LONG RANGE OUTDOORS","20 to 49 employees","20 à 49 employés","PO BOX 1164 STN MAIN<br>22 CONFEDERATION DRIVE","PO BOX 1164 STN MAIN<br>22 CONFEDERATION DRIVE","CORNER BROOK","CORNER BROOK","","","A2H6T2","Canada","Canada","Public Works and Government Services Canada","Travaux publics et Services gouvernementaux Canada","","","","","","","","","","Environment Canada","Environnement Canada","ENFORCEMENT BRANCH - WED","N/D","DONOVAN'S INDUSTRIAL PARK<br>6 BRUCE ST,MOUNT PEARL,Newfoundland and Labrador,A1N4T3,Canada","DONOVAN'S INDUSTRIAL PARK<br>6 BRUCE ST,MOUNT PEARL,Newfoundland and Labrador,A1N4T3,Canada","","","","","","","","","","","","","","","",""
"CHANTIER DAVIE CANADA INC (F7017-251202/001/NQ ~000)","CHANTIER DAVIE CANADA INC (F7017-251202/001/NQ ~000)","F7017-251202/001/NQ ","000","F7017-251202","","F7017-251202/001/NQ ","2","2025-11-06","2025-03-07","","","2032-03-31","3741746400.00","3745829208.24","CAD","","","","","","","*C216A","*Naval Architecture","*Architecture navale","","","","*SRV","","","Non-competitive","Non concurrentielle","National Security Consideration","Sécurité nationale","","","","","","","Chantier Davie Canada Inc.","Chantier Davie Canada Inc.","CHANTIER DAVIE CANADA INC","CHANTIER DAVIE CANADA INC","Chantier Davie Canada Inc.","Chantier Davie Canada Inc.","500 to 999 employees","500  à  999 employés","22 rue George-D.-Davie","22 rue George-D.-Davie","Lévis","Lévis","Quebec","Quebec","G6V0K4","Canada","Canada","Public Works and Government Services Canada","Travaux publics et Services gouvernementaux Canada","","","","","","","","","","Fisheries and Oceans Canada","Pêches et Océans Canada","VESSEL PROCUREMENT-CCG","APPROV. NAVIRES GCC","3RD FLOOR<br>200 ELGIN STREET,OTTAWA,Ontario,K2P1L5,Canada","3RD FLOOR<br>200 ELGIN STREET,OTTAWA,Ontario,K2P1L5,Canada","","","","","","","","","","","","","","","",""
"ALLIED SYSTEMS COMPANY (F7044-240102/001/ML~000)","ALLIED SYSTEMS COMPANY (F7044-240102/001/ML~000)","F7044-240102/001/ML","000","F7044-240102","","F7044-240102/001/ML","2","2025-04-29","2025-03-27","","","2025-12-31","500000.00","500000.00","CAD","","","","","","","*N2030N","*Deck Machinery, Winches, Marine","*Machinerie de pont, treuils, marine","","","","*GD","","","Non-competitive","Non concurrentielle","","","Exclusive Rights","Droits exclusifs","*Canadian Free Trade Agreement (CFTA)","*Accord de libre-échange canadien (ALEC)","","","ALLIED SYSTEMS COMPANY","ALLIED SYSTEMS COMPANY","ALLIED SYSTEMS COMPANY","ALLIED SYSTEMS COMPANY","ALLIED SYSTEMS COMPANY","ALLIED SYSTEMS COMPANY","50 to 99 employees","50 à 99 employés","21433 SW Oregon Street","21433 SW Oregon Street","Sherwood","Sherwood","Oregon","Oregon","97140","United States","United States","Public Works and Government Services Canada","Travaux publics et Services gouvernementaux Canada","","","","","","","","","","Fisheries and Oceans Canada","Pêches et Océans Canada","D/PROJ.MGR STIMULUS PACKAGE","GEST.A.PRGM PLAN ACTION ECON.","INTEGRATED TECHNICAL SERVICES<br>200 KENT ST STN. 7W060,OTTAWA,Ontario,K1A0E6,Canada","INTEGRATED TECHNICAL SERVICES<br>200 KENT ST STN. 7W060,OTTAWA,Ontario,K1A0E6,Canada","","","","","","","","","","","","","","","",""
"ABB INC (F7044-240106/001/ML~000)","ABB INC (F7044-240106/001/ML~000)","F7044-240106/001/ML","000","F7044-240106","","F7044-240106/001/ML","2","2025-04-29","2025-03-28","","","2025-12-31","1000000.00","3000000.00","CAD","","","","","","","*N2030N","*Deck Machinery, Winches, Marine","*Machinerie de pont, treuils, marine","","","","*GD","","","Non-competitive","Non concurrentielle","","","Exclusive Rights","Droits exclusifs","*Canadian Free Trade Agreement (CFTA)","*Accord de libre-échange canadien (ALEC)","","","ABB Inc.","ABB Inc.","ABB INC","ABB INC","ABB Inc.","ABB Inc.","1500 to 2499 employees","1500 à 2499 employés","ABB Inc.<br>800 Boul. Hymus","ABB Inc.<br>800 Boul. Hymus","St-Laurent","St-Laurent","Quebec","Quebec","H4S0B5","Canada","Canada","Public Works and Government Services Canada","Travaux publics et Services gouvernementaux Canada","","","","","","","","","","Fisheries and Oceans Canada","Pêches et Océans Canada","D/PROJ.MGR STIMULUS PACKAGE","GEST.A.PRGM PLAN ACTION ECON.","INTEGRATED TECHNICAL SERVICES<br>200 KENT ST STN. 7W060,OTTAWA,Ontario,K1A0E6,Canada","INTEGRATED TECHNICAL SERVICES<br>200 KENT ST STN. 7W060,OTTAWA,Ontario,K1A0E6,Canada","","","","","","","","","","","","","","","",""
"LIEBHERR-CANADA LTD (F2599-240176/001/ML~000)","LIEBHERR-CANADA LTD (F2599-240176/001/ML~000)","F2599-240176/001/ML","000","F2599-240176","","F2599-240176/001/ML","1","2024-07-27","2024-07-09","","","2024-09-30","33521.00","33521.00","CAD","","","","","","","*N2030S","*Deck Machinery, Cranes, Shipboard","*Machinerie de pont, grues, à bord","","","","*GD","","","Non-competitive","Non concurrentielle","","","Exclusive Rights","Droits exclusifs","*Canadian Free Trade Agreement (CFTA)","*Accord de libre-échange canadien (ALEC)","","","Liebherr-Canada Ltd","Liebherr-Canada Ltd","LIEBHERR-CANADA LTD","LIEBHERR-CANADA LTD","Liebherr-Canada Ltd","Liebherr-Canada Ltd","100 to 199 employees","100 à 199 employés","Liebherr-Canada Ltd<br>49 Mews Place","Liebherr-Canada Ltd<br>49 Mews Place","St. John's","St. John's","Newfoundland and Labrador","Newfoundland and Labrador","A1B4N2","Canada","Canada","Public Works and Government Services Canada","Travaux publics et Services gouvernementaux Canada","","","","","","","","","","Fisheries and Oceans Canada / Fisheries and Oceans Canada","Pêches et Océans Canada / Pêches et Océans Canada","CCG CENTRAL&ARCTIC RGN / CCG CENTRAL&ARCTIC RGN","N/D / N/D","MARINE ENGINEERING<br>520 EXMOUTH ST,SARNIA,Ontario,N7T8B1,Canada / MARINE ENGINEERING<br>520 EXMOUTH ST,SARNIA,Ontario,N7T8B1,Canada","MARINE ENGINEERING<br>520 EXMOUTH ST,SARNIA,Ontario,N7T8B1,Canada / MARINE ENGINEERING<br>520 EXMOUTH ST,SARNIA,Ontario,N7T8B1,Canada","","","","","","","","","","","","","","","",""
"IBM CANADA LTD/IBM CANADA LIMITEE (W8482-195793/001/ML~000)","IBM CANADA LTD/IBM CANADA LIMITEE (W8482-195793/001/ML~000)","W8482-195793/001/ML","000","W8482-195793","","W8482-195793/001/ML","1","2025-03-27","2025-03-13","","","2029-06-30","36669699.00","36669699.00","CAD","","","","","","","*N2040","*Marine Hardware and Hull Items","*Quincaillerie de marine et apparaux de coque","","","","*GD","","","Non-competitive","Non concurrentielle","","","Exclusive Rights","Droits exclusifs","*Canadian Free Trade Agreement (CFTA)","*Accord de libre-échange canadien (ALEC)","","","IBM CANADA LIMITED/IBM CANADA LIMITÉE","IBM CANADA LIMITED/IBM CANADA LIMITÉE","IBM CANADA LTD/IBM CANADA LIMITEE","IBM CANADA LTD/IBM CANADA LIMITEE","IBM CANADA LIMITED/IBM CANADA LIMITÉE","IBM CANADA LIMITED/IBM CANADA LIMITÉE","5000 employees and over","5000 employés et plus","3755 Riverside Drive","3755 Riverside Drive","Ottawa","Ottawa","Ontario","Ontario","K1G4K9","Canada","Canada","Public Works and Government Services Canada","Travaux publics et Services gouvernementaux Canada","","","","","","","","","","Department of National Defence","Ministère de la défense nationale","NDHQ","N/D","ATTN DGMEPM NP - DMARP<br>101 COLONEL BY DR.,OTTAWA,Ontario,K1A0K2,Canada","ATTN DGMEPM NP - DMARP<br>101 COLONEL BY DR.,OTTAWA,Ontario,K1A0K2,Canada","","","","","","","","","","","","","","","",""
"BAE SYSTEMS (CANADA) INC (W8482-242302/001/VCI~000)","BAE SYSTEMS (CANADA) INC (W8482-242302/001/VCI~000)","W8482-242302/001/VCI","000","W8482-242302","","W8482-242302/001/VCI","4","2025-03-03","2025-01-14","","","2028-06-15","13339860.00","13331195.00","CAD","","","","","","","*N2040","*Marine Hardware and Hull Items","*Quincaillerie de marine et apparaux de coque","","","","*GD","","","Non-competitive","Non concurrentielle","","","Exclusive Rights","Droits exclusifs","","","","","BAE SYSTEMS (CANADA) INC.","BAE SYSTEMS (CANADA) INC.","BAE SYSTEMS (CANADA) INC","BAE SYSTEMS (CANADA) INC","BAE SYSTEMS (CANADA) INC.","BAE SYSTEMS (CANADA) INC.","20 to 49 employees","20 à 49 employés","Suite 1200<br>220 Laurier Avenue West","Suite 1200<br>220 Laurier Avenue West","Ottawa","Ottawa","Ontario","Ontario","K1P6Z9","Canada","Canada","Public Works and Government Services Canada","Travaux publics et Services gouvernementaux Canada","","","","","","","","","","Department of National Defence","Ministère de la défense nationale","NDHQ","N/D","ATTN DGMEPM NP - DMARP<br>101 COLONEL BY DR.,OTTAWA,Ontario,K1A0K2,Canada","ATTN DGMEPM NP - DMARP<br>101 COLONEL BY DR.,OTTAWA,Ontario,K1A0K2,Canada","","","","","","","","","","","","","","","",""
"PROTEK INDUSTRIES LTD (F7047-230003/001/ERD~000)","PROTEK INDUSTRIES LTD (F7047-230003/001/ERD~000)","F7047-230003/001/ERD","000","F7047-230003","","F7047-230003/001/ERD","1","2024-12-27","2024-12-18","","","2027-12-20","0.00","0.00","CAD","","","","","","","*N2040A","*Anchors (Sea)","*Ancres, flottantes","","","","*GD","","","Competitive - Open bidding","Concurrentielle - Invitation ouverte à soumissionner","Lowest Price","Prix le plus bas","","","*Canadian Free Trade Agreement (CFTA)","*Accord de libre-échange canadien (ALEC)","","","Protek Industries Limited","Protek Industries Limited","PROTEK INDUSTRIES LTD","PROTEK INDUSTRIES LTD","Protek Industries Limited","Protek Industries Limited","1 to 4 employees","1 à 4 employés","152 Glencoe Drive","152 Glencoe Drive","Mt. Pearl","Mt. Pearl","Newfoundland and Labrador","Newfoundland and Labrador","A1N4S6","Canada","Canada","Public Works and Government Services Canada","Travaux publics et Services gouvernementaux Canada","","","","","","","","","","Fisheries and Oceans Canada","Pêches et Océans Canada","CCG DIRECTOR SERVICES DELIVERY","DIRECTEUR, PRESTATN DE SERVICE","INTEGRATED TECHNICAL SERVICES<br>200 KENT ST - STN 7S036,OTTAWA,Ontario,K1A0E6,Canada","INTEGRATED TECHNICAL SERVICES<br>200 KENT ST - STN 7S036,OTTAWA,Ontario,K1A0E6,Canada","","","","","","","","","","","","","","","",""
"KEYSTONE SUPPLIES CO CANADA LTD (F7047-230001/001/ERD~000)","KEYSTONE SUPPLIES CO CANADA LTD (F7047-230001/001/ERD~000)","F7047-230001/001/ERD","000","F7047-230001","","F7047-230001/001/ERD","2","2024-11-29","2024-11-19","","","2027-11-19","0.00","0.00","CAD","","","","","","","*N2040N","*Mooring Bits, Bollards and Cleats","*Bittes d'amarrage, bollards et taquets","","","","*GD","","","Competitive - Open bidding","Concurrentielle - Invitation ouverte à soumissionner","Lowest Price","Prix le plus bas","","","","","","","Keystone Supplies Co. Canada Ltd.","Keystone Supplies Co. Canada Ltd.","KEYSTONE SUPPLIES CO CANADA LTD","KEYSTONE SUPPLIES CO CANADA LTD","Keystone Supplies Co. Canada Ltd.","Keystone Supplies Co. Canada Ltd.","1 to 4 employees","1 à 4 employés","11060 river road","11060 river road","Richmond","Richmond","British Columbia","British Columbia","V6X1Z5","Canada","Canada","Public Works and Government Services Canada","Travaux publics et Services gouvernementaux Canada","","","","","","","","","","Fisheries and Oceans Canada","Pêches et Océans Canada","CCG DIRECTOR SERVICES DELIVERY","DIRECTEUR, PRESTATN DE SERVICE","INTEGRATED TECHNICAL SERVICES<br>200 KENT ST - STN 7S036,OTTAWA,Ontario,K1A0E6,Canada","INTEGRATED TECHNICAL SERVICES<br>200 KENT ST - STN 7S036,OTTAWA,Ontario,K1A0E6,Canada","","","","","","","","","","","","","","","",""
"UNITED STATES DEPARTMENT OF THE NAVY (NAVSEA) (W8482-229538/001/USW~000)","UNITED STATES DEPARTMENT OF THE NAVY (NAVSEA) (W8482-229538/001/USW~000)","W8482-229538/001/USW","000","W8482-229538","","W8482-229538/001/USW","1","2024-05-28","2024-05-08","","","2031-05-31","515640.00","515640.00","CAD","","","","","","","*N1905","*Combat Ships and Landing Vessels","*Navires de combat et bateaux de débarquement","","","","*GD","","","Non-competitive","Non concurrentielle","Government Objectives Representing Best Interests/Value to Govt","Objectifs gouvern.  représentant  les meilleurs intérets/valeur pour l'État","","","*None","*Aucun","","","UNITED STATES DEPARTMENT OF THE NAVY (NAVSEA)","UNITED STATES DEPARTMENT OF THE NAVY (NAVSEA)","UNITED STATES DEPARTMENT OF THE NAVY (NAVSEA)","UNITED STATES DEPARTMENT OF THE NAVY (NAVSEA)","Not applicable","Not applicable","UNKNOWN","INCONNU","2521 South Clark Street<br>Suite 800","2521 South Clark Street<br>Suite 800","Arlington","Arlington","Virginia","Virginia","22202-3928","United States","United States","Public Works and Government Services Canada","Travaux publics et Services gouvernementaux Canada","","","","","","","","","","Department of National Defence","Ministère de la défense nationale","NDHQ","N/D","ATTN DGMEPM NP - DMARP<br>101 COLONEL BY DR.,OTTAWA,Ontario,K1A0K2,Canada","ATTN DGMEPM NP - DMARP<br>101 COLONEL BY DR.,OTTAWA,Ontario,K1A0K2,Canada","","","","","","","","","","","","","","","",""
"SKYDEX TECHNOLOGIES, INC (F2565-230001/001/ML~000)","SKYDEX TECHNOLOGIES, INC (F2565-230001/001/ML~000)","F2565-230001/001/ML","000","F2565-230001","","F2565-230001/001/ML","1","2024-09-24","2024-08-26","","","2025-08-26","19761.00","19761.00","CAD","","","","","","","*N1940","*Small Craft","*Embarcations légères","","","","*GD","","","Non-competitive","Non concurrentielle","","","Exclusive Rights","Droits exclusifs","*Canadian Free Trade Agreement (CFTA)","*Accord de libre-échange canadien (ALEC)","","","SKYDEX Technologies, Inc.","SKYDEX Technologies, Inc.","SKYDEX TECHNOLOGIES, INC","SKYDEX TECHNOLOGIES, INC","SKYDEX Technologies, Inc.","SKYDEX Technologies, Inc.","10 to 19 employees","10 à 19 employés","12508 E. Briarwood Ave.<br>Suite 1-F","12508 E. Briarwood Ave.<br>Suite 1-F","Centennial","Centennial","Colorado","Colorado","80112","United States","United States","Public Works and Government Services Canada","Travaux publics et Services gouvernementaux Canada","","","","","","","","","","Fisheries and Oceans Canada","Pêches et Océans Canada","CCG CENTRAL&ARCTIC REGION","N/D","MCI, AREA SUPERVISOR WEST<br>42037 MACKENZIE HIGHWAY,HAY RIVER,Northwest Territories,X0E0R9,Canada","MCI, AREA SUPERVISOR WEST<br>42037 MACKENZIE HIGHWAY,HAY RIVER,Northwest Territories,X0E0R9,Canada","","","","","","","","","","","","","","","",""
"ABCO INDUSTRIES INC (W8472-245912/001/MC~000)","ABCO INDUSTRIES INC (W8472-245912/001/MC~000)","W8472-245912/001/MC","000","W8472-245912","","W8472-245912/001/MC","8","2024-07-27","2024-06-17","","","2026-09-01","3457800.00","4281838.35","CAD","","","","","","","*N1940","*Small Craft","*Embarcations légères","","","","*GD","","","Competitive - Traditional","Concurrentielle - Traditionnelle","Lowest Price","Prix le plus bas","","","*Canadian Free Trade Agreement (CFTA)","*Accord de libre-échange canadien (ALEC)","","","ABCO Industries Inc.","ABCO Industries Inc.","ABCO INDUSTRIES INC","ABCO INDUSTRIES INC","ABCO Industries Inc.","ABCO Industries Inc.","50 to 99 employees","50 à 99 employés","PO Box 1120<br>81 Tannery Road","PO Box 1120<br>81 Tannery Road","Lunenburg","Lunenburg","Nova Scotia","Nova Scotia","B0J2C0","Canada","Canada","Public Works and Government Services Canada","Travaux publics et Services gouvernementaux Canada","","","","","","","","","","Department of National Defence / Department of National Defence","Ministère de la défense nationale / Ministère de la défense nationale","NDHQ / NDHQ","N/D / N/D","ATTN DGMEPM CAP - DMARP<br>101 COLONEL BY DR.,OTTAWA,Ontario,K1A0K2,Canada / ATTN DGMEPM CAP - DMARP<br>101 COLONEL BY DR.,OTTAWA,Ontario,K1A0K2,Canada","ATTN DGMEPM CAP - DMARP<br>101 COLONEL BY DR.,OTTAWA,Ontario,K1A0K2,Canada / ATTN DGMEPM CAP - DMARP<br>101 COLONEL BY DR.,OTTAWA,Ontario,K1A0K2,Canada","","","","","","","","","","","","","","","",""
"INGETEAM (F7044-240408/001/ML~000)","INGETEAM (F7044-240408/001/ML~000)","F7044-240408/001/ML","000","F7044-240408","","F7044-240408/001/ML","1","2024-12-27","2024-12-13","","","2025-12-31","84494.00","84494.00","CAD","","","","","","","*N2090","*Ship and Marine Miscellaneous Equipment","*Équipement de navire et matériel naval","","","","*GD","","","Advance contract award notice","Préavis d'attribution du contrat","","","Exclusive Rights","Droits exclusifs","*Canadian Free Trade Agreement (CFTA)","*Accord de libre-échange canadien (ALEC)","","","Ingeteam S.A.","Ingeteam S.A.","INGETEAM","INGETEAM","Ingeteam","Ingeteam","UNKNOWN","INCONNU","Zamudio, Parque Tecnológico,<br>Edificio 110 - 48170 Zamudio","Zamudio, Parque Tecnológico,<br>Edificio 110 - 48170 Zamudio","Bizkaia","Bizkaia","","","48170","Spain","Spain","Public Works and Government Services Canada","Travaux publics et Services gouvernementaux Canada","","","","","","","","","","Fisheries and Oceans Canada","Pêches et Océans Canada","D/PROJ.MGR STIMULUS PACKAGE","GEST.A.PRGM PLAN ACTION ECON.","INTEGRATED TECHNICAL SERVICES<br>200 KENT ST STN. 7W060,OTTAWA,Ontario,K1A0E6,Canada","INTEGRATED TECHNICAL SERVICES<br>200 KENT ST STN. 7W060,OTTAWA,Ontario,K1A0E6,Canada","","","","","","","","","","","","","","","",""
"MARINEX FIRE PROTECTION (F7044-250086/001/ML~000)","MARINEX FIRE PROTECTION (F7044-250086/001/ML~000)","F7044-250086/001/ML","000","F7044-250086","","F7044-250086/001/ML","2","2025-01-27","2025-01-15","","","2026-01-15","158700.00","158700.00","CAD","","","","","","","*N2090","*Ship and Marine Miscellaneous Equipment","*Équipement de navire et matériel naval","","","","*GD","","","Non-competitive","Non concurrentielle","","","Exclusive Rights","Droits exclusifs","","","","","Peter Day","Peter Day","MARINEX FIRE PROTECTION","MARINEX FIRE PROTECTION","Marinex Fire Protection","Marinex Fire Protection","1 to 4 employees","1 à 4 employés","Marinex Fire Protection<br>Pen Y Bryn","Marinex Fire Protection<br>Pen Y Bryn","Tynygongl","Tynygongl","","","LL748NS","United Kingdom","United Kingdom","Public Works and Government Services Canada","Travaux publics et Services gouvernementaux Canada","","","","","","","","","","Fisheries and Oceans Canada","Pêches et Océans Canada","D/PROJ.MGR STIMULUS PACKAGE","GEST.A.PRGM PLAN ACTION ECON.","INTEGRATED TECHNICAL SERVICES<br>200 KENT ST STN. 7W060,OTTAWA,Ontario,K1A0E6,Canada","INTEGRATED TECHNICAL SERVICES<br>200 KENT ST STN. 7W060,OTTAWA,Ontario,K1A0E6,Canada","","","","","","","","","","","","","","","",""
"MACKAY MARINE CANADA (F7048-240690/001/ML~000)","MACKAY MARINE CANADA (F7048-240690/001/ML~000)","F7048-240690/001/ML","000","F7048-240690","","F7048-240690/001/ML","2","2025-03-03","2025-01-28","","","2026-10-31","1051320.00","1058777.00","CAD","","","","","","","*N2090","*Ship and Marine Miscellaneous Equipment","*Équipement de navire et matériel naval","","","","*GD","","","Non-competitive","Non concurrentielle","","","Exclusive Rights","Droits exclusifs","*Canadian Free Trade Agreement (CFTA)","*Accord de libre-échange canadien (ALEC)","","","Mackay Communications Canada Inc","Mackay Communications Canada Inc","MACKAY MARINE CANADA","MACKAY MARINE CANADA","Mackay Marine Canada","Mackay Marine Canada","200 to 499 employees","200 à 499 employés","7 Mellor Avenue<br>Unit 16","7 Mellor Avenue<br>Unit 16","Dartmouth","Dartmouth","Nova Scotia","Nova Scotia","B3B0E8","Canada","Canada","Public Works and Government Services Canada","Travaux publics et Services gouvernementaux Canada","","","","","","","","","","Fisheries and Oceans Canada","Pêches et Océans Canada","DIRECTOR, ENGINEERING SERVICES","DIRECTEUR, SERVICES D'INGÉNRIE","INTEGRATED TECHNICAL SERVICES<br>200 KENT ST - STN 7W064,OTTAWA,Ontario,K1A0E6,Canada","INTEGRATED TECHNICAL SERVICES<br>200 KENT ST - STN 7W064,OTTAWA,Ontario,K1A0E6,Canada","","","","","","","","","","","","","","","",""
"YAMAHA MOTOR CANADA LTD (E60ML-240001/001/ML~000)","YAMAHA MOTOR CANADA LTD (E60ML-240001/001/ML~000)","E60ML-240001/001/ML","000","E60ML-240001","","E60ML-240001/001/ML","1","2024-09-24","2024-09-06","","","2025-08-31","3400000.00","3400000.00","CAD","","","","","","","*N2805","*Gasoline Reciprocating Engines (Except Aircraft) and Components","*Moteurs alternatifs à explosion, sauf aéronefs et composants","","","","*GD","","","Non-competitive","Non concurrentielle","","","Exclusive Rights","Droits exclusifs","*Canadian Free Trade Agreement (CFTA)","*Accord de libre-échange canadien (ALEC)","","","Yamaha Motor Canada Ltd.","Yamaha Motor Canada Ltd.","YAMAHA MOTOR CANADA LTD","YAMAHA MOTOR CANADA LTD","Yamaha Motor Canada Ltd.","Yamaha Motor Canada Ltd.","100 to 199 employees","100 à 199 employés","480 Gordon Baker Rd.","480 Gordon Baker Rd.","Toronto","Toronto","Ontario","Ontario","M2H3B4","Canada","Canada","Public Works and Government Services Canada","Travaux publics et Services gouvernementaux Canada","","","","","","","","","","Public Works and Government Services Canada","Travaux publics et Services gouvernementaux Canada","CONSOLIDATED PROC ML AMES","N/D","PORTAGE III 6C2<br>11 LAURIER ST,GATINEAU,Quebec,K1A0S5,Canada","PORTAGE III 6C2<br>11 LAURIER ST,GATINEAU,Quebec,K1A0S5,Canada","","","","","","","","","","","","","","","",""
"MERCURY MARINE LTD (E60ML-240001/002/ML~000)","MERCURY MARINE LTD (E60ML-240001/002/ML~000)","E60ML-240001/002/ML","000","E60ML-240001","","E60ML-240001/002/ML","1","2024-09-24","2024-09-11","","","2025-08-31","1600000.00","1600000.00","CAD","","","","","","","*N2805","*Gasoline Reciprocating Engines (Except Aircraft) and Components","*Moteurs alternatifs à explosion, sauf aéronefs et composants","","","","*GD","","","Non-competitive","Non concurrentielle","","","Exclusive Rights","Droits exclusifs","*Canadian Free Trade Agreement (CFTA)","*Accord de libre-échange canadien (ALEC)","","","Mercury Marine Limited","Mercury Marine Limited","MERCURY MARINE LTD","MERCURY MARINE LTD","Mercury Marine Limited","Mercury Marine Limited","50 to 99 employees","50 à 99 employés","8698 Escarpment Way","8698 Escarpment Way","Milton","Milton","Ontario","Ontario","L9T0M1","Canada","Canada","Public Works and Government Services Canada","Travaux publics et Services gouvernementaux Canada","","","","","","","","","","Public Works and Government Services Canada","Travaux publics et Services gouvernementaux Canada","CONSOLIDATED PROC ML AMES","N/D","PORTAGE III 6C2<br>11 LAURIER ST,GATINEAU,Quebec,K1A0S5,Canada","PORTAGE III 6C2<br>11 LAURIER ST,GATINEAU,Quebec,K1A0S5,Canada","","","","","","","","","","","","","","","",""
"CULLEN DIESEL POWER LTD (E60ML-240001/003/ML~000)","CULLEN DIESEL POWER LTD (E60ML-240001/003/ML~000)","E60ML-240001/003/ML","000","E60ML-240001","","E60ML-240001/003/ML","1","2024-09-24","2024-09-16","","","2025-08-31","250000.00","250000.00","CAD","","","","","","","*N2805","*Gasoline Reciprocating Engines (Except Aircraft) and Components","*Moteurs alternatifs à explosion, sauf aéronefs et composants","","","","*GD","","","Non-competitive","Non concurrentielle","","","Exclusive Rights","Droits exclusifs","*Canadian Free Trade Agreement (CFTA)","*Accord de libre-échange canadien (ALEC)","","","CULLEN DIESEL POWER LTD.","CULLEN DIESEL POWER LTD.","CULLEN DIESEL POWER LTD","CULLEN DIESEL POWER LTD","CULLEN DIESEL POWER LTD.","CULLEN DIESEL POWER LTD.","200 to 499 employees","200 à 499 employés","9300 192nd street","9300 192nd street","Surrey","Surrey","British Columbia","British Columbia","V4N3R8","Canada","Canada","Public Works and Government Services Canada","Travaux publics et Services gouvernementaux Canada","","","","","","","","","","Public Works and Government Services Canada","Travaux publics et Services gouvernementaux Canada","CONSOLIDATED PROC ML AMES","N/D","PORTAGE III 6C2<br>11 LAURIER ST,GATINEAU,Quebec,K1A0S5,Canada","PORTAGE III 6C2<br>11 LAURIER ST,GATINEAU,Quebec,K1A0S5,Canada","","","","","","","","","","","","","","","",""
"WAJAX LTD (E60ML-240001/004/ML~000)","WAJAX LTD (E60ML-240001/004/ML~000)","E60ML-240001/004/ML","000","E60ML-240001","","E60ML-240001/004/ML","1","2024-10-25","2024-09-25","","","2025-08-31","400000.00","400000.00","CAD","","","","","","","*N2805","*Gasoline Reciprocating Engines (Except Aircraft) and Components","*Moteurs alternatifs à explosion, sauf aéronefs et composants","","","","*GD","","","Non-competitive","Non concurrentielle","","","Exclusive Rights","Droits exclusifs","*Canadian Free Trade Agreement (CFTA)","*Accord de libre-échange canadien (ALEC)","","","Wajax limited","Wajax limited","WAJAX LTD","WAJAX LTD","Wajax limited","Wajax limited","2500 to 4999 employees","2500 à 4999 employés","10 Diesel Drive","10 Diesel Drive","Toronto","Toronto","Ontario","Ontario","M8W2T8","Canada","Canada","Public Works and Government Services Canada","Travaux publics et Services gouvernementaux Canada","","","","","","","","","","Public Works and Government Services Canada","Travaux publics et Services gouvernementaux Canada","CONSOLIDATED PROC ML AMES","N/D","PORTAGE III 6C2<br>11 LAURIER ST,GATINEAU,Quebec,K1A0S5,Canada","PORTAGE III 6C2<br>11 LAURIER ST,GATINEAU,Quebec,K1A0S5,Canada","","","","","","","","","","","","","","","",""
"MERCURY MARINE LTD (M6500-253056/001/ML~000)","MERCURY MARINE LTD (M6500-253056/001/ML~000)","M6500-253056/001/ML","000","M6500-253056","","M6500-253056/001/ML","1","2025-01-27","2025-01-09","","","2026-01-31","225397.00","225397.00","CAD","","","","","","","*N2805","*Gasoline Reciprocating Engines (Except Aircraft) and Components","*Moteurs alternatifs à explosion, sauf aéronefs et composants","","","","*GD","","","Non-competitive","Non concurrentielle","","","Exclusive Rights","Droits exclusifs","*Canadian Free Trade Agreement (CFTA)","*Accord de libre-échange canadien (ALEC)","","","Mercury Marine Limited","Mercury Marine Limited","MERCURY MARINE LTD","MERCURY MARINE LTD","Mercury Marine Limited","Mercury Marine Limited","50 to 99 employees","50 à 99 employés","8698 Escarpment Way","8698 Escarpment Way","Milton","Milton","Ontario","Ontario","L9T0M1","Canada","Canada","Public Works and Government Services Canada","Travaux publics et Services gouvernementaux Canada","","","","","","","","","","Royal Canadian Mounted Police","Gendarmerie royale du Canada","COMMISSIONAIRES LEVEL","N/D","O DIV. 5TH FL.<br>130 DUFFERIN AVE,LONDON,Ontario,N6A5R2,Canada","O DIV. 5TH FL.<br>130 DUFFERIN AVE,LONDON,Ontario,N6A5R2,Canada","","","","","","","","","","","","","","","",""
"RAYCO WYLIE (F2599-240142/001/ML~000)","RAYCO WYLIE (F2599-240142/001/ML~000)","F2599-240142/001/ML","000","F2599-240142","","F2599-240142/001/ML","1","2024-08-27","2024-08-08","","","2025-08-08","53273.00","53273.00","CAD","","","","","","","*N3950BJ","*Cranes, Shipboard","*Grues à bord d'un navire","","","","*GD","","","Non-competitive","Non concurrentielle","","","Exclusive Rights","Droits exclusifs","*Canadian Free Trade Agreement (CFTA)","*Accord de libre-échange canadien (ALEC)","","","SYSTEME ÉLECTRONIQUE RAYCO LTÉE","SYSTEME ÉLECTRONIQUE RAYCO LTÉE","RAYCO WYLIE","RAYCO WYLIE","Rayco Wylie","Rayco Wylie","50 to 99 employees","50 à 99 employés","2440, avenue Dalton","2440, avenue Dalton","Sainte-Foy","Sainte-Foy","Quebec","Quebec","G1P3X1","Canada","Canada","Public Works and Government Services Canada","Travaux publics et Services gouvernementaux Canada","","","","","","","","","","Fisheries and Oceans Canada","Pêches et Océans Canada","CCG CENTRAL&ARCTIC RGN","N/D","MARINE ENGINEERING<br>520 EXMOUTH ST,SARNIA,Ontario,N7T8B1,Canada","MARINE ENGINEERING<br>520 EXMOUTH ST,SARNIA,Ontario,N7T8B1,Canada","","","","","","","","","","","","","","","",""
"RHEINMETALL CANADA INC (W8482-229876/001/QT~000)","RHEINMETALL CANADA INC (W8482-229876/001/QT~000)","W8482-229876/001/QT","000","W8482-229876","","W8482-229876/001/QT","1","2024-08-27","2024-07-24","","","2026-03-31","0.00","0.00","CAD","","","","","","","*N4220","*Marine Life Saving and Diving Equipment","*Équipements marins de plongée et de sauvetage","","","","*GD","","","Non-competitive","Non concurrentielle","","","Exclusive Rights","Droits exclusifs","*Canadian Free Trade Agreement (CFTA)","*Accord de libre-échange canadien (ALEC)","","","RHEINMETALL CANADA INC.","RHEINMETALL CANADA INC.","RHEINMETALL CANADA INC","RHEINMETALL CANADA INC","RHEINMETALL CANADA INC.","RHEINMETALL CANADA INC.","200 to 499 employees","200 à 499 employés","225 boul.du Seminaire sud","225 boul.du Seminaire sud","Saint-Jean-sur-Richelieu","Saint-Jean-sur-Richelieu","Quebec","Quebec","J3B8E9","Canada","Canada","Public Works and Government Services Canada","Travaux publics et Services gouvernementaux Canada","","","","","","","","","","Department of National Defence","Ministère de la défense nationale","NDHQ","N/D","ATTN DGMEPM NP - DMARP<br>101 COLONEL BY DR.,OTTAWA,Ontario,K1A0K2,Canada","ATTN DGMEPM NP - DMARP<br>101 COLONEL BY DR.,OTTAWA,Ontario,K1A0K2,Canada","","","","","","","","","","","","","","","",""
"GRIFFIN ENGINEERED SYSTEMS INC (F7047-220015/001/ERD~000)","GRIFFIN ENGINEERED SYSTEMS INC (F7047-220015/001/ERD~000)","F7047-220015/001/ERD","000","F7047-220015","","F7047-220015/001/ERD","6","2024-09-24","2024-09-11","","","2028-03-31","4659050.00","9105205.50","CAD","","","","","","","*N4235","*Hazardous Material Spill Containment and Clean-up Equipment and Material","*Retenue des fuites et débordements de produits dangereux et matérial de nettoyage","","","","*GD","","","Competitive - Open bidding","Concurrentielle - Invitation ouverte à soumissionner","Lowest Price","Prix le plus bas","","","","","","","GRIFFIN Engineered Systems Inc.","GRIFFIN Engineered Systems Inc.","GRIFFIN ENGINEERED SYSTEMS INC","GRIFFIN ENGINEERED SYSTEMS INC","GRIFFIN Engineered Systems Inc.","GRIFFIN Engineered Systems Inc.","1 to 4 employees","1 à 4 employés","GRIFFIN Engineered Systems<br>1680 Bedford Row, Founders Square","GRIFFIN Engineered Systems<br>1680 Bedford Row, Founders Square","Halifax","Halifax","Nova Scotia","Nova Scotia","B3J2L4","Canada","Canada","Public Works and Government Services Canada","Travaux publics et Services gouvernementaux Canada","","","","","","","","","","Fisheries and Oceans Canada","Pêches et Océans Canada","CCG DIRECTOR SERVICES DELIVERY","DIRECTEUR, PRESTATN DE SERVICE","INTEGRATED TECHNICAL SERVICES<br>200 KENT ST - STN 7S036,OTTAWA,Ontario,K1A0E6,Canada","INTEGRATED TECHNICAL SERVICES<br>200 KENT ST - STN 7S036,OTTAWA,Ontario,K1A0E6,Canada","","","","","","","","","","","","","","","",""
"ADVANTEC MANUFACTURING CANADA INC (F7049-240091/001/ML~000)","ADVANTEC MANUFACTURING CANADA INC (F7049-240091/001/ML~000)","F7049-240091/001/ML","000","F7049-240091","","F7049-240091/001/ML","3","2025-03-27","2025-03-10","","","2026-07-31","586355.00","730450.32","CAD","","","","","","","*N2090","*Ship and Marine Miscellaneous Equipment","*Équipement de navire et matériel naval","","","","*GD","","","Competitive - Open bidding","Concurrentielle - Invitation ouverte à soumissionner","Lowest Price","Prix le plus bas","","","","","","","Advantec Manufacturing Canada Inc.","Advantec Manufacturing Canada Inc.","ADVANTEC MANUFACTURING CANADA INC","ADVANTEC MANUFACTURING CANADA INC","Advantec Manufacturing Canada Inc.","Advantec Manufacturing Canada Inc.","200 to 499 employees","200 à 499 employés","26995 Gloucester Way","26995 Gloucester Way","Langley","Langley","British Columbia","British Columbia","V4W3Y3","Canada","Canada","Public Works and Government Services Canada","Travaux publics et Services gouvernementaux Canada","","","","","","","","","","Fisheries and Oceans Canada","Pêches et Océans Canada","INTEGRATED TECHNICAL SERVICES","SERVICES TECHNIQUES INTEGRÉS","VLE MLM PROGRAM<br>200 KENT ST., STN 7N157,OTTAWA,Ontario,K1A0E6,Canada","VLE MLM PROGRAM<br>200 KENT ST., STN 7N157,OTTAWA,Ontario,K1A0E6,Canada","","","","","","","","","","","","","","","",""
"KRAUSS-MAFFEI WEGMANN GMBH & CO KG (W8486-207266/001/BL~000)","KRAUSS-MAFFEI WEGMANN GMBH & CO KG (W8486-207266/001/BL~000)","W8486-207266/001/BL","000","W8486-207266","","W8486-207266/001/BL","3","2024-09-24","2024-09-12","","","2031-03-31","653212475.00","654902379.00","CAD","","","","","","","*N2350","*Combat, Assault, and Tactical Vehicles, Tracked","*Véhicules de combat, d'assaut et tactiques, à chenilles","","","","*GD","","","Advance contract award notice","Préavis d'attribution du contrat","","","Exclusive Rights","Droits exclusifs","*None","*Aucun","","","KNDS Deutschland GmbH & Co. KG","KNDS Deutschland GmbH & Co. KG","KRAUSS-MAFFEI WEGMANN GMBH & CO KG","KRAUSS-MAFFEI WEGMANN GMBH & CO KG","KNDS Deutschland GmbH & Co. KG","KNDS Deutschland GmbH & Co. KG","2500 to 4999 employees","2500 à 4999 employés","Krauss-Maffei-Strasse 11","Krauss-Maffei-Strasse 11","Munich","Munich","","","80997","Germany","Germany","Public Works and Government Services Canada","Travaux publics et Services gouvernementaux Canada","","","","","","","","","","Department of National Defence","Ministère de la défense nationale","NDHQ DGLEPM","N/D","101 COLONEL BY DR.,OTTAWA,Ontario,K1A0K2,Canada","101 COLONEL BY DR.,OTTAWA,Ontario,K1A0K2,Canada","","","","","","","","","","","","","","","",""
"PUMPS PLUS LTD (F7044-210726/002/ML~000)","PUMPS PLUS LTD (F7044-210726/002/ML~000)","F7044-210726/002/ML","000","F7044-210726","","F7044-210726/002/ML","1","2024-12-27","2024-11-26","","","2025-11-03","100000.00","100000.00","CAD","","","","","","","*N4310D","*Pump, Vacuum","*Pompes à vide","","","","*GD","","","Non-competitive","Non concurrentielle","","","Exclusive Rights","Droits exclusifs","","","","","Pumps Plus Ltd.","Pumps Plus Ltd.","PUMPS PLUS LTD","PUMPS PLUS LTD","Pumps Plus Ltd.","Pumps Plus Ltd.","10 to 19 employees","10 à 19 employés","48 Hatheway Crescent Unit 5B","48 Hatheway Crescent Unit 5B","Saint John","Saint John","New Brunswick","New Brunswick","E2M5V3","Canada","Canada","Public Works and Government Services Canada","Travaux publics et Services gouvernementaux Canada","","","","","","","","","","Fisheries and Oceans Canada","Pêches et Océans Canada","D/PROJ.MGR STIMULUS PACKAGE","GEST.A.PRGM PLAN ACTION ECON.","INTEGRATED TECHNICAL SERVICES<br>200 KENT ST STN. 7W060,OTTAWA,Ontario,K1A0E6,Canada","INTEGRATED TECHNICAL SERVICES<br>200 KENT ST STN. 7W060,OTTAWA,Ontario,K1A0E6,Canada","","","","","","","","","","","","","","","",""
"TERRAGON (F7044-240111/001/ML~000)","TERRAGON (F7044-240111/001/ML~000)","F7044-240111/001/ML","000","F7044-240111","","F7044-240111/001/ML","4","2025-04-29","2025-03-21","","","2025-12-31","1000000.00","1000000.00","CAD","","","","","","","*N4610","*Water Purification Equipment","*Équipement de purification des eaux","","","","*GD","","","Non-competitive","Non concurrentielle","","","Exclusive Rights","Droits exclusifs","*Canadian Free Trade Agreement (CFTA)","*Accord de libre-échange canadien (ALEC)","","","Terragon Environmental Technologies Inc.","Terragon Environmental Technologies Inc.","TERRAGON","TERRAGON","Terragon","Terragon","20 to 49 employees","20 à 49 employés","9130, av. du Parc","9130, av. du Parc","Montreal","Montreal","Quebec","Quebec","H2N1Z2","Canada","Canada","Public Works and Government Services Canada","Travaux publics et Services gouvernementaux Canada","","","","","","","","","","Fisheries and Oceans Canada","Pêches et Océans Canada","D/PROJ.MGR STIMULUS PACKAGE","GEST.A.PRGM PLAN ACTION ECON.","INTEGRATED TECHNICAL SERVICES<br>200 KENT ST STN. 7W060,OTTAWA,Ontario,K1A0E6,Canada","INTEGRATED TECHNICAL SERVICES<br>200 KENT ST STN. 7W060,OTTAWA,Ontario,K1A0E6,Canada","","","","","","","","","","","","","","","",""
"PATLON AIRCRAFT & INDUSTRIES LTD (W8482-230921/001/ML~000)","PATLON AIRCRAFT & INDUSTRIES LTD (W8482-230921/001/ML~000)","W8482-230921/001/ML","000","W8482-230921","","W8482-230921/001/ML","1","2025-01-27","2025-01-17","","","2029-10-17","18310000.00","18310000.00","CAD","","","","","","","*N4730","*Hose, Pipe, Tube, Lubrication, and Railing Fittings","*Raccords pour tuyaux souples, tuyaux, tubes, et rampes et balustrades et raccords de graissage","","","","*GD","","","Non-competitive","Non concurrentielle","","","Exclusive Rights","Droits exclusifs","*Canadian Free Trade Agreement (CFTA)","*Accord de libre-échange canadien (ALEC)","","","Patlon Aircraft & Industries Limited","Patlon Aircraft & Industries Limited","PATLON AIRCRAFT & INDUSTRIES LTD","PATLON AIRCRAFT & INDUSTRIES LTD","Patlon Aircraft & Industries Limited","Patlon Aircraft & Industries Limited","20 to 49 employees","20 à 49 employés","8130 Fifth Line","8130 Fifth Line","Halton Hills","Halton Hills","Ontario","Ontario","L7G0B8","Canada","Canada","Public Works and Government Services Canada","Travaux publics et Services gouvernementaux Canada","","","","","","","","","","Department of National Defence","Ministère de la défense nationale","NDHQ","N/D","ATTN DGMEPM NP - DMARP<br>101 COLONEL BY DR.,OTTAWA,Ontario,K1A0K2,Canada","ATTN DGMEPM NP - DMARP<br>101 COLONEL BY DR.,OTTAWA,Ontario,K1A0K2,Canada","","","","","","","","","","","","","","","",""
"BAE SYSTEMS (CANADA) INC (W8482-241992/001/VCI~000)","BAE SYSTEMS (CANADA) INC (W8482-241992/001/VCI~000)","W8482-241992/001/VCI","000","W8482-241992","","W8482-241992/001/VCI","1","2024-12-27","2024-05-13","","","2026-10-01","183441.00","183441.00","CAD","","","","","","","*N5331","*O-Ring","*Joint torique","","","","*GD","","","Competitive - Open bidding","Concurrentielle - Invitation ouverte à soumissionner","Lowest Price","Prix le plus bas","","","","","","","BAE SYSTEMS (CANADA) INC.","BAE SYSTEMS (CANADA) INC.","BAE SYSTEMS (CANADA) INC","BAE SYSTEMS (CANADA) INC","BAE SYSTEMS (CANADA) INC.","BAE SYSTEMS (CANADA) INC.","20 to 49 employees","20 à 49 employés","Suite 1200<br>220 Laurier Avenue West","Suite 1200<br>220 Laurier Avenue West","Ottawa","Ottawa","Ontario","Ontario","K1P6Z9","Canada","Canada","Public Works and Government Services Canada","Travaux publics et Services gouvernementaux Canada","","","","","","","","","","Department of National Defence","Ministère de la défense nationale","NDHQ","N/D","ATTN DGMEPM NP - DMARP<br>101 COLONEL BY DR.,OTTAWA,Ontario,K1A0K2,Canada","ATTN DGMEPM NP - DMARP<br>101 COLONEL BY DR.,OTTAWA,Ontario,K1A0K2,Canada","","","","","","","","","","","","","","","",""
"SIMEX DEFENCE INC / DEFENSE SIMEX INC (W8482-241992/002/VCI~000)","SIMEX DEFENCE INC / DEFENSE SIMEX INC (W8482-241992/002/VCI~000)","W8482-241992/002/VCI","000","W8482-241992","","W8482-241992/002/VCI","1","2024-12-27","2024-05-13","","","2025-10-01","14549.00","14549.00","CAD","","","","","","","*N5331","*O-Ring","*Joint torique","","","","*GD","","","Competitive - Open bidding","Concurrentielle - Invitation ouverte à soumissionner","Lowest Price","Prix le plus bas","","","","","","","SIMEX DEFENCE INC. / DEFENSE SIMEX INC.","SIMEX DEFENCE INC. / DEFENSE SIMEX INC.","SIMEX DEFENCE INC / DEFENSE SIMEX INC","SIMEX DEFENCE INC / DEFENSE SIMEX INC","SIMEX DEFENCE INC. / DEFENSE SIMEX INC.","SIMEX DEFENCE INC. / DEFENSE SIMEX INC.","10 to 19 employees","10 à 19 employés","216 Brunswick Blvd.","216 Brunswick Blvd.","Pointe-Claire","Pointe-Claire","Quebec","Quebec","H9R1A6","Canada","Canada","Public Works and Government Services Canada","Travaux publics et Services gouvernementaux Canada","","","","","","","","","","Department of National Defence","Ministère de la défense nationale","NDHQ","N/D","ATTN DGMEPM NP - DMARP<br>101 COLONEL BY DR.,OTTAWA,Ontario,K1A0K2,Canada","ATTN DGMEPM NP - DMARP<br>101 COLONEL BY DR.,OTTAWA,Ontario,K1A0K2,Canada","","","","","","","","","","","","","","","",""
"MOBILE VALVE REPAIRS (W8482-241992/003/VCI~000)","MOBILE VALVE REPAIRS (W8482-241992/003/VCI~000)","W8482-241992/003/VCI","000","W8482-241992","","W8482-241992/003/VCI","2","2024-12-27","2024-05-13","","","2026-01-22","144465.00","166135.00","CAD","","","","","","","*N5331","*O-Ring","*Joint torique","","","","*GD","","","Competitive - Open bidding","Concurrentielle - Invitation ouverte à soumissionner","Lowest Price","Prix le plus bas","","","","","","","Source Atlantic Ltd","Source Atlantic Ltd","MOBILE VALVE REPAIRS","MOBILE VALVE REPAIRS","Mobile Valve Repairs","Mobile Valve Repairs","20 to 49 employees","20 à 49 employés","PO Box 90","PO Box 90","Mount Uniacke","Mount Uniacke","Nova Scotia","Nova Scotia","B0N1Z0","Canada","Canada","Public Works and Government Services Canada","Travaux publics et Services gouvernementaux Canada","","","","","","","","","","Department of National Defence","Ministère de la défense nationale","NDHQ","N/D","ATTN DGMEPM NP - DMARP<br>101 COLONEL BY DR.,OTTAWA,Ontario,K1A0K2,Canada","ATTN DGMEPM NP - DMARP<br>101 COLONEL BY DR.,OTTAWA,Ontario,K1A0K2,Canada","","","","","","","","","","","","","","","",""
"CANADYNE TECHNOLOGIES INC (F7047-230025/001/ERD~000)","CANADYNE TECHNOLOGIES INC (F7047-230025/001/ERD~000)","F7047-230025/001/ERD","000","F7047-230025","","F7047-230025/001/ERD","2","2025-03-27","2024-04-30","","","2024-04-30","1039051.00","1031201.00","CAD","","","","","","","*N4235","*Hazardous Material Spill Containment and Clean-up Equipment and Material","*Retenue des fuites et débordements de produits dangereux et matérial de nettoyage","","","","*GD","","","Competitive - Open bidding","Concurrentielle - Invitation ouverte à soumissionner","Lowest Price","Prix le plus bas","","","","","","","Canadyne Technologies Inc.","Canadyne Technologies Inc.","CANADYNE TECHNOLOGIES INC","CANADYNE TECHNOLOGIES INC","Canadyne Technologies Inc.","Canadyne Technologies Inc.","5 to 9 employees","5 à 9 employés","12400 Vulcan Way","12400 Vulcan Way","Richmond","Richmond","British Columbia","British Columbia","V6V1J8","Canada","Canada","Public Works and Government Services Canada","Travaux publics et Services gouvernementaux Canada","","","","","","","","","","Fisheries and Oceans Canada","Pêches et Océans Canada","CCG DIRECTOR SERVICES DELIVERY","DIRECTEUR, PRESTATN DE SERVICE","INTEGRATED TECHNICAL SERVICES<br>200 KENT ST - STN 7S036,OTTAWA,Ontario,K1A0E6,Canada","INTEGRATED TECHNICAL SERVICES<br>200 KENT ST - STN 7S036,OTTAWA,Ontario,K1A0E6,Canada","","","","","","","","","","","","","","","",""
"COMPETITION COMPOSITES INC (M7594-242010/001/QD~000)","COMPETITION COMPOSITES INC (M7594-242010/001/QD~000)","M7594-242010/001/QD","000","M7594-242010","","M7594-242010/001/QD","2","2025-03-03","2025-02-19","","","2028-02-18","0.00","0.00","CAD","","","","","","","*N5410","*Prefabricated and Portable Buildings","*Bâtiments préfabriqués et démontables","","","","*GD","","","Competitive - Open bidding","Concurrentielle - Invitation ouverte à soumissionner","Highest Combined Rating of Technical Merit and Price","Cote combinée la plus élevée pour le mérite technique et le prix","","","","","","","Competition Composites Inc.","Competition Composites Inc.","COMPETITION COMPOSITES INC","COMPETITION COMPOSITES INC","Competition Composites Inc.","Competition Composites Inc.","10 to 19 employees","10 à 19 employés","251 Fifth Avenue","251 Fifth Avenue","Arnprior","Arnprior","Ontario","Ontario","K7S3M3","Canada","Canada","Public Works and Government Services Canada","Travaux publics et Services gouvernementaux Canada","","","","","","","","","","Royal Canadian Mounted Police","Gendarmerie royale du Canada","HQ PROCURE.&CONTRACT.SERVS","SERVS APPROVISION.&CONTRATS QG","4TH FL.<br>73 LEIKIN DR. M1,OTTAWA,Ontario,K1A0R2,Canada","4TH FL.<br>73 LEIKIN DR. M1,OTTAWA,Ontario,K1A0R2,Canada","","","","","","","","","","","","","","","",""
"DEW ENGINEERING AND DEVELOPMENT ULC (W8475-235521/001/QD ~000)","DEW ENGINEERING AND DEVELOPMENT ULC (W8475-235521/001/QD ~000)","W8475-235521/001/QD ","000","W8475-235521","","W8475-235521/001/QD ","1","2026-01-13","2024-09-05","","","2027-07-23","11320000.00","11320000.00","CAD","","","","","","","*N5411A","*Rigid Wall Shelters, Portable (Military Application)","*Abris à murs rigides, transportables, usage militaire","","","","*GD","","","Competitive - Open bidding","Concurrentielle - Invitation ouverte à soumissionner","Lowest Price","Prix le plus bas","","","","","","","DEW Engineering and Development ULC.","DEW Engineering and Development ULC.","DEW ENGINEERING AND DEVELOPMENT ULC","DEW ENGINEERING AND DEVELOPMENT ULC","DEW Engineering and Development ULC.","DEW Engineering and Development ULC.","200 to 499 employees","200 à 499 employés","3429 Hawthorne Road","3429 Hawthorne Road","Ottawa","Ottawa","Ontario","Ontario","K1G4G2","Canada","Canada","Public Works and Government Services Canada","Travaux publics et Services gouvernementaux Canada","","","","","","","","","","Department of National Defence","Ministère de la défense nationale","DGAEPM/DAP","DGGPEA/DOA","101 COLONEL BY DR.,Ottawa,Ontario,K1A0K2,Canada","101 COLONEL BY DR.,Ottawa,Ontario,K1A0K2,Canada","","","","","","","","","","","","","","","",""
"EMCON EMANATION CONTROL LTD (19438-240015/001/QH~000)","EMCON EMANATION CONTROL LTD (19438-240015/001/QH~000)","19438-240015/001/QH","000","19438-240015","","19438-240015/001/QH","1","2024-06-27","2024-05-14","","","2025-05-13","27120.00","27120.00","CAD","","","","","","","*N5810","*Communications Security Equipment and Components","*Équipements de sécurité des télécommunications et composants","","","","*GD","","","Non-competitive","Non concurrentielle","","","Additional Deliveries","Livraisons supplémentaires","*None","*Aucun","","","EMCON Emanation Control Ltd.","EMCON Emanation Control Ltd.","EMCON EMANATION CONTROL LTD","EMCON EMANATION CONTROL LTD","EMCON Emanation Control","EMCON Emanation Control","10 to 19 employees","10 à 19 employés","360 Terry Fox Drive","360 Terry Fox Drive","Kanata","Kanata","Ontario","Ontario","K2K2P5","Canada","Canada","Public Works and Government Services Canada","Travaux publics et Services gouvernementaux Canada","","","","","","","","","","Department of Justice Canada","Ministère de la Justice Canada","ISB ADMINISTRATIVE SERVICES","BSI SERVICE ADMINISTRATIVE","275 SPARKS ST - SAT 12033,OTTAWA,Ontario,K1A0H8,Canada","275 SPARKS ST - SAT 12033,OTTAWA,Ontario,K1A0H8,Canada","","","","","","","","","","","","","","","",""
"EMCON EMANATION CONTROL LTD (72000-240123/001/QH~000)","EMCON EMANATION CONTROL LTD (72000-240123/001/QH~000)","72000-240123/001/QH","000","72000-240123","","72000-240123/001/QH","1","2025-03-03","2025-01-22","","","2026-01-22","32824.00","32824.00","CAD","","","","","","","*N5810","*Communications Security Equipment and Components","*Équipements de sécurité des télécommunications et composants","","","","*GD","","","Non-competitive","Non concurrentielle","","","Additional Deliveries","Livraisons supplémentaires","*Canadian Free Trade Agreement (CFTA)","*Accord de libre-échange canadien (ALEC)","","","EMCON Emanation Control Ltd.","EMCON Emanation Control Ltd.","EMCON EMANATION CONTROL LTD","EMCON EMANATION CONTROL LTD","EMCON Emanation Control","EMCON Emanation Control","10 to 19 employees","10 à 19 employés","360 Terry Fox Drive","360 Terry Fox Drive","Kanata","Kanata","Ontario","Ontario","K2K2P5","Canada","Canada","Public Works and Government Services Canada","Travaux publics et Services gouvernementaux Canada","","","","","","","","","","Public Prosecution Service of Canada","Service des poursuites pénales du Canada","FINANCE & ACQUISITION","FINANCE ET ACQUISITION","3RD FL<br>301 ELGIN,OTTAWA,Ontario,K1A0H8,Canada","3RD FL<br>301 ELGIN,OTTAWA,Ontario,K1A0H8,Canada","","","","","","","","","","","","","","","",""
"EMCON EMANATION CONTROL LTD (G9292-256995/001/QH~000)","EMCON EMANATION CONTROL LTD (G9292-256995/001/QH~000)","G9292-256995/001/QH","000","G9292-256995","","G9292-256995/001/QH","1","2024-12-27","2024-11-14","","","2025-01-18","45470.00","45470.00","CAD","","","","","","","*N5810","*Communications Security Equipment and Components","*Équipements de sécurité des télécommunications et composants","","","","*GD","","","Non-competitive","Non concurrentielle","","","Exclusive Rights","Droits exclusifs","*Canadian Free Trade Agreement (CFTA)","*Accord de libre-échange canadien (ALEC)","","","EMCON Emanation Control Ltd.","EMCON Emanation Control Ltd.","EMCON EMANATION CONTROL LTD","EMCON EMANATION CONTROL LTD","EMCON Emanation Control","EMCON Emanation Control","10 to 19 employees","10 à 19 employés","360 Terry Fox Drive","360 Terry Fox Drive","Kanata","Kanata","Ontario","Ontario","K2K2P5","Canada","Canada","Public Works and Government Services Canada","Travaux publics et Services gouvernementaux Canada","","","","","","","","","","Employment and Social Development Canada","Emploi et Développement social Canada","CONTRACTING&PROCURE.","N/D","PORTAGE IV LVL 1<br>140 PROMENADE DU PORTAGE,GATINEAU,Quebec,K1A0J9,Canada","PORTAGE IV LVL 1<br>140 PROMENADE DU PORTAGE,GATINEAU,Quebec,K1A0J9,Canada","","","","","","","","","","","","","","","",""
"EMCON EMANATION CONTROL LTD (M7594-251153/001/QH~000)","EMCON EMANATION CONTROL LTD (M7594-251153/001/QH~000)","M7594-251153/001/QH","000","M7594-251153","","M7594-251153/001/QH","1","2025-03-03","2025-01-22","","","2026-03-31","140120.00","140120.00","CAD","","","","","","","*N5810","*Communications Security Equipment and Components","*Équipements de sécurité des télécommunications et composants","","","","*GD","","","Non-competitive","Non concurrentielle","","","Additional Deliveries","Livraisons supplémentaires","*Canadian Free Trade Agreement (CFTA)","*Accord de libre-échange canadien (ALEC)","","","EMCON Emanation Control Ltd.","EMCON Emanation Control Ltd.","EMCON EMANATION CONTROL LTD","EMCON EMANATION CONTROL LTD","EMCON Emanation Control","EMCON Emanation Control","10 to 19 employees","10 à 19 employés","360 Terry Fox Drive","360 Terry Fox Drive","Kanata","Kanata","Ontario","Ontario","K2K2P5","Canada","Canada","Public Works and Government Services Canada","Travaux publics et Services gouvernementaux Canada","","","","","","","","","","Royal Canadian Mounted Police","Gendarmerie royale du Canada","HQ PROCURE.&CONTRACT.SERVS","SERVS APPROVISION.&CONTRATS QG","4TH FL.<br>73 LEIKIN DR. M1,OTTAWA,Ontario,K1A0R2,Canada","4TH FL.<br>73 LEIKIN DR. M1,OTTAWA,Ontario,K1A0R2,Canada","","","","","","","","","","","","","","","",""
"DEFENSE INFORMATION SYSTEMS AGENCY (DISA) (W6369-250427/001/USW~000)","DEFENSE INFORMATION SYSTEMS AGENCY (DISA) (W6369-250427/001/USW~000)","W6369-250427/001/USW","000","W6369-250427","","W6369-250427/001/USW","1","2025-01-27","2025-01-16","","","2032-12-31","6162701.00","6162701.00","CAD","","","","","","","*N5810","*Communications Security Equipment and Components","*Équipements de sécurité des télécommunications et composants","","","","*GD","","","Non-competitive","Non concurrentielle","Government Objectives Representing Best Interests/Value to Govt","Objectifs gouvern.  représentant  les meilleurs intérets/valeur pour l'État","","","*None","*Aucun","","","DEFENSE INFORMATION SYSTEMS AGENCY (DISA)","DEFENSE INFORMATION SYSTEMS AGENCY (DISA)","DEFENSE INFORMATION SYSTEMS AGENCY (DISA)","DEFENSE INFORMATION SYSTEMS AGENCY (DISA)","DEFENSE INFORMATION SYSTEMS AGENCY (DISA)","DEFENSE INFORMATION SYSTEMS AGENCY (DISA)","UNKNOWN","INCONNU","5600 Columbia Pike","5600 Columbia Pike","FALLS CHURCH","FALLS CHURCH","Virginia","Virginia","22041-2717","United States","United States","Public Works and Government Services Canada","Travaux publics et Services gouvernementaux Canada","","","","","","","","","","Department of National Defence","Ministère de la défense nationale","DG PROC.SVCS","N/D","101 COLONEL BY DR.,OTTAWA,Ontario,K1A0K2,Canada","101 COLONEL BY DR.,OTTAWA,Ontario,K1A0K2,Canada","","","","","","","","","","","","","","","",""
"NATIONAL SECURITY AGENCY (NSA) (W8475-245532/001/USW~000)","NATIONAL SECURITY AGENCY (NSA) (W8475-245532/001/USW~000)","W8475-245532/001/USW","000","W8475-245532","","W8475-245532/001/USW","1","2025-03-27","2025-03-05","","","2032-03-31","56698.00","56698.00","CAD","","","","","","","*N5810","*Communications Security Equipment and Components","*Équipements de sécurité des télécommunications et composants","","","","*GD","","","Non-competitive","Non concurrentielle","Government Objectives Representing Best Interests/Value to Govt","Objectifs gouvern.  représentant  les meilleurs intérets/valeur pour l'État","","","*None","*Aucun","","","NATIONAL SECURITY AGENCY (NSA)","NATIONAL SECURITY AGENCY (NSA)","NATIONAL SECURITY AGENCY (NSA)","NATIONAL SECURITY AGENCY (NSA)","Not applicable","Not applicable","UNKNOWN","INCONNU","NATIONAL SECURITY AGENCY (NSA)<br>ATTN:  I12","NATIONAL SECURITY AGENCY (NSA)<br>ATTN:  I12","FORT MEADE","FORT MEADE","Maryland","Maryland","20755-6575","United States","United States","Public Works and Government Services Canada","Travaux publics et Services gouvernementaux Canada","","","","","","","","","","Department of National Defence","Ministère de la défense nationale","L3HARRIS MAS INC","L3HARRIS MAS INC","10,000 Helen Bristol Street,MIRABEL,Quebec,J7N1H3,Canada","10,000 Helen Bristol Street,MIRABEL,Quebec,J7N1H3,Canada","","","","","","","","","","","","","","","",""
"UNITED STATES DEPARTMENT OF THE NAVY (NAVSEA) (W847S-250178/001/USW~000)","UNITED STATES DEPARTMENT OF THE NAVY (NAVSEA) (W847S-250178/001/USW~000)","W847S-250178/001/USW","000","W847S-250178","","W847S-250178/001/USW","1","2025-01-27","2024-12-23","","","2029-06-15","7342742.00","7342742.00","CAD","","","","","","","*N5810","*Communications Security Equipment and Components","*Équipements de sécurité des télécommunications et composants","","","","*GD","","","Non-competitive","Non concurrentielle","Government Objectives Representing Best Interests/Value to Govt","Objectifs gouvern.  représentant  les meilleurs intérets/valeur pour l'État","","","*None","*Aucun","","","UNITED STATES DEPARTMENT OF THE NAVY (NAVSEA)","UNITED STATES DEPARTMENT OF THE NAVY (NAVSEA)","UNITED STATES DEPARTMENT OF THE NAVY (NAVSEA)","UNITED STATES DEPARTMENT OF THE NAVY (NAVSEA)","Not applicable","Not applicable","UNKNOWN","INCONNU","2521 South Clark Street<br>Suite 800","2521 South Clark Street<br>Suite 800","Arlington","Arlington","Virginia","Virginia","22202-3928","United States","United States","Public Works and Government Services Canada","Travaux publics et Services gouvernementaux Canada","","","","","","","","","","Department of National Defence","Ministère de la défense nationale","CDN NAT.DISTRIBUTING AUTHORITY","N/D","ATTN SUPT CFB OTTAWA (N),OTTAWA,Ontario,K1A0K8,Canada","ATTN SUPT CFB OTTAWA (N),OTTAWA,Ontario,K1A0K8,Canada","","","","","","","","","","","","","","","",""
"FREQUENTIS CANADA LTD (F7048-200162/001/QF~000)","FREQUENTIS CANADA LTD (F7048-200162/001/QF~000)","F7048-200162/001/QF","000","F7048-200162","","F7048-200162/001/QF","1","2025-01-27","2024-05-27","","","2028-03-31","5841305.00","5841305.00","CAD","","","","","","","*N5820","*Radio and Television Communications Equipment, Except Airborne","*Matériel de communications radio et télévisuel, sauf aéroporté","","","","*GD","","","Non-competitive","Non concurrentielle","","","Exclusive Rights","Droits exclusifs","* Other trade agreements not listed here may apply
*Canada-European Union Comprehensive Economic and Trade Agreement (CETA)
*Canada-Chile Free Trade Agreement (CCFTA)
*Canada-Peru Free Trade Agreement (CPFTA)
*World Trade Organization Agreement on Government Procurement (WTO GPA)
*Canada-Colombia Free Trade Agreement
*Comprehensive and Progressive Agreement for Trans-Pacific Partnership (CPTPP)
*Canada-Panama Free Trade Agreement
*Canada-UK Trade Continuity Agreement (Canada-UK TCA)","*d'autres accords commerciaux non répertoriés ici peuvent s'appliquer
*Accord économique et commercial global (AECG) entre le Canada et l’Union européenne (UE)
*Accord de libre-échange Canada-Chili (ALECC)
*Accord de libre-échange Canada-Pérou (ALECP)
*Accord sur les marchés publics de l'Organisation mondiale du commerce (AMP-OMC)
*Accord de libre-échange Canada-Colombie
*Accord de Partenariat transpacifique global et progressiste (PTPGP)
*Accord de libre-échange Canada-Panama
*Accord de continuité commerciale Canada–Royaume-Uni (ACC Canada-Royaume-Uni)","","","Frequentis Canada Limited","Frequentis Canada Limited","FREQUENTIS CANADA LTD","FREQUENTIS CANADA LTD","Frequentis Canada Limited","Frequentis Canada Limited","50 to 99 employees","50 à 99 employés","UNIT 101<br>1040 BOUL SAINT-JOSEPH","UNIT 101<br>1040 BOUL SAINT-JOSEPH","GATINEAU,","GATINEAU,","Quebec","Quebec","J8Z1T3","Canada","Canada","Public Works and Government Services Canada","Travaux publics et Services gouvernementaux Canada","","","","","","","","","","Fisheries and Oceans Canada","Pêches et Océans Canada","DIRECTOR, ENGINEERING SERVICES","DIRECTEUR, SERVICES D'INGÉNRIE","INTEGRATED TECHNICAL SERVICES<br>200 KENT ST - STN 7W064,OTTAWA,Ontario,K1A0E6,Canada","INTEGRATED TECHNICAL SERVICES<br>200 KENT ST - STN 7W064,OTTAWA,Ontario,K1A0E6,Canada","","","","","","","","","","","","","","","",""
"WEATHERHAVEN GLOBAL RESOURCES LTD (K0C74-230949/001/QD~000)","WEATHERHAVEN GLOBAL RESOURCES LTD (K0C74-230949/001/QD~000)","K0C74-230949/001/QD","000","K0C74-230949","","K0C74-230949/001/QD","1","2024-05-28","2024-05-02","","","2024-08-03","54113.00","54113.00","CAD","","","","","","","*N5820","*Radio and Television Communications Equipment, Except Airborne","*Matériel de communications radio et télévisuel, sauf aéroporté","","","","*GD","","","Competitive - Open bidding","Concurrentielle - Invitation ouverte à soumissionner","Lowest Price","Prix le plus bas","","","*Canadian Free Trade Agreement (CFTA)","*Accord de libre-échange canadien (ALEC)","","","WEATHERHAVEN GLOBAL RESOURCES LTD.","WEATHERHAVEN GLOBAL RESOURCES LTD.","WEATHERHAVEN GLOBAL RESOURCES LTD","WEATHERHAVEN GLOBAL RESOURCES LTD","WEATHERHAVEN GLOBAL RESOURCES LTD.","WEATHERHAVEN GLOBAL RESOURCES LTD.","50 to 99 employees","50 à 99 employés","#130 - 8610 Glenlyon Parkway","#130 - 8610 Glenlyon Parkway","Burnaby","Burnaby","British Columbia","British Columbia","V5J0B6","Canada","Canada","Public Works and Government Services Canada","Travaux publics et Services gouvernementaux Canada","","","","","","","","","","Environment Canada","Environnement Canada","ENVIRON. ENFORCEMENT","APPLIC. LOI EN ENVIRONNEMENT","105 MCGILL,MONTREAL,Quebec,H2Y2E7,Canada","105 MCGILL,MONTREAL,Quebec,H2Y2E7,Canada","","","","","","","","","","","","","","","",""
"PL TECHNOLOGY SOLUTIONS INC (M5000-255307/001/QD~000)","PL TECHNOLOGY SOLUTIONS INC (M5000-255307/001/QD~000)","M5000-255307/001/QD","000","M5000-255307","","M5000-255307/001/QD","2","2025-03-27","2025-03-10","","","2025-05-28","49487.00","49487.00","CAD","","","","","","","*N5820","*Radio and Television Communications Equipment, Except Airborne","*Matériel de communications radio et télévisuel, sauf aéroporté","","","","*GD","","","Non-competitive","Non concurrentielle","","","Exclusive Rights","Droits exclusifs","","","","","PL Technology Solutions Inc.","PL Technology Solutions Inc.","PL TECHNOLOGY SOLUTIONS INC","PL TECHNOLOGY SOLUTIONS INC","PL Technology Solutions Inc.","PL Technology Solutions Inc.","1 to 4 employees","1 à 4 employés","Box 92028 Meadowbrook RPO","Box 92028 Meadowbrook RPO","Edmonton","Edmonton","Alberta","Alberta","T6T1N1","Canada","Canada","Public Works and Government Services Canada","Travaux publics et Services gouvernementaux Canada","","","","","","","","","","Royal Canadian Mounted Police","Gendarmerie royale du Canada","NORTH WEST REGION K-DIVISION","N/D","ASSET & CONTRACTING BRANCH<br>111140-109TH ST,Edmonton,Alberta,T5G2T4,Canada","ASSET & CONTRACTING BRANCH<br>111140-109TH ST,Edmonton,Alberta,T5G2T4,Canada","","","","","","","","","","","","","","","",""
"UNITED STATES DEPARTMENT OF THE ARMY (USASAC) (W8485-237600/001/USW~000)","UNITED STATES DEPARTMENT OF THE ARMY (USASAC) (W8485-237600/001/USW~000)","W8485-237600/001/USW","000","W8485-237600","","W8485-237600/001/USW","1","2024-06-27","2024-05-29","","","2036-07-29","2076983.00","2076983.00","CAD","","","","","","","*N5821","*Radio and Television Communications Equipment, Airborne","*Matériel de communications, radio et télévisuel pour aéronefs","","","","*GD","","","Non-competitive","Non concurrentielle","Government Objectives Representing Best Interests/Value to Govt","Objectifs gouvern.  représentant  les meilleurs intérets/valeur pour l'État","","","*None","*Aucun","","","UNITED STATES DEPARTMENT OF THE ARMY (USASAC)","UNITED STATES DEPARTMENT OF THE ARMY (USASAC)","UNITED STATES DEPARTMENT OF THE ARMY (USASAC)","UNITED STATES DEPARTMENT OF THE ARMY (USASAC)","UNITED STATES DEPARTMENT OF THE ARMY (USASAC)","UNITED STATES DEPARTMENT OF THE ARMY (USASAC)","5 to 9 employees","5 à 9 employés","7613 CARDINAL ROAD","7613 CARDINAL ROAD","REDSTONE ARSENAL","REDSTONE ARSENAL","Alabama","Alabama","35898-5000","United States","United States","Public Works and Government Services Canada","Travaux publics et Services gouvernementaux Canada","","","","","","","","","","Department of National Defence","Ministère de la défense nationale","4 CDSG PETAWAWA - CFB PETAWAWA","N/D","227 MONTGOMERY ROAD<br>BLDG H-112 MAINT COY,PETAWAWA,Ontario,K8H2X3,Canada","227 MONTGOMERY ROAD<br>BLDG H-112 MAINT COY,PETAWAWA,Ontario,K8H2X3,Canada","","","","","","","","","","","","","","","",""
"UNITED STATES DEPARTMENT OF THE ARMY (USASAC) (W8485-237601/001/USW~000)","UNITED STATES DEPARTMENT OF THE ARMY (USASAC) (W8485-237601/001/USW~000)","W8485-237601/001/USW","000","W8485-237601","","W8485-237601/001/USW","2","2024-06-27","2024-05-29","","","2031-07-29","2029470.00","2029470.00","CAD","","","","","","","*N5821","*Radio and Television Communications Equipment, Airborne","*Matériel de communications, radio et télévisuel pour aéronefs","","","","*GD","","","Non-competitive","Non concurrentielle","Government Objectives Representing Best Interests/Value to Govt","Objectifs gouvern.  représentant  les meilleurs intérets/valeur pour l'État","","","*None","*Aucun","","","UNITED STATES DEPARTMENT OF THE ARMY (USASAC)","UNITED STATES DEPARTMENT OF THE ARMY (USASAC)","UNITED STATES DEPARTMENT OF THE ARMY (USASAC)","UNITED STATES DEPARTMENT OF THE ARMY (USASAC)","UNITED STATES DEPARTMENT OF THE ARMY (USASAC)","UNITED STATES DEPARTMENT OF THE ARMY (USASAC)","5 to 9 employees","5 à 9 employés","7613 CARDINAL ROAD","7613 CARDINAL ROAD","REDSTONE ARSENAL","REDSTONE ARSENAL","Alabama","Alabama","35898-5000","United States","United States","Public Works and Government Services Canada","Travaux publics et Services gouvernementaux Canada","","","","","","","","","","Department of National Defence","Ministère de la défense nationale","NDHQ","N/D","DGAEPM<br>101 COLONEL BY DR.,OTTAWA,Ontario,K1A0K2,Canada","DGAEPM<br>101 COLONEL BY DR.,OTTAWA,Ontario,K1A0K2,Canada","","","","","","","","","","","","","","","",""
"MACKAY MARINE CANADA (F5233-240001/001/QF~000)","MACKAY MARINE CANADA (F5233-240001/001/QF~000)","F5233-240001/001/QF","000","F5233-240001","","F5233-240001/001/QF","1","2024-10-25","2024-10-04","","","2024-12-04","30316.00","30316.00","CAD","","","","","","","*N5840","*Radar Equipment, Except Airborne","*Équipement de radar, sauf aéronefs","","","","*GD","","","Competitive - Open bidding","Concurrentielle - Invitation ouverte à soumissionner","Lowest Price","Prix le plus bas","","","*Canadian Free Trade Agreement (CFTA)","*Accord de libre-échange canadien (ALEC)","","","Mackay Communications Canada Inc","Mackay Communications Canada Inc","MACKAY MARINE CANADA","MACKAY MARINE CANADA","Mackay Marine Canada","Mackay Marine Canada","200 to 499 employees","200 à 499 employés","7 Mellor Avenue<br>Unit 16","7 Mellor Avenue<br>Unit 16","Dartmouth","Dartmouth","Nova Scotia","Nova Scotia","B3B0E8","Canada","Canada","Public Works and Government Services Canada","Travaux publics et Services gouvernementaux Canada","","","","","","","","","","Fisheries and Oceans Canada","Pêches et Océans Canada","CONSERVATION&PROTECTION","N/D","99 MOUNT PLEASANT ST<br>P.O.BOX 1009,ST GEORGE,New Brunswick,E5C3S9,Canada","99 MOUNT PLEASANT ST<br>P.O.BOX 1009,ST GEORGE,New Brunswick,E5C3S9,Canada","","","","","","","","","","","","","","","",""
"MERCURY SYSTEMS, INC (W6369-23X027/001/QF~000)","MERCURY SYSTEMS, INC (W6369-23X027/001/QF~000)","W6369-23X027/001/QF","000","W6369-23X027","","W6369-23X027/001/QF","1","2025-03-27","2025-02-27","","","2026-02-27","121700.00","121700.00","CAD","","","","","","","*N5840","*Radar Equipment, Except Airborne","*Équipement de radar, sauf aéronefs","","","","*GD","","","Non-competitive","Non concurrentielle","","","Goods Purchased on a Commodity Market","Biens achetés sur un marché de produits de base","","","","","Mercury Systems, Inc.","Mercury Systems, Inc.","MERCURY SYSTEMS, INC","MERCURY SYSTEMS, INC","Mercury Systems, Inc.","Mercury Systems, Inc.","2500 to 4999 employees","2500 à 4999 employés","50 Minuteman Road","50 Minuteman Road","Andover","Andover","Massachusetts","Massachusetts","01810","United States","United States","Public Works and Government Services Canada","Travaux publics et Services gouvernementaux Canada","","","","","","","","","","Department of National Defence","Ministère de la défense nationale","DG PROC.SVCS","N/D","101 COLONEL BY DR.,OTTAWA,Ontario,K1A0K2,Canada","101 COLONEL BY DR.,OTTAWA,Ontario,K1A0K2,Canada","","","","","","","","","","","","","","","",""
"INUVIALUIT FRONTEC SERVICES LTD (W7714-228152/001/QF~000)","INUVIALUIT FRONTEC SERVICES LTD (W7714-228152/001/QF~000)","W7714-228152/001/QF","000","W7714-228152","","W7714-228152/001/QF","4","2025-03-27","2025-03-05","","","2030-03-05","48401800.00","0.00","CAD","","","","","","","*N5840","*Radar Equipment, Except Airborne","*Équipement de radar, sauf aéronefs","","","","*GD","","","Competitive - Open bidding","Concurrentielle - Invitation ouverte à soumissionner","Highest Combined Rating of Technical Merit and Price","Cote combinée la plus élevée pour le mérite technique et le prix","","","","","","","Inuvialuit Frontec Services Ltd","Inuvialuit Frontec Services Ltd","INUVIALUIT FRONTEC SERVICES LTD","INUVIALUIT FRONTEC SERVICES LTD","Inuvialuit Frontec Services Ltd","Inuvialuit Frontec Services Ltd","1 to 4 employees","1 à 4 employés","5302 Forand Street SW","5302 Forand Street SW","Calgary","Calgary","Alberta","Alberta","T3E8B4","Canada","Canada","Public Works and Government Services Canada","Travaux publics et Services gouvernementaux Canada","","","","","","","","","","Department of National Defence","Ministère de la défense nationale","DEFENCE R&D CANADA OTTAWA","N/D","BLDG 29 RECEIVING<br>3701 CARLING AVE,OTTAWA,Ontario,K1A0Z4,Canada","BLDG 29 RECEIVING<br>3701 CARLING AVE,OTTAWA,Ontario,K1A0Z4,Canada","","","","","","","","","","","","","","","",""
"UNITED STATES DEPARTMENT OF THE AIR FORCE (AFSAC) (W8482-242227/001/USW~000)","UNITED STATES DEPARTMENT OF THE AIR FORCE (AFSAC) (W8482-242227/001/USW~000)","W8482-242227/001/USW","000","W8482-242227","","W8482-242227/001/USW","1","2024-09-24","2024-08-23","","","2031-09-30","1083111.00","1083111.00","CAD","","","","","","","*N5840","*Radar Equipment, Except Airborne","*Équipement de radar, sauf aéronefs","","","","*GD","","","Non-competitive","Non concurrentielle","Government Objectives Representing Best Interests/Value to Govt","Objectifs gouvern.  représentant  les meilleurs intérets/valeur pour l'État","","","*None","*Aucun","","","UNITED STATES DEPARTMENT OF THE AIR FORCE (AFSAC)","UNITED STATES DEPARTMENT OF THE AIR FORCE (AFSAC)","UNITED STATES DEPARTMENT OF THE AIR FORCE (AFSAC)","UNITED STATES DEPARTMENT OF THE AIR FORCE (AFSAC)","Not applicable","Not applicable","UNKNOWN","INCONNU","1822 VAN PATTON DRIVE","1822 VAN PATTON DRIVE","WP AFB","WP AFB","Ohio","Ohio","45433","United States","United States","Public Works and Government Services Canada","Travaux publics et Services gouvernementaux Canada","","","","","","","","","","Department of National Defence","Ministère de la défense nationale","NDHQ","N/D","ATTN DGMEPM NP - DMARP<br>101 COLONEL BY DR.,OTTAWA,Ontario,K1A0K2,Canada","ATTN DGMEPM NP - DMARP<br>101 COLONEL BY DR.,OTTAWA,Ontario,K1A0K2,Canada","","","","","","","","","","","","","","","",""
"PIVOTAL POWER INC (W8482-242574/001/QF~000)","PIVOTAL POWER INC (W8482-242574/001/QF~000)","W8482-242574/001/QF","000","W8482-242574","","W8482-242574/001/QF","4","2025-03-27","2025-03-18","","","2028-03-31","13731000.00","36765000.00","CAD","","","","","","","*N5840","*Radar Equipment, Except Airborne","*Équipement de radar, sauf aéronefs","","","","*GD","","","Non-competitive","Non concurrentielle","","","Exclusive Rights","Droits exclusifs","*Canadian Free Trade Agreement (CFTA)","*Accord de libre-échange canadien (ALEC)","","","Pivotal Power Inc","Pivotal Power Inc","PIVOTAL POWER INC","PIVOTAL POWER INC","Pivotal Power Inc","Pivotal Power Inc","20 to 49 employees","20 à 49 employés","150 Bluewater Road","150 Bluewater Road","Bedford","Bedford","Nova Scotia","Nova Scotia","B4B1G9","Canada","Canada","Public Works and Government Services Canada","Travaux publics et Services gouvernementaux Canada","","","","","","","","","","Department of National Defence","Ministère de la défense nationale","NDHQ","N/D","ATTN DGMEPM NP - DMARP<br>101 COLONEL BY DR.,OTTAWA,Ontario,K1A0K2,Canada","ATTN DGMEPM NP - DMARP<br>101 COLONEL BY DR.,OTTAWA,Ontario,K1A0K2,Canada","","","","","","","","","","","","","","","",""
"FELIX TECHNOLOGY INC (F7047-231214/001/ERD~000)","FELIX TECHNOLOGY INC (F7047-231214/001/ERD~000)","F7047-231214/001/ERD","000","F7047-231214","","F7047-231214/001/ERD","3","2024-04-29","2024-04-17","","","2026-04-17","0.00","0.00","CAD","","","","","","","*N5840206","*Beacon, Secondary Surveillance Radar (SSR) Radar Equipment, Except Airborne","*Balise, radar de veille secondaire (RVS) équipement radar, sauf aéronefs","","","","*GD","","","Competitive - Open bidding","Concurrentielle - Invitation ouverte à soumissionner","Lowest Price","Prix le plus bas","","","","","","","Felix Technology Inc.","Felix Technology Inc.","FELIX TECHNOLOGY INC","FELIX TECHNOLOGY INC","Felix Technology Inc.","Felix Technology Inc.","10 to 19 employees","10 à 19 employés","270 Drumlin Circle","270 Drumlin Circle","Concord","Concord","Ontario","Ontario","L4K3E2","Canada","Canada","Public Works and Government Services Canada","Travaux publics et Services gouvernementaux Canada","","","","","","","","","","Fisheries and Oceans Canada","Pêches et Océans Canada","CCG DIRECTOR SERVICES DELIVERY","DIRECTEUR, PRESTATN DE SERVICE","INTEGRATED TECHNICAL SERVICES<br>200 KENT ST - STN 7S036,OTTAWA,Ontario,K1A0E6,Canada","INTEGRATED TECHNICAL SERVICES<br>200 KENT ST - STN 7S036,OTTAWA,Ontario,K1A0E6,Canada","","","","","","","","","","","","","","","",""
"SPX AIDS TO NAVIGATION, LLC (F7047-231214/002/ERD~000)","SPX AIDS TO NAVIGATION, LLC (F7047-231214/002/ERD~000)","F7047-231214/002/ERD","000","F7047-231214","","F7047-231214/002/ERD","4","2024-04-29","2024-04-17","","","2026-04-17","0.00","0.00","CAD","","","","","","","*N5840206","*Beacon, Secondary Surveillance Radar (SSR) Radar Equipment, Except Airborne","*Balise, radar de veille secondaire (RVS) équipement radar, sauf aéronefs","","","","*GD","","","Competitive - Open bidding","Concurrentielle - Invitation ouverte à soumissionner","Lowest Price","Prix le plus bas","","","","","","","SPX Aids to Navigation, LLC","SPX Aids to Navigation, LLC","SPX AIDS TO NAVIGATION, LLC","SPX AIDS TO NAVIGATION, LLC","SPX Aids to Navigation, LLC","SPX Aids to Navigation, LLC","2500 to 4999 employees","2500 à 4999 employés","332 Nichol Mill Ln","332 Nichol Mill Ln","Franklin","Franklin","Tennessee","Tennessee","37067","United States","United States","Public Works and Government Services Canada","Travaux publics et Services gouvernementaux Canada","","","","","","","","","","Fisheries and Oceans Canada","Pêches et Océans Canada","CCG DIRECTOR SERVICES DELIVERY","DIRECTEUR, PRESTATN DE SERVICE","INTEGRATED TECHNICAL SERVICES<br>200 KENT ST - STN 7S036,OTTAWA,Ontario,K1A0E6,Canada","INTEGRATED TECHNICAL SERVICES<br>200 KENT ST - STN 7S036,OTTAWA,Ontario,K1A0E6,Canada","","","","","","","","","","","","","","","",""
"ATCO FRONTEC LTD, INUVIALUIT DEVELOPMENT CORPORATION IN JOINT-VENTURE (W7714-228152/002/QF~000)","ATCO FRONTEC LTD, INUVIALUIT DEVELOPMENT CORPORATION IN JOINT-VENTURE (W7714-228152/002/QF~000)","W7714-228152/002/QF","000","W7714-228152","","W7714-228152/002/QF","2","2025-04-29","2025-03-28","","","2027-03-28","48401800.00","48401800.00","CAD","","","","","","","*N5840","*Radar Equipment, Except Airborne","*Équipement de radar, sauf aéronefs","","","","*GD","","","Competitive - Open bidding","Concurrentielle - Invitation ouverte à soumissionner","Highest Combined Rating of Technical Merit and Price","Cote combinée la plus élevée pour le mérite technique et le prix","","","","","","","Atco Frontec Ltd., Inuvialuit Development Corporation IN JOINT-VENTURE","Atco Frontec Ltd., Inuvialuit Development Corporation IN JOINT-VENTURE","ATCO FRONTEC LTD, INUVIALUIT DEVELOPMENT CORPORATION IN JOINT-VENTURE","ATCO FRONTEC LTD, INUVIALUIT DEVELOPMENT CORPORATION IN JOINT-VENTURE","Atco Frontec Ltd., Inuvialuit Development Corporation IN JOINT-VENTURE","Atco Frontec Ltd., Inuvialuit Development Corporation IN JOINT-VENTURE","1 to 4 employees","1 à 4 employés","5302 Forand Street SW","5302 Forand Street SW","Calgary","Calgary","Alberta","Alberta","T3E8B4","Canada","Canada","Public Works and Government Services Canada","Travaux publics et Services gouvernementaux Canada","","","","","","","","","","Department of National Defence","Ministère de la défense nationale","DEFENCE R&D CANADA OTTAWA","N/D","BLDG 29 RECEIVING<br>3701 CARLING AVE,OTTAWA,Ontario,K1A0Z4,Canada","BLDG 29 RECEIVING<br>3701 CARLING AVE,OTTAWA,Ontario,K1A0Z4,Canada","","","","","","","","","","","","","","","",""
"KNUDSEN ENGINEERING LTD (W8482-230927/001/QF~000)","KNUDSEN ENGINEERING LTD (W8482-230927/001/QF~000)","W8482-230927/001/QF","000","W8482-230927","","W8482-230927/001/QF","2","2024-07-27","2024-06-25","","","2029-03-31","1000000.00","1000000.00","CAD","","","","","","","*N5845","*Underwater Sound Equipment","*Équipement de détection sous-marine","","","","*GD","","","Non-competitive","Non concurrentielle","","","Exclusive Rights","Droits exclusifs","*Canadian Free Trade Agreement (CFTA)","*Accord de libre-échange canadien (ALEC)","","","Knudsen Engineering Limited","Knudsen Engineering Limited","KNUDSEN ENGINEERING LTD","KNUDSEN ENGINEERING LTD","Knudsen Engineering Limited","Knudsen Engineering Limited","10 to 19 employees","10 à 19 employés","10 Industrial Road","10 Industrial Road","Perth","Perth","Ontario","Ontario","K7H3P2","Canada","Canada","Public Works and Government Services Canada","Travaux publics et Services gouvernementaux Canada","","","","","","","","","","Department of National Defence / Department of National Defence","Ministère de la défense nationale / Ministère de la défense nationale","NDHQ / NDHQ","N/D / N/D","ATTN DGMEPM NP - DMARP<br>101 COLONEL BY DR.,OTTAWA,Ontario,K1A0K2,Canada / ATTN DGMEPM NP - DMARP<br>101 COLONEL BY DR.,OTTAWA,Ontario,K1A0K2,Canada","ATTN DGMEPM NP - DMARP<br>101 COLONEL BY DR.,OTTAWA,Ontario,K1A0K2,Canada / ATTN DGMEPM NP - DMARP<br>101 COLONEL BY DR.,OTTAWA,Ontario,K1A0K2,Canada","","","","","","","","","","","","","","","",""
"THALES CANADA, LAND & JOINT SYSTEMS, OPTRONICS BUSINESS UNIT (W8476-226536/001/QD~000)","THALES CANADA, LAND & JOINT SYSTEMS, OPTRONICS BUSINESS UNIT (W8476-226536/001/QD~000)","W8476-226536/001/QD","000","W8476-226536","","W8476-226536/001/QD","4","2024-09-24","2024-09-16","","","2026-09-16","34600000.00","34600000.00","CAD","","","","","","","*N5855","*Night Vision Equipment, Emitted and Reflected Radiation","*Équipements de vision de nuit, par rayonnement émis ou réfléchi","","","","*GD","","","Competitive - Open bidding","Concurrentielle - Invitation ouverte à soumissionner","Highest Combined Rating of Technical Merit and Price","Cote combinée la plus élevée pour le mérite technique et le prix","","","*Canadian Free Trade Agreement (CFTA)","*Accord de libre-échange canadien (ALEC)","","","Thales Canada Inc.","Thales Canada Inc.","THALES CANADA, LAND & JOINT SYSTEMS, OPTRONICS BUSINESS UNIT","THALES CANADA, LAND & JOINT SYSTEMS, OPTRONICS BUSINESS UNIT","Thales Canada, Land & Joint Systems, Optronics Business Unit","Thales Canada, Land & Joint Systems, Optronics Business Unit","50 to 99 employees","50 à 99 employés","Thales Canada Inc, Optronics Div<br>4868 Levy","Thales Canada Inc, Optronics Div<br>4868 Levy","St. Laurent","St. Laurent","Quebec","Quebec","H4R2P1","Canada","Canada","Public Works and Government Services Canada","Travaux publics et Services gouvernementaux Canada","","","","","","","","","","Department of National Defence","Ministère de la défense nationale","DGLEPM CAPITAL","N/D","101 COLONEL BY DR.,OTTAWA,Ontario,K1A0K2,Canada","101 COLONEL BY DR.,OTTAWA,Ontario,K1A0K2,Canada","","","","","","","","","","","","","","","",""
"THALES CANADA, LAND & JOINT SYSTEMS, OPTRONICS BUSINESS UNIT (W8476-226536/002/QD~000)","THALES CANADA, LAND & JOINT SYSTEMS, OPTRONICS BUSINESS UNIT (W8476-226536/002/QD~000)","W8476-226536/002/QD","000","W8476-226536","","W8476-226536/002/QD","1","2024-09-24","2024-09-16","","","2026-09-16","0.00","0.00","CAD","","","","","","","*N5855","*Night Vision Equipment, Emitted and Reflected Radiation","*Équipements de vision de nuit, par rayonnement émis ou réfléchi","","","","*GD","","","Competitive - Open bidding","Concurrentielle - Invitation ouverte à soumissionner","Highest Combined Rating of Technical Merit and Price","Cote combinée la plus élevée pour le mérite technique et le prix","","","*Canadian Free Trade Agreement (CFTA)","*Accord de libre-échange canadien (ALEC)","","","Thales Canada Inc.","Thales Canada Inc.","THALES CANADA, LAND & JOINT SYSTEMS, OPTRONICS BUSINESS UNIT","THALES CANADA, LAND & JOINT SYSTEMS, OPTRONICS BUSINESS UNIT","Thales Canada, Land & Joint Systems, Optronics Business Unit","Thales Canada, Land & Joint Systems, Optronics Business Unit","50 to 99 employees","50 à 99 employés","Thales Canada Inc, Optronics Div<br>4868 Levy","Thales Canada Inc, Optronics Div<br>4868 Levy","St. Laurent","St. Laurent","Quebec","Quebec","H4R2P1","Canada","Canada","Public Works and Government Services Canada","Travaux publics et Services gouvernementaux Canada","","","","","","","","","","Department of National Defence","Ministère de la défense nationale","DGLEPM CAPITAL","N/D","101 COLONEL BY DR.,OTTAWA,Ontario,K1A0K2,Canada","101 COLONEL BY DR.,OTTAWA,Ontario,K1A0K2,Canada","","","","","","","","","","","","","","","",""
"UNITED STATES DEPARTMENT OF THE NAVY (NAVICP) (W8485-237086/001/USW~000)","UNITED STATES DEPARTMENT OF THE NAVY (NAVICP) (W8485-237086/001/USW~000)","W8485-237086/001/USW","000","W8485-237086","","W8485-237086/001/USW","1","2025-03-03","2025-01-24","","","2032-02-28","9288653.00","9288653.00","CAD","","","","","","","*N5865","*Electronic Countermeasures, Counter-Countermeasures and Quick Reaction Capability Equipment","*Équipements de contre-mesures et d'anti-contre mesures électroniques et équipements à capacité de réaction rapide","","","","*GD","","","Non-competitive","Non concurrentielle","Government Objectives Representing Best Interests/Value to Govt","Objectifs gouvern.  représentant  les meilleurs intérets/valeur pour l'État","","","*None","*Aucun","","","UNITED STATES DEPARTMENT OF THE NAVY (NAVICP)","UNITED STATES DEPARTMENT OF THE NAVY (NAVICP)","UNITED STATES DEPARTMENT OF THE NAVY (NAVICP)","UNITED STATES DEPARTMENT OF THE NAVY (NAVICP)","Not applicable","Not applicable","UNKNOWN","INCONNU","2521 South Clark Street<br>Suite 800","2521 South Clark Street<br>Suite 800","Arlington","Arlington","Virginia","Virginia","22202-3928","United States","United States","Public Works and Government Services Canada","Travaux publics et Services gouvernementaux Canada","","","","","","","","","","Department of National Defence","Ministère de la défense nationale","NDHQ","N/D","DGAEPM<br>101 COLONEL BY DR.,OTTAWA,Ontario,K1A0K2,Canada","DGAEPM<br>101 COLONEL BY DR.,OTTAWA,Ontario,K1A0K2,Canada","","","","","","","","","","","","","","","",""
"MOTOROLA SOLUTIONS CANADA INC (E60QD-244292/001/QD~000)","MOTOROLA SOLUTIONS CANADA INC (E60QD-244292/001/QD~000)","E60QD-244292/001/QD","000","E60QD-244292","","E60QD-244292/001/QD","5","2024-05-28","2024-05-03","","","2027-05-03","0.00","0.00","CAD","","","","","","","*N5895","*Miscellaneous Communications Equipment","*Équipements divers de télécommunications","","","","*GD","","","Non-competitive","Non concurrentielle","","","Exclusive Rights","Droits exclusifs","*Canadian Free Trade Agreement (CFTA)","*Accord de libre-échange canadien (ALEC)","","","Motorola Solutions Canada Inc.","Motorola Solutions Canada Inc.","MOTOROLA SOLUTIONS CANADA INC","MOTOROLA SOLUTIONS CANADA INC","Motorola Solutions Canada Inc.","Motorola Solutions Canada Inc.","1000 to 1499 employees","1000 à 1499 employés","Suite 300<br>200 Boulevard de la Technologie,","Suite 300<br>200 Boulevard de la Technologie,","Gatineau","Gatineau","Quebec","Quebec","J8Z3H6","Canada","Canada","Public Works and Government Services Canada","Travaux publics et Services gouvernementaux Canada","","","","","","","","","","Public Works and Government Services Canada","Travaux publics et Services gouvernementaux Canada","CONSOLIDATED PROC QD AMES","N/D","PORTAGE III 5C1<br>11 LAURIER ST,GATINEAU,Quebec,K1A0S5,Canada","PORTAGE III 5C1<br>11 LAURIER ST,GATINEAU,Quebec,K1A0S5,Canada","","","","","","","","","","","","","","","",""
"TELEVISION EQUIPMENT ASSOCIATES, INC (M7594-250733/001/QD~000)","TELEVISION EQUIPMENT ASSOCIATES, INC (M7594-250733/001/QD~000)","M7594-250733/001/QD","000","M7594-250733","","M7594-250733/001/QD","1","2024-11-29","2024-10-25","","","2025-03-24","138297.00","138297.00","CAD","","","","","","","*N5895","*Miscellaneous Communications Equipment","*Équipements divers de télécommunications","","","","*GD","","","Non-competitive","Non concurrentielle","","","Exclusive Rights","Droits exclusifs","*Canadian Free Trade Agreement (CFTA)","*Accord de libre-échange canadien (ALEC)","","","Television Equipment Associates, Inc.","Television Equipment Associates, Inc.","TELEVISION EQUIPMENT ASSOCIATES, INC","TELEVISION EQUIPMENT ASSOCIATES, INC","Television Equipment Associates, Inc.","Television Equipment Associates, Inc.","10 to 19 employees","10 à 19 employés","16 MT. EBO ROAD SOUTH, STE 6<br>P.O. BOX 404","16 MT. EBO ROAD SOUTH, STE 6<br>P.O. BOX 404","BREWSTER","BREWSTER","New York","New York","10509","United States","United States","Public Works and Government Services Canada","Travaux publics et Services gouvernementaux Canada","","","","","","","","","","Royal Canadian Mounted Police","Gendarmerie royale du Canada","HQ PROCURE.&CONTRACT.SERVS","SERVS APPROVISION.&CONTRATS QG","4TH FL.<br>73 LEIKIN DR. M1,OTTAWA,Ontario,K1A0R2,Canada","4TH FL.<br>73 LEIKIN DR. M1,OTTAWA,Ontario,K1A0R2,Canada","","","","","","","","","","","","","","","",""
"EMCON EMANATION CONTROL LTD (M7594-251101/001/QH~000)","EMCON EMANATION CONTROL LTD (M7594-251101/001/QH~000)","M7594-251101/001/QH","000","M7594-251101","","M7594-251101/001/QH","1","2025-03-03","2025-01-22","","","2026-01-22","142380.00","142380.00","CAD","","","","","","","*N5895","*Miscellaneous Communications Equipment","*Équipements divers de télécommunications","","","","*GD","","","Non-competitive","Non concurrentielle","","","Additional Deliveries","Livraisons supplémentaires","*Canadian Free Trade Agreement (CFTA)","*Accord de libre-échange canadien (ALEC)","","","EMCON Emanation Control Ltd.","EMCON Emanation Control Ltd.","EMCON EMANATION CONTROL LTD","EMCON EMANATION CONTROL LTD","EMCON Emanation Control","EMCON Emanation Control","10 to 19 employees","10 à 19 employés","360 Terry Fox Drive","360 Terry Fox Drive","Kanata","Kanata","Ontario","Ontario","K2K2P5","Canada","Canada","Public Works and Government Services Canada","Travaux publics et Services gouvernementaux Canada","","","","","","","","","","Royal Canadian Mounted Police","Gendarmerie royale du Canada","HQ PROCURE.&CONTRACT.SERVS","SERVS APPROVISION.&CONTRATS QG","4TH FL.<br>73 LEIKIN DR. M1,OTTAWA,Ontario,K1A0R2,Canada","4TH FL.<br>73 LEIKIN DR. M1,OTTAWA,Ontario,K1A0R2,Canada","","","","","","","","","","","","","","","",""
"UNITED STATES DEPARTMENT OF THE NAVY (SPAWAR) (W847A-230366/001/USW~000)","UNITED STATES DEPARTMENT OF THE NAVY (SPAWAR) (W847A-230366/001/USW~000)","W847A-230366/001/USW","000","W847A-230366","","W847A-230366/001/USW","2","2024-07-27","2024-07-19","","","2030-12-31","10436422.00","10436422.00","CAD","","","","","","","*N5895","*Miscellaneous Communications Equipment","*Équipements divers de télécommunications","","","","*GD","","","Non-competitive","Non concurrentielle","Government Objectives Representing Best Interests/Value to Govt","Objectifs gouvern.  représentant  les meilleurs intérets/valeur pour l'État","","","*None","*Aucun","","","UNITED STATES DEPARTMENT OF THE NAVY (SPAWAR)","UNITED STATES DEPARTMENT OF THE NAVY (SPAWAR)","UNITED STATES DEPARTMENT OF THE NAVY (SPAWAR)","UNITED STATES DEPARTMENT OF THE NAVY (SPAWAR)","Not applicable","Not applicable","UNKNOWN","INCONNU","2521 South Clark Street<br>Suite 800","2521 South Clark Street<br>Suite 800","Arlington","Arlington","Virginia","Virginia","22202-3928","United States","United States","Public Works and Government Services Canada","Travaux publics et Services gouvernementaux Canada","","","","","","","","","","Department of National Defence / Department of National Defence","Ministère de la défense nationale / Ministère de la défense nationale","CDN NAT.DISTRIBUTING AUTHORITY / CDN NAT.DISTRIBUTING AUTHORITY","N/D / N/D","ATTN SUPT CFB OTTAWA (N),OTTAWA,Ontario,K1A0K8,Canada / ATTN SUPT CFB OTTAWA (N),OTTAWA,Ontario,K1A0K8,Canada","ATTN SUPT CFB OTTAWA (N),OTTAWA,Ontario,K1A0K8,Canada / ATTN SUPT CFB OTTAWA (N),OTTAWA,Ontario,K1A0K8,Canada","","","","","","","","","","","","","","","",""
"RAYTHEON CANADA LTD (W6369-230345/001/QD~000)","RAYTHEON CANADA LTD (W6369-230345/001/QD~000)","W6369-230345/001/QD","000","W6369-230345","","W6369-230345/001/QD","3","2024-05-28","2024-04-22","","","2027-03-31","5000000.00","5000000.00","CAD","","","","","","","*N5850","*Visible and Invisible Light Communication Equipment","*Équipements de transmissions par ondes électromagnétiques visibles et invisibles","","","","*GD","","","Advance contract award notice","Préavis d'attribution du contrat","","","Exclusive Rights","Droits exclusifs","*Canadian Free Trade Agreement (CFTA)","*Accord de libre-échange canadien (ALEC)","","","Raytheon Canada Limited/Raytheon Canada limitée","Raytheon Canada Limited/Raytheon Canada limitée","RAYTHEON CANADA LTD","RAYTHEON CANADA LTD","Raytheon Canada Limited","Raytheon Canada Limited","1500 to 2499 employees","1500 à 2499 employés","440 Phillip Street","440 Phillip Street","Waterloo","Waterloo","Ontario","Ontario","N2L5R9","Canada","Canada","Public Works and Government Services Canada","Travaux publics et Services gouvernementaux Canada","","","","","","","","","","Department of National Defence","Ministère de la défense nationale","DG PROC.SVCS","N/D","101 COLONEL BY DR.,OTTAWA,Ontario,K1A0K2,Canada","101 COLONEL BY DR.,OTTAWA,Ontario,K1A0K2,Canada","","","","","","","","","","","","","","","",""
"UNITED STATES DEPARTMENT OF THE NAVY (SPAWAR) (W8482-231369/001/USW~000)","UNITED STATES DEPARTMENT OF THE NAVY (SPAWAR) (W8482-231369/001/USW~000)","W8482-231369/001/USW","000","W8482-231369","","W8482-231369/001/USW","1","2024-06-27","2024-06-03","","","2031-05-31","2896728.00","2896728.00","CAD","","","","","","","*N5895","*Miscellaneous Communications Equipment","*Équipements divers de télécommunications","","","","*GD","","","Non-competitive","Non concurrentielle","Government Objectives Representing Best Interests/Value to Govt","Objectifs gouvern.  représentant  les meilleurs intérets/valeur pour l'État","","","*None","*Aucun","","","UNITED STATES DEPARTMENT OF THE NAVY (SPAWAR)","UNITED STATES DEPARTMENT OF THE NAVY (SPAWAR)","UNITED STATES DEPARTMENT OF THE NAVY (SPAWAR)","UNITED STATES DEPARTMENT OF THE NAVY (SPAWAR)","Not applicable","Not applicable","UNKNOWN","INCONNU","2521 South Clark Street<br>Suite 800","2521 South Clark Street<br>Suite 800","Arlington","Arlington","Virginia","Virginia","22202-3928","United States","United States","Public Works and Government Services Canada","Travaux publics et Services gouvernementaux Canada","","","","","","","","","","Department of National Defence","Ministère de la défense nationale","NDHQ","N/D","ATTN DGMEPM NP - DMARP<br>101 COLONEL BY DR.,OTTAWA,Ontario,K1A0K2,Canada","ATTN DGMEPM NP - DMARP<br>101 COLONEL BY DR.,OTTAWA,Ontario,K1A0K2,Canada","","","","","","","","","","","","","","","",""
"PIVOTAL POWER INC (W8482-231039/001/QD~000)","PIVOTAL POWER INC (W8482-231039/001/QD~000)","W8482-231039/001/QD","000","W8482-231039","","W8482-231039/001/QD","2","2024-07-27","2024-07-08","","","2026-07-08","2932289.00","2984188.00","CAD","","","","","","","*N5998","*Electrical and Electronic Assemblies, Boards, Cards and Associated Hardware","*Panneaux d'assemblages électriques et électroniques, cartes et matériel connexe","","","","*GD","","","Non-competitive","Non concurrentielle","","","Exclusive Rights","Droits exclusifs","*None","*Aucun","","","Pivotal Power Inc","Pivotal Power Inc","PIVOTAL POWER INC","PIVOTAL POWER INC","Pivotal Power Inc","Pivotal Power Inc","20 to 49 employees","20 à 49 employés","150 Bluewater Road","150 Bluewater Road","Bedford","Bedford","Nova Scotia","Nova Scotia","B4B1G9","Canada","Canada","Public Works and Government Services Canada","Travaux publics et Services gouvernementaux Canada","","","","","","","","","","Department of National Defence / Department of National Defence","Ministère de la défense nationale / Ministère de la défense nationale","NDHQ / NDHQ","N/D / N/D","ATTN DGMEPM NP - DMARP<br>101 COLONEL BY DR.,OTTAWA,Ontario,K1A0K2,Canada / ATTN DGMEPM NP - DMARP<br>101 COLONEL BY DR.,OTTAWA,Ontario,K1A0K2,Canada","ATTN DGMEPM NP - DMARP<br>101 COLONEL BY DR.,OTTAWA,Ontario,K1A0K2,Canada / ATTN DGMEPM NP - DMARP<br>101 COLONEL BY DR.,OTTAWA,Ontario,K1A0K2,Canada","","","","","","","","","","","","","","","",""
"TEDDINGTON ELECTRONICS LTD (W8482-242281/001/VCI~000)","TEDDINGTON ELECTRONICS LTD (W8482-242281/001/VCI~000)","W8482-242281/001/VCI","000","W8482-242281","","W8482-242281/001/VCI","2","2024-07-27","2024-07-19","","","2026-02-03","408900.00","432400.00","CAD","","","","","","","*N6110","*Electrical Control Equipment","*Équipement électrique de commande","","","","*GD","","","Non-competitive","Non concurrentielle","","","Exclusive Rights","Droits exclusifs","","","","","Teddington Electronics Limited","Teddington Electronics Limited","TEDDINGTON ELECTRONICS LTD","TEDDINGTON ELECTRONICS LTD","Teddington Electronics Limited","Teddington Electronics Limited","UNKNOWN","INCONNU","Teddington Building, Stennack Road","Teddington Building, Stennack Road","Holmbush, St Austell, Cornwall","Holmbush, St Austell, Cornwall","","","PL25 3HG","United Kingdom","United Kingdom","Public Works and Government Services Canada","Travaux publics et Services gouvernementaux Canada","","","","","","","","","","Department of National Defence / Department of National Defence","Ministère de la défense nationale / Ministère de la défense nationale","NDHQ / NDHQ","N/D / N/D","ATTN DGMEPM NP - DMARP<br>101 COLONEL BY DR.,OTTAWA,Ontario,K1A0K2,Canada / ATTN DGMEPM NP - DMARP<br>101 COLONEL BY DR.,OTTAWA,Ontario,K1A0K2,Canada","ATTN DGMEPM NP - DMARP<br>101 COLONEL BY DR.,OTTAWA,Ontario,K1A0K2,Canada / ATTN DGMEPM NP - DMARP<br>101 COLONEL BY DR.,OTTAWA,Ontario,K1A0K2,Canada","","","","","","","","","","","","","","","",""
"MEDITERRANEO SENALES MARITIMAS, SLL (F2563-240001/001/ERD~000)","MEDITERRANEO SENALES MARITIMAS, SLL (F2563-240001/001/ERD~000)","F2563-240001/001/ERD","000","F2563-240001","","F2563-240001/001/ERD","2","2024-09-24","2024-09-11","","","2026-09-11","400000.00","400000.00","CAD","","","","","","","*N6135250","*Batteries, Dry, Alkaline","*Piles sèches, alcalines","","","","*GD","","","Competitive - Open bidding","Concurrentielle - Invitation ouverte à soumissionner","Lowest Price","Prix le plus bas","","","","","","","MEDITERRANEO SEÑALES MARITIMAS, S.L.L.","MEDITERRANEO SEÑALES MARITIMAS, S.L.L.","MEDITERRANEO SENALES MARITIMAS, SLL","MEDITERRANEO SENALES MARITIMAS, SLL","MEDITERRANEO SEÑALES MARITIMAS, S.L.L.","MEDITERRANEO SEÑALES MARITIMAS, S.L.L.","20 to 49 employees","20 à 49 employés","Pol. Ind. Mas de Tous, Belgrado 6","Pol. Ind. Mas de Tous, Belgrado 6","La Pobla de Vallbona - VALENCIA","La Pobla de Vallbona - VALENCIA","","","46185","Spain","Spain","Public Works and Government Services Canada","Travaux publics et Services gouvernementaux Canada","","","","","","","","","","Fisheries and Oceans Canada","Pêches et Océans Canada","ENGINEERING&CONSTRUC.SUPR FAC.","N/D","SUPERVISOR, CONST. & ENGINEERING<br>520 EXMOUTH ST,SARNIA,Ontario,N7T8B1,Canada","SUPERVISOR, CONST. & ENGINEERING<br>520 EXMOUTH ST,SARNIA,Ontario,N7T8B1,Canada","","","","","","","","","","","","","","","",""
"MEDITERRANEO SENALES MARITIMAS, SLL (F2563-240001/002/ERD~000)","MEDITERRANEO SENALES MARITIMAS, SLL (F2563-240001/002/ERD~000)","F2563-240001/002/ERD","000","F2563-240001","","F2563-240001/002/ERD","2","2024-09-24","2024-09-11","","","2026-09-11","400000.00","400000.00","CAD","","","","","","","*N6135250","*Batteries, Dry, Alkaline","*Piles sèches, alcalines","","","","*GD","","","Competitive - Open bidding","Concurrentielle - Invitation ouverte à soumissionner","Lowest Price","Prix le plus bas","","","","","","","MEDITERRANEO SEÑALES MARITIMAS, S.L.L.","MEDITERRANEO SEÑALES MARITIMAS, S.L.L.","MEDITERRANEO SENALES MARITIMAS, SLL","MEDITERRANEO SENALES MARITIMAS, SLL","MEDITERRANEO SEÑALES MARITIMAS, S.L.L.","MEDITERRANEO SEÑALES MARITIMAS, S.L.L.","20 to 49 employees","20 à 49 employés","Pol. Ind. Mas de Tous, Belgrado 6","Pol. Ind. Mas de Tous, Belgrado 6","La Pobla de Vallbona - VALENCIA","La Pobla de Vallbona - VALENCIA","","","46185","Spain","Spain","Public Works and Government Services Canada","Travaux publics et Services gouvernementaux Canada","","","","","","","","","","Fisheries and Oceans Canada","Pêches et Océans Canada","ENGINEERING&CONSTRUC.SUPR FAC.","N/D","SUPERVISOR, CONST. & ENGINEERING<br>520 EXMOUTH ST,SARNIA,Ontario,N7T8B1,Canada","SUPERVISOR, CONST. & ENGINEERING<br>520 EXMOUTH ST,SARNIA,Ontario,N7T8B1,Canada","","","","","","","","","","","","","","","",""
"PACIFIC MARINE BATTERIES PTY LTD (W8482-242189/001/VCI~000)","PACIFIC MARINE BATTERIES PTY LTD (W8482-242189/001/VCI~000)","W8482-242189/001/VCI","000","W8482-242189","","W8482-242189/001/VCI","2","2024-07-27","2024-04-08","","","2025-04-29","1080404.00","1080404.00","CAD","","","","","","","*N6140","*Batteries, Rechargeable","*Piles rechargeables","","","","*GD","","","Non-competitive","Non concurrentielle","","","Exclusive Rights","Droits exclusifs","*Comprehensive and Progressive Agreement for Trans-Pacific Partnership (CPTPP)
*Canada-European Union Comprehensive Economic and Trade Agreement (CETA)
* Other trade agreements not listed here may apply
*Canada-Peru Free Trade Agreement (CPFTA)
*World Trade Organization Agreement on Government Procurement (WTO GPA)
*Canada-Chile Free Trade Agreement (CCFTA)
*Canada-Colombia Free Trade Agreement
*Canada-Panama Free Trade Agreement
*Canada-UK Trade Continuity Agreement (Canada-UK TCA)","*Accord de Partenariat transpacifique global et progressiste (PTPGP)
*Accord économique et commercial global (AECG) entre le Canada et l’Union européenne (UE)
*d'autres accords commerciaux non répertoriés ici peuvent s'appliquer
*Accord de libre-échange Canada-Pérou (ALECP)
*Accord sur les marchés publics de l'Organisation mondiale du commerce (AMP-OMC)
*Accord de libre-échange Canada-Chili (ALECC)
*Accord de libre-échange Canada-Colombie
*Accord de libre-échange Canada-Panama
*Accord de continuité commerciale Canada–Royaume-Uni (ACC Canada-Royaume-Uni)","","","Pacific Marine Batteries Pty Ltd","Pacific Marine Batteries Pty Ltd","PACIFIC MARINE BATTERIES PTY LTD","PACIFIC MARINE BATTERIES PTY LTD","Pacific Marine Batteries Pty Ltd","Pacific Marine Batteries Pty Ltd","UNKNOWN","INCONNU","715 Mersey Road North","715 Mersey Road North","Osborne","Osborne","","","5017","Australia","Australia","Public Works and Government Services Canada","Travaux publics et Services gouvernementaux Canada","","","","","","","","","","Department of National Defence","Ministère de la défense nationale","NDHQ","N/D","ATTN DGMEPM NP - DMARP<br>101 COLONEL BY DR.,OTTAWA,Ontario,K1A0K2,Canada","ATTN DGMEPM NP - DMARP<br>101 COLONEL BY DR.,OTTAWA,Ontario,K1A0K2,Canada","","","","","","","","","","","","","","","",""
"FENIX GROUP, INC (W8476-249449/001/QD~000)","FENIX GROUP, INC (W8476-249449/001/QD~000)","W8476-249449/001/QD","000","W8476-249449","","W8476-249449/001/QD","4","2024-06-27","2024-05-22","","","2027-05-02","3720388.00","5396025.00","CAD","","","","","","","*N6605","*Navigational Instruments","*Instruments de navigation","","","","*GD","","","Competitive - Open bidding","Concurrentielle - Invitation ouverte à soumissionner","Lowest Price","Prix le plus bas","","","*Canadian Free Trade Agreement (CFTA)","*Accord de libre-échange canadien (ALEC)","","","Fenix Group, Inc.","Fenix Group, Inc.","FENIX GROUP, INC","FENIX GROUP, INC","Fenix Group, Inc.","Fenix Group, Inc.","20 to 49 employees","20 à 49 employés","4501 DALY DR<br>STE 300","4501 DALY DR<br>STE 300","CHANTILLY","CHANTILLY","Virginia","Virginia","20151","United States","United States","Public Works and Government Services Canada","Travaux publics et Services gouvernementaux Canada","","","","","","","","","","Department of National Defence","Ministère de la défense nationale","DGLEPM CAPITAL","N/D","101 COLONEL BY DR.,OTTAWA,Ontario,K1A0K2,Canada","101 COLONEL BY DR.,OTTAWA,Ontario,K1A0K2,Canada","","","","","","","","","","","","","","","",""
"UNITED STATES DEPARTMENT OF THE ARMY (USASAC) (W8476-246743/001/USW~000)","UNITED STATES DEPARTMENT OF THE ARMY (USASAC) (W8476-246743/001/USW~000)","W8476-246743/001/USW","000","W8476-246743","","W8476-246743/001/USW","2","2024-12-27","2024-12-19","","","2031-12-30","14739648.00","14398395.00","CAD","","","","","","","*N6140","*Batteries, Rechargeable","*Piles rechargeables","","","","*GD","","","Non-competitive","Non concurrentielle","Government Objectives Representing Best Interests/Value to Govt","Objectifs gouvern.  représentant  les meilleurs intérets/valeur pour l'État","","","*None","*Aucun","","","UNITED STATES DEPARTMENT OF THE ARMY (USASAC)","UNITED STATES DEPARTMENT OF THE ARMY (USASAC)","UNITED STATES DEPARTMENT OF THE ARMY (USASAC)","UNITED STATES DEPARTMENT OF THE ARMY (USASAC)","UNITED STATES DEPARTMENT OF THE ARMY (USASAC)","UNITED STATES DEPARTMENT OF THE ARMY (USASAC)","5 to 9 employees","5 à 9 employés","7613 CARDINAL ROAD","7613 CARDINAL ROAD","REDSTONE ARSENAL","REDSTONE ARSENAL","Alabama","Alabama","35898-5000","United States","United States","Public Works and Government Services Canada","Travaux publics et Services gouvernementaux Canada","","","","","","","","","","Department of National Defence","Ministère de la défense nationale","DGLEPM CAPITAL","N/D","101 COLONEL BY DR.,OTTAWA,Ontario,K1A0K2,Canada","101 COLONEL BY DR.,OTTAWA,Ontario,K1A0K2,Canada","","","","","","","","","","","","","","","",""
"UNITED STATES DEPARTMENT OF THE NAVY (NAVAIR) (W8475-24HE04/001/USW~000)","UNITED STATES DEPARTMENT OF THE NAVY (NAVAIR) (W8475-24HE04/001/USW~000)","W8475-24HE04/001/USW","000","W8475-24HE04","","W8475-24HE04/001/USW","1","2024-12-27","2024-12-02","","","2030-06-30","25000000.00","25000000.00","CAD","","","","","","","*N6610","*Flight Instruments","*Instruments de contrôle de vol","","","","*GD","","","Non-competitive","Non concurrentielle","Government Objectives Representing Best Interests/Value to Govt","Objectifs gouvern.  représentant  les meilleurs intérets/valeur pour l'État","","","*None","*Aucun","","","UNITED STATES DEPARTMENT OF THE NAVY (NAVAIR)","UNITED STATES DEPARTMENT OF THE NAVY (NAVAIR)","UNITED STATES DEPARTMENT OF THE NAVY (NAVAIR)","UNITED STATES DEPARTMENT OF THE NAVY (NAVAIR)","Not applicable","Not applicable","UNKNOWN","INCONNU","2521 South Clark Street<br>Suite 800","2521 South Clark Street<br>Suite 800","Arlington","Arlington","Virginia","Virginia","22202-3928","United States","United States","Public Works and Government Services Canada","Travaux publics et Services gouvernementaux Canada","","","","","","","","","","Department of National Defence","Ministère de la défense nationale","L3HARRIS MAS INC","L3HARRIS MAS INC","10,000 Helen Bristol Street,MIRABEL,Quebec,J7N1H3,Canada","10,000 Helen Bristol Street,MIRABEL,Quebec,J7N1H3,Canada","","","","","","","","","","","","","","","",""
"NORTEKUSA, LLC (F2402-240153/001/QF~000)","NORTEKUSA, LLC (F2402-240153/001/QF~000)","F2402-240153/001/QF","000","F2402-240153","","F2402-240153/001/QF","2","2024-10-25","2024-10-16","","","2026-10-31","158794.00","151232.00","CAD","","","","","","","*N6640","*Laboratory Equipment and Supplies","*Équipement et approvisionnements de laboratoire","","","","*GD","","","Non-competitive","Non concurrentielle","","","Exclusive Rights","Droits exclusifs","*None","*Aucun","","","NortekUSA, LLC","NortekUSA, LLC","NORTEKUSA, LLC","NORTEKUSA, LLC","NortekUSA, Inc.","NortekUSA, Inc.","5 to 9 employees","5 à 9 employés","21 Drydock Avenue<br>Suite 740E","21 Drydock Avenue<br>Suite 740E","Boston","Boston","Massachusetts","Massachusetts","02210","United States","United States","Public Works and Government Services Canada","Travaux publics et Services gouvernementaux Canada","","","","","","","","","","Fisheries and Oceans Canada","Pêches et Océans Canada","ARCTIC AQUATIC RSRCH DIV","DIV RECHERCHES AQUA.ARTIQUE","CTRL&ARCTIC<br>501 UNIVERSITY CRES.,WINNIPEG,Manitoba,R3T2N6,Canada","CTRL&ARCTIC<br>501 UNIVERSITY CRES.,WINNIPEG,Manitoba,R3T2N6,Canada","","","","","","","","","","","","","","","",""
"RAPISCAN SYSTEMS, INC (47419-216776/001/PV~000)","RAPISCAN SYSTEMS, INC (47419-216776/001/PV~000)","47419-216776/001/PV","000","47419-216776","","47419-216776/001/PV","1","2025-05-27","2024-10-23","","","2033-03-31","5102146.00","5102146.00","CAD","","","","","","","*N6665","*Hazard-Detecting Instruments and Apparatus","*Instruments et appareils de détection de danger","","","","*GD","","","Competitive - Traditional","Concurrentielle - Traditionnelle","Highest Combined Rating of Technical Merit and Price","Cote combinée la plus élevée pour le mérite technique et le prix","","","","","","","Rapiscan Systems, Inc.","Rapiscan Systems, Inc.","RAPISCAN SYSTEMS, INC","RAPISCAN SYSTEMS, INC","Rapiscan Systems, Inc.","Rapiscan Systems, Inc.","1000 to 1499 employees","1000 à 1499 employés","2805 Columbia Street","2805 Columbia Street","Torrance","Torrance","California","California","90503","United States","United States","Public Works and Government Services Canada","Travaux publics et Services gouvernementaux Canada","","","","","","","","","","Canada Border Services Agency","Agence des services frontaliers du Canada","NATL INVOICE RECEPTION UNIT","UNITE NATION RECEPTION FACTURE","2E ETAGE, #260-01<br>105, RUE MCGILL,MONTREAL,Quebec,H2Y2E7,Canada","2E ETAGE, #260-01<br>105, RUE MCGILL,MONTREAL,Quebec,H2Y2E7,Canada","","","","","","","","","","","","","","","",""
"CUBIC DEFENSE APPLICATIONS, INC (W0134-23ACMI/001/QT~000)","CUBIC DEFENSE APPLICATIONS, INC (W0134-23ACMI/001/QT~000)","W0134-23ACMI/001/QT","000","W0134-23ACMI","","W0134-23ACMI/001/QT","4","2024-06-27","2024-05-28","","","2026-03-31","6198689.00","17624180.00","CAD","","","","","","","*N6930","*Operation Training Devices","*Appareils d'instruction opérationnels","","","","*GD","","","Non-competitive","Non concurrentielle","","","Exclusive Rights","Droits exclusifs","","","","","CUBIC DEFENSE APPLICATIONS, INC.","CUBIC DEFENSE APPLICATIONS, INC.","CUBIC DEFENSE APPLICATIONS, INC","CUBIC DEFENSE APPLICATIONS, INC","CUBIC DEFENSE APPLICATIONS, INC.","CUBIC DEFENSE APPLICATIONS, INC.","1500 to 2499 employees","1500 à 2499 employés","Cubic Defense Applications, Inc.<br>9233 Balboa Ave.","Cubic Defense Applications, Inc.<br>9233 Balboa Ave.","San Diego","San Diego","California","California","92123","United States","United States","Public Works and Government Services Canada","Travaux publics et Services gouvernementaux Canada","","","","","","","","","","Department of National Defence","Ministère de la défense nationale","4 WG SUP FLT/POL SECTION","N/D","P.O.BOX 6550 STN FORCES,COLD LAKE,Alberta,T9M2C6,Canada","P.O.BOX 6550 STN FORCES,COLD LAKE,Alberta,T9M2C6,Canada","","","","","","","","","","","","","","","",""
"UNITED STATES DEPARTMENT OF THE AIR FORCE (AFSAC) (W6369-24DE24/001/USW~000)","UNITED STATES DEPARTMENT OF THE AIR FORCE (AFSAC) (W6369-24DE24/001/USW~000)","W6369-24DE24/001/USW","000","W6369-24DE24","","W6369-24DE24/001/USW","1","2024-10-25","2024-09-24","","","2031-08-31","2175094.00","2175094.00","CAD","","","","","","","*N7030","*ADP Software","*Logiciel TAI","","","","*GD","","","Non-competitive","Non concurrentielle","Government Objectives Representing Best Interests/Value to Govt","Objectifs gouvern.  représentant  les meilleurs intérets/valeur pour l'État","","","*None","*Aucun","","","UNITED STATES DEPARTMENT OF THE AIR FORCE (AFSAC)","UNITED STATES DEPARTMENT OF THE AIR FORCE (AFSAC)","UNITED STATES DEPARTMENT OF THE AIR FORCE (AFSAC)","UNITED STATES DEPARTMENT OF THE AIR FORCE (AFSAC)","Not applicable","Not applicable","UNKNOWN","INCONNU","1822 VAN PATTON DRIVE","1822 VAN PATTON DRIVE","WP AFB","WP AFB","Ohio","Ohio","45433","United States","United States","Public Works and Government Services Canada","Travaux publics et Services gouvernementaux Canada","","","","","","","","","","Department of National Defence","Ministère de la défense nationale","DG PROC.SVCS","N/D","101 COLONEL BY DR.,OTTAWA,Ontario,K1A0K2,Canada","101 COLONEL BY DR.,OTTAWA,Ontario,K1A0K2,Canada","","","","","","","","","","","","","","","",""
"HENSOLDT SENSORS GMBH (W8485-247663/001/QF~000)","HENSOLDT SENSORS GMBH (W8485-247663/001/QF~000)","W8485-247663/001/QF","000","W8485-247663","","W8485-247663/001/QF","1","2024-12-27","2024-12-18","","","2030-01-09","7570000.00","7570000.00","CAD","","","","","","","*N7030","*ADP Software","*Logiciel TAI","","","","*GD","","","Non-competitive","Non concurrentielle","","","Exclusive Rights","Droits exclusifs","*None","*Aucun","","","Hensoldt Sensors Gmbh","Hensoldt Sensors Gmbh","HENSOLDT SENSORS GMBH","HENSOLDT SENSORS GMBH","Hensoldt Sensors Gmbh","Hensoldt Sensors Gmbh","UNKNOWN","INCONNU","Willy-Messerschmitt-Strasse 1","Willy-Messerschmitt-Strasse 1","Taufkirchen","Taufkirchen","","","82024","Germany","Germany","Public Works and Government Services Canada","Travaux publics et Services gouvernementaux Canada","","","","","","","","","","Department of National Defence","Ministère de la défense nationale","NDHQ","N/D","DGAEPM<br>101 COLONEL BY DR.,OTTAWA,Ontario,K1A0K2,Canada","DGAEPM<br>101 COLONEL BY DR.,OTTAWA,Ontario,K1A0K2,Canada","","","","","","","","","","","","","","","",""
"UNITED STATES DEPARTMENT OF THE AIR FORCE (AFSAC) (W8485-247874/001/USW~000)","UNITED STATES DEPARTMENT OF THE AIR FORCE (AFSAC) (W8485-247874/001/USW~000)","W8485-247874/001/USW","000","W8485-247874","","W8485-247874/001/USW","2","2024-04-29","2024-04-12","","","2031-06-30","19629348.00","23968839.00","CAD","","","","","","","*N7030","*ADP Software","*Logiciel TAI","","","","*GD","","","Non-competitive","Non concurrentielle","Government Objectives Representing Best Interests/Value to Govt","Objectifs gouvern.  représentant  les meilleurs intérets/valeur pour l'État","","","*None","*Aucun","","","UNITED STATES DEPARTMENT OF THE AIR FORCE (AFSAC)","UNITED STATES DEPARTMENT OF THE AIR FORCE (AFSAC)","UNITED STATES DEPARTMENT OF THE AIR FORCE (AFSAC)","UNITED STATES DEPARTMENT OF THE AIR FORCE (AFSAC)","Not applicable","Not applicable","UNKNOWN","INCONNU","1822 VAN PATTON DRIVE","1822 VAN PATTON DRIVE","WP AFB","WP AFB","Ohio","Ohio","45433","United States","United States","Public Works and Government Services Canada","Travaux publics et Services gouvernementaux Canada","","","","","","","","","","Department of National Defence","Ministère de la défense nationale","NDHQ","N/D","DGAEPM<br>101 COLONEL BY DR.,OTTAWA,Ontario,K1A0K2,Canada","DGAEPM<br>101 COLONEL BY DR.,OTTAWA,Ontario,K1A0K2,Canada","","","","","","","","","","","","","","","",""
"UNITED STATES DEPARTMENT OF THE ARMY (USASAC) (W8486-259841/001/USW~000)","UNITED STATES DEPARTMENT OF THE ARMY (USASAC) (W8486-259841/001/USW~000)","W8486-259841/001/USW","000","W8486-259841","","W8486-259841/001/USW","1","2025-01-27","2024-12-19","","","2031-12-31","1793287.00","1793287.00","CAD","","","","","","","*N7030","*ADP Software","*Logiciel TAI","","","","*GD","","","Non-competitive","Non concurrentielle","Government Objectives Representing Best Interests/Value to Govt","Objectifs gouvern.  représentant  les meilleurs intérets/valeur pour l'État","","","*None","*Aucun","","","UNITED STATES DEPARTMENT OF THE ARMY (USASAC)","UNITED STATES DEPARTMENT OF THE ARMY (USASAC)","UNITED STATES DEPARTMENT OF THE ARMY (USASAC)","UNITED STATES DEPARTMENT OF THE ARMY (USASAC)","UNITED STATES DEPARTMENT OF THE ARMY (USASAC)","UNITED STATES DEPARTMENT OF THE ARMY (USASAC)","5 to 9 employees","5 à 9 employés","7613 CARDINAL ROAD","7613 CARDINAL ROAD","REDSTONE ARSENAL","REDSTONE ARSENAL","Alabama","Alabama","35898-5000","United States","United States","Public Works and Government Services Canada","Travaux publics et Services gouvernementaux Canada","","","","","","","","","","Department of National Defence","Ministère de la défense nationale","NDHQ DGLEPM","N/D","101 COLONEL BY DR.,OTTAWA,Ontario,K1A0K2,Canada","101 COLONEL BY DR.,OTTAWA,Ontario,K1A0K2,Canada","","","","","","","","","","","","","","","",""
"UNITED STATES DEPARTMENT OF THE ARMY (USASAC) (W8484-25ML38/001/USW~000)","UNITED STATES DEPARTMENT OF THE ARMY (USASAC) (W8484-25ML38/001/USW~000)","W8484-25ML38/001/USW","000","W8484-25ML38","","W8484-25ML38/001/USW","2","2025-03-03","2025-02-10","","","2030-08-10","10000000.00","10000000.00","CAD","","","","","","","*NCLOG","*Logistics Support for U.S. Manufactured Military Equipment Currently Operated by Canadian Armed Forces (COLOG)","*Soutien logistique pour l'équipement militaire fabriqué aux É.-U. et couramment utilisé par les forces armées canadiennes (COLOG)","","","","*GD","","","Non-competitive","Non concurrentielle","Government Objectives Representing Best Interests/Value to Govt","Objectifs gouvern.  représentant  les meilleurs intérets/valeur pour l'État","","","*None","*Aucun","","","UNITED STATES DEPARTMENT OF THE ARMY (USASAC)","UNITED STATES DEPARTMENT OF THE ARMY (USASAC)","UNITED STATES DEPARTMENT OF THE ARMY (USASAC)","UNITED STATES DEPARTMENT OF THE ARMY (USASAC)","UNITED STATES DEPARTMENT OF THE ARMY (USASAC)","UNITED STATES DEPARTMENT OF THE ARMY (USASAC)","5 to 9 employees","5 à 9 employés","7613 CARDINAL ROAD","7613 CARDINAL ROAD","REDSTONE ARSENAL","REDSTONE ARSENAL","Alabama","Alabama","35898-5000","United States","United States","Public Works and Government Services Canada","Travaux publics et Services gouvernementaux Canada","","","","","","","","","","Department of National Defence","Ministère de la défense nationale","NDHQ","QGDN","101 COLONEL BY DR.,OTTAWA,Ontario,K1A0K2,Canada","101 COLONEL BY DR.,OTTAWA,Ontario,K1A0K2,Canada","","","","","","","","","","","","","","","",""
"UNITED STATES DEPARTMENT OF THE NAVY (NAVAIR) (W8484-25MS13/001/USW~000)","UNITED STATES DEPARTMENT OF THE NAVY (NAVAIR) (W8484-25MS13/001/USW~000)","W8484-25MS13/001/USW","000","W8484-25MS13","","W8484-25MS13/001/USW","1","2025-03-03","2025-02-05","","","2030-07-05","14000000.00","14000000.00","CAD","","","","","","","*NCLOG","*Logistics Support for U.S. Manufactured Military Equipment Currently Operated by Canadian Armed Forces (COLOG)","*Soutien logistique pour l'équipement militaire fabriqué aux É.-U. et couramment utilisé par les forces armées canadiennes (COLOG)","","","","*GD","","","Non-competitive","Non concurrentielle","Government Objectives Representing Best Interests/Value to Govt","Objectifs gouvern.  représentant  les meilleurs intérets/valeur pour l'État","","","*None","*Aucun","","","UNITED STATES DEPARTMENT OF THE NAVY (NAVAIR)","UNITED STATES DEPARTMENT OF THE NAVY (NAVAIR)","UNITED STATES DEPARTMENT OF THE NAVY (NAVAIR)","UNITED STATES DEPARTMENT OF THE NAVY (NAVAIR)","Not applicable","Not applicable","UNKNOWN","INCONNU","2521 South Clark Street<br>Suite 800","2521 South Clark Street<br>Suite 800","Arlington","Arlington","Virginia","Virginia","22202-3928","United States","United States","Public Works and Government Services Canada","Travaux publics et Services gouvernementaux Canada","","","","","","","","","","Department of National Defence","Ministère de la défense nationale","NDHQ","QGDN","101 COLONEL BY DR.,OTTAWA,Ontario,K1A0K2,Canada","101 COLONEL BY DR.,OTTAWA,Ontario,K1A0K2,Canada","","","","","","","","","","","","","","","",""
"UNITED STATES DEPARTMENT OF THE NAVY (NAVAIR) (W8484-25MS17/001/USW~000)","UNITED STATES DEPARTMENT OF THE NAVY (NAVAIR) (W8484-25MS17/001/USW~000)","W8484-25MS17/001/USW","000","W8484-25MS17","","W8484-25MS17/001/USW","1","2025-03-27","2025-02-20","","","2030-08-20","10000000.00","10000000.00","CAD","","","","","","","*NCLOG","*Logistics Support for U.S. Manufactured Military Equipment Currently Operated by Canadian Armed Forces (COLOG)","*Soutien logistique pour l'équipement militaire fabriqué aux É.-U. et couramment utilisé par les forces armées canadiennes (COLOG)","","","","*GD","","","Non-competitive","Non concurrentielle","Government Objectives Representing Best Interests/Value to Govt","Objectifs gouvern.  représentant  les meilleurs intérets/valeur pour l'État","","","*None","*Aucun","","","UNITED STATES DEPARTMENT OF THE NAVY (NAVAIR)","UNITED STATES DEPARTMENT OF THE NAVY (NAVAIR)","UNITED STATES DEPARTMENT OF THE NAVY (NAVAIR)","UNITED STATES DEPARTMENT OF THE NAVY (NAVAIR)","Not applicable","Not applicable","UNKNOWN","INCONNU","2521 South Clark Street<br>Suite 800","2521 South Clark Street<br>Suite 800","Arlington","Arlington","Virginia","Virginia","22202-3928","United States","United States","Public Works and Government Services Canada","Travaux publics et Services gouvernementaux Canada","","","","","","","","","","Department of National Defence","Ministère de la défense nationale","NDHQ","QGDN","101 COLONEL BY DR.,OTTAWA,Ontario,K1A0K2,Canada","101 COLONEL BY DR.,OTTAWA,Ontario,K1A0K2,Canada","","","","","","","","","","","","","","","",""
"CLS LEXI-TECH LTD (EP745-250139/001/ZF~000)","CLS LEXI-TECH LTD (EP745-250139/001/ZF~000)","EP745-250139/001/ZF","000","EP745-250139","","EP745-250139/001/ZF","4","2024-06-27","2024-06-12","","","2026-07-11","248346.00","324229.50","CAD","","","","","","","*R019D","*Auctioneering Services","*Services de vente aux enchères","","","","*SRV","","","Competitive - Traditional","Concurrentielle - Traditionnelle","Highest Combined Rating of Technical Merit and Price","Cote combinée la plus élevée pour le mérite technique et le prix","","","*Canadian Free Trade Agreement (CFTA)","*Accord de libre-échange canadien (ALEC)","","","Lionbridge Ltd.","Lionbridge Ltd.","CLS LEXI-TECH LTD","CLS LEXI-TECH LTD","Lionbridge Canada","Lionbridge Canada","200 to 499 employees","200 à 499 employés","10 Dawson St.","10 Dawson St.","Dieppe","Dieppe","New Brunswick","New Brunswick","E1A6C8","Canada","Canada","Public Works and Government Services Canada","Travaux publics et Services gouvernementaux Canada","","","","","","","","","","Public Works and Government Services Canada","Travaux publics et Services gouvernementaux Canada","PROCUREMENT CENTRE","CENTRE D'APPROVISIONNEMNT","EDIFICE CREMAZIE<br>70 CREMAZIE, 8TH FLOOR,GATINEAU,Quebec,K1A0S5,Canada","EDIFICE CREMAZIE<br>70 CREMAZIE, 8TH FLOOR,GATINEAU,Quebec,K1A0S5,Canada","","","","","","","","","","","","","","","",""
"COSSETTE VOYER (EP745-250139/002/ZF~000)","COSSETTE VOYER (EP745-250139/002/ZF~000)","EP745-250139/002/ZF","000","EP745-250139","","EP745-250139/002/ZF","3","2024-06-27","2024-06-12","","","2026-07-11","248346.00","248346.00","CAD","","","","","","","*R019D","*Auctioneering Services","*Services de vente aux enchères","","","","*SRV","","","Competitive - Open bidding","Concurrentielle - Invitation ouverte à soumissionner","Highest Combined Rating of Technical Merit and Price","Cote combinée la plus élevée pour le mérite technique et le prix","","","*Canadian Free Trade Agreement (CFTA)","*Accord de libre-échange canadien (ALEC)","","","Pamela Cossette-Voyer Inc.","Pamela Cossette-Voyer Inc.","COSSETTE VOYER","COSSETTE VOYER","Cossette Voyer","Cossette Voyer","1 to 4 employees","1 à 4 employés","244 rue Notre-Dame","244 rue Notre-Dame","Boischatel","Boischatel","Quebec","Quebec","G0A1H0","Canada","Canada","Public Works and Government Services Canada","Travaux publics et Services gouvernementaux Canada","","","","","","","","","","Public Works and Government Services Canada","Travaux publics et Services gouvernementaux Canada","PROCUREMENT CENTRE","CENTRE D'APPROVISIONNEMNT","EDIFICE CREMAZIE<br>70 CREMAZIE, 8TH FLOOR,GATINEAU,Quebec,K1A0S5,Canada","EDIFICE CREMAZIE<br>70 CREMAZIE, 8TH FLOOR,GATINEAU,Quebec,K1A0S5,Canada","","","","","","","","","","","","","","","",""
"R&R INTERNATIONAL TRANSLATION SPECIALISTS INC (EP745-241899/001/ZF~000)","R&R INTERNATIONAL TRANSLATION SPECIALISTS INC (EP745-241899/001/ZF~000)","EP745-241899/001/ZF","000","EP745-241899","","EP745-241899/001/ZF","3","2024-04-29","2024-04-09","","","2026-04-14","117275.00","117274.50","CAD","","","","","","","*R109D","*Translation Services","*Services de traduction","","","","*SRV","","","Competitive - Traditional","Concurrentielle - Traditionnelle","Highest Combined Rating of Technical Merit and Price","Cote combinée la plus élevée pour le mérite technique et le prix","","","*Canadian Free Trade Agreement (CFTA)","*Accord de libre-échange canadien (ALEC)","","","R&R INTERNATIONAL TRANSLATION SPECIALISTS INC","R&R INTERNATIONAL TRANSLATION SPECIALISTS INC","R&R INTERNATIONAL TRANSLATION SPECIALISTS INC","R&R INTERNATIONAL TRANSLATION SPECIALISTS INC","R&R INTERNATIONAL TRANSLATION SPECIALISTS INC","R&R INTERNATIONAL TRANSLATION SPECIALISTS INC","1 to 4 employees","1 à 4 employés","12 RUE DES FOUGERES","12 RUE DES FOUGERES","ILE BIZARD","ILE BIZARD","Quebec","Quebec","H9C1Z8","Canada","Canada","Public Works and Government Services Canada","Travaux publics et Services gouvernementaux Canada","","","","","","","","","","Public Works and Government Services Canada","Travaux publics et Services gouvernementaux Canada","PROCUREMENT CENTRE","CENTRE D'APPROVISIONNEMNT","EDIFICE CREMAZIE<br>70 CREMAZIE, 8TH FLOOR,GATINEAU,Quebec,K1A0S5,Canada","EDIFICE CREMAZIE<br>70 CREMAZIE, 8TH FLOOR,GATINEAU,Quebec,K1A0S5,Canada","","","","","","","","","","","","","","","",""
"UBIQUS CANADA INC (EP745-241979/001/ZF~000)","UBIQUS CANADA INC (EP745-241979/001/ZF~000)","EP745-241979/001/ZF","000","EP745-241979","","EP745-241979/001/ZF","5","2024-04-29","2024-04-09","","","2026-05-06","172463.00","172462.50","CAD","","","","","","","*R109D","*Translation Services","*Services de traduction","","","","*SRV","","","Competitive - Traditional","Concurrentielle - Traditionnelle","Highest Combined Rating of Technical Merit and Price","Cote combinée la plus élevée pour le mérite technique et le prix","","","*Canadian Free Trade Agreement (CFTA)","*Accord de libre-échange canadien (ALEC)","","","Acolad Canada Inc.","Acolad Canada Inc.","UBIQUS CANADA INC","UBIQUS CANADA INC","Acolad Canada Inc.","Acolad Canada Inc.","50 to 99 employees","50 à 99 employés","4126 rue St Denis<br>bureau 200","4126 rue St Denis<br>bureau 200","Montréal","Montréal","Quebec","Quebec","H2W2M5","Canada","Canada","Public Works and Government Services Canada","Travaux publics et Services gouvernementaux Canada","","","","","","","","","","Public Works and Government Services Canada","Travaux publics et Services gouvernementaux Canada","PROCUREMENT CENTRE","CENTRE D'APPROVISIONNEMNT","EDIFICE CREMAZIE<br>70 CREMAZIE, 8TH FLOOR,GATINEAU,Quebec,K1A0S5,Canada","EDIFICE CREMAZIE<br>70 CREMAZIE, 8TH FLOOR,GATINEAU,Quebec,K1A0S5,Canada","","","","","","","","","","","","","","","",""
"CLS LEXI-TECH LTD (EP745-241979/002/ZF~000)","CLS LEXI-TECH LTD (EP745-241979/002/ZF~000)","EP745-241979/002/ZF","000","EP745-241979","","EP745-241979/002/ZF","4","2024-04-29","2024-04-09","","","2026-05-06","183960.00","183960.00","CAD","","","","","","","*R109D","*Translation Services","*Services de traduction","","","","*SRV","","","Competitive - Traditional","Concurrentielle - Traditionnelle","Highest Combined Rating of Technical Merit and Price","Cote combinée la plus élevée pour le mérite technique et le prix","","","*Canadian Free Trade Agreement (CFTA)","*Accord de libre-échange canadien (ALEC)","","","Lionbridge Ltd.","Lionbridge Ltd.","CLS LEXI-TECH LTD","CLS LEXI-TECH LTD","Lionbridge Canada","Lionbridge Canada","200 to 499 employees","200 à 499 employés","10 Dawson St.","10 Dawson St.","Dieppe","Dieppe","New Brunswick","New Brunswick","E1A6C8","Canada","Canada","Public Works and Government Services Canada","Travaux publics et Services gouvernementaux Canada","","","","","","","","","","Public Works and Government Services Canada","Travaux publics et Services gouvernementaux Canada","PROCUREMENT CENTRE","CENTRE D'APPROVISIONNEMNT","EDIFICE CREMAZIE<br>70 CREMAZIE, 8TH FLOOR,GATINEAU,Quebec,K1A0S5,Canada","EDIFICE CREMAZIE<br>70 CREMAZIE, 8TH FLOOR,GATINEAU,Quebec,K1A0S5,Canada","","","","","","","","","","","","","","","",""
"MEGALEXIS COMMUNICATIONS INC (EP745-242041/001/ZF~000)","MEGALEXIS COMMUNICATIONS INC (EP745-242041/001/ZF~000)","EP745-242041/001/ZF","000","EP745-242041","","EP745-242041/001/ZF","4","2024-04-29","2024-04-10","","","2026-05-16","160965.00","160965.00","CAD","","","","","","","*R109D","*Translation Services","*Services de traduction","","","","*SRV","","","Competitive - Traditional","Concurrentielle - Traditionnelle","Highest Combined Rating of Technical Merit and Price","Cote combinée la plus élevée pour le mérite technique et le prix","","","*Canadian Free Trade Agreement (CFTA)","*Accord de libre-échange canadien (ALEC)","","","Mégalexis communications Inc.","Mégalexis communications Inc.","MEGALEXIS COMMUNICATIONS INC","MEGALEXIS COMMUNICATIONS INC","Les Traductions Tessier - Megalexis communications","Les Traductions Tessier - Megalexis communications","50 to 99 employees","50 à 99 employés","666, rue Sherbrooke Ouest<br>bureau 602","666, rue Sherbrooke Ouest<br>bureau 602","Montréal","Montréal","Quebec","Quebec","H3A1E7","Canada","Canada","Public Works and Government Services Canada","Travaux publics et Services gouvernementaux Canada","","","","","","","","","","Public Works and Government Services Canada","Travaux publics et Services gouvernementaux Canada","PROCUREMENT CENTRE","CENTRE D'APPROVISIONNEMNT","EDIFICE CREMAZIE<br>70 CREMAZIE, 8TH FLOOR,GATINEAU,Quebec,K1A0S5,Canada","EDIFICE CREMAZIE<br>70 CREMAZIE, 8TH FLOOR,GATINEAU,Quebec,K1A0S5,Canada","","","","","","","","","","","","","","","",""
"LWT COMMUNICATIONS (EP745-250004/001/ZF~000)","LWT COMMUNICATIONS (EP745-250004/001/ZF~000)","EP745-250004/001/ZF","000","EP745-250004","","EP745-250004/001/ZF","4","2024-05-28","2024-05-10","","","2026-06-16","32193.00","32193.00","CAD","","","","","","","*R109D","*Translation Services","*Services de traduction","","","","*SRV","","","Competitive - Traditional","Concurrentielle - Traditionnelle","Highest Combined Rating of Technical Merit and Price","Cote combinée la plus élevée pour le mérite technique et le prix","","","*Canadian Free Trade Agreement (CFTA)","*Accord de libre-échange canadien (ALEC)","","","LWTAB COMMUNICATIONS INC.","LWTAB COMMUNICATIONS INC.","LWT COMMUNICATIONS","LWT COMMUNICATIONS","LWT COMMUNICATIONS","LWT COMMUNICATIONS","10 to 19 employees","10 à 19 employés","3601 Hwy 7 East<br>Suite 1005","3601 Hwy 7 East<br>Suite 1005","Markham","Markham","Ontario","Ontario","L3R0M3","Canada","Canada","Public Works and Government Services Canada","Travaux publics et Services gouvernementaux Canada","","","","","","","","","","Public Works and Government Services Canada","Travaux publics et Services gouvernementaux Canada","PROCUREMENT CENTRE","CENTRE D'APPROVISIONNEMNT","EDIFICE CREMAZIE<br>70 CREMAZIE, 8TH FLOOR,GATINEAU,Quebec,K1A0S5,Canada","EDIFICE CREMAZIE<br>70 CREMAZIE, 8TH FLOOR,GATINEAU,Quebec,K1A0S5,Canada","","","","","","","","","","","","","","","",""
"NATIONS TRANSLATION GROUP (EP745-250164/001/ZF~000)","NATIONS TRANSLATION GROUP (EP745-250164/001/ZF~000)","EP745-250164/001/ZF","000","EP745-250164","","EP745-250164/001/ZF","4","2024-06-27","2024-06-03","","","2026-07-04","146593.00","146593.13","CAD","","","","","","","*R109D","*Translation Services","*Services de traduction","","","","*SRV","","","Competitive - Traditional","Concurrentielle - Traditionnelle","Highest Combined Rating of Technical Merit and Price","Cote combinée la plus élevée pour le mérite technique et le prix","","","*Canadian Free Trade Agreement (CFTA)","*Accord de libre-échange canadien (ALEC)","","","Nations Translation Group LP","Nations Translation Group LP","NATIONS TRANSLATION GROUP","NATIONS TRANSLATION GROUP","Nations Translation Group","Nations Translation Group","50 to 99 employees","50 à 99 employés","245 Cooper Street<br>4th Floor","245 Cooper Street<br>4th Floor","Ottawa","Ottawa","Ontario","Ontario","K2P0G2","Canada","Canada","Public Works and Government Services Canada","Travaux publics et Services gouvernementaux Canada","","","","","","","","","","Public Works and Government Services Canada","Travaux publics et Services gouvernementaux Canada","PROCUREMENT CENTRE","CENTRE D'APPROVISIONNEMNT","EDIFICE CREMAZIE<br>70 CREMAZIE, 8TH FLOOR,GATINEAU,Quebec,K1A0S5,Canada","EDIFICE CREMAZIE<br>70 CREMAZIE, 8TH FLOOR,GATINEAU,Quebec,K1A0S5,Canada","","","","","","","","","","","","","","","",""
"COSSETTE VOYER (EP745-250171/001/ZF~000)","COSSETTE VOYER (EP745-250171/001/ZF~000)","EP745-250171/001/ZF","000","EP745-250171","","EP745-250171/001/ZF","4","2024-06-27","2024-06-05","","","2026-07-11","101178.00","101178.00","CAD","","","","","","","*R109D","*Translation Services","*Services de traduction","","","","*SRV","","","Competitive - Traditional","Concurrentielle - Traditionnelle","Highest Combined Rating of Technical Merit and Price","Cote combinée la plus élevée pour le mérite technique et le prix","","","*Canadian Free Trade Agreement (CFTA)","*Accord de libre-échange canadien (ALEC)","","","Pamela Cossette-Voyer Inc.","Pamela Cossette-Voyer Inc.","COSSETTE VOYER","COSSETTE VOYER","Cossette Voyer","Cossette Voyer","1 to 4 employees","1 à 4 employés","244 rue Notre-Dame","244 rue Notre-Dame","Boischatel","Boischatel","Quebec","Quebec","G0A1H0","Canada","Canada","Public Works and Government Services Canada","Travaux publics et Services gouvernementaux Canada","","","","","","","","","","Public Works and Government Services Canada","Travaux publics et Services gouvernementaux Canada","PROCUREMENT CENTRE","CENTRE D'APPROVISIONNEMNT","EDIFICE CREMAZIE<br>70 CREMAZIE, 8TH FLOOR,GATINEAU,Quebec,K1A0S5,Canada","EDIFICE CREMAZIE<br>70 CREMAZIE, 8TH FLOOR,GATINEAU,Quebec,K1A0S5,Canada","","","","","","","","","","","","","","","",""
"ITC TRADUCTIONS CANADA INC ITC TRANSLATIONS CANADA INC (EP745-250171/002/ZF~000)","ITC TRADUCTIONS CANADA INC ITC TRANSLATIONS CANADA INC (EP745-250171/002/ZF~000)","EP745-250171/002/ZF","000","EP745-250171","","EP745-250171/002/ZF","3","2024-06-27","2024-06-05","","","2026-07-11","101178.00","14595.00","CAD","","","","","","","*R109D","*Translation Services","*Services de traduction","","","","*SRV","","","Competitive - Traditional","Concurrentielle - Traditionnelle","Highest Combined Rating of Technical Merit and Price","Cote combinée la plus élevée pour le mérite technique et le prix","","","*Canadian Free Trade Agreement (CFTA)","*Accord de libre-échange canadien (ALEC)","","","ITC Traductions Canada Inc. ITC Translations Canada Inc.","ITC Traductions Canada Inc. ITC Translations Canada Inc.","ITC TRADUCTIONS CANADA INC ITC TRANSLATIONS CANADA INC","ITC TRADUCTIONS CANADA INC ITC TRANSLATIONS CANADA INC","ITC Traductions Canada","ITC Traductions Canada","50 to 99 employees","50 à 99 employés","880 Rue Roy Est<br>#200","880 Rue Roy Est<br>#200","Montreal","Montreal","Quebec","Quebec","H2L1E6","Canada","Canada","Public Works and Government Services Canada","Travaux publics et Services gouvernementaux Canada","","","","","","","","","","Public Works and Government Services Canada","Travaux publics et Services gouvernementaux Canada","PROCUREMENT CENTRE","CENTRE D'APPROVISIONNEMNT","EDIFICE CREMAZIE<br>70 CREMAZIE, 8TH FLOOR,GATINEAU,Quebec,K1A0S5,Canada","EDIFICE CREMAZIE<br>70 CREMAZIE, 8TH FLOOR,GATINEAU,Quebec,K1A0S5,Canada","","","","","","","","","","","","","","","",""
"CLS LEXI-TECH LTD (EP745-250407/001/ZF~000)","CLS LEXI-TECH LTD (EP745-250407/001/ZF~000)","EP745-250407/001/ZF","000","EP745-250407","","EP745-250407/001/ZF","1","2024-08-27","2024-08-14","","","2026-09-05","258694.00","258694.00","CAD","","","","","","","*R109D","*Translation Services","*Services de traduction","","","","*SRV","","","Competitive - Traditional","Concurrentielle - Traditionnelle","Highest Combined Rating of Technical Merit and Price","Cote combinée la plus élevée pour le mérite technique et le prix","","","*Canadian Free Trade Agreement (CFTA)","*Accord de libre-échange canadien (ALEC)","","","Lionbridge Ltd.","Lionbridge Ltd.","CLS LEXI-TECH LTD","CLS LEXI-TECH LTD","Lionbridge Canada","Lionbridge Canada","200 to 499 employees","200 à 499 employés","10 Dawson St.","10 Dawson St.","Dieppe","Dieppe","New Brunswick","New Brunswick","E1A6C8","Canada","Canada","Public Works and Government Services Canada","Travaux publics et Services gouvernementaux Canada","","","","","","","","","","Public Works and Government Services Canada","Travaux publics et Services gouvernementaux Canada","PROCUREMENT CENTRE","CENTRE D'APPROVISIONNEMNT","EDIFICE CREMAZIE<br>70 CREMAZIE, 8TH FLOOR,GATINEAU,Quebec,K1A0S5,Canada","EDIFICE CREMAZIE<br>70 CREMAZIE, 8TH FLOOR,GATINEAU,Quebec,K1A0S5,Canada","","","","","","","","","","","","","","","",""
"SYM COMMUNICATIONS (EP745-250407/002/ZF~000)","SYM COMMUNICATIONS (EP745-250407/002/ZF~000)","EP745-250407/002/ZF","000","EP745-250407","","EP745-250407/002/ZF","1","2024-08-27","2024-08-14","","","2026-09-05","275940.00","275940.00","CAD","","","","","","","*R109D","*Translation Services","*Services de traduction","","","","*SRV","","","Competitive - Traditional","Concurrentielle - Traditionnelle","Highest Combined Rating of Technical Merit and Price","Cote combinée la plus élevée pour le mérite technique et le prix","","","*Canadian Free Trade Agreement (CFTA)","*Accord de libre-échange canadien (ALEC)","","","Sym Communications inc.","Sym Communications inc.","SYM COMMUNICATIONS","SYM COMMUNICATIONS","Sym Communications","Sym Communications","10 to 19 employees","10 à 19 employés","7266 de Bordeaux","7266 de Bordeaux","Montréal","Montréal","Quebec","Quebec","H2E2M4","Canada","Canada","Public Works and Government Services Canada","Travaux publics et Services gouvernementaux Canada","","","","","","","","","","Public Works and Government Services Canada","Travaux publics et Services gouvernementaux Canada","PROCUREMENT CENTRE","CENTRE D'APPROVISIONNEMNT","EDIFICE CREMAZIE<br>70 CREMAZIE, 8TH FLOOR,GATINEAU,Quebec,K1A0S5,Canada","EDIFICE CREMAZIE<br>70 CREMAZIE, 8TH FLOOR,GATINEAU,Quebec,K1A0S5,Canada","","","","","","","","","","","","","","","",""
"CLS LEXI-TECH LTD (EP745-250514/001/ZF~000)","CLS LEXI-TECH LTD (EP745-250514/001/ZF~000)","EP745-250514/001/ZF","000","EP745-250514","","EP745-250514/001/ZF","1","2024-09-24","2024-09-03","","","2026-09-05","172463.00","172463.00","CAD","","","","","","","*R109D","*Translation Services","*Services de traduction","","","","*SRV","","","Competitive - Traditional","Concurrentielle - Traditionnelle","Highest Combined Rating of Technical Merit and Price","Cote combinée la plus élevée pour le mérite technique et le prix","","","*Canadian Free Trade Agreement (CFTA)","*Accord de libre-échange canadien (ALEC)","","","Lionbridge Ltd.","Lionbridge Ltd.","CLS LEXI-TECH LTD","CLS LEXI-TECH LTD","Lionbridge Canada","Lionbridge Canada","200 to 499 employees","200 à 499 employés","10 Dawson St.","10 Dawson St.","Dieppe","Dieppe","New Brunswick","New Brunswick","E1A6C8","Canada","Canada","Public Works and Government Services Canada","Travaux publics et Services gouvernementaux Canada","","","","","","","","","","Public Works and Government Services Canada","Travaux publics et Services gouvernementaux Canada","PROCUREMENT CENTRE","CENTRE D'APPROVISIONNEMNT","EDIFICE CREMAZIE<br>70 CREMAZIE, 8TH FLOOR,GATINEAU,Quebec,K1A0S5,Canada","EDIFICE CREMAZIE<br>70 CREMAZIE, 8TH FLOOR,GATINEAU,Quebec,K1A0S5,Canada","","","","","","","","","","","","","","","",""
"1000389644 ONTARIO INC (EP745-250517/001/ZF~000)","1000389644 ONTARIO INC (EP745-250517/001/ZF~000)","EP745-250517/001/ZF","000","EP745-250517","","EP745-250517/001/ZF","1","2024-09-24","2024-08-26","","","2026-09-05","137970.00","137970.00","CAD","","","","","","","*R109D","*Translation Services","*Services de traduction","","","","*SRV","","","Competitive - Traditional","Concurrentielle - Traditionnelle","Highest Combined Rating of Technical Merit and Price","Cote combinée la plus élevée pour le mérite technique et le prix","","","*Canadian Free Trade Agreement (CFTA)","*Accord de libre-échange canadien (ALEC)","","","1000389644 Ontario INC","1000389644 Ontario INC","1000389644 ONTARIO INC","1000389644 ONTARIO INC","1000389644 Ontario INC","1000389644 Ontario INC","1 to 4 employees","1 à 4 employés","99 Woodward avenue","99 Woodward avenue","Brampton","Brampton","Ontario","Ontario","L6V1K5","Canada","Canada","Public Works and Government Services Canada","Travaux publics et Services gouvernementaux Canada","","","","","","","","","","Public Works and Government Services Canada","Travaux publics et Services gouvernementaux Canada","PROCUREMENT CENTRE","CENTRE D'APPROVISIONNEMNT","EDIFICE CREMAZIE<br>70 CREMAZIE, 8TH FLOOR,GATINEAU,Quebec,K1A0S5,Canada","EDIFICE CREMAZIE<br>70 CREMAZIE, 8TH FLOOR,GATINEAU,Quebec,K1A0S5,Canada","","","","","","","","","","","","","","","",""
"CLS LEXI-TECH LTD (EP745-250523/001/ZF~000)","CLS LEXI-TECH LTD (EP745-250523/001/ZF~000)","EP745-250523/001/ZF","000","EP745-250523","","EP745-250523/001/ZF","1","2024-08-27","2024-08-13","","","2026-09-05","137970.00","137970.00","CAD","","","","","","","*R109D","*Translation Services","*Services de traduction","","","","*SRV","","","Competitive - Traditional","Concurrentielle - Traditionnelle","Highest Combined Rating of Technical Merit and Price","Cote combinée la plus élevée pour le mérite technique et le prix","","","*Canadian Free Trade Agreement (CFTA)","*Accord de libre-échange canadien (ALEC)","","","Lionbridge Ltd.","Lionbridge Ltd.","CLS LEXI-TECH LTD","CLS LEXI-TECH LTD","Lionbridge Canada","Lionbridge Canada","200 to 499 employees","200 à 499 employés","10 Dawson St.","10 Dawson St.","Dieppe","Dieppe","New Brunswick","New Brunswick","E1A6C8","Canada","Canada","Public Works and Government Services Canada","Travaux publics et Services gouvernementaux Canada","","","","","","","","","","Public Works and Government Services Canada","Travaux publics et Services gouvernementaux Canada","PROCUREMENT CENTRE","CENTRE D'APPROVISIONNEMNT","EDIFICE CREMAZIE<br>70 CREMAZIE, 8TH FLOOR,GATINEAU,Quebec,K1A0S5,Canada","EDIFICE CREMAZIE<br>70 CREMAZIE, 8TH FLOOR,GATINEAU,Quebec,K1A0S5,Canada","","","","","","","","","","","","","","","",""
"CLS LEXI-TECH LTD (EP745-250632/001/ZF~000)","CLS LEXI-TECH LTD (EP745-250632/001/ZF~000)","EP745-250632/001/ZF","000","EP745-250632","","EP745-250632/001/ZF","2","2024-09-24","2024-09-12","","","2026-09-25","59787.00","59787.00","CAD","","","","","","","*R109D","*Translation Services","*Services de traduction","","","","*SRV","","","Competitive - Traditional","Concurrentielle - Traditionnelle","Highest Combined Rating of Technical Merit and Price","Cote combinée la plus élevée pour le mérite technique et le prix","","","*Canadian Free Trade Agreement (CFTA)","*Accord de libre-échange canadien (ALEC)","","","Lionbridge Ltd.","Lionbridge Ltd.","CLS LEXI-TECH LTD","CLS LEXI-TECH LTD","Lionbridge Canada","Lionbridge Canada","200 to 499 employees","200 à 499 employés","10 Dawson St.","10 Dawson St.","Dieppe","Dieppe","New Brunswick","New Brunswick","E1A6C8","Canada","Canada","Public Works and Government Services Canada","Travaux publics et Services gouvernementaux Canada","","","","","","","","","","Public Works and Government Services Canada","Travaux publics et Services gouvernementaux Canada","PROCUREMENT CENTRE","CENTRE D'APPROVISIONNEMNT","EDIFICE CREMAZIE<br>70 CREMAZIE, 8TH FLOOR,GATINEAU,Quebec,K1A0S5,Canada","EDIFICE CREMAZIE<br>70 CREMAZIE, 8TH FLOOR,GATINEAU,Quebec,K1A0S5,Canada","","","","","","","","","","","","","","","",""
"SYM COMMUNICATIONS (EP745-250637/001/ZF~000)","SYM COMMUNICATIONS (EP745-250637/001/ZF~000)","EP745-250637/001/ZF","000","EP745-250637","","EP745-250637/001/ZF","1","2024-09-24","2024-09-13","","","2027-01-09","344925.00","344925.00","CAD","","","","","","","*R109D","*Translation Services","*Services de traduction","","","","*SRV","","","Competitive - Traditional","Concurrentielle - Traditionnelle","Highest Combined Rating of Technical Merit and Price","Cote combinée la plus élevée pour le mérite technique et le prix","","","*Canadian Free Trade Agreement (CFTA)","*Accord de libre-échange canadien (ALEC)","","","Sym Communications inc.","Sym Communications inc.","SYM COMMUNICATIONS","SYM COMMUNICATIONS","Sym Communications","Sym Communications","10 to 19 employees","10 à 19 employés","7266 de Bordeaux","7266 de Bordeaux","Montréal","Montréal","Quebec","Quebec","H2E2M4","Canada","Canada","Public Works and Government Services Canada","Travaux publics et Services gouvernementaux Canada","","","","","","","","","","Public Works and Government Services Canada","Travaux publics et Services gouvernementaux Canada","PROCUREMENT CENTRE","CENTRE D'APPROVISIONNEMNT","EDIFICE CREMAZIE<br>70 CREMAZIE, 8TH FLOOR,GATINEAU,Quebec,K1A0S5,Canada","EDIFICE CREMAZIE<br>70 CREMAZIE, 8TH FLOOR,GATINEAU,Quebec,K1A0S5,Canada","","","","","","","","","","","","","","","",""
"R&R INTERNATIONAL TRANSLATION SPECIALISTS INC (EP745-250660/001/ZF~000)","R&R INTERNATIONAL TRANSLATION SPECIALISTS INC (EP745-250660/001/ZF~000)","EP745-250660/001/ZF","000","EP745-250660","","EP745-250660/001/ZF","2","2024-09-24","2024-09-13","","","2026-09-22","68985.00","68985.00","CAD","","","","","","","*R109D","*Translation Services","*Services de traduction","","","","*SRV","","","Competitive - Traditional","Concurrentielle - Traditionnelle","Highest Combined Rating of Technical Merit and Price","Cote combinée la plus élevée pour le mérite technique et le prix","","","*Canadian Free Trade Agreement (CFTA)","*Accord de libre-échange canadien (ALEC)","","","R&R INTERNATIONAL TRANSLATION SPECIALISTS INC","R&R INTERNATIONAL TRANSLATION SPECIALISTS INC","R&R INTERNATIONAL TRANSLATION SPECIALISTS INC","R&R INTERNATIONAL TRANSLATION SPECIALISTS INC","R&R INTERNATIONAL TRANSLATION SPECIALISTS INC","R&R INTERNATIONAL TRANSLATION SPECIALISTS INC","1 to 4 employees","1 à 4 employés","12 RUE DES FOUGERES","12 RUE DES FOUGERES","ILE BIZARD","ILE BIZARD","Quebec","Quebec","H9C1Z8","Canada","Canada","Public Works and Government Services Canada","Travaux publics et Services gouvernementaux Canada","","","","","","","","","","Public Works and Government Services Canada","Travaux publics et Services gouvernementaux Canada","PROCUREMENT CENTRE","CENTRE D'APPROVISIONNEMNT","EDIFICE CREMAZIE<br>70 CREMAZIE, 8TH FLOOR,GATINEAU,Quebec,K1A0S5,Canada","EDIFICE CREMAZIE<br>70 CREMAZIE, 8TH FLOOR,GATINEAU,Quebec,K1A0S5,Canada","","","","","","","","","","","","","","","",""
"CLS LEXI-TECH LTD (EP745-250692/001/ZF~000)","CLS LEXI-TECH LTD (EP745-250692/001/ZF~000)","EP745-250692/001/ZF","000","EP745-250692","","EP745-250692/001/ZF","1","2024-10-25","2024-09-20","","","2025-10-03","64386.00","64386.00","CAD","","","","","","","*R109D","*Translation Services","*Services de traduction","","","","*SRV","","","Competitive - Traditional","Concurrentielle - Traditionnelle","Highest Combined Rating of Technical Merit and Price","Cote combinée la plus élevée pour le mérite technique et le prix","","","*Canadian Free Trade Agreement (CFTA)","*Accord de libre-échange canadien (ALEC)","","","Lionbridge Ltd.","Lionbridge Ltd.","CLS LEXI-TECH LTD","CLS LEXI-TECH LTD","Lionbridge Canada","Lionbridge Canada","200 to 499 employees","200 à 499 employés","10 Dawson St.","10 Dawson St.","Dieppe","Dieppe","New Brunswick","New Brunswick","E1A6C8","Canada","Canada","Public Works and Government Services Canada","Travaux publics et Services gouvernementaux Canada","","","","","","","","","","Public Works and Government Services Canada","Travaux publics et Services gouvernementaux Canada","PROCUREMENT CENTRE","CENTRE D'APPROVISIONNEMNT","EDIFICE CREMAZIE<br>70 CREMAZIE, 8TH FLOOR,GATINEAU,Quebec,K1A0S5,Canada","EDIFICE CREMAZIE<br>70 CREMAZIE, 8TH FLOOR,GATINEAU,Quebec,K1A0S5,Canada","","","","","","","","","","","","","","","",""
"LWT COMMUNICATIONS (EP745-250703/001/ZF~000)","LWT COMMUNICATIONS (EP745-250703/001/ZF~000)","EP745-250703/001/ZF","000","EP745-250703","","EP745-250703/001/ZF","2","2024-09-24","2024-09-13","","","2026-10-20","63236.00","63236.25","CAD","","","","","","","*R109D","*Translation Services","*Services de traduction","","","","*SRV","","","Competitive - Traditional","Concurrentielle - Traditionnelle","Highest Combined Rating of Technical Merit and Price","Cote combinée la plus élevée pour le mérite technique et le prix","","","*Canadian Free Trade Agreement (CFTA)","*Accord de libre-échange canadien (ALEC)","","","LWTAB COMMUNICATIONS INC.","LWTAB COMMUNICATIONS INC.","LWT COMMUNICATIONS","LWT COMMUNICATIONS","LWT COMMUNICATIONS","LWT COMMUNICATIONS","10 to 19 employees","10 à 19 employés","3601 Hwy 7 East<br>Suite 1005","3601 Hwy 7 East<br>Suite 1005","Markham","Markham","Ontario","Ontario","L3R0M3","Canada","Canada","Public Works and Government Services Canada","Travaux publics et Services gouvernementaux Canada","","","","","","","","","","Public Works and Government Services Canada","Travaux publics et Services gouvernementaux Canada","PROCUREMENT CENTRE","CENTRE D'APPROVISIONNEMNT","EDIFICE CREMAZIE<br>70 CREMAZIE, 8TH FLOOR,GATINEAU,Quebec,K1A0S5,Canada","EDIFICE CREMAZIE<br>70 CREMAZIE, 8TH FLOOR,GATINEAU,Quebec,K1A0S5,Canada","","","","","","","","","","","","","","","",""
"CLS LEXI-TECH LTD (EP745-250748/001/ZF~000)","CLS LEXI-TECH LTD (EP745-250748/001/ZF~000)","EP745-250748/001/ZF","000","EP745-250748","","EP745-250748/001/ZF","1","2024-10-25","2024-10-03","","","2026-11-03","149468.00","149468.00","CAD","","","","","","","*R109D","*Translation Services","*Services de traduction","","","","*SRV","","","Competitive - Traditional","Concurrentielle - Traditionnelle","Highest Combined Rating of Technical Merit and Price","Cote combinée la plus élevée pour le mérite technique et le prix","","","*Canadian Free Trade Agreement (CFTA)","*Accord de libre-échange canadien (ALEC)","","","Lionbridge Ltd.","Lionbridge Ltd.","CLS LEXI-TECH LTD","CLS LEXI-TECH LTD","Lionbridge Canada","Lionbridge Canada","200 to 499 employees","200 à 499 employés","10 Dawson St.","10 Dawson St.","Dieppe","Dieppe","New Brunswick","New Brunswick","E1A6C8","Canada","Canada","Public Works and Government Services Canada","Travaux publics et Services gouvernementaux Canada","","","","","","","","","","Public Works and Government Services Canada","Travaux publics et Services gouvernementaux Canada","PROCUREMENT CENTRE","CENTRE D'APPROVISIONNEMNT","EDIFICE CREMAZIE<br>70 CREMAZIE, 8TH FLOOR,GATINEAU,Quebec,K1A0S5,Canada","EDIFICE CREMAZIE<br>70 CREMAZIE, 8TH FLOOR,GATINEAU,Quebec,K1A0S5,Canada","","","","","","","","","","","","","","","",""
"MEGALEXIS COMMUNICATIONS INC (EP745-250987/001/ZF~000)","MEGALEXIS COMMUNICATIONS INC (EP745-250987/001/ZF~000)","EP745-250987/001/ZF","000","EP745-250987","","EP745-250987/001/ZF","3","2024-12-27","2024-11-26","","","2025-11-25","29894.00","29894.00","CAD","","","","","","","*R109D","*Translation Services","*Services de traduction","","","","*SRV","","","Competitive - Traditional","Concurrentielle - Traditionnelle","Lowest Price","Prix le plus bas","","","*Canadian Free Trade Agreement (CFTA)","*Accord de libre-échange canadien (ALEC)","","","Mégalexis communications Inc.","Mégalexis communications Inc.","MEGALEXIS COMMUNICATIONS INC","MEGALEXIS COMMUNICATIONS INC","Les Traductions Tessier - Megalexis communications","Les Traductions Tessier - Megalexis communications","50 to 99 employees","50 à 99 employés","666, rue Sherbrooke Ouest<br>bureau 602","666, rue Sherbrooke Ouest<br>bureau 602","Montréal","Montréal","Quebec","Quebec","H3A1E7","Canada","Canada","Public Works and Government Services Canada","Travaux publics et Services gouvernementaux Canada","","","","","","","","","","Public Works and Government Services Canada","Travaux publics et Services gouvernementaux Canada","PROCUREMENT CENTRE","CENTRE D'APPROVISIONNEMNT","EDIFICE CREMAZIE<br>70 CREMAZIE, 8TH FLOOR,GATINEAU,Quebec,K1A0S5,Canada","EDIFICE CREMAZIE<br>70 CREMAZIE, 8TH FLOOR,GATINEAU,Quebec,K1A0S5,Canada","","","","","","","","","","","","","","","",""
"CLS LEXI-TECH LTD (EP745-250171/003/ZF~000)","CLS LEXI-TECH LTD (EP745-250171/003/ZF~000)","EP745-250171/003/ZF","000","EP745-250171","","EP745-250171/003/ZF","4","2024-06-27","2024-06-05","","","2026-07-11","110376.00","110376.00","CAD","","","","","","","*R109D","*Translation Services","*Services de traduction","","","","*SRV","","","Competitive - Traditional","Concurrentielle - Traditionnelle","Highest Combined Rating of Technical Merit and Price","Cote combinée la plus élevée pour le mérite technique et le prix","","","*Canadian Free Trade Agreement (CFTA)","*Accord de libre-échange canadien (ALEC)","","","Lionbridge Ltd.","Lionbridge Ltd.","CLS LEXI-TECH LTD","CLS LEXI-TECH LTD","Lionbridge Canada","Lionbridge Canada","200 to 499 employees","200 à 499 employés","10 Dawson St.","10 Dawson St.","Dieppe","Dieppe","New Brunswick","New Brunswick","E1A6C8","Canada","Canada","Public Works and Government Services Canada","Travaux publics et Services gouvernementaux Canada","","","","","","","","","","Public Works and Government Services Canada","Travaux publics et Services gouvernementaux Canada","PROCUREMENT CENTRE","CENTRE D'APPROVISIONNEMNT","EDIFICE CREMAZIE<br>70 CREMAZIE, 8TH FLOOR,GATINEAU,Quebec,K1A0S5,Canada","EDIFICE CREMAZIE<br>70 CREMAZIE, 8TH FLOOR,GATINEAU,Quebec,K1A0S5,Canada","","","","","","","","","","","","","","","",""
"CLS LEXI-TECH LTD (EP745-251009/001/ZF~000)","CLS LEXI-TECH LTD (EP745-251009/001/ZF~000)","EP745-251009/001/ZF","000","EP745-251009","","EP745-251009/001/ZF","1","2024-12-27","2024-11-21","","","2025-02-28","287438.00","287438.00","CAD","","","","","","","*R109D","*Translation Services","*Services de traduction","","","","*SRV","","","Non-competitive","Non concurrentielle","Government Objectives Representing Best Interests/Value to Govt","Objectifs gouvern.  représentant  les meilleurs intérets/valeur pour l'État","","","*Canadian Free Trade Agreement (CFTA)","*Accord de libre-échange canadien (ALEC)","","","Lionbridge Ltd.","Lionbridge Ltd.","CLS LEXI-TECH LTD","CLS LEXI-TECH LTD","Lionbridge Canada","Lionbridge Canada","200 to 499 employees","200 à 499 employés","10 Dawson St.","10 Dawson St.","Dieppe","Dieppe","New Brunswick","New Brunswick","E1A6C8","Canada","Canada","Public Works and Government Services Canada","Travaux publics et Services gouvernementaux Canada","","","","","","","","","","Public Works and Government Services Canada","Travaux publics et Services gouvernementaux Canada","PROCUREMENT CENTRE","CENTRE D'APPROVISIONNEMNT","EDIFICE CREMAZIE<br>70 CREMAZIE, 8TH FLOOR,GATINEAU,Quebec,K1A0S5,Canada","EDIFICE CREMAZIE<br>70 CREMAZIE, 8TH FLOOR,GATINEAU,Quebec,K1A0S5,Canada","","","","","","","","","","","","","","","",""
"CLS LEXI-TECH LTD (EP745-251029/001/ZF~000)","CLS LEXI-TECH LTD (EP745-251029/001/ZF~000)","EP745-251029/001/ZF","000","EP745-251029","","EP745-251029/001/ZF","2","2024-12-27","2024-11-27","","","2025-02-28","64386.00","64386.00","CAD","","","","","","","*R109D","*Translation Services","*Services de traduction","","","","*SRV","","","Competitive - Traditional","Concurrentielle - Traditionnelle","Lowest Price","Prix le plus bas","","","*Canadian Free Trade Agreement (CFTA)","*Accord de libre-échange canadien (ALEC)","","","Lionbridge Ltd.","Lionbridge Ltd.","CLS LEXI-TECH LTD","CLS LEXI-TECH LTD","Lionbridge Canada","Lionbridge Canada","200 to 499 employees","200 à 499 employés","10 Dawson St.","10 Dawson St.","Dieppe","Dieppe","New Brunswick","New Brunswick","E1A6C8","Canada","Canada","Public Works and Government Services Canada","Travaux publics et Services gouvernementaux Canada","","","","","","","","","","Public Works and Government Services Canada","Travaux publics et Services gouvernementaux Canada","PROCUREMENT CENTRE","CENTRE D'APPROVISIONNEMNT","EDIFICE CREMAZIE<br>70 CREMAZIE, 8TH FLOOR,GATINEAU,Quebec,K1A0S5,Canada","EDIFICE CREMAZIE<br>70 CREMAZIE, 8TH FLOOR,GATINEAU,Quebec,K1A0S5,Canada","","","","","","","","","","","","","","","",""
"MEGALEXIS COMMUNICATIONS INC (EP745-251029/002/ZF~000)","MEGALEXIS COMMUNICATIONS INC (EP745-251029/002/ZF~000)","EP745-251029/002/ZF","000","EP745-251029","","EP745-251029/002/ZF","1","2024-12-27","2024-11-27","","","2025-02-28","73584.00","73584.00","CAD","","","","","","","*R109D","*Translation Services","*Services de traduction","","","","*SRV","","","Competitive - Traditional","Concurrentielle - Traditionnelle","Highest Combined Rating of Technical Merit and Price","Cote combinée la plus élevée pour le mérite technique et le prix","","","*Canadian Free Trade Agreement (CFTA)","*Accord de libre-échange canadien (ALEC)","","","Mégalexis communications Inc.","Mégalexis communications Inc.","MEGALEXIS COMMUNICATIONS INC","MEGALEXIS COMMUNICATIONS INC","Les Traductions Tessier - Megalexis communications","Les Traductions Tessier - Megalexis communications","50 to 99 employees","50 à 99 employés","666, rue Sherbrooke Ouest<br>bureau 602","666, rue Sherbrooke Ouest<br>bureau 602","Montréal","Montréal","Quebec","Quebec","H3A1E7","Canada","Canada","Public Works and Government Services Canada","Travaux publics et Services gouvernementaux Canada","","","","","","","","","","Public Works and Government Services Canada","Travaux publics et Services gouvernementaux Canada","PROCUREMENT CENTRE","CENTRE D'APPROVISIONNEMNT","EDIFICE CREMAZIE<br>70 CREMAZIE, 8TH FLOOR,GATINEAU,Quebec,K1A0S5,Canada","EDIFICE CREMAZIE<br>70 CREMAZIE, 8TH FLOOR,GATINEAU,Quebec,K1A0S5,Canada","","","","","","","","","","","","","","","",""
"UBIQUS CANADA INC (EP745-251274/001/ZF~000)","UBIQUS CANADA INC (EP745-251274/001/ZF~000)","EP745-251274/001/ZF","000","EP745-251274","","EP745-251274/001/ZF","1","2025-03-03","2025-01-24","","","2026-02-10","82782.00","82782.00","CAD","","","","","","","*R109D","*Translation Services","*Services de traduction","","","","*SRV","","","Competitive - Traditional","Concurrentielle - Traditionnelle","Highest Combined Rating of Technical Merit and Price","Cote combinée la plus élevée pour le mérite technique et le prix","","","*Canadian Free Trade Agreement (CFTA)","*Accord de libre-échange canadien (ALEC)","","","Acolad Canada Inc.","Acolad Canada Inc.","UBIQUS CANADA INC","UBIQUS CANADA INC","Acolad Canada Inc.","Acolad Canada Inc.","50 to 99 employees","50 à 99 employés","4126 rue St Denis<br>bureau 200","4126 rue St Denis<br>bureau 200","Montréal","Montréal","Quebec","Quebec","H2W2M5","Canada","Canada","Public Works and Government Services Canada","Travaux publics et Services gouvernementaux Canada","","","","","","","","","","Public Works and Government Services Canada","Travaux publics et Services gouvernementaux Canada","PROCUREMENT CENTRE","CENTRE D'APPROVISIONNEMNT","EDIFICE CREMAZIE<br>70 CREMAZIE, 8TH FLOOR,GATINEAU,Quebec,K1A0S5,Canada","EDIFICE CREMAZIE<br>70 CREMAZIE, 8TH FLOOR,GATINEAU,Quebec,K1A0S5,Canada","","","","","","","","","","","","","","","",""
"MEGALEXIS COMMUNICATIONS INC (EP745-251274/002/ZF~000)","MEGALEXIS COMMUNICATIONS INC (EP745-251274/002/ZF~000)","EP745-251274/002/ZF","000","EP745-251274","","EP745-251274/002/ZF","1","2025-03-03","2025-01-24","","","2026-02-10","82782.00","82782.00","CAD","","","","","","","*R109D","*Translation Services","*Services de traduction","","","","*SRV","","","Competitive - Traditional","Concurrentielle - Traditionnelle","Highest Combined Rating of Technical Merit and Price","Cote combinée la plus élevée pour le mérite technique et le prix","","","*Canadian Free Trade Agreement (CFTA)","*Accord de libre-échange canadien (ALEC)","","","Mégalexis communications Inc.","Mégalexis communications Inc.","MEGALEXIS COMMUNICATIONS INC","MEGALEXIS COMMUNICATIONS INC","Les Traductions Tessier - Megalexis communications","Les Traductions Tessier - Megalexis communications","50 to 99 employees","50 à 99 employés","666, rue Sherbrooke Ouest<br>bureau 602","666, rue Sherbrooke Ouest<br>bureau 602","Montréal","Montréal","Quebec","Quebec","H3A1E7","Canada","Canada","Public Works and Government Services Canada","Travaux publics et Services gouvernementaux Canada","","","","","","","","","","Public Works and Government Services Canada","Travaux publics et Services gouvernementaux Canada","PROCUREMENT CENTRE","CENTRE D'APPROVISIONNEMNT","EDIFICE CREMAZIE<br>70 CREMAZIE, 8TH FLOOR,GATINEAU,Quebec,K1A0S5,Canada","EDIFICE CREMAZIE<br>70 CREMAZIE, 8TH FLOOR,GATINEAU,Quebec,K1A0S5,Canada","","","","","","","","","","","","","","","",""
"SOLUDOC INC (EP745-251284/001/ZF~000)","SOLUDOC INC (EP745-251284/001/ZF~000)","EP745-251284/001/ZF","000","EP745-251284","","EP745-251284/001/ZF","1","2025-03-03","2025-01-20","","","2026-01-26","137970.00","137970.00","CAD","","","","","","","*R109D","*Translation Services","*Services de traduction","","","","*SRV","","","Competitive - Traditional","Concurrentielle - Traditionnelle","Highest Combined Rating of Technical Merit and Price","Cote combinée la plus élevée pour le mérite technique et le prix","","","*Canadian Free Trade Agreement (CFTA)","*Accord de libre-échange canadien (ALEC)","","","SOLUDOC INC.","SOLUDOC INC.","SOLUDOC INC","SOLUDOC INC","SOLUDOC INC.","SOLUDOC INC.","10 to 19 employees","10 à 19 employés","1115, rue Louvain Est<br>Bureau 202","1115, rue Louvain Est<br>Bureau 202","Montréal","Montréal","Quebec","Quebec","H2M2E6","Canada","Canada","Public Works and Government Services Canada","Travaux publics et Services gouvernementaux Canada","","","","","","","","","","Public Works and Government Services Canada","Travaux publics et Services gouvernementaux Canada","PROCUREMENT CENTRE","CENTRE D'APPROVISIONNEMNT","EDIFICE CREMAZIE<br>70 CREMAZIE, 8TH FLOOR,GATINEAU,Quebec,K1A0S5,Canada","EDIFICE CREMAZIE<br>70 CREMAZIE, 8TH FLOOR,GATINEAU,Quebec,K1A0S5,Canada","","","","","","","","","","","","","","","",""
"LES TRADUCTEURS REUNIS, SCC (EP745-251285/001/ZF~000)","LES TRADUCTEURS REUNIS, SCC (EP745-251285/001/ZF~000)","EP745-251285/001/ZF","000","EP745-251285","","EP745-251285/001/ZF","1","2025-03-03","2025-01-31","","","2026-02-10","264443.00","264443.00","CAD","","","","","","","*R109D","*Translation Services","*Services de traduction","","","","*SRV","","","Competitive - Open bidding","Concurrentielle - Invitation ouverte à soumissionner","Highest Combined Rating of Technical Merit and Price","Cote combinée la plus élevée pour le mérite technique et le prix","","","*Canadian Free Trade Agreement (CFTA)","*Accord de libre-échange canadien (ALEC)","","","Les Traducteurs réunis, S.C.C.","Les Traducteurs réunis, S.C.C.","LES TRADUCTEURS REUNIS, SCC","LES TRADUCTEURS REUNIS, SCC","Les Traducteurs réunis, S.C.C.","Les Traducteurs réunis, S.C.C.","5 to 9 employees","5 à 9 employés","419, boulevard Labrosse, app. 2","419, boulevard Labrosse, app. 2","Gatineau","Gatineau","Quebec","Quebec","J8P0G6","Canada","Canada","Public Works and Government Services Canada","Travaux publics et Services gouvernementaux Canada","","","","","","","","","","Public Works and Government Services Canada","Travaux publics et Services gouvernementaux Canada","PROCUREMENT CENTRE","CENTRE D'APPROVISIONNEMNT","EDIFICE CREMAZIE<br>70 CREMAZIE, 8TH FLOOR,GATINEAU,Quebec,K1A0S5,Canada","EDIFICE CREMAZIE<br>70 CREMAZIE, 8TH FLOOR,GATINEAU,Quebec,K1A0S5,Canada","","","","","","","","","","","","","","","",""
"TCI TRANSLATORS, CONFERENCE INTERPRETERS INC (EP745-251285/002/ZF~000)","TCI TRANSLATORS, CONFERENCE INTERPRETERS INC (EP745-251285/002/ZF~000)","EP745-251285/002/ZF","000","EP745-251285","","EP745-251285/002/ZF","1","2025-03-03","2025-01-31","","","2026-02-10","275940.00","275940.00","CAD","","","","","","","*R109D","*Translation Services","*Services de traduction","","","","*SRV","","","Competitive - Open bidding","Concurrentielle - Invitation ouverte à soumissionner","Highest Combined Rating of Technical Merit and Price","Cote combinée la plus élevée pour le mérite technique et le prix","","","*Canadian Free Trade Agreement (CFTA)","*Accord de libre-échange canadien (ALEC)","","","TCI TRANSLATORS, CONFERENCE INTERPRETERS INC.","TCI TRANSLATORS, CONFERENCE INTERPRETERS INC.","TCI TRANSLATORS, CONFERENCE INTERPRETERS INC","TCI TRANSLATORS, CONFERENCE INTERPRETERS INC","TCI TRANSLATORS, CONFERENCE INTERPRETERS INC.","TCI TRANSLATORS, CONFERENCE INTERPRETERS INC.","5 to 9 employees","5 à 9 employés","160 rue George, suite 1803","160 rue George, suite 1803","Ottawa","Ottawa","Ontario","Ontario","K1N9M2","Canada","Canada","Public Works and Government Services Canada","Travaux publics et Services gouvernementaux Canada","","","","","","","","","","Public Works and Government Services Canada","Travaux publics et Services gouvernementaux Canada","PROCUREMENT CENTRE","CENTRE D'APPROVISIONNEMNT","EDIFICE CREMAZIE<br>70 CREMAZIE, 8TH FLOOR,GATINEAU,Quebec,K1A0S5,Canada","EDIFICE CREMAZIE<br>70 CREMAZIE, 8TH FLOOR,GATINEAU,Quebec,K1A0S5,Canada","","","","","","","","","","","","","","","",""
"FOX TRANSLATIONS LTD (EP745-251285/003/ZF~000)","FOX TRANSLATIONS LTD (EP745-251285/003/ZF~000)","EP745-251285/003/ZF","000","EP745-251285","","EP745-251285/003/ZF","2","2025-03-03","2025-01-31","","","2026-02-10","264443.00","264443.00","CAD","","","","","","","*R109D","*Translation Services","*Services de traduction","","","","*SRV","","","Competitive - Traditional","Concurrentielle - Traditionnelle","Highest Combined Rating of Technical Merit and Price","Cote combinée la plus élevée pour le mérite technique et le prix","","","*Canadian Free Trade Agreement (CFTA)","*Accord de libre-échange canadien (ALEC)","","","Fox Translations Ltd.","Fox Translations Ltd.","FOX TRANSLATIONS LTD","FOX TRANSLATIONS LTD","Fox Translations Ltd.","Fox Translations Ltd.","10 to 19 employees","10 à 19 employés","1897 Baseline Road<br>Suite 301","1897 Baseline Road<br>Suite 301","Ottawa","Ottawa","Ontario","Ontario","K2C0C7","Canada","Canada","Public Works and Government Services Canada","Travaux publics et Services gouvernementaux Canada","","","","","","","","","","Public Works and Government Services Canada","Travaux publics et Services gouvernementaux Canada","PROCUREMENT CENTRE","CENTRE D'APPROVISIONNEMNT","EDIFICE CREMAZIE<br>70 CREMAZIE, 8TH FLOOR,GATINEAU,Quebec,K1A0S5,Canada","EDIFICE CREMAZIE<br>70 CREMAZIE, 8TH FLOOR,GATINEAU,Quebec,K1A0S5,Canada","","","","","","","","","","","","","","","",""
"CLS LEXI-TECH LTD (EP745-251318/001/ZF~000)","CLS LEXI-TECH LTD (EP745-251318/001/ZF~000)","EP745-251318/001/ZF","000","EP745-251318","","EP745-251318/001/ZF","1","2025-03-03","2025-02-04","","","2026-02-16","94854.00","94854.00","CAD","","","","","","","*R109D","*Translation Services","*Services de traduction","","","","*SRV","","","Competitive - Traditional","Concurrentielle - Traditionnelle","Highest Combined Rating of Technical Merit and Price","Cote combinée la plus élevée pour le mérite technique et le prix","","","*Canadian Free Trade Agreement (CFTA)","*Accord de libre-échange canadien (ALEC)","","","Lionbridge Ltd.","Lionbridge Ltd.","CLS LEXI-TECH LTD","CLS LEXI-TECH LTD","Lionbridge Canada","Lionbridge Canada","200 to 499 employees","200 à 499 employés","10 Dawson St.","10 Dawson St.","Dieppe","Dieppe","New Brunswick","New Brunswick","E1A6C8","Canada","Canada","Public Works and Government Services Canada","Travaux publics et Services gouvernementaux Canada","","","","","","","","","","Public Works and Government Services Canada","Travaux publics et Services gouvernementaux Canada","PROCUREMENT CENTRE","CENTRE D'APPROVISIONNEMNT","EDIFICE CREMAZIE<br>70 CREMAZIE, 8TH FLOOR,GATINEAU,Quebec,K1A0S5,Canada","EDIFICE CREMAZIE<br>70 CREMAZIE, 8TH FLOOR,GATINEAU,Quebec,K1A0S5,Canada","","","","","","","","","","","","","","","",""
"CLS LEXI-TECH LTD (EP745-251322/001/ZF~000)","CLS LEXI-TECH LTD (EP745-251322/001/ZF~000)","EP745-251322/001/ZF","000","EP745-251322","","EP745-251322/001/ZF","1","2025-01-27","2025-01-13","","","2026-02-09","64386.00","64386.00","CAD","","","","","","","*R109D","*Translation Services","*Services de traduction","","","","*SRV","","","Competitive - Traditional","Concurrentielle - Traditionnelle","Highest Combined Rating of Technical Merit and Price","Cote combinée la plus élevée pour le mérite technique et le prix","","","*Canadian Free Trade Agreement (CFTA)","*Accord de libre-échange canadien (ALEC)","","","Lionbridge Ltd.","Lionbridge Ltd.","CLS LEXI-TECH LTD","CLS LEXI-TECH LTD","Lionbridge Canada","Lionbridge Canada","200 to 499 employees","200 à 499 employés","10 Dawson St.","10 Dawson St.","Dieppe","Dieppe","New Brunswick","New Brunswick","E1A6C8","Canada","Canada","Public Works and Government Services Canada","Travaux publics et Services gouvernementaux Canada","","","","","","","","","","Public Works and Government Services Canada","Travaux publics et Services gouvernementaux Canada","PROCUREMENT CENTRE","CENTRE D'APPROVISIONNEMNT","EDIFICE CREMAZIE<br>70 CREMAZIE, 8TH FLOOR,GATINEAU,Quebec,K1A0S5,Canada","EDIFICE CREMAZIE<br>70 CREMAZIE, 8TH FLOOR,GATINEAU,Quebec,K1A0S5,Canada","","","","","","","","","","","","","","","",""
"UBIQUS CANADA INC (EP745-251350/001/ZF~000)","UBIQUS CANADA INC (EP745-251350/001/ZF~000)","EP745-251350/001/ZF","000","EP745-251350","","EP745-251350/001/ZF","1","2025-03-03","2025-02-04","","","2026-02-16","59787.00","59787.00","CAD","","","","","","","*R109D","*Translation Services","*Services de traduction","","","","*SRV","","","Competitive - Traditional","Concurrentielle - Traditionnelle","Highest Combined Rating of Technical Merit and Price","Cote combinée la plus élevée pour le mérite technique et le prix","","","*Canadian Free Trade Agreement (CFTA)","*Accord de libre-échange canadien (ALEC)","","","Acolad Canada Inc.","Acolad Canada Inc.","UBIQUS CANADA INC","UBIQUS CANADA INC","Acolad Canada Inc.","Acolad Canada Inc.","50 to 99 employees","50 à 99 employés","4126 rue St Denis<br>bureau 200","4126 rue St Denis<br>bureau 200","Montréal","Montréal","Quebec","Quebec","H2W2M5","Canada","Canada","Public Works and Government Services Canada","Travaux publics et Services gouvernementaux Canada","","","","","","","","","","Public Works and Government Services Canada","Travaux publics et Services gouvernementaux Canada","PROCUREMENT CENTRE","CENTRE D'APPROVISIONNEMNT","EDIFICE CREMAZIE<br>70 CREMAZIE, 8TH FLOOR,GATINEAU,Quebec,K1A0S5,Canada","EDIFICE CREMAZIE<br>70 CREMAZIE, 8TH FLOOR,GATINEAU,Quebec,K1A0S5,Canada","","","","","","","","","","","","","","","",""
"UBIQUS CANADA INC (EP745-251381/001/ZF~000)","UBIQUS CANADA INC (EP745-251381/001/ZF~000)","EP745-251381/001/ZF","000","EP745-251381","","EP745-251381/001/ZF","1","2025-03-27","2025-02-28","","","2028-03-23","137970.00","137970.00","CAD","","","","","","","*R109D","*Translation Services","*Services de traduction","","","","*SRV","","","Competitive - Open bidding","Concurrentielle - Invitation ouverte à soumissionner","Highest Combined Rating of Technical Merit and Price","Cote combinée la plus élevée pour le mérite technique et le prix","","","*Canadian Free Trade Agreement (CFTA)","*Accord de libre-échange canadien (ALEC)","","","Acolad Canada Inc.","Acolad Canada Inc.","UBIQUS CANADA INC","UBIQUS CANADA INC","Acolad Canada Inc.","Acolad Canada Inc.","50 to 99 employees","50 à 99 employés","4126 rue St Denis<br>bureau 200","4126 rue St Denis<br>bureau 200","Montréal","Montréal","Quebec","Quebec","H2W2M5","Canada","Canada","Public Works and Government Services Canada","Travaux publics et Services gouvernementaux Canada","","","","","","","","","","Public Works and Government Services Canada","Travaux publics et Services gouvernementaux Canada","PROCUREMENT CENTRE","CENTRE D'APPROVISIONNEMNT","EDIFICE CREMAZIE<br>70 CREMAZIE, 8TH FLOOR,GATINEAU,Quebec,K1A0S5,Canada","EDIFICE CREMAZIE<br>70 CREMAZIE, 8TH FLOOR,GATINEAU,Quebec,K1A0S5,Canada","","","","","","","","","","","","","","","",""
"VERSACOM (EP745-251381/002/ZF~000)","VERSACOM (EP745-251381/002/ZF~000)","EP745-251381/002/ZF","000","EP745-251381","","EP745-251381/002/ZF","2","2025-03-27","2025-03-04","","","2027-03-23","137970.00","137970.00","CAD","","","","","","","*R109D","*Translation Services","*Services de traduction","","","","*SRV","","","Competitive - Traditional","Concurrentielle - Traditionnelle","Highest Combined Rating of Technical Merit and Price","Cote combinée la plus élevée pour le mérite technique et le prix","","","*Canadian Free Trade Agreement (CFTA)","*Accord de libre-échange canadien (ALEC)","","","SERVICES LINGUISTIQUES VERSACOM INC.","SERVICES LINGUISTIQUES VERSACOM INC.","VERSACOM","VERSACOM","VERSACOM","VERSACOM","200 to 499 employees","200 à 499 employés","1200, ave. McGill College<br>12e étage","1200, ave. McGill College<br>12e étage","Montréal","Montréal","Quebec","Quebec","H3B4G7","Canada","Canada","Public Works and Government Services Canada","Travaux publics et Services gouvernementaux Canada","","","","","","","","","","Public Works and Government Services Canada","Travaux publics et Services gouvernementaux Canada","PROCUREMENT CENTRE","CENTRE D'APPROVISIONNEMNT","EDIFICE CREMAZIE<br>70 CREMAZIE, 8TH FLOOR,GATINEAU,Quebec,K1A0S5,Canada","EDIFICE CREMAZIE<br>70 CREMAZIE, 8TH FLOOR,GATINEAU,Quebec,K1A0S5,Canada","","","","","","","","","","","","","","","",""
"UNITED STATES DEPARTMENT OF THE AIR FORCE (AFSAC) (W8484-25MD18/001/USW~000)","UNITED STATES DEPARTMENT OF THE AIR FORCE (AFSAC) (W8484-25MD18/001/USW~000)","W8484-25MD18/001/USW","000","W8484-25MD18","","W8484-25MD18/001/USW","1","2024-10-25","2024-10-11","","","2032-12-30","35888.00","35888.00","CAD","","","","","","","*R201A","*General Office Help","*Aide générale de bureau","","","","*SRV","","","Non-competitive","Non concurrentielle","Government Objectives Representing Best Interests/Value to Govt","Objectifs gouvern.  représentant  les meilleurs intérets/valeur pour l'État","","","*None","*Aucun","","","UNITED STATES DEPARTMENT OF THE AIR FORCE (AFSAC)","UNITED STATES DEPARTMENT OF THE AIR FORCE (AFSAC)","UNITED STATES DEPARTMENT OF THE AIR FORCE (AFSAC)","UNITED STATES DEPARTMENT OF THE AIR FORCE (AFSAC)","Not applicable","Not applicable","UNKNOWN","INCONNU","1822 VAN PATTON DRIVE","1822 VAN PATTON DRIVE","WP AFB","WP AFB","Ohio","Ohio","45433","United States","United States","Public Works and Government Services Canada","Travaux publics et Services gouvernementaux Canada","","","","","","","","","","Department of National Defence","Ministère de la défense nationale","NDHQ","QGDN","101 COLONEL BY DR.,OTTAWA,Ontario,K1A0K2,Canada","101 COLONEL BY DR.,OTTAWA,Ontario,K1A0K2,Canada","","","","","","","","","","","","","","","",""
"UNITED STATES DEPARTMENT OF THE AIR FORCE (AFSAT) (W4938-25ENJP/001/USW~000)","UNITED STATES DEPARTMENT OF THE AIR FORCE (AFSAT) (W4938-25ENJP/001/USW~000)","W4938-25ENJP/001/USW","000","W4938-25ENJP","","W4938-25ENJP/001/USW","2","2024-09-24","2024-09-04","","","2031-09-04","15278016.00","15278016.00","CAD","","","","","","","*U099BA","*Pilot Training Services, Aircraft","*Services de formation pour pilote, aéronef","","","","*SRV","","","Non-competitive","Non concurrentielle","Government Objectives Representing Best Interests/Value to Govt","Objectifs gouvern.  représentant  les meilleurs intérets/valeur pour l'État","","","*None","*Aucun","","","UNITED STATES DEPARTMENT OF THE AIR FORCE (AFSAT)","UNITED STATES DEPARTMENT OF THE AIR FORCE (AFSAT)","UNITED STATES DEPARTMENT OF THE AIR FORCE (AFSAT)","UNITED STATES DEPARTMENT OF THE AIR FORCE (AFSAT)","Not applicable","Not applicable","UNKNOWN","INCONNU","315 J ST WEST","315 J ST WEST","RANDOLF AFB","RANDOLF AFB","Texas","Texas","78150","United States","United States","Public Works and Government Services Canada","Travaux publics et Services gouvernementaux Canada","","","","","","","","","","Department of National Defence","Ministère de la défense nationale","CDN DEFENCE ACADEMY HDQTRS","N/D","STN FORCES<br>P.O.BOX 17000,KINGSTON,Ontario,K7K7B4,Canada","STN FORCES<br>P.O.BOX 17000,KINGSTON,Ontario,K7K7B4,Canada","","","","","","","","","","","","","","","",""
"UNITED STATES DEPARTMENT OF THE AIR FORCE (AFSAT) (W4938-24CC17/001/USW~000)","UNITED STATES DEPARTMENT OF THE AIR FORCE (AFSAT) (W4938-24CC17/001/USW~000)","W4938-24CC17/001/USW","000","W4938-24CC17","","W4938-24CC17/001/USW","2","2024-06-27","2024-06-19","","","2031-06-19","6906504.00","11729685.00","CAD","","","","","","","*U099BE","*Airborne Combat Support Training - Fighter and Trainer Aircraft only","*Formation de soutien au combat aéroporté - Avion de chasse et d'entraînement seulement","","","","*SRV","","","Non-competitive","Non concurrentielle","Government Objectives Representing Best Interests/Value to Govt","Objectifs gouvern.  représentant  les meilleurs intérets/valeur pour l'État","","","*None","*Aucun","","","UNITED STATES DEPARTMENT OF THE AIR FORCE (AFSAT)","UNITED STATES DEPARTMENT OF THE AIR FORCE (AFSAT)","UNITED STATES DEPARTMENT OF THE AIR FORCE (AFSAT)","UNITED STATES DEPARTMENT OF THE AIR FORCE (AFSAT)","Not applicable","Not applicable","UNKNOWN","INCONNU","315 J ST WEST","315 J ST WEST","RANDOLF AFB","RANDOLF AFB","Texas","Texas","78150","United States","United States","Public Works and Government Services Canada","Travaux publics et Services gouvernementaux Canada","","","","","","","","","","Department of National Defence","Ministère de la défense nationale","CDN DEFENCE ACADEMY HDQTRS","N/D","STN FORCES<br>P.O.BOX 17000,KINGSTON,Ontario,K7K7B4,Canada","STN FORCES<br>P.O.BOX 17000,KINGSTON,Ontario,K7K7B4,Canada","","","","","","","","","","","","","","","",""
"UNITED STATES DEPARTMENT OF THE ARMY (TRADOC) (W4938-24ARBO/001/USW~000)","UNITED STATES DEPARTMENT OF THE ARMY (TRADOC) (W4938-24ARBO/001/USW~000)","W4938-24ARBO/001/USW","000","W4938-24ARBO","","W4938-24ARBO/001/USW","4","2024-08-27","2024-08-13","","","2031-08-13","338487.00","754129.00","CAD","","","","","","","*U099U","*Career Path Planning Training Courses","*Cours de formation sur la planification des carrières","","","","*SRV","","","Non-competitive","Non concurrentielle","Government Objectives Representing Best Interests/Value to Govt","Objectifs gouvern.  représentant  les meilleurs intérets/valeur pour l'État","","","*None","*Aucun","","","UNITED STATES DEPARTMENT OF THE ARMY (TRADOC)","UNITED STATES DEPARTMENT OF THE ARMY (TRADOC)","UNITED STATES DEPARTMENT OF THE ARMY (TRADOC)","UNITED STATES DEPARTMENT OF THE ARMY (TRADOC)","Not applicable","Not applicable","UNKNOWN","INCONNU","173 BERNARD ROAD","173 BERNARD ROAD","FORT MONROE","FORT MONROE","Virginia","Virginia","23651","United States","United States","Public Works and Government Services Canada","Travaux publics et Services gouvernementaux Canada","","","","","","","","","","Department of National Defence","Ministère de la défense nationale","CDN DEFENCE ACADEMY HDQTRS","N/D","STN FORCES<br>P.O.BOX 17000,KINGSTON,Ontario,K7K7B4,Canada","STN FORCES<br>P.O.BOX 17000,KINGSTON,Ontario,K7K7B4,Canada","","","","","","","","","","","","","","","",""
"UNITED STATES DEPARTMENT OF THE ARMY (TRADOC) (W4938-24OTCN/001/USW~000)","UNITED STATES DEPARTMENT OF THE ARMY (TRADOC) (W4938-24OTCN/001/USW~000)","W4938-24OTCN/001/USW","000","W4938-24OTCN","","W4938-24OTCN/001/USW","2","2024-09-24","2024-08-20","","","2031-08-20","1786178.00","3683557.00","CAD","","","","","","","*U099C","*Educational Services, N.E.S.","*Services pédagogiques, N.E.A.","","","","*SRV","","","Non-competitive","Non concurrentielle","Government Objectives Representing Best Interests/Value to Govt","Objectifs gouvern.  représentant  les meilleurs intérets/valeur pour l'État","","","*None","*Aucun","","","UNITED STATES DEPARTMENT OF THE ARMY (TRADOC)","UNITED STATES DEPARTMENT OF THE ARMY (TRADOC)","UNITED STATES DEPARTMENT OF THE ARMY (TRADOC)","UNITED STATES DEPARTMENT OF THE ARMY (TRADOC)","Not applicable","Not applicable","UNKNOWN","INCONNU","173 BERNARD ROAD","173 BERNARD ROAD","FORT MONROE","FORT MONROE","Virginia","Virginia","23651","United States","United States","Public Works and Government Services Canada","Travaux publics et Services gouvernementaux Canada","","","","","","","","","","Department of National Defence","Ministère de la défense nationale","CDN DEFENCE ACADEMY HDQTRS","N/D","STN FORCES<br>P.O.BOX 17000,KINGSTON,Ontario,K7K7B4,Canada","STN FORCES<br>P.O.BOX 17000,KINGSTON,Ontario,K7K7B4,Canada","","","","","","","","","","","","","","","",""
"STILL INTERPRETING, INC (E60ZS-241444/001/ZF~000)","STILL INTERPRETING, INC (E60ZS-241444/001/ZF~000)","E60ZS-241444/001/ZF","000","E60ZS-241444","","E60ZS-241444/001/ZF","2","2024-06-27","2024-06-10","","","2025-06-30","215578.00","200056.00","CAD","","","","","","","*R109D","*Translation Services","*Services de traduction","","","","*SRV","","","Competitive - Open bidding","Concurrentielle - Invitation ouverte à soumissionner","Highest Combined Rating of Technical Merit and Price","Cote combinée la plus élevée pour le mérite technique et le prix","","","*Canadian Free Trade Agreement (CFTA)","*Accord de libre-échange canadien (ALEC)","","","Still Interpreting, Inc.","Still Interpreting, Inc.","STILL INTERPRETING, INC","STILL INTERPRETING, INC","Still Interpreting, Inc.","Still Interpreting, Inc.","1 to 4 employees","1 à 4 employés","926 Dundonald Drive","926 Dundonald Drive","Port Moody","Port Moody","British Columbia","British Columbia","V3H1B7","Canada","Canada","Public Works and Government Services Canada","Travaux publics et Services gouvernementaux Canada","","","","","","","","","","Public Works and Government Services Canada","Travaux publics et Services gouvernementaux Canada","CLOSED CAPTIONING VISUAL INTER","SOUS-TITRAGE INTERPRET VISUEL","70 CREMAZIE STREET, 9th FLOOR,GATINEAU,Quebec,K1A0S5,Canada","70 CREMAZIE STREET, 9th FLOOR,GATINEAU,Quebec,K1A0S5,Canada","","","","","","","","","","","","","","","",""
"SIGN LANGUAGE INTERPRETING ASSOCIATES OTTAWA INC (E60ZS-241444/003/ZF~000)","SIGN LANGUAGE INTERPRETING ASSOCIATES OTTAWA INC (E60ZS-241444/003/ZF~000)","E60ZS-241444/003/ZF","000","E60ZS-241444","","E60ZS-241444/003/ZF","6","2024-06-27","2024-06-11","","","2025-06-30","287438.00","3273798.15","CAD","","","","","","","*R109D","*Translation Services","*Services de traduction","","","","*SRV","","","Competitive - Open bidding","Concurrentielle - Invitation ouverte à soumissionner","Highest Combined Rating of Technical Merit and Price","Cote combinée la plus élevée pour le mérite technique et le prix","","","*Canadian Free Trade Agreement (CFTA)","*Accord de libre-échange canadien (ALEC)","","","ASIGN INC.","ASIGN INC.","SIGN LANGUAGE INTERPRETING ASSOCIATES OTTAWA INC","SIGN LANGUAGE INTERPRETING ASSOCIATES OTTAWA INC","Asign","Asign","100 to 199 employees","100 à 199 employés","190 Colonnade Road South<br>Unit #21","190 Colonnade Road South<br>Unit #21","Ottawa","Ottawa","Ontario","Ontario","K2E7J5","Canada","Canada","Public Works and Government Services Canada","Travaux publics et Services gouvernementaux Canada","","","","","","","","","","Public Works and Government Services Canada","Travaux publics et Services gouvernementaux Canada","CLOSED CAPTIONING VISUAL INTER","SOUS-TITRAGE INTERPRET VISUEL","70 CREMAZIE STREET, 9th FLOOR,GATINEAU,Quebec,K1A0S5,Canada","70 CREMAZIE STREET, 9th FLOOR,GATINEAU,Quebec,K1A0S5,Canada","","","","","","","","","","","","","","","",""
"JORDAN GOLDMAN (E60ZS-241444/002/ZF~000)","JORDAN GOLDMAN (E60ZS-241444/002/ZF~000)","E60ZS-241444/002/ZF","000","E60ZS-241444","","E60ZS-241444/002/ZF","4","2024-06-27","2024-06-10","","","2025-06-30","215578.00","123598.13","CAD","","","","","","","*R109D","*Translation Services","*Services de traduction","","","","*SRV","","","Competitive - Open bidding","Concurrentielle - Invitation ouverte à soumissionner","Highest Combined Rating of Technical Merit and Price","Cote combinée la plus élevée pour le mérite technique et le prix","","","*Canadian Free Trade Agreement (CFTA)","*Accord de libre-échange canadien (ALEC)","","","Jordan Goldman","Jordan Goldman","JORDAN GOLDMAN","JORDAN GOLDMAN","Jordan Goldman","Jordan Goldman","Self-employed","Travailleur autonome","150 Berlioz Street<br>unit 634","150 Berlioz Street<br>unit 634","Verdun","Verdun","Quebec","Quebec","H3E1K3","Canada","Canada","Public Works and Government Services Canada","Travaux publics et Services gouvernementaux Canada","","","","","","","","","","Public Works and Government Services Canada","Travaux publics et Services gouvernementaux Canada","CLOSED CAPTIONING VISUAL INTER","SOUS-TITRAGE INTERPRET VISUEL","70 CREMAZIE STREET, 9th FLOOR,GATINEAU,Quebec,K1A0S5,Canada","70 CREMAZIE STREET, 9th FLOOR,GATINEAU,Quebec,K1A0S5,Canada","","","","","","","","","","","","","","","",""
"SEAN MACALISTER (E60ZS-241444/004/ZF~000)","SEAN MACALISTER (E60ZS-241444/004/ZF~000)","E60ZS-241444/004/ZF","000","E60ZS-241444","","E60ZS-241444/004/ZF","4","2024-06-27","2024-06-11","","","2025-06-30","215578.00","200056.50","CAD","","","","","","","*R109D","*Translation Services","*Services de traduction","","","","*SRV","","","Competitive - Open bidding","Concurrentielle - Invitation ouverte à soumissionner","Highest Combined Rating of Technical Merit and Price","Cote combinée la plus élevée pour le mérite technique et le prix","","","*Canadian Free Trade Agreement (CFTA)","*Accord de libre-échange canadien (ALEC)","","","Sean Macalister","Sean Macalister","SEAN MACALISTER","SEAN MACALISTER","Sean Macalister","Sean Macalister","1 to 4 employees","1 à 4 employés","5312 Carleton Court","5312 Carleton Court","Burnaby","Burnaby","British Columbia","British Columbia","V5H2N5","Canada","Canada","Public Works and Government Services Canada","Travaux publics et Services gouvernementaux Canada","","","","","","","","","","Public Works and Government Services Canada","Travaux publics et Services gouvernementaux Canada","CLOSED CAPTIONING VISUAL INTER","SOUS-TITRAGE INTERPRET VISUEL","70 CREMAZIE STREET, 9th FLOOR,GATINEAU,Quebec,K1A0S5,Canada","70 CREMAZIE STREET, 9th FLOOR,GATINEAU,Quebec,K1A0S5,Canada","","","","","","","","","","","","","","","",""
"LINDA POGOR (E60ZS-241444/005/ZF~000)","LINDA POGOR (E60ZS-241444/005/ZF~000)","E60ZS-241444/005/ZF","000","E60ZS-241444","","E60ZS-241444/005/ZF","4","2024-06-27","2024-06-11","","","2025-06-30","215578.00","114975.00","CAD","","","","","","","*R109D","*Translation Services","*Services de traduction","","","","*SRV","","","Competitive - Open bidding","Concurrentielle - Invitation ouverte à soumissionner","Highest Combined Rating of Technical Merit and Price","Cote combinée la plus élevée pour le mérite technique et le prix","","","*Canadian Free Trade Agreement (CFTA)","*Accord de libre-échange canadien (ALEC)","","","LINDA POGOR","LINDA POGOR","LINDA POGOR","LINDA POGOR","Linda Pogor","Linda Pogor","1 to 4 employees","1 à 4 employés","4 Hunters Court","4 Hunters Court","Fonthill","Fonthill","Ontario","Ontario","L0S1E4","Canada","Canada","Public Works and Government Services Canada","Travaux publics et Services gouvernementaux Canada","","","","","","","","","","Public Works and Government Services Canada","Travaux publics et Services gouvernementaux Canada","CLOSED CAPTIONING VISUAL INTER","SOUS-TITRAGE INTERPRET VISUEL","70 CREMAZIE STREET, 9th FLOOR,GATINEAU,Quebec,K1A0S5,Canada","70 CREMAZIE STREET, 9th FLOOR,GATINEAU,Quebec,K1A0S5,Canada","","","","","","","","","","","","","","","",""
"LINDA SAWYER (E60ZS-241444/006/ZF~000)","LINDA SAWYER (E60ZS-241444/006/ZF~000)","E60ZS-241444/006/ZF","000","E60ZS-241444","","E60ZS-241444/006/ZF","4","2024-06-27","2024-06-11","","","2025-06-30","215578.00","142281.56","CAD","","","","","","","*R109D","*Translation Services","*Services de traduction","","","","*SRV","","","Competitive - Open bidding","Concurrentielle - Invitation ouverte à soumissionner","Highest Combined Rating of Technical Merit and Price","Cote combinée la plus élevée pour le mérite technique et le prix","","","*Canadian Free Trade Agreement (CFTA)","*Accord de libre-échange canadien (ALEC)","","","Linda Sawyer","Linda Sawyer","LINDA SAWYER","LINDA SAWYER","Linda Sawyer","Linda Sawyer","Self-employed","Travailleur autonome","3511 Victoria","3511 Victoria","Lac Mégantic","Lac Mégantic","Quebec","Quebec","G6B1R9","Canada","Canada","Public Works and Government Services Canada","Travaux publics et Services gouvernementaux Canada","","","","","","","","","","Public Works and Government Services Canada","Travaux publics et Services gouvernementaux Canada","CLOSED CAPTIONING VISUAL INTER","SOUS-TITRAGE INTERPRET VISUEL","70 CREMAZIE STREET, 9th FLOOR,GATINEAU,Quebec,K1A0S5,Canada","70 CREMAZIE STREET, 9th FLOOR,GATINEAU,Quebec,K1A0S5,Canada","","","","","","","","","","","","","","","",""
"NATHALIE GILBERT (E60ZS-241444/007/ZF~000)","NATHALIE GILBERT (E60ZS-241444/007/ZF~000)","E60ZS-241444/007/ZF","000","E60ZS-241444","","E60ZS-241444/007/ZF","4","2024-06-27","2024-06-11","","","2025-06-30","215578.00","143718.75","CAD","","","","","","","*R109D","*Translation Services","*Services de traduction","","","","*SRV","","","Competitive - Open bidding","Concurrentielle - Invitation ouverte à soumissionner","Highest Combined Rating of Technical Merit and Price","Cote combinée la plus élevée pour le mérite technique et le prix","","","*Canadian Free Trade Agreement (CFTA)","*Accord de libre-échange canadien (ALEC)","","","Nathalie Gilbert","Nathalie Gilbert","NATHALIE GILBERT","NATHALIE GILBERT","Nathalie Gilbert","Nathalie Gilbert","1 to 4 employees","1 à 4 employés","Nathalie Gilbert<br>1116 Rue Bélanger","Nathalie Gilbert<br>1116 Rue Bélanger","Saint-Agapit,","Saint-Agapit,","Quebec","Quebec","G0S1Z0","Canada","Canada","Public Works and Government Services Canada","Travaux publics et Services gouvernementaux Canada","","","","","","","","","","Public Works and Government Services Canada","Travaux publics et Services gouvernementaux Canada","CLOSED CAPTIONING VISUAL INTER","SOUS-TITRAGE INTERPRET VISUEL","70 CREMAZIE STREET, 9th FLOOR,GATINEAU,Quebec,K1A0S5,Canada","70 CREMAZIE STREET, 9th FLOOR,GATINEAU,Quebec,K1A0S5,Canada","","","","","","","","","","","","","","","",""
"GENEVIEVE BUJOLD (E60ZS-241444/008/ZF~000)","GENEVIEVE BUJOLD (E60ZS-241444/008/ZF~000)","E60ZS-241444/008/ZF","000","E60ZS-241444","","E60ZS-241444/008/ZF","4","2024-06-27","2024-06-11","","","2025-06-30","215578.00","148317.75","CAD","","","","","","","*R109D","*Translation Services","*Services de traduction","","","","*SRV","","","Competitive - Open bidding","Concurrentielle - Invitation ouverte à soumissionner","Highest Combined Rating of Technical Merit and Price","Cote combinée la plus élevée pour le mérite technique et le prix","","","*Canadian Free Trade Agreement (CFTA)","*Accord de libre-échange canadien (ALEC)","","","Genevieve Bujold","Genevieve Bujold","GENEVIEVE BUJOLD","GENEVIEVE BUJOLD","Genevieve Bujold","Genevieve Bujold","1 to 4 employees","1 à 4 employés","3771 Belair","3771 Belair","Montreal","Montreal","Quebec","Quebec","H2A2B8","Canada","Canada","Public Works and Government Services Canada","Travaux publics et Services gouvernementaux Canada","","","","","","","","","","Public Works and Government Services Canada","Travaux publics et Services gouvernementaux Canada","CLOSED CAPTIONING VISUAL INTER","SOUS-TITRAGE INTERPRET VISUEL","70 CREMAZIE STREET, 9th FLOOR,GATINEAU,Quebec,K1A0S5,Canada","70 CREMAZIE STREET, 9th FLOOR,GATINEAU,Quebec,K1A0S5,Canada","","","","","","","","","","","","","","","",""
"INTERPRETATION SIGNES ET PAROLES INC (E60ZS-241444/009/ZF~000)","INTERPRETATION SIGNES ET PAROLES INC (E60ZS-241444/009/ZF~000)","E60ZS-241444/009/ZF","000","E60ZS-241444","","E60ZS-241444/009/ZF","4","2024-06-27","2024-06-11","","","2025-06-30","215578.00","183960.00","CAD","","","","","","","*R109D","*Translation Services","*Services de traduction","","","","*SRV","","","Competitive - Open bidding","Concurrentielle - Invitation ouverte à soumissionner","Highest Combined Rating of Technical Merit and Price","Cote combinée la plus élevée pour le mérite technique et le prix","","","*Canadian Free Trade Agreement (CFTA)","*Accord de libre-échange canadien (ALEC)","","","INTERPRÉTATION SIGNES ET PAROLES INC.","INTERPRÉTATION SIGNES ET PAROLES INC.","INTERPRETATION SIGNES ET PAROLES INC","INTERPRETATION SIGNES ET PAROLES INC","INTERPRÉTATION SIGNES ET PAROLES INC.","INTERPRÉTATION SIGNES ET PAROLES INC.","10 to 19 employees","10 à 19 employés","247 Freeman","247 Freeman","Gatineau","Gatineau","Quebec","Quebec","J8Z2A9","Canada","Canada","Public Works and Government Services Canada","Travaux publics et Services gouvernementaux Canada","","","","","","","","","","Public Works and Government Services Canada","Travaux publics et Services gouvernementaux Canada","CLOSED CAPTIONING VISUAL INTER","SOUS-TITRAGE INTERPRET VISUEL","70 CREMAZIE STREET, 9th FLOOR,GATINEAU,Quebec,K1A0S5,Canada","70 CREMAZIE STREET, 9th FLOOR,GATINEAU,Quebec,K1A0S5,Canada","","","","","","","","","","","","","","","",""
"MARINENAV LTD (F2934-230439/001/ML~000)","MARINENAV LTD (F2934-230439/001/ML~000)","F2934-230439/001/ML","000","F2934-230439","","F2934-230439/001/ML","1","2024-07-27","2024-07-16","","","2025-07-16","28957.00","28957.00","CAD","","","","","","","*N2090","*Ship and Marine Miscellaneous Equipment","*Équipement de navire et matériel naval","","","","*GD","","","Non-competitive","Non concurrentielle","Low Dollar Value","Faible valeur","","","*None","*Aucun","","","MarineNav Ltd","MarineNav Ltd","MARINENAV LTD","MARINENAV LTD","MarineNav Ltd","MarineNav Ltd","10 to 19 employees","10 à 19 employés","Panmure Island Wharf<br>Panmure Island","Panmure Island Wharf<br>Panmure Island","Montague","Montague","Prince Edward Island","Prince Edward Island","C0A1R0","Canada","Canada","Public Works and Government Services Canada","Travaux publics et Services gouvernementaux Canada","","","","","","","","","","Fisheries and Oceans Canada / Fisheries and Oceans Canada","Pêches et Océans Canada / Pêches et Océans Canada","INFORMATICS / INFORMATICS","N/D / N/D","200 KENT STREET<br>11th FLOOR,OTTAWA,Ontario,K1A0E6,Canada / 200 KENT STREET<br>11th FLOOR,OTTAWA,Ontario,K1A0E6,Canada","200 KENT STREET<br>11th FLOOR,OTTAWA,Ontario,K1A0E6,Canada / 200 KENT STREET<br>11th FLOOR,OTTAWA,Ontario,K1A0E6,Canada","","","","","","","","","","","","","","","",""
"WARTSILA NORTH AMERICA, INC (F3065-240115/001/ML~000)","WARTSILA NORTH AMERICA, INC (F3065-240115/001/ML~000)","F3065-240115/001/ML","000","F3065-240115","","F3065-240115/001/ML","1","2024-06-27","2024-05-28","","","2024-08-15","91425.00","91425.00","CAD","","","","","","","*N2090","*Ship and Marine Miscellaneous Equipment","*Équipement de navire et matériel naval","","","","*GD","","","Non-competitive","Non concurrentielle","","","Exclusive Rights","Droits exclusifs","*Canadian Free Trade Agreement (CFTA)","*Accord de libre-échange canadien (ALEC)","","","Wärtsilä North America, Inc.","Wärtsilä North America, Inc.","WARTSILA NORTH AMERICA, INC","WARTSILA NORTH AMERICA, INC","Wärtsilä North America, Inc.","Wärtsilä North America, Inc.","UNKNOWN","INCONNU","11710 North Gessner Road, Suite A","11710 North Gessner Road, Suite A","Houston","Houston","Texas","Texas","77064","United States","United States","Public Works and Government Services Canada","Travaux publics et Services gouvernementaux Canada","","","","","","","","","","Fisheries and Oceans Canada","Pêches et Océans Canada","CCG NAVAL ENGINEERING","GCC INGENIERIE NAVALE","101 BOUL.CHAMPLAIN R.C.,QUEBEC,Quebec,G1K7Y7,Canada","101 BOUL.CHAMPLAIN R.C.,QUEBEC,Quebec,G1K7Y7,Canada","","","","","","","","","","","","","","","",""
"DSS MARINE INC (F5411-240101/001/ML~000)","DSS MARINE INC (F5411-240101/001/ML~000)","F5411-240101/001/ML","000","F5411-240101","","F5411-240101/001/ML","2","2025-01-27","2024-12-20","","","2025-03-31","261800.00","550800.00","CAD","","","","","","","*N2090","*Ship and Marine Miscellaneous Equipment","*Équipement de navire et matériel naval","","","","*GD","","","Advance contract award notice","Préavis d'attribution du contrat","","","Exclusive Rights","Droits exclusifs","","","","","DSS PROTECTION NS INC.","DSS PROTECTION NS INC.","DSS MARINE INC","DSS MARINE INC","DSS Marine Incorporated","DSS Marine Incorporated","10 to 19 employees","10 à 19 employés","71 Wright Ave.","71 Wright Ave.","Dartmouth","Dartmouth","Nova Scotia","Nova Scotia","B3B1H4","Canada","Canada","Public Works and Government Services Canada","Travaux publics et Services gouvernementaux Canada","","","","","","","","","","Fisheries and Oceans Canada","Pêches et Océans Canada","CCG/ OPRTNS INCDNT MNGMNT","OPRTNS GSTN INCDNTS","200 KENT ST, 6 FL,OTTAWA,Ontario,K1A0E6,Canada","200 KENT ST, 6 FL,OTTAWA,Ontario,K1A0E6,Canada","","","","","","","","","","","","","","","",""
"GO DEEP INTERNATIONAL INC (F7047-231212/001/ERD~000)","GO DEEP INTERNATIONAL INC (F7047-231212/001/ERD~000)","F7047-231212/001/ERD","000","F7047-231212","","F7047-231212/001/ERD","2","2024-10-25","2024-09-26","","","2026-09-27","0.00","0.00","CAD","","","","","","","*N2050C","*Buoys, Plastic","*Bouées, en plastique","","","","*GD","","","Competitive - Open bidding","Concurrentielle - Invitation ouverte à soumissionner","Lowest Price","Prix le plus bas","","","","","","","Go Deep International Inc.","Go Deep International Inc.","GO DEEP INTERNATIONAL INC","GO DEEP INTERNATIONAL INC","Go Deep International Inc.","Go Deep International Inc.","10 to 19 employees","10 à 19 employés","10 Watertower Road","10 Watertower Road","Saint John","Saint John","New Brunswick","New Brunswick","E2M7K2","Canada","Canada","Public Works and Government Services Canada","Travaux publics et Services gouvernementaux Canada","","","","","","","","","","Fisheries and Oceans Canada","Pêches et Océans Canada","CCG DIRECTOR SERVICES DELIVERY","DIRECTEUR, PRESTATN DE SERVICE","INTEGRATED TECHNICAL SERVICES<br>200 KENT ST - STN 7S036,OTTAWA,Ontario,K1A0E6,Canada","INTEGRATED TECHNICAL SERVICES<br>200 KENT ST - STN 7S036,OTTAWA,Ontario,K1A0E6,Canada","","","","","","","","","","","","","","","",""
"SCHOTTEL INC (F7013-240240/001/ML~000)","SCHOTTEL INC (F7013-240240/001/ML~000)","F7013-240240/001/ML","000","F7013-240240","","F7013-240240/001/ML","2","2025-03-27","2025-03-12","","","2027-04-01","651675.00","651797.00","CAD","","","","","","","*N2090","*Ship and Marine Miscellaneous Equipment","*Équipement de navire et matériel naval","","","","*GD","","","Non-competitive","Non concurrentielle","","","Exclusive Rights","Droits exclusifs","","","","","SCHOTTEL INC","SCHOTTEL INC","SCHOTTEL INC","SCHOTTEL INC","SCHOTTEL INC","SCHOTTEL INC","20 to 49 employees","20 à 49 employés","1741 Denley Rd","1741 Denley Rd","Houma","Houma","Louisiana","Louisiana","70363","United States","United States","Public Works and Government Services Canada","Travaux publics et Services gouvernementaux Canada","","","","","","","","","","Fisheries and Oceans Canada","Pêches et Océans Canada","MAJOR CROWN PROJECTS DIR.","DIR GRANDS PROJETS D'ETAT","3RD FL.<br>200 ELGIN ST,OTTAWA,Ontario,K2P1L5,Canada","3RD FL.<br>200 ELGIN ST,OTTAWA,Ontario,K2P1L5,Canada","","","","","","","","","","","","","","","",""
"GEA MECHANICAL EQUIPMENT INC (F7044-230486/001/ML~000)","GEA MECHANICAL EQUIPMENT INC (F7044-230486/001/ML~000)","F7044-230486/001/ML","000","F7044-230486","","F7044-230486/001/ML","2","2024-11-29","2024-11-12","","","2025-11-14","200000.00","200000.00","CAD","","","","","","","*N2090","*Ship and Marine Miscellaneous Equipment","*Équipement de navire et matériel naval","","","","*GD","","","Non-competitive","Non concurrentielle","","","Exclusive Rights","Droits exclusifs","*Canadian Free Trade Agreement (CFTA)","*Accord de libre-échange canadien (ALEC)","","","GEA CANADA INC.","GEA CANADA INC.","GEA MECHANICAL EQUIPMENT INC","GEA MECHANICAL EQUIPMENT INC","GEA CANADA INC.","GEA CANADA INC.","10 to 19 employees","10 à 19 employés","4145 North Service Road<br>2nd floor","4145 North Service Road<br>2nd floor","Burlington","Burlington","Ontario","Ontario","L7L6A3","Canada","Canada","Public Works and Government Services Canada","Travaux publics et Services gouvernementaux Canada","","","","","","","","","","Fisheries and Oceans Canada","Pêches et Océans Canada","D/PROJ.MGR STIMULUS PACKAGE","GEST.A.PRGM PLAN ACTION ECON.","INTEGRATED TECHNICAL SERVICES<br>200 KENT ST STN. 7W060,OTTAWA,Ontario,K1A0E6,Canada","INTEGRATED TECHNICAL SERVICES<br>200 KENT ST STN. 7W060,OTTAWA,Ontario,K1A0E6,Canada","","","","","","","","","","","","","","","",""
"TOROMONT INDUSTRIES LTD/ INDUSTRIES TOROMONT LTD (F7044-230751/001/ML~000)","TOROMONT INDUSTRIES LTD/ INDUSTRIES TOROMONT LTD (F7044-230751/001/ML~000)","F7044-230751/001/ML","000","F7044-230751","","F7044-230751/001/ML","2","2024-09-24","2024-09-12","","","2025-12-31","4000000.00","15000000.00","CAD","","","","","","","*N2090","*Ship and Marine Miscellaneous Equipment","*Équipement de navire et matériel naval","","","","*GD","","","Non-competitive","Non concurrentielle","","","Exclusive Rights","Droits exclusifs","*Canadian Free Trade Agreement (CFTA)","*Accord de libre-échange canadien (ALEC)","","","TOROMONT INDUSTRIES LTD./ INDUSTRIES TOROMONT LTEE","TOROMONT INDUSTRIES LTD./ INDUSTRIES TOROMONT LTEE","TOROMONT INDUSTRIES LTD/ INDUSTRIES TOROMONT LTD","TOROMONT INDUSTRIES LTD/ INDUSTRIES TOROMONT LTD","TOROMONT INDUSTRIES LTD./ INDUSTRIES TOROMONT LTEE","TOROMONT INDUSTRIES LTD./ INDUSTRIES TOROMONT LTEE","5000 employees and over","5000 employés et plus","3131 Highway # 7 West","3131 Highway # 7 West","Concord","Concord","Ontario","Ontario","L4K1B7","Canada","Canada","Public Works and Government Services Canada","Travaux publics et Services gouvernementaux Canada","","","","","","","","","","Fisheries and Oceans Canada","Pêches et Océans Canada","D/PROJ.MGR STIMULUS PACKAGE","GEST.A.PRGM PLAN ACTION ECON.","INTEGRATED TECHNICAL SERVICES<br>200 KENT ST STN. 7W060,OTTAWA,Ontario,K1A0E6,Canada","INTEGRATED TECHNICAL SERVICES<br>200 KENT ST STN. 7W060,OTTAWA,Ontario,K1A0E6,Canada","","","","","","","","","","","","","","","",""
"BENDER CANADA INC (F7044-230908/002/ML~000)","BENDER CANADA INC (F7044-230908/002/ML~000)","F7044-230908/002/ML","000","F7044-230908","","F7044-230908/002/ML","1","2025-03-27","2025-03-11","","","2027-03-31","210685.00","210685.00","CAD","","","","","","","*N2090","*Ship and Marine Miscellaneous Equipment","*Équipement de navire et matériel naval","","","","*GD","","","Non-competitive","Non concurrentielle","","","Exclusive Rights","Droits exclusifs","","","","","BENDER CANADA INC.","BENDER CANADA INC.","BENDER CANADA INC","BENDER CANADA INC","BENDER CANADA INC","BENDER CANADA INC","5 to 9 employees","5 à 9 employés","5810 AMBLER DRIVE<br>UNIT 1","5810 AMBLER DRIVE<br>UNIT 1","MISSISSAUGA","MISSISSAUGA","Ontario","Ontario","L4W4J5","Canada","Canada","Public Works and Government Services Canada","Travaux publics et Services gouvernementaux Canada","","","","","","","","","","Fisheries and Oceans Canada","Pêches et Océans Canada","D/PROJ.MGR STIMULUS PACKAGE","GEST.A.PRGM PLAN ACTION ECON.","INTEGRATED TECHNICAL SERVICES<br>200 KENT ST STN. 7W060,OTTAWA,Ontario,K1A0E6,Canada","INTEGRATED TECHNICAL SERVICES<br>200 KENT ST STN. 7W060,OTTAWA,Ontario,K1A0E6,Canada","","","","","","","","","","","","","","","",""
"TECHSOL (F7044-230957/001/ML~000)","TECHSOL (F7044-230957/001/ML~000)","F7044-230957/001/ML","000","F7044-230957","","F7044-230957/001/ML","2","2025-04-29","2025-03-21","","","2025-12-31","1500000.00","1500000.00","CAD","","","","","","","*N2090","*Ship and Marine Miscellaneous Equipment","*Équipement de navire et matériel naval","","","","*GD","","","Non-competitive","Non concurrentielle","","","Exclusive Rights","Droits exclusifs","*Canadian Free Trade Agreement (CFTA)","*Accord de libre-échange canadien (ALEC)","","","TECHSOL MARINE INC.","TECHSOL MARINE INC.","TECHSOL","TECHSOL","TECHSOL","TECHSOL","50 to 99 employees","50 à 99 employés","105, Abraham-Martin, ste 500","105, Abraham-Martin, ste 500","Quebec","Quebec","Quebec","Quebec","G1K8N1","Canada","Canada","Public Works and Government Services Canada","Travaux publics et Services gouvernementaux Canada","","","","","","","","","","Fisheries and Oceans Canada","Pêches et Océans Canada","D/PROJ.MGR STIMULUS PACKAGE","GEST.A.PRGM PLAN ACTION ECON.","INTEGRATED TECHNICAL SERVICES<br>200 KENT ST STN. 7W060,OTTAWA,Ontario,K1A0E6,Canada","INTEGRATED TECHNICAL SERVICES<br>200 KENT ST STN. 7W060,OTTAWA,Ontario,K1A0E6,Canada","","","","","","","","","","","","","","","",""
"HERMONT MARINE INC (F7044-240100/001/ML~000)","HERMONT MARINE INC (F7044-240100/001/ML~000)","F7044-240100/001/ML","000","F7044-240100","","F7044-240100/001/ML","2","2024-11-29","2024-10-24","","","2025-12-31","500000.00","500000.00","CAD","","","","","","","*N2090","*Ship and Marine Miscellaneous Equipment","*Équipement de navire et matériel naval","","","","*GD","","","Non-competitive","Non concurrentielle","","","Exclusive Rights","Droits exclusifs","*Canadian Free Trade Agreement (CFTA)","*Accord de libre-échange canadien (ALEC)","","","Hermont Marine Inc","Hermont Marine Inc","HERMONT MARINE INC","HERMONT MARINE INC","Hermont Marine Inc","Hermont Marine Inc","5 to 9 employees","5 à 9 employés","19501 CLARK GRAHAM<br>SUITE 100","19501 CLARK GRAHAM<br>SUITE 100","BAIE DURFE","BAIE DURFE","Quebec","Quebec","H9X3T1","Canada","Canada","Public Works and Government Services Canada","Travaux publics et Services gouvernementaux Canada","","","","","","","","","","Fisheries and Oceans Canada","Pêches et Océans Canada","D/PROJ.MGR STIMULUS PACKAGE","GEST.A.PRGM PLAN ACTION ECON.","INTEGRATED TECHNICAL SERVICES<br>200 KENT ST STN. 7W060,OTTAWA,Ontario,K1A0E6,Canada","INTEGRATED TECHNICAL SERVICES<br>200 KENT ST STN. 7W060,OTTAWA,Ontario,K1A0E6,Canada","","","","","","","","","","","","","","","",""
"39903-240970 Ventilated Ferret-Rabbit Cage Unit","39903-240970 Cage ventilée pour furets et lapins","CW2358657","000","WS4496115695","WS4496115695","CW2358657","1","2024-12-17","2024-06-12","","2024-06-14","2025-03-31","50394.84","50394.84","CAD","Active","Actif","Contract","Contrat","Original","Original","","","","*10131600","*Animal containment","*Confinements pour animaux","*GD","Directed Contract","Contrat prescrit","Non-competitive","Non concurrentielle","Lowest Price","Prix le plus bas","Exclusive Rights","Droits exclusifs","*Canadian Free Trade Agreement (CFTA)","*Accord de libre-échange canadien (ALEC)","*Winnipeg","*Winnipeg","Allentown LLC","Allentown LLC","Allentown LLC","Allentown LLC","Allentown LLC","Allentown LLC","230","230","165 Route 526 
ALLENTOWN","165 Route 526 
ALLENTOWN","Allentown","Allentown","New Jersey","New Jersey","08501-2017","US","US","Department of Public Works and Government Services (PSPC)"," Ministère des Travaux publics et des Services gouvernementaux (SPAC)","11 Laurier St, Phase III, Place du Portage","11, rue Laurier, Phase III, Place du Portage","Gatineau","Gatineau","Quebec","Québec","K1A 0S5","Canada","Canada","Canadian Food Inspection Agency (CFIA)"," Agence canadienne d’inspection des aliments (ACIA)","","","1400 Merivale Road,Ottawa,Ontario,K1A 0Y9,Canada","1400, chemin Merivale,Ottawa,Ontario,K1A 0Y9,Canada","Adatan, Lani (SPAC/PSPC) (elle-la / she-her)","lani.adatan@tpsgc-pwgsc.gc.ca","","","","","","","","","","","","","",""
"W3713-24KN01 Responsive Maintenance Services - CFHA - Kingston","W3713-24-KN01 Services d’entretien Correctif - ALFC- Kingston","CW2353158","000","WS4263653525","WS4263653525","CW2353158","4","2024-10-07","2024-04-01","","2024-04-01","2026-03-31","0.00","0.00","CAD","Active","Actif","Standing Offer","Offre à commandes","Original","Original","","","","*10150000
*11121610
*30161702
*30161707
*30161710
*30161719
*30180000
*47000000
*72102902
*72102903
*72151200
*72152300
*72152600
*73152108
*76101600
*78181501","*Seeds and bulbs and seedlings and cuttings
*Hardwoods
*Wood flooring
*Vinyl flooring
*Laminate flooring
*Carpet or rug underlays
*Plumbing fixtures
*Cleaning Equipment and Supplies
*Landscaping services
*Snow removal services
*Heating and cooling and air conditioning HVAC construction and maintenance services
*Carpentry services
*Roofing and siding and sheet metal services
*Electrical equipment maintenance and repair service
*Hazardous material decontamination
*Vehicle body repair or painting service","*Semences, bulbes, semis et boutures
*Bois dur - bois franc
*Plancher en bois
*Revêtement de sol en vinyle
*Plancher laminé
*Tapis ou thibaudes
*Appareils de plomberie
*Matériel et fournitures de nettoyage
*Services de paysager
*Entretien ou réparations ou services pour places de parking ou routes
*Services d'installation et d'entretien de systèmes de chauffage, de ventilation et de conditionnement d'air (CVCA)
*Services de menuiserie
*Services spécialisés de toiture, de parement et de tôlerie
*Service de réparation et d'entretien d'équipements électriques
*Décontamination des matériaux dangereux
*Réparation de carrosserie ou service de peinture","*SRV","Request for Standing Offer","Demande d’offre à commandes","Competitive - Open bidding","Concurrentielle - Invitation ouverte à soumissionner","Highest Combined Rating of Technical Merit and Price","Cote combinée la plus élevée pour le mérite technique et le prix","None","Aucune","*Canada-Chile Free Trade Agreement (CCFTA)
*Canada-Honduras Free Trade Agreement
*Canadian Free Trade Agreement (CFTA)
*Canada-Colombia Free Trade Agreement
*Canada-European Union Comprehensive Economic and Trade Agreement (CETA)
*Canada-Panama Free Trade Agreement
*Canada-Korea Free Trade Agreement (CKFTA)
*World Trade Organization Agreement on Government Procurement (WTO GPA)
*North American Free Trade Agreement (NAFTA)
*Comprehensive and Progressive Agreement for Trans-Pacific Partnership (CPTPP)
*Canada-Peru Free Trade Agreement (CPFTA)
*Canada-Ukraine Free Trade Agreement (CUFTA)
*Canada-UK Trade Continuity Agreement (Canada-UK TCA)","*Accord de libre-échange Canada-Chili (ALECC)
*Accord de libre-échange Canada-Honduras
*Accord de libre-échange canadien (ALEC)
*Accord de libre-échange Canada-Colombie
*Accord économique et commercial global (AECG) entre le Canada et l’Union européenne (UE)
*Accord de libre-échange Canada-Panama
*Accord de libre-échange Canada-Corée
*Accord sur les marchés publics de l'Organisation mondiale du commerce (AMP-OMC)
*Accord de libre-échange nord-américain (ALENA)
*Accord de Partenariat transpacifique global et progressiste (PTPGP)
*Accord de libre-échange Canada-Pérou (ALECP)
*Accord de libre-échange Canada-Ukraine (ALECU)
*Accord de continuité commerciale Canada–Royaume-Uni (ACC Canada-Royaume-Uni)","*Ontario (except NCR)","*Ontario (sauf RCN)","2086370 Ontario Inc","2086370 Ontario Inc","","","","","","","512 Shannon Rd","512 Shannon Rd","Bloomfield","Bloomfield","Ontario","Ontario","k0k 1g0","CA","CA","Department of Public Works and Government Services (PSPC)"," Ministère des Travaux publics et des Services gouvernementaux (SPAC)","11 Laurier St, Phase III, Place du Portage","11, rue Laurier, Phase III, Place du Portage","Gatineau","Gatineau","Quebec","Québec","K1A 0S5","Canada","Canada","Department of Public Works and Government Services (PSPC)"," Ministère des Travaux publics et des Services gouvernementaux (SPAC)","","","11 Laurier St, Phase III, Place du Portage,Gatineau,Quebec,K1A 0S5,Canada","11, rue Laurier, Phase III, Place du Portage,Gatineau,Québec,K1A 0S5,Canada","Constantineau-Gosselin, MÃ©lanie (SPAC/PSPC) (elle-la / she-her)","melanie.constantineau-gosselin@tpsgc-pwgsc.gc.ca","","","","","","","","","","","","","To provide a cost effective maintenance and minor improvement services for the Canadian Forces Housing Agency (CFHA)","Fournir un service d'entretien et d'amélioration mineure rentable à l'Agence de logement des Forces canadiennes (ALFC)"
"W3713-24KN01 Responsive Maintenance Services - CFHA - Kingston","W3713-24-KN01 Services d’entretien Correctif - ALFC- Kingston","CW2353163","000","WS4263653525","WS4263653525","CW2353163","4","2024-10-07","2024-04-01","","2024-04-01","2026-03-31","0.00","0.00","CAD","Active","Actif","Standing Offer","Offre à commandes","Original","Original","","","","*10150000
*11121610
*30161702
*30161707
*30161710
*30161719
*30180000
*47000000
*72102902
*72102903
*72151200
*72152300
*72152600
*73152108
*76101600
*78181501","*Seeds and bulbs and seedlings and cuttings
*Hardwoods
*Wood flooring
*Vinyl flooring
*Laminate flooring
*Carpet or rug underlays
*Plumbing fixtures
*Cleaning Equipment and Supplies
*Landscaping services
*Snow removal services
*Heating and cooling and air conditioning HVAC construction and maintenance services
*Carpentry services
*Roofing and siding and sheet metal services
*Electrical equipment maintenance and repair service
*Hazardous material decontamination
*Vehicle body repair or painting service","*Semences, bulbes, semis et boutures
*Bois dur - bois franc
*Plancher en bois
*Revêtement de sol en vinyle
*Plancher laminé
*Tapis ou thibaudes
*Appareils de plomberie
*Matériel et fournitures de nettoyage
*Services de paysager
*Entretien ou réparations ou services pour places de parking ou routes
*Services d'installation et d'entretien de systèmes de chauffage, de ventilation et de conditionnement d'air (CVCA)
*Services de menuiserie
*Services spécialisés de toiture, de parement et de tôlerie
*Service de réparation et d'entretien d'équipements électriques
*Décontamination des matériaux dangereux
*Réparation de carrosserie ou service de peinture","*SRV","Request for Standing Offer","Demande d’offre à commandes","Competitive - Open bidding","Concurrentielle - Invitation ouverte à soumissionner","Highest Combined Rating of Technical Merit and Price","Cote combinée la plus élevée pour le mérite technique et le prix","None","Aucune","*Canada-Chile Free Trade Agreement (CCFTA)
*Canada-Colombia Free Trade Agreement
*Canadian Free Trade Agreement (CFTA)
*Canada-Panama Free Trade Agreement
*Canada-European Union Comprehensive Economic and Trade Agreement (CETA)
*Canada-Peru Free Trade Agreement (CPFTA)
*Canada-Honduras Free Trade Agreement
*Canada-UK Trade Continuity Agreement (Canada-UK TCA)
*World Trade Organization Agreement on Government Procurement (WTO GPA)
*Comprehensive and Progressive Agreement for Trans-Pacific Partnership (CPTPP)
*Canada-Ukraine Free Trade Agreement (CUFTA)
*Canada-Korea Free Trade Agreement (CKFTA)
*North American Free Trade Agreement (NAFTA)","*Accord de libre-échange Canada-Chili (ALECC)
*Accord de libre-échange Canada-Colombie
*Accord de libre-échange canadien (ALEC)
*Accord de libre-échange Canada-Panama
*Accord économique et commercial global (AECG) entre le Canada et l’Union européenne (UE)
*Accord de libre-échange Canada-Pérou (ALECP)
*Accord de libre-échange Canada-Honduras
*Accord de continuité commerciale Canada–Royaume-Uni (ACC Canada-Royaume-Uni)
*Accord sur les marchés publics de l'Organisation mondiale du commerce (AMP-OMC)
*Accord de Partenariat transpacifique global et progressiste (PTPGP)
*Accord de libre-échange Canada-Ukraine (ALECU)
*Accord de libre-échange Canada-Corée
*Accord de libre-échange nord-américain (ALENA)","*Ontario (except NCR)","*Ontario (sauf RCN)","Jeff Phillips","Jeff Phillips","TEAM JP Contracting","TEAM JP Contracting","","","8","8","847 Purcell Crescent","847 Purcell Crescent","Kingston","Kingston","Ontario","Ontario","K7P 1B8","CA","CA","Department of Public Works and Government Services (PSPC)"," Ministère des Travaux publics et des Services gouvernementaux (SPAC)","11 Laurier St, Phase III, Place du Portage","11, rue Laurier, Phase III, Place du Portage","Gatineau","Gatineau","Quebec","Québec","K1A 0S5","Canada","Canada","Department of Public Works and Government Services (PSPC)"," Ministère des Travaux publics et des Services gouvernementaux (SPAC)","","","11 Laurier St, Phase III, Place du Portage,Gatineau,Quebec,K1A 0S5,Canada","11, rue Laurier, Phase III, Place du Portage,Gatineau,Québec,K1A 0S5,Canada","Constantineau-Gosselin, MÃ©lanie (SPAC/PSPC) (elle-la / she-her)","melanie.constantineau-gosselin@tpsgc-pwgsc.gc.ca","","","","","","","","","","","","","To provide a cost effective maintenance and minor improvement services for the Canadian Forces Housing Agency (CFHA)","Fournir un service d'entretien et d'amélioration mineure rentable à l'Agence de logement des Forces canadiennes (ALFC)"
"W3713-24KN01 Responsive Maintenance Services - CFHA - Kingston","W3713-24-KN01 Services d’entretien Correctif - ALFC- Kingston","CW2353166","000","WS4263653525","WS4263653525","CW2353166","3","2024-10-07","2024-04-01","","2024-04-01","2026-03-31","0.00","0.00","CAD","Active","Actif","Standing Offer","Offre à commandes","Original","Original","","","","*10150000
*11121610
*30161702
*30161707
*30161710
*30161719
*30180000
*47000000
*72102902
*72102903
*72151200
*72152300
*72152600
*73152108
*76101600
*78181501","*Seeds and bulbs and seedlings and cuttings
*Hardwoods
*Wood flooring
*Vinyl flooring
*Laminate flooring
*Carpet or rug underlays
*Plumbing fixtures
*Cleaning Equipment and Supplies
*Landscaping services
*Snow removal services
*Heating and cooling and air conditioning HVAC construction and maintenance services
*Carpentry services
*Roofing and siding and sheet metal services
*Electrical equipment maintenance and repair service
*Hazardous material decontamination
*Vehicle body repair or painting service","*Semences, bulbes, semis et boutures
*Bois dur - bois franc
*Plancher en bois
*Revêtement de sol en vinyle
*Plancher laminé
*Tapis ou thibaudes
*Appareils de plomberie
*Matériel et fournitures de nettoyage
*Services de paysager
*Entretien ou réparations ou services pour places de parking ou routes
*Services d'installation et d'entretien de systèmes de chauffage, de ventilation et de conditionnement d'air (CVCA)
*Services de menuiserie
*Services spécialisés de toiture, de parement et de tôlerie
*Service de réparation et d'entretien d'équipements électriques
*Décontamination des matériaux dangereux
*Réparation de carrosserie ou service de peinture","*SRV","Request for Standing Offer","Demande d’offre à commandes","Competitive - Open bidding","Concurrentielle - Invitation ouverte à soumissionner","Highest Combined Rating of Technical Merit and Price","Cote combinée la plus élevée pour le mérite technique et le prix","None","Aucune","*Canada-Panama Free Trade Agreement
*Canadian Free Trade Agreement (CFTA)
*Canada-Colombia Free Trade Agreement
*Canada-Chile Free Trade Agreement (CCFTA)
*Canada-Peru Free Trade Agreement (CPFTA)
*Canada-Honduras Free Trade Agreement
*Comprehensive and Progressive Agreement for Trans-Pacific Partnership (CPTPP)
*Canada-European Union Comprehensive Economic and Trade Agreement (CETA)
*Canada-UK Trade Continuity Agreement (Canada-UK TCA)
*Canada-Korea Free Trade Agreement (CKFTA)
*Canada-Ukraine Free Trade Agreement (CUFTA)
*World Trade Organization Agreement on Government Procurement (WTO GPA)
*North American Free Trade Agreement (NAFTA)","*Accord de libre-échange Canada-Panama
*Accord de libre-échange canadien (ALEC)
*Accord de libre-échange Canada-Colombie
*Accord de libre-échange Canada-Chili (ALECC)
*Accord de libre-échange Canada-Pérou (ALECP)
*Accord de libre-échange Canada-Honduras
*Accord de Partenariat transpacifique global et progressiste (PTPGP)
*Accord économique et commercial global (AECG) entre le Canada et l’Union européenne (UE)
*Accord de continuité commerciale Canada–Royaume-Uni (ACC Canada-Royaume-Uni)
*Accord de libre-échange Canada-Corée
*Accord de libre-échange Canada-Ukraine (ALECU)
*Accord sur les marchés publics de l'Organisation mondiale du commerce (AMP-OMC)
*Accord de libre-échange nord-américain (ALENA)","*Ontario (except NCR)","*Ontario (sauf RCN)","Ainger Group","Ainger Group","","","","","55","55","115 First Street 
Suite 402","115 First Street 
Suite 402","Collingwood","Collingwood","Ontario","Ontario","L9Y 4W3","CA","CA","Department of Public Works and Government Services (PSPC)"," Ministère des Travaux publics et des Services gouvernementaux (SPAC)","11 Laurier St, Phase III, Place du Portage","11, rue Laurier, Phase III, Place du Portage","Gatineau","Gatineau","Quebec","Québec","K1A 0S5","Canada","Canada","Department of Public Works and Government Services (PSPC)"," Ministère des Travaux publics et des Services gouvernementaux (SPAC)","","","11 Laurier St, Phase III, Place du Portage,Gatineau,Quebec,K1A 0S5,Canada","11, rue Laurier, Phase III, Place du Portage,Gatineau,Québec,K1A 0S5,Canada","Constantineau-Gosselin, MÃ©lanie (SPAC/PSPC) (elle-la / she-her)","melanie.constantineau-gosselin@tpsgc-pwgsc.gc.ca","","","","","","","","","","","","","To provide a cost effective maintenance and minor improvement services for the Canadian Forces Housing Agency (CFHA)","Fournir un service d'entretien et d'amélioration mineure rentable à l'Agence de logement des Forces canadiennes (ALFC)"
"W3721-24-SL04 - Responsive Maintenance Services - CFHA - Shilo","W3721-24-SL04 - Services de maintenance réactifs - ALFC - Shilo","CW2354186","000","WS4234154657","WS4234154657","CW2354186","4","2025-01-20","2024-04-03","","2024-04-03","2026-03-31","0.00","0.00","CAD","Active","Actif","Standing Offer","Offre à commandes","Original","Original","","","","*10151700
*72102902
*72102903","*Grass and forage seeds and seedlings
*Landscaping services
*Snow removal services","*Semences et semis pour gazon et fourrage
*Services de paysager
*Entretien ou réparations ou services pour places de parking ou routes","*SRV","Request for Standing Offer","Demande d’offre à commandes","Competitive - Open bidding","Concurrentielle - Invitation ouverte à soumissionner","Highest Combined Rating of Technical Merit and Price","Cote combinée la plus élevée pour le mérite technique et le prix","","","*Canada-Honduras Free Trade Agreement
*World Trade Organization Agreement on Government Procurement (WTO GPA)
*Canadian Free Trade Agreement (CFTA)
*Canada-Colombia Free Trade Agreement
*Canada-Ukraine Free Trade Agreement (CUFTA)
*Canada-Panama Free Trade Agreement
*Canada-Chile Free Trade Agreement (CCFTA)
*Canada-European Union Comprehensive Economic and Trade Agreement (CETA)
*Canada-Korea Free Trade Agreement (CKFTA)
*Canada-Peru Free Trade Agreement (CPFTA)
*North American Free Trade Agreement (NAFTA)
*Canada-UK Trade Continuity Agreement (Canada-UK TCA)
*Comprehensive and Progressive Agreement for Trans-Pacific Partnership (CPTPP)","*Accord de libre-échange Canada-Honduras
*Accord sur les marchés publics de l'Organisation mondiale du commerce (AMP-OMC)
*Accord de libre-échange canadien (ALEC)
*Accord de libre-échange Canada-Colombie
*Accord de libre-échange Canada-Ukraine (ALECU)
*Accord de libre-échange Canada-Panama
*Accord de libre-échange Canada-Chili (ALECC)
*Accord économique et commercial global (AECG) entre le Canada et l’Union européenne (UE)
*Accord de libre-échange Canada-Corée
*Accord de libre-échange Canada-Pérou (ALECP)
*Accord de libre-échange nord-américain (ALENA)
*Accord de continuité commerciale Canada–Royaume-Uni (ACC Canada-Royaume-Uni)
*Accord de Partenariat transpacifique global et progressiste (PTPGP)","*Winnipeg
*Manitoba","*Winnipeg
*Manitoba","Livingstone Landscaping Ltd.","Livingstone Landscaping Ltd.","","","","","","","1610 Byng Ave","1610 Byng Ave","Brandon","Brandon","Manitoba","Manitoba","R7A 7J7","CA","CA","Department of Public Works and Government Services (PSPC)"," Ministère des Travaux publics et des Services gouvernementaux (SPAC)","11 Laurier St, Phase III, Place du Portage","11, rue Laurier, Phase III, Place du Portage","Gatineau","Gatineau","Quebec","Québec","K1A 0S5","Canada","Canada","Department of National Defence (DND)"," Ministère de la Défense nationale (MDN)","","","101 Colonel By Dr,Ottawa,Ontario,K1A0K2,Canada","101, promenade Colonel By,Ottawa,Ontario,K1A0K2,Canada","Constantineau-Gosselin, MÃ©lanie (SPAC/PSPC) (elle-la / she-her)","melanie.constantineau-gosselin@tpsgc-pwgsc.gc.ca","","","","","","","","","","","","","",""
"EJ196-250063 - Pest Management Service.","EJ196-250063 - Services de lutte antiparasitaire.","CW2376583","000","WS4815427506","WS4815427506","CW2376583","4","2025-01-27","2024-12-12","","2024-12-12","2026-12-31","188246.70","793830.65","CAD","Active","Actif","Contract","Contrat","Original","Original","","","","*10191500","*Pesticides or pest repellents","*Pesticides et répulsifs pour insectes nuisibles","*SRV","Request for Proposal","Demande de propositions","Competitive - Open bidding","Concurrentielle - Invitation ouverte à soumissionner","Highest Combined Rating of Technical Merit and Price","Cote combinée la plus élevée pour le mérite technique et le prix","None","Aucune","*Canada-Chile Free Trade Agreement (CCFTA)
*Canada-Peru Free Trade Agreement (CPFTA)
*Canada-Honduras Free Trade Agreement
*Canadian Free Trade Agreement (CFTA)
*Canada-Panama Free Trade Agreement
*Canada-Ukraine Free Trade Agreement (CUFTA)
*Canada-Colombia Free Trade Agreement","*Accord de libre-échange Canada-Chili (ALECC)
*Accord de libre-échange Canada-Pérou (ALECP)
*Accord de libre-échange Canada-Honduras
*Accord de libre-échange canadien (ALEC)
*Accord de libre-échange Canada-Panama
*Accord de libre-échange Canada-Ukraine (ALECU)
*Accord de libre-échange Canada-Colombie","*Canada","*Canada","Extermination Regionex Extermination","Extermination Regionex Extermination","","","","","30","30","18 rue de Villebois","18 rue de Villebois","Gatineau","Gatineau","Quebec","Quebec","J8T 8J7","CA","CA","Department of Public Works and Government Services (PSPC)"," Ministère des Travaux publics et des Services gouvernementaux (SPAC)","11 Laurier St, Phase III, Place du Portage","11, rue Laurier, Phase III, Place du Portage","Gatineau","Gatineau","Quebec","Québec","K1A 0S5","Canada","Canada","Department of Public Works and Government Services (PSPC)"," Ministère des Travaux publics et des Services gouvernementaux (SPAC)","","","11 Laurier St, Phase III, Place du Portage,Gatineau,Quebec,K1A 0S5,Canada","11, rue Laurier, Phase III, Place du Portage,Gatineau,Québec,K1A 0S5,Canada","Tabiou, Tangbandja bi (SPAC/PSPC) (il-lui / he-him)","tangbandjabi.tabiou@tpsgc-pwgsc.gc.ca","","","","","","","","","","","","","This pest management contract (PMC) is for properties owned, leased or otherwise used by PWGSC. Control techniques include structural
modifications and cultural methods that reduce food, water, harborage, access and environmental conditions that are favored by pests.","Le présent contrat de lutte antiparasitaire (CLA) vise les propriétés qui appartiennent à TPSGC ou qui sont louées où autrement utilisées par ce dernier. Les techniques de lutte antiparasitaire englobent les modifications structurales et les méthodes culturelles visant à réduire la présence de tout ce dont peuvent se nourrir les parasites, la présence d’eau, les endroits où ces derniers peuvent s’abriter ou entrer et les conditions environnementales qui leurs sont favorables."
"EP913-240400 Limebank Soil Remediation","EP913-240400 Assainissement des sols de Limebank","CW2381335","000","WS4890215802","WS4890215802","CW2381335","3","2025-10-09","2024-12-15","","2024-12-15","2025-02-28","1351594.24","1566103.18","CAD","Active","Actif","Contract against SA","Contrat découlant d’un arrangement en matière d'approvisionnement","Original","Original","","","","*11111500
*77121603","*Dirt and soil
*Polluted soil treatment or rehabilitation","*Terre et remblai
*Traitement et réhabilitation des sols pollués","*SRV","RFP against Supply Arrangement","Demande de proposition découlant d’un arrangement en matière d’approvisionnement","Competitive - Selective tendering","Concurrentielle - Appel d'offres sélectif","Lowest Price","Prix le plus bas","None","Aucune","*Canadian Free Trade Agreement (CFTA)","*Accord de libre-échange canadien (ALEC)","*National Capital Region (NCR)","*Région de la capitale nationale (RCN)","Green Infrastructure Partners","Green Infrastructure Partners","GCOE","GCOE","GIP Paving Inc.","GIP Paving Inc.","","","3232 Carp Rd","3232 Carp Rd","Ottawa","Ottawa","Ontario","Ontario","K0A 1L0","CA","CA","Department of Public Works and Government Services (PSPC)"," Ministère des Travaux publics et des Services gouvernementaux (SPAC)","11 Laurier St, Phase III, Place du Portage","11, rue Laurier, Phase III, Place du Portage","Gatineau","Gatineau","Quebec","Québec","K1A 0S5","Canada","Canada","Department of Agriculture and Agri-Food (AAFC)"," Ministère de l’Agriculture et de l’Agroalimentaire (AAC)","","","K.W. Neatby Bldg, 960 Carling Ave,Ottawa,Ontario,K1Y4X2,Canada","Édifice K.W. Neatby, 960, avenue Carling,Ottawa,Ontario,K1Y4X2,Canada","Rudderham, Dale (SPAC/PSPC) (il-le-lui / he-him-his)","dale.rudderham@tpsgc-pwgsc.gc.ca","","","","","","","","","","","","","",""
"W2037-230020 - 007 RISO Lumber Supply","W2037-230020 - 007 OCIR Matériaux de bois d'oeuvre","CW2378001","000","W2037-230020","W2037-230020","CW2378001","1","2025-01-31","2024-10-17","","2022-10-26","2025-01-31","570873.93","570873.93","CAD","Active","Actif","Standing Offer","Offre à commandes","Original","Original","","","","*11120000
*30103603","*Non edible plant and forestry products
*Framing lumber","*Plantes non comestibles et produits forestiers
*Bois de charpente","*GD","Request for Standing Offer","Demande d’offre à commandes","","","Lowest Price","Prix le plus bas","","","*Canada-Peru Free Trade Agreement (CPFTA)
*Canada-Chile Free Trade Agreement (CCFTA)
*Canadian Free Trade Agreement (CFTA)
*Canada-Colombia Free Trade Agreement
*Comprehensive and Progressive Agreement for Trans-Pacific Partnership (CPTPP)
*Canada-European Union Comprehensive Economic and Trade Agreement (CETA)
*Canada-Honduras Free Trade Agreement
*Canada-Panama Free Trade Agreement
*Canada-Korea Free Trade Agreement (CKFTA)
*World Trade Organization Agreement on Government Procurement (WTO GPA)
*Canada-Ukraine Free Trade Agreement (CUFTA)
*Canada-UK Trade Continuity Agreement (Canada-UK TCA)
*None","*Accord de libre-échange Canada-Pérou (ALECP)
*Accord de libre-échange Canada-Chili (ALECC)
*Accord de libre-échange canadien (ALEC)
*Accord de libre-échange Canada-Colombie
*Accord de Partenariat transpacifique global et progressiste (PTPGP)
*Accord économique et commercial global (AECG) entre le Canada et l’Union européenne (UE)
*Accord de libre-échange Canada-Honduras
*Accord de libre-échange Canada-Panama
*Accord de libre-échange Canada-Corée
*Accord sur les marchés publics de l'Organisation mondiale du commerce (AMP-OMC)
*Accord de libre-échange Canada-Ukraine (ALECU)
*Accord de continuité commerciale Canada–Royaume-Uni (ACC Canada-Royaume-Uni)
*Aucun","*New Brunswick","*Nouveau-Brunswick","Roblynn Building Supplies & Rentals Ltd.","Roblynn Building Supplies & Rentals Ltd.","","","Roblynn Home Hardware Building Centre & Home Furniture","Roblynn Home Hardware Building Centre & Home Furniture","35","35","257 Restigouche Road","257 Restigouche Road","Oromocto","Oromocto","New Brunswick","New Brunswick","E2V 2H1","CA","CA","Department of Public Works and Government Services (PSPC)"," Ministère des Travaux publics et des Services gouvernementaux (SPAC)","11 Laurier St, Phase III, Place du Portage","11, rue Laurier, Phase III, Place du Portage","Gatineau","Gatineau","Quebec","Québec","K1A 0S5","Canada","Canada","Department of National Defence (DND)"," Ministère de la Défense nationale (MDN)","","","101 Colonel By Dr,Ottawa,Ontario,K1A0K2,Canada","101, promenade Colonel By,Ottawa,Ontario,K1A0K2,Canada","Cyr, Maryse (SPAC/PSPC)","maryse.cyr@tpsgc-pwgsc.gc.ca","","","","","","","","","","","","","Request for Regional Individual Standing Offer (RISO) for the provision of a variety of lumber to 5th Canadian Division Support Base (5 CDSB) Gagetown in Oromocto, New Brunswick, on an as and when requested basis, during the period from Standing Offer issued to 31 October 2024 inclusive, divided into six (6) rebid periods for six standing offer periods of four months each. This is an extension period from 01 November, 2024 to 31 January, 2025. 
 
The supplier MUST be compliant with the Requirement at Annex A, the List of Products at Annex B and Conditions of the Request for Standing Offer. Pricing: As per attached Annex B - Basis of Payment. Quantities are estimates and are for evaluation purposes only. EVALUATION PROCEDURE AND BASIS OF SELECTION: Only one (1) Standing Offer will be issued for each period to lowest aggregate bid, total extended cost of all items. Original CanadaBuys Posting: https://canadabuys.canada.ca/en/tender-opportunities/tender-notice/pw-mct-047-6262","Demande d’offre à commandes individuelle régionale (OCIR) pour fournir et livrer une variété de bois d’oeuvre au ministère de la Défense Nationale à la Base de Soutien de la 5e Division du Canada Gagetown situé à Oromocto au Nouveau-Brunswick selon les besoins pendant la période allant de l’offre à commande émise jusqu’au 31 octobre 2024 inclusivement, divisée en six (6) périodes de renouvellement pour six périodes d’offre à commandes de quatre (4) mois chaque. Cette période de prolongation est pour le 1er novembre, 2024 jusqu'au 31 janvier, 2025.
 
Le fournisseur est tenu de respecter le Besoin à l'annexe A, la «Liste de produits» à l'annexe B et les Conditions de la demande d'Offre à Commandes. Établissement des prix :Selon l'annexe B - la Base de paiement. Les quantités estimatives ne doivent servir qu’à des fins d’évaluation seulement. PROCÉDURES D’ÉVALUATION ET MÉTHODE DE SÉLECTION: Une (1) seule offre à commandes doit être attribuée pour chaque période à l'entrepreneur dont la proposition globale la plus base, le coût du prix total de tous les articles. Publication originale de AchatCanada:https://canadabuys.canada.ca/fr/occasions-de-marche/appels-d-offres/pw-mct-047-6262"
"EZ108-250447 Ekki Wood","EZ108-250447 Bois d’ekki","CW2385926","000","WS4883585253","WS4883585253","CW2385926","1","2025-07-31","2025-03-13","","2025-03-13","2026-06-29","86538.38","86538.38","CAD","Active","Actif","Contract","Contrat","Original","Original","","","","*11121600","*Wood","*Bois","*GD","Request for Proposal","Demande de propositions","Competitive - Open bidding","Concurrentielle - Invitation ouverte à soumissionner","Lowest Price","Prix le plus bas","None","Aucune","*Canadian Free Trade Agreement (CFTA)","*Accord de libre-échange canadien (ALEC)","*British Columbia","*Colombie-Britannique","Goodfellow Inc.","Goodfellow Inc.","","","","","","","225 RUE GOODFELLOW","225 RUE GOODFELLOW","DELSON","DELSON","Quebec","Quebec","J5B 1V5","CA","CA","Department of Public Works and Government Services (PSPC)"," Ministère des Travaux publics et des Services gouvernementaux (SPAC)","11 Laurier St, Phase III, Place du Portage","11, rue Laurier, Phase III, Place du Portage","Gatineau","Gatineau","Quebec","Québec","K1A 0S5","Canada","Canada","Department of Public Works and Government Services (PSPC)"," Ministère des Travaux publics et des Services gouvernementaux (SPAC)","","","11 Laurier St, Phase III, Place du Portage,Gatineau,Quebec,K1A 0S5,Canada","11, rue Laurier, Phase III, Place du Portage,Gatineau,Québec,K1A 0S5,Canada","Morton, Chris (SPAC/PSPC) (il-lui / he-him)","chris.morton@tpsgc-pwgsc.gc.ca","","","","","","","","","","","","","The Esquimalt Graving Dock has a requirement for ekki wood (also called azobé or red ironwood). In this application, to be used for the Esquimalt Graving Dock’s Keel Blocks, the wood must be resistant to elements such as extreme stress, bumping, extreme impact, constant salt water exposure, hot and cold weather conditions. The product must not deteriorate over long lengths of time, and have excellent resistant to insect attacks.","La cale sèche d’Esquimalt souhaite se procurer du bois d’ekki (aussi appelé bois azobé ou bois de fer rouge). Dans cette application, comme tins de construction pour la cale sèche d’Esquimalt, le bois doit être résistant aux éléments tels que les contraintes extrêmes, les chocs, les impacts extrêmes, l’exposition constante à l’eau salée et les conditions météorologiques chaudes et froides. Le produit ne doit pas se détériorer sur de longues périodes et doit présenter une excellente résistance aux attaques d'insectes."
"5P131-240064 Kouchibouguac Firewood","5P131-240064 Kouchibouguac Bois de chauffage","CW2369414","000","WS4657350852","WS4657350852","CW2369414","3","2024-07-25","2024-07-25","","2024-07-25","2025-04-30","70934.76","352973.09","CAD","Active","Actif","Contract","Contrat","Original","Original","","","","*11121600
*11121603","*Wood
*Logs","*Bois
*Bille ou grume","*GD","Request for Proposal","Demande de propositions","Competitive - Open bidding","Concurrentielle - Invitation ouverte à soumissionner","Lowest Price","Prix le plus bas","None","Aucune","*Canada-Panama Free Trade Agreement
*Canadian Free Trade Agreement (CFTA)
*Canada-Korea Free Trade Agreement (CKFTA)
*Canada-Colombia Free Trade Agreement
*Canada-UK Trade Continuity Agreement (Canada-UK TCA)
*Canada-Chile Free Trade Agreement (CCFTA)
*Comprehensive and Progressive Agreement for Trans-Pacific Partnership (CPTPP)
*Canada-European Union Comprehensive Economic and Trade Agreement (CETA)
*Canada-Ukraine Free Trade Agreement (CUFTA)
*Canada-Honduras Free Trade Agreement
*World Trade Organization Agreement on Government Procurement (WTO GPA)
*Canada-Peru Free Trade Agreement (CPFTA)","*Accord de libre-échange Canada-Panama
*Accord de libre-échange canadien (ALEC)
*Accord de libre-échange Canada-Corée
*Accord de libre-échange Canada-Colombie
*Accord de continuité commerciale Canada–Royaume-Uni (ACC Canada-Royaume-Uni)
*Accord de libre-échange Canada-Chili (ALECC)
*Accord de Partenariat transpacifique global et progressiste (PTPGP)
*Accord économique et commercial global (AECG) entre le Canada et l’Union européenne (UE)
*Accord de libre-échange Canada-Ukraine (ALECU)
*Accord de libre-échange Canada-Honduras
*Accord sur les marchés publics de l'Organisation mondiale du commerce (AMP-OMC)
*Accord de libre-échange Canada-Pérou (ALECP)","*New Brunswick","*Nouveau-Brunswick","Fiready Inc","Fiready Inc","","","","","23","23","23 Rue du Reservoir","23 Rue du Reservoir","Clair","Clair","New Brunswick","New Brunswick","E7A 2K6","CA","CA","Department of Public Works and Government Services (PSPC)"," Ministère des Travaux publics et des Services gouvernementaux (SPAC)","11 Laurier St, Phase III, Place du Portage","11, rue Laurier, Phase III, Place du Portage","Gatineau","Gatineau","Quebec","Québec","K1A 0S5","Canada","Canada","Parks Canada Agency (PC)"," Agence Parcs Canada (PC)","","","30 Victoria Street,Gatineau,Quebec,J8X 0B3,Canada","30, rue Victoria,Gatineau,Quebec,J8X 0B3,Canada","Leger2, Lyne (SPAC/PSPC) (elle-la / she-her)","lyne.leger2@tpsgc-pwgsc.gc.ca","","","","","","","","","","","","","The contractor must supply all labour, material and equipment necessary to prepare and deliver «Kiln Dried» Firewood to Kouchibouguac National Park of Canada all in accordance with the mandatory requirements and specifications at Annex A and the Basis of Payment at Annex B. The Period of the Contract is from the Date of Award to March 31st, 2025 with the option to extend the contract by up to two (2) additional one year period. The firewood must be delivered from May 1st to October 15 of each year.","L'entrepreneur doit fournir la main-d'oeuvre, le matériel et l'équipement nécessaire pour préparer et livrer du bois de chauffage «séché au four» au Parc national du Canada Kouchibouguac, conformément aux exigences et spécifications obligatoires décrits à l'annexe A et la Base de paiement à l'annexe B.   La période du contrat est à partir de la date d'attribution au 31 mars 2025 avec l'option de prolonger la durée du contrat pour au plus deux (2) périodes supplémentaires de une année chacune. Le Bois de chauffage séché au four doit être livré allant du 1er mai au 15 octobre de chaque année."
"EE520-250093 – Supply of green sandstone","EE520-250093 - Fourniture de grès vert","CW2378740","000","WS4714478047","WS4714478047","CW2378740","2","2024-10-31","2024-10-25","","2024-10-30","2028-03-31","687522.91","799225.73","CAD","Active","Actif","Contract","Contrat","Original","Original","","","","*11111600
*30130000
*30131503","*Stone
*Structural building products
*Stone blocks","*Roches
*Produits pour la construction de structure
*Bloc de pierre","*GD","Request for Proposal","Demande de propositions","Competitive - Open bidding","Concurrentielle - Invitation ouverte à soumissionner","Lowest Price","Prix le plus bas","None","Aucune","*Canada-Honduras Free Trade Agreement
*World Trade Organization Agreement on Government Procurement (WTO GPA)
*Canadian Free Trade Agreement (CFTA)
*Canada-Colombia Free Trade Agreement
*Canada-Korea Free Trade Agreement (CKFTA)
*Canada-Panama Free Trade Agreement
*Canada-Chile Free Trade Agreement (CCFTA)
*Canada-European Union Comprehensive Economic and Trade Agreement (CETA)
*Canada-Ukraine Free Trade Agreement (CUFTA)
*Canada-UK Trade Continuity Agreement (Canada-UK TCA)
*Comprehensive and Progressive Agreement for Trans-Pacific Partnership (CPTPP)
*Canada-Peru Free Trade Agreement (CPFTA)","*Accord de libre-échange Canada-Honduras
*Accord sur les marchés publics de l'Organisation mondiale du commerce (AMP-OMC)
*Accord de libre-échange canadien (ALEC)
*Accord de libre-échange Canada-Colombie
*Accord de libre-échange Canada-Corée
*Accord de libre-échange Canada-Panama
*Accord de libre-échange Canada-Chili (ALECC)
*Accord économique et commercial global (AECG) entre le Canada et l’Union européenne (UE)
*Accord de libre-échange Canada-Ukraine (ALECU)
*Accord de continuité commerciale Canada–Royaume-Uni (ACC Canada-Royaume-Uni)
*Accord de Partenariat transpacifique global et progressiste (PTPGP)
*Accord de libre-échange Canada-Pérou (ALECP)","*Québec","*Québec","Les Pierres Technoprofil inc.","Les Pierres Technoprofil inc.","","","","","","","960 chemin Olivier","960 chemin Olivier","Lévis","Lévis","Québec","Québec","G7A 2N1","CA","CA","Department of Public Works and Government Services (PSPC)"," Ministère des Travaux publics et des Services gouvernementaux (SPAC)","11 Laurier St, Phase III, Place du Portage","11, rue Laurier, Phase III, Place du Portage","Gatineau","Gatineau","Quebec","Québec","K1A 0S5","Canada","Canada","Department of Public Works and Government Services (PSPC)"," Ministère des Travaux publics et des Services gouvernementaux (SPAC)","","","11 Laurier St, Phase III, Place du Portage,Gatineau,Quebec,K1A 0S5,Canada","11, rue Laurier, Phase III, Place du Portage,Gatineau,Québec,K1A 0S5,Canada","Godin2, Joanne (SPAC/PSPC)","joanne.godin2@tpsgc-pwgsc.gc.ca","","","","","","","","","","","","","EE520-250093 – Supply of green sandstone","E520-250093 - Fourniture de grès vert"
"Bulk Firewood Standing Offer","Offre à commandes pour la fourniture de bois à brûler en vrac","CW2390772","000","WS5001711237","WS5001711237","CW2390772","3","2025-03-07","2025-03-07","","2025-04-01","2027-03-31","485900.00","0.00","CAD","Active","Actif","Standing Offer","Offre à commandes","Original","Original","","","","*11121600
*11121603
*70151700
*70151900","*Wood
*Logs
*Forestry harvesting
*Forestry resources","*Bois
*Bille ou grume
*Exploitation forestière
*Ressources forestières","*GD","Request for Standing Offer","Demande d’offre à commandes","Competitive - Open bidding","Concurrentielle - Invitation ouverte à soumissionner","Highest Combined Rating of Technical Merit and Price","Cote combinée la plus élevée pour le mérite technique et le prix","None","Aucune","*Canadian Free Trade Agreement (CFTA)
*Canada-Panama Free Trade Agreement
*Canada-Colombia Free Trade Agreement
*Canada-Honduras Free Trade Agreement
*Canada-Chile Free Trade Agreement (CCFTA)
*Canada-UK Trade Continuity Agreement (Canada-UK TCA)
*Canada-European Union Comprehensive Economic and Trade Agreement (CETA)
*Canada-Korea Free Trade Agreement (CKFTA)
*World Trade Organization Agreement on Government Procurement (WTO GPA)
*Comprehensive and Progressive Agreement for Trans-Pacific Partnership (CPTPP)
*Canada-Peru Free Trade Agreement (CPFTA)
*Canada-Ukraine Free Trade Agreement (CUFTA)","*Accord de libre-échange canadien (ALEC)
*Accord de libre-échange Canada-Panama
*Accord de libre-échange Canada-Colombie
*Accord de libre-échange Canada-Honduras
*Accord de libre-échange Canada-Chili (ALECC)
*Accord de continuité commerciale Canada–Royaume-Uni (ACC Canada-Royaume-Uni)
*Accord économique et commercial global (AECG) entre le Canada et l’Union européenne (UE)
*Accord de libre-échange Canada-Corée
*Accord sur les marchés publics de l'Organisation mondiale du commerce (AMP-OMC)
*Accord de Partenariat transpacifique global et progressiste (PTPGP)
*Accord de libre-échange Canada-Pérou (ALECP)
*Accord de libre-échange Canada-Ukraine (ALECU)","*Ontario (except NCR)","*Ontario (sauf RCN)","Wilson Home Building Ctr","Wilson Home Building Ctr","","","","","","","3458 Highway 6","3458 Highway 6","Lions Head","Lions Head","Ontario","Ontario","N0H 1W0","CA","CA","Department of Public Works and Government Services (PSPC)"," Ministère des Travaux publics et des Services gouvernementaux (SPAC)","11 Laurier St, Phase III, Place du Portage","11, rue Laurier, Phase III, Place du Portage","Gatineau","Gatineau","Quebec","Québec","K1A 0S5","Canada","Canada","Parks Canada Agency (PC)"," Agence Parcs Canada (PC)","","","30 Victoria Street,Gatineau,Quebec,J8X 0B3,Canada","30, rue Victoria,Gatineau,Quebec,J8X 0B3,Canada","Canas, Jessica (SPAC/PSPC) (elle-la / she-her)","jessica.canas@tpsgc-pwgsc.gc.ca","","","","","","","","","","","","","Bulk Firewood Standing Offer","Offre à commandes pour la fourniture de bois à brûler en vrac"
"E6QUE-250001 - Standing offer for wood and construction materials","E6QUE-250001 - Offre à commandes pour produits de bois et matériaux de construction","CW2398468","000","WS5010240147","WS5010240147","CW2398468","1","2025-07-31","2025-03-27","","2025-04-01","2025-07-31","0.00","0.00","CAD","Active","Actif","Standing Offer","Offre à commandes","Original","Original","","","","*11121600
*30000000
*30110000
*30130000
*30170000
*30260000","*Wood
*Structures and Building and Construction and Manufacturing Components and Supplies
*Concrete and cement and plaster
*Structural building products
*Doors and windows and glass
*Structural materials","*Bois
*Constituants et provisions de Structures et bâtiment et construction et fabrication
*Béton, ciment et plâtre
*Produits pour la construction de structure
*Portes, fenêtres et vitre
*Matériaux de structure","*GD","Request for Standing Offer","Demande d’offre à commandes","Competitive - Open bidding","Concurrentielle - Invitation ouverte à soumissionner","Lowest Price","Prix le plus bas","None","Aucune","*Canada-Colombia Free Trade Agreement
*Canadian Free Trade Agreement (CFTA)
*Canada-Honduras Free Trade Agreement
*Canada-Chile Free Trade Agreement (CCFTA)
*World Trade Organization Agreement on Government Procurement (WTO GPA)
*Canada-European Union Comprehensive Economic and Trade Agreement (CETA)
*Comprehensive and Progressive Agreement for Trans-Pacific Partnership (CPTPP)
*Canada-Korea Free Trade Agreement (CKFTA)
*Canada-Panama Free Trade Agreement
*Canada-Ukraine Free Trade Agreement (CUFTA)
*Canada-Peru Free Trade Agreement (CPFTA)
*Canada-UK Trade Continuity Agreement (Canada-UK TCA)","*Accord de libre-échange Canada-Colombie
*Accord de libre-échange canadien (ALEC)
*Accord de libre-échange Canada-Honduras
*Accord de libre-échange Canada-Chili (ALECC)
*Accord sur les marchés publics de l'Organisation mondiale du commerce (AMP-OMC)
*Accord économique et commercial global (AECG) entre le Canada et l’Union européenne (UE)
*Accord de Partenariat transpacifique global et progressiste (PTPGP)
*Accord de libre-échange Canada-Corée
*Accord de libre-échange Canada-Panama
*Accord de libre-échange Canada-Ukraine (ALECU)
*Accord de libre-échange Canada-Pérou (ALECP)
*Accord de continuité commerciale Canada–Royaume-Uni (ACC Canada-Royaume-Uni)","*Quebec (except NCR)","*Québec (sauf RCN)","LEFEBVRE & BENOIT","LEFEBVRE & BENOIT","","","","","","","4500 rue bernard lefebvre","4500 rue bernard lefebvre","LAVAL","LAVAL","Québec","Québec","H7C 0A5","CA","CA","Department of Public Works and Government Services (PSPC)"," Ministère des Travaux publics et des Services gouvernementaux (SPAC)","11 Laurier St, Phase III, Place du Portage","11, rue Laurier, Phase III, Place du Portage","Gatineau","Gatineau","Quebec","Québec","K1A 0S5","Canada","Canada","Department of Public Works and Government Services (PSPC)"," Ministère des Travaux publics et des Services gouvernementaux (SPAC)","","","11 Laurier St, Phase III, Place du Portage,Gatineau,Quebec,K1A 0S5,Canada","11, rue Laurier, Phase III, Place du Portage,Gatineau,Québec,K1A 0S5,Canada","Lavoie, Corine (SPAC/PSPC) (elle-la / she-her)","corine.lavoie@tpsgc-pwgsc.gc.ca","","","","","","","","","","","","","",""
"E6QUE-250001 - Standing offer for wood and construction materials","E6QUE-250001 - Offre à commandes pour produits de bois et matériaux de construction","CW2398470","000","WS5010240147","WS5010240147","CW2398470","1","2025-07-31","2025-03-27","","2025-04-01","2025-07-31","0.00","0.00","CAD","Active","Actif","Standing Offer","Offre à commandes","Original","Original","","","","*11121600
*30000000
*30110000
*30130000
*30170000
*30260000","*Wood
*Structures and Building and Construction and Manufacturing Components and Supplies
*Concrete and cement and plaster
*Structural building products
*Doors and windows and glass
*Structural materials","*Bois
*Constituants et provisions de Structures et bâtiment et construction et fabrication
*Béton, ciment et plâtre
*Produits pour la construction de structure
*Portes, fenêtres et vitre
*Matériaux de structure","*GD","Request for Standing Offer","Demande d’offre à commandes","Competitive - Open bidding","Concurrentielle - Invitation ouverte à soumissionner","Lowest Price","Prix le plus bas","None","Aucune","*Canada-Colombia Free Trade Agreement
*Canadian Free Trade Agreement (CFTA)
*Canada-Panama Free Trade Agreement
*Canada-Chile Free Trade Agreement (CCFTA)
*Canada-Peru Free Trade Agreement (CPFTA)
*Canada-Honduras Free Trade Agreement
*Comprehensive and Progressive Agreement for Trans-Pacific Partnership (CPTPP)
*Canada-European Union Comprehensive Economic and Trade Agreement (CETA)
*Canada-Korea Free Trade Agreement (CKFTA)
*World Trade Organization Agreement on Government Procurement (WTO GPA)
*Canada-Ukraine Free Trade Agreement (CUFTA)
*Canada-UK Trade Continuity Agreement (Canada-UK TCA)","*Accord de libre-échange Canada-Colombie
*Accord de libre-échange canadien (ALEC)
*Accord de libre-échange Canada-Panama
*Accord de libre-échange Canada-Chili (ALECC)
*Accord de libre-échange Canada-Pérou (ALECP)
*Accord de libre-échange Canada-Honduras
*Accord de Partenariat transpacifique global et progressiste (PTPGP)
*Accord économique et commercial global (AECG) entre le Canada et l’Union européenne (UE)
*Accord de libre-échange Canada-Corée
*Accord sur les marchés publics de l'Organisation mondiale du commerce (AMP-OMC)
*Accord de libre-échange Canada-Ukraine (ALECU)
*Accord de continuité commerciale Canada–Royaume-Uni (ACC Canada-Royaume-Uni)","*Quebec (except NCR)","*Québec (sauf RCN)","Materiaux Bomat Inc","Materiaux Bomat Inc","","","","","","","1212 chemin Industriel","1212 chemin Industriel","Lévis","Lévis","Québec","Québec","G7A 1B1","CA","CA","Department of Public Works and Government Services (PSPC)"," Ministère des Travaux publics et des Services gouvernementaux (SPAC)","11 Laurier St, Phase III, Place du Portage","11, rue Laurier, Phase III, Place du Portage","Gatineau","Gatineau","Quebec","Québec","K1A 0S5","Canada","Canada","Department of Public Works and Government Services (PSPC)"," Ministère des Travaux publics et des Services gouvernementaux (SPAC)","","","11 Laurier St, Phase III, Place du Portage,Gatineau,Quebec,K1A 0S5,Canada","11, rue Laurier, Phase III, Place du Portage,Gatineau,Québec,K1A 0S5,Canada","Lavoie, Corine (SPAC/PSPC) (elle-la / she-her)","corine.lavoie@tpsgc-pwgsc.gc.ca","","","","","","","","","","","","","",""
"E6QUE-240001 - RMSO - Wood and Construction Materials","E6QUE-240001 - OCPR - Bois et matériaux de construction","CW2383728","000","WS4422560716","WS4422560716","CW2383728","2","2024-12-01","2024-11-29","","2024-12-01","2025-03-31","0.00","0.00","CAD","Active","Actif","Standing Offer","Offre à commandes","Original","Original","","","","*11121600
*30000000
*30110000
*30130000
*30170000
*30260000","*Wood
*Structures and Building and Construction and Manufacturing Components and Supplies
*Concrete and cement and plaster
*Structural building products
*Doors and windows and glass
*Structural materials","*Bois
*Constituants et provisions de Structures et bâtiment et construction et fabrication
*Béton, ciment et plâtre
*Produits pour la construction de structure
*Portes, fenêtres et vitre
*Matériaux de structure","*GD","Request for Standing Offer","Demande d’offre à commandes","Competitive - Open bidding","Concurrentielle - Invitation ouverte à soumissionner","Lowest Price","Prix le plus bas","None","Aucune","*Canadian Free Trade Agreement (CFTA)
*Canada-Panama Free Trade Agreement
*Canada-Colombia Free Trade Agreement
*Canada-Chile Free Trade Agreement (CCFTA)
*Canada-Honduras Free Trade Agreement
*Comprehensive and Progressive Agreement for Trans-Pacific Partnership (CPTPP)
*Canada-Peru Free Trade Agreement (CPFTA)
*Canada-European Union Comprehensive Economic and Trade Agreement (CETA)
*Canada-Ukraine Free Trade Agreement (CUFTA)
*World Trade Organization Agreement on Government Procurement (WTO GPA)
*Canada-Korea Free Trade Agreement (CKFTA)
*Canada-UK Trade Continuity Agreement (Canada-UK TCA)","*Accord de libre-échange canadien (ALEC)
*Accord de libre-échange Canada-Panama
*Accord de libre-échange Canada-Colombie
*Accord de libre-échange Canada-Chili (ALECC)
*Accord de libre-échange Canada-Honduras
*Accord de Partenariat transpacifique global et progressiste (PTPGP)
*Accord de libre-échange Canada-Pérou (ALECP)
*Accord économique et commercial global (AECG) entre le Canada et l’Union européenne (UE)
*Accord de libre-échange Canada-Ukraine (ALECU)
*Accord sur les marchés publics de l'Organisation mondiale du commerce (AMP-OMC)
*Accord de libre-échange Canada-Corée
*Accord de continuité commerciale Canada–Royaume-Uni (ACC Canada-Royaume-Uni)","*Quebec (except NCR)","*Québec (sauf RCN)","CANAC MARQUIS GRENIER","CANAC MARQUIS GRENIER","","","","","5000","5000","6235 BOULEVARD WILFRID-HAMEL","6235 BOULEVARD WILFRID-HAMEL","ANCIENNE LORETTE","ANCIENNE LORETTE","Québec","Québec","G2E 5W2","CA","CA","Department of Public Works and Government Services (PSPC)"," Ministère des Travaux publics et des Services gouvernementaux (SPAC)","11 Laurier St, Phase III, Place du Portage","11, rue Laurier, Phase III, Place du Portage","Gatineau","Gatineau","Quebec","Québec","K1A 0S5","Canada","Canada","Department of Public Works and Government Services (PSPC)"," Ministère des Travaux publics et des Services gouvernementaux (SPAC)","","","11 Laurier St, Phase III, Place du Portage,Gatineau,Quebec,K1A 0S5,Canada","11, rue Laurier, Phase III, Place du Portage,Gatineau,Québec,K1A 0S5,Canada","Lavoie, Corine (SPAC/PSPC) (elle-la / she-her)","corine.lavoie@tpsgc-pwgsc.gc.ca","","","","","","","","","","","","","",""
"E6QUE-240001 - RMSO - Wood and Construction Materials","E6QUE-240001 - OCPR - Bois et matériaux de construction","CW2366352","000","WS4422560716","WS4422560716","CW2366352","1","2024-11-30","2024-06-28","","2024-08-01","2024-11-30","0.00","0.00","CAD","Active","Actif","Contract","Contrat","Original","Original","","","","*11121600
*30000000
*30110000
*30130000
*30170000
*30260000","*Wood
*Structures and Building and Construction and Manufacturing Components and Supplies
*Concrete and cement and plaster
*Structural building products
*Doors and windows and glass
*Structural materials","*Bois
*Constituants et provisions de Structures et bâtiment et construction et fabrication
*Béton, ciment et plâtre
*Produits pour la construction de structure
*Portes, fenêtres et vitre
*Matériaux de structure","*GD","Request for Standing Offer","Demande d’offre à commandes","Competitive - Open bidding","Concurrentielle - Invitation ouverte à soumissionner","Lowest Price","Prix le plus bas","None","Aucune","*Canadian Free Trade Agreement (CFTA)
*Canada-Honduras Free Trade Agreement
*Canada-Chile Free Trade Agreement (CCFTA)
*World Trade Organization Agreement on Government Procurement (WTO GPA)
*Canada-Colombia Free Trade Agreement
*Canada-Korea Free Trade Agreement (CKFTA)
*Canada-European Union Comprehensive Economic and Trade Agreement (CETA)
*Canada-Panama Free Trade Agreement
*Canada-Peru Free Trade Agreement (CPFTA)
*Canada-Ukraine Free Trade Agreement (CUFTA)
*Comprehensive and Progressive Agreement for Trans-Pacific Partnership (CPTPP)
*Canada-UK Trade Continuity Agreement (Canada-UK TCA)","*Accord de libre-échange canadien (ALEC)
*Accord de libre-échange Canada-Honduras
*Accord de libre-échange Canada-Chili (ALECC)
*Accord sur les marchés publics de l'Organisation mondiale du commerce (AMP-OMC)
*Accord de libre-échange Canada-Colombie
*Accord de libre-échange Canada-Corée
*Accord économique et commercial global (AECG) entre le Canada et l’Union européenne (UE)
*Accord de libre-échange Canada-Panama
*Accord de libre-échange Canada-Pérou (ALECP)
*Accord de libre-échange Canada-Ukraine (ALECU)
*Accord de Partenariat transpacifique global et progressiste (PTPGP)
*Accord de continuité commerciale Canada–Royaume-Uni (ACC Canada-Royaume-Uni)","*Quebec (except NCR)","*Québec (sauf RCN)","Materiaux Bomat Inc","Materiaux Bomat Inc","","","","","","","1212 chemin Industriel","1212 chemin Industriel","Lévis","Lévis","Québec","Québec","G7A 1B1","CA","CA","Department of Public Works and Government Services (PSPC)"," Ministère des Travaux publics et des Services gouvernementaux (SPAC)","11 Laurier St, Phase III, Place du Portage","11, rue Laurier, Phase III, Place du Portage","Gatineau","Gatineau","Quebec","Québec","K1A 0S5","Canada","Canada","Department of Public Works and Government Services (PSPC)"," Ministère des Travaux publics et des Services gouvernementaux (SPAC)","","","11 Laurier St, Phase III, Place du Portage,Gatineau,Quebec,K1A 0S5,Canada","11, rue Laurier, Phase III, Place du Portage,Gatineau,Québec,K1A 0S5,Canada","Lavoie, Corine (SPAC/PSPC) (elle-la / she-her)","corine.lavoie@tpsgc-pwgsc.gc.ca","","","","","","","","","","","","","",""
"E6QUE-240001 - RMSO - Wood and Construction Materials","E6QUE-240001 - OCPR - Bois et matériaux de construction","CW2366355","000","WS4422560716","WS4422560716","CW2366355","1","2024-11-30","2024-06-21","","2024-08-01","2024-11-30","0.00","0.00","CAD","Active","Actif","Standing Offer","Offre à commandes","Original","Original","","","","*11121600
*30000000
*30110000
*30130000
*30170000
*30260000","*Wood
*Structures and Building and Construction and Manufacturing Components and Supplies
*Concrete and cement and plaster
*Structural building products
*Doors and windows and glass
*Structural materials","*Bois
*Constituants et provisions de Structures et bâtiment et construction et fabrication
*Béton, ciment et plâtre
*Produits pour la construction de structure
*Portes, fenêtres et vitre
*Matériaux de structure","*GD","Request for Standing Offer","Demande d’offre à commandes","Competitive - Open bidding","Concurrentielle - Invitation ouverte à soumissionner","Lowest Price","Prix le plus bas","None","Aucune","*Canada-Chile Free Trade Agreement (CCFTA)
*Canada-Colombia Free Trade Agreement
*World Trade Organization Agreement on Government Procurement (WTO GPA)
*Canadian Free Trade Agreement (CFTA)
*Canada-Honduras Free Trade Agreement
*Canada-European Union Comprehensive Economic and Trade Agreement (CETA)
*Canada-Korea Free Trade Agreement (CKFTA)
*Canada-Peru Free Trade Agreement (CPFTA)
*Canada-Panama Free Trade Agreement
*Comprehensive and Progressive Agreement for Trans-Pacific Partnership (CPTPP)
*Canada-Ukraine Free Trade Agreement (CUFTA)
*Canada-UK Trade Continuity Agreement (Canada-UK TCA)","*Accord de libre-échange Canada-Chili (ALECC)
*Accord de libre-échange Canada-Colombie
*Accord sur les marchés publics de l'Organisation mondiale du commerce (AMP-OMC)
*Accord de libre-échange canadien (ALEC)
*Accord de libre-échange Canada-Honduras
*Accord économique et commercial global (AECG) entre le Canada et l’Union européenne (UE)
*Accord de libre-échange Canada-Corée
*Accord de libre-échange Canada-Pérou (ALECP)
*Accord de libre-échange Canada-Panama
*Accord de Partenariat transpacifique global et progressiste (PTPGP)
*Accord de libre-échange Canada-Ukraine (ALECU)
*Accord de continuité commerciale Canada–Royaume-Uni (ACC Canada-Royaume-Uni)","*Quebec (except NCR)","*Québec (sauf RCN)","LEFEBVRE & BENOIT","LEFEBVRE & BENOIT","","","","","","","4500 rue bernard lefebvre","4500 rue bernard lefebvre","LAVAL","LAVAL","Québec","Québec","H7C 0A5","CA","CA","Department of Public Works and Government Services (PSPC)"," Ministère des Travaux publics et des Services gouvernementaux (SPAC)","11 Laurier St, Phase III, Place du Portage","11, rue Laurier, Phase III, Place du Portage","Gatineau","Gatineau","Quebec","Québec","K1A 0S5","Canada","Canada","Department of Public Works and Government Services (PSPC)"," Ministère des Travaux publics et des Services gouvernementaux (SPAC)","","","11 Laurier St, Phase III, Place du Portage,Gatineau,Quebec,K1A 0S5,Canada","11, rue Laurier, Phase III, Place du Portage,Gatineau,Québec,K1A 0S5,Canada","Lavoie, Corine (SPAC/PSPC) (elle-la / she-her)","corine.lavoie@tpsgc-pwgsc.gc.ca","","","","","","","","","","","","","",""
"F2563-240007 Lumber for Helicopter Pads","F2563-240007 Bois d’œuvre pour les plateformes d’hélicoptère","CW2369297","000","WS4700793810","WS4700793810","CW2369297","2","2025-01-14","2025-01-14","","2025-01-14","2028-03-31","0.00","0.00","CAD","Active","Actif","Standing Offer","Offre à commandes","Original","Original","","","","*11121600
*30103603","*Wood
*Framing lumber","*Bois
*Bois de charpente","*GD","Directed Contract","Contrat prescrit","Competitive - Selective tendering","Concurrentielle - Appel d'offres sélectif","Highest Combined Rating of Technical Merit and Price","Cote combinée la plus élevée pour le mérite technique et le prix","None","Aucune","*Comprehensive and Progressive Agreement for Trans-Pacific Partnership (CPTPP)
*Canada-Chile Free Trade Agreement (CCFTA)
*Canadian Free Trade Agreement (CFTA)
*Canada-Colombia Free Trade Agreement
*Canada-Ukraine Free Trade Agreement (CUFTA)
*Canada-European Union Comprehensive Economic and Trade Agreement (CETA)
*Canada-Honduras Free Trade Agreement
*Canada-Panama Free Trade Agreement
*Canada-Korea Free Trade Agreement (CKFTA)
*World Trade Organization Agreement on Government Procurement (WTO GPA)
*Canada-Peru Free Trade Agreement (CPFTA)
*Canada-UK Trade Continuity Agreement (Canada-UK TCA)","*Accord de Partenariat transpacifique global et progressiste (PTPGP)
*Accord de libre-échange Canada-Chili (ALECC)
*Accord de libre-échange canadien (ALEC)
*Accord de libre-échange Canada-Colombie
*Accord de libre-échange Canada-Ukraine (ALECU)
*Accord économique et commercial global (AECG) entre le Canada et l’Union européenne (UE)
*Accord de libre-échange Canada-Honduras
*Accord de libre-échange Canada-Panama
*Accord de libre-échange Canada-Corée
*Accord sur les marchés publics de l'Organisation mondiale du commerce (AMP-OMC)
*Accord de libre-échange Canada-Pérou (ALECP)
*Accord de continuité commerciale Canada–Royaume-Uni (ACC Canada-Royaume-Uni)","*Ontario (except NCR)","*Ontario (sauf RCN)","Goodfellow Inc.","Goodfellow Inc.","","","","","","","225 RUE GOODFELLOW","225 RUE GOODFELLOW","DELSON","DELSON","Quebec","Quebec","J5B 1V5","CA","CA","Department of Public Works and Government Services (PSPC)"," Ministère des Travaux publics et des Services gouvernementaux (SPAC)","11 Laurier St, Phase III, Place du Portage","11, rue Laurier, Phase III, Place du Portage","Gatineau","Gatineau","Quebec","Québec","K1A 0S5","Canada","Canada","Department of Fisheries and Oceans (DFO) / Canadian Coast Guard (CCG)"," Ministère des Pêches et des Océans (MPO) /  Garde côtière canadienne (GCC)"," / "," / ","200 Kent Street,Ottawa,Ontario,K1A 0E6,Canada / 200 Kent St. Station 13E228,Ottawa,Ontario,K1A0E6,Canada","200, rue Kent,Ottawa,Ontario,K1A 0E6,Canada / 200, rue Kent, Station 13E228,Ottawa,Ontario,K1A0E6,Canada","Keenan, Darlene (SPAC/PSPC) (elle-la / she-her)","darlene.keenan@tpsgc-pwgsc.gc.ca","","","","","","","","","","","","","Canada is seeking offers from Offerors to supply and deliver SPF No. 1 pressure treated lumber to various Canadian Coast Guard (CCG) bases in Ontario as stated in “Delivery Locations” within the Statement of Requirement on an “as and when required” basis utilizing task authorizations to Fisheries and Oceans Canada.","Le Canada sollicite des offres de la part des offrants pour fournir et livrer du bois d’EPS no 1 traité sous pression à diverses bases de la Garde côtière canadienne (GCC) en Ontario, comme il est indiqué dans la section « Lieux de livraison » de l’énoncé des besoins « au fur et à mesure des besoins » à l’aide des autorisations de tâches à Pêches et Océans Canada."
"5P213-230290-Firewood for Mingan Archipelago National Park Reserve","5P213-230290 -Bois chauffage pour la réserve du parc national de l’archipel de Mingan","CW2368263","000","WS4628170102","WS4628170102","CW2368263","3","2024-07-16","2024-07-15","","2024-07-15","2025-06-30","109916.10","63811.13","CAD","Active","Actif","Contract","Contrat","Original","Original","","","","*11121603","*Logs","*Bille ou grume","*GD","Request for Proposal","Demande de propositions","Competitive - Open bidding","Concurrentielle - Invitation ouverte à soumissionner","Lowest Price","Prix le plus bas","None","Aucune","*Canadian Free Trade Agreement (CFTA)","*Accord de libre-échange canadien (ALEC)","*Sept-Îles","*Sept-Îles","Transport Pierre Loiselle","Transport Pierre Loiselle","","","","","","","416 rue du Centre","416 rue du Centre","Longue-Pointe de Mingan","Longue-Pointe de Mingan","Québec","Québec","G0G 1V0","CA","CA","Department of Public Works and Government Services (PSPC)"," Ministère des Travaux publics et des Services gouvernementaux (SPAC)","11 Laurier St, Phase III, Place du Portage","11, rue Laurier, Phase III, Place du Portage","Gatineau","Gatineau","Quebec","Québec","K1A 0S5","Canada","Canada","Parks Canada Agency (PC)"," Agence Parcs Canada (PC)","","","30 Victoria Street,Gatineau,Quebec,J8X 0B3,Canada","30, rue Victoria,Gatineau,Quebec,J8X 0B3,Canada","Langis, Sonia (SPAC/PSPC)","sonia.langis@tpsgc-pwgsc.gc.ca","","","","","","","","","","","","","5P213-230290-Firewood for Mingan Archipelago National Park Reserve","5P213-230290 - Bois chauffage pour la réserve du parc national de l’archipel de Mingan"
"5P315-240331 Douglas Fir Timber","5P315-240331 Bois de sapin de Douglas","CW2357624","000","WS4444227782","WS4444227782","CW2357624","1","2024-04-08","2024-04-08","","2024-04-01","2029-03-31","0.00","0.00","CAD","Active","Actif","Supply Arrangement","Arrangement en matière d’approvisionnement","Original","Original","","","","*11121603","*Logs","*Bille ou grume","*GD","Request for Supply Arrangement","Demande pour un arrangement en matière d’approvisionnement","Competitive - Open bidding","Concurrentielle - Invitation ouverte à soumissionner","Not applicable","Sans objet","","","*Canadian Free Trade Agreement (CFTA)
*World Trade Organization Agreement on Government Procurement (WTO GPA)
*Canada-Colombia Free Trade Agreement
*Canada-Honduras Free Trade Agreement
*Canada-Chile Free Trade Agreement (CCFTA)
*Canada-Panama Free Trade Agreement
*Canada-European Union Comprehensive Economic and Trade Agreement (CETA)
*Canada-Korea Free Trade Agreement (CKFTA)
*Comprehensive and Progressive Agreement for Trans-Pacific Partnership (CPTPP)
*Canada-UK Trade Continuity Agreement (Canada-UK TCA)
*Canada-Peru Free Trade Agreement (CPFTA)
*Canada-Ukraine Free Trade Agreement (CUFTA)","*Accord de libre-échange canadien (ALEC)
*Accord sur les marchés publics de l'Organisation mondiale du commerce (AMP-OMC)
*Accord de libre-échange Canada-Colombie
*Accord de libre-échange Canada-Honduras
*Accord de libre-échange Canada-Chili (ALECC)
*Accord de libre-échange Canada-Panama
*Accord économique et commercial global (AECG) entre le Canada et l’Union européenne (UE)
*Accord de libre-échange Canada-Corée
*Accord de Partenariat transpacifique global et progressiste (PTPGP)
*Accord de continuité commerciale Canada–Royaume-Uni (ACC Canada-Royaume-Uni)
*Accord de libre-échange Canada-Pérou (ALECP)
*Accord de libre-échange Canada-Ukraine (ALECU)","*Ontario (except NCR)","*Ontario (sauf RCN)","Goodfellow inc","Goodfellow inc","","","","","800","800","225 Goodfellow","225 Goodfellow","Delson","Delson","Quebec","Quebec","J5B 1V5","CA","CA","Department of Public Works and Government Services (PSPC)"," Ministère des Travaux publics et des Services gouvernementaux (SPAC)","11 Laurier St, Phase III, Place du Portage","11, rue Laurier, Phase III, Place du Portage","Gatineau","Gatineau","Quebec","Québec","K1A 0S5","Canada","Canada","Parks Canada Agency (PC)"," Agence Parcs Canada (PC)","","","30 Victoria Street,Gatineau,Quebec,J8X 0B3,Canada","30, rue Victoria,Gatineau,Quebec,J8X 0B3,Canada","Barltrop, David (SPAC/PSPC)","david.barltrop@tpsgc-pwgsc.gc.ca","","","","","","","","","","","","","",""
"W7701-257939 – Rigid ballistic panels in various thicknesses","W7701-257939 - Panneaux balistiques rigides de différentes épaisseurs","CW2391719","000","WS4870789876","WS4870789876","CW2391719","2","2025-03-28","2025-03-21","","2025-03-21","2025-11-28","119583.38","119583.38","CAD","Active","Actif","Contract","Contrat","Original","Original","","","","*11150000
*73141500
*73141700","*Fibers and threads and yarns
*Fiber production
*Fabrics and leather production","*Fibres, fils et filasses
*Production de fibres
*Production de tissu et de cuir","*GD","Request for Proposal","Demande de propositions","Competitive - Open bidding","Concurrentielle - Invitation ouverte à soumissionner","Lowest Price","Prix le plus bas","None","Aucune","*Canadian Free Trade Agreement (CFTA)","*Accord de libre-échange canadien (ALEC)","*Québec","*Québec","Iten Defense, LLC","Iten Defense, LLC","Iten Defense, LLC","Iten Defense, LLC","","","100","100","3500 N Ridge Rd W","3500 N Ridge Rd W","Ashtabula","Ashtabula","Ohio","Ohio","44004-6370","US","US","Department of Public Works and Government Services (PSPC)"," Ministère des Travaux publics et des Services gouvernementaux (SPAC)","11 Laurier St, Phase III, Place du Portage","11, rue Laurier, Phase III, Place du Portage","Gatineau","Gatineau","Quebec","Québec","K1A 0S5","Canada","Canada","Defence Research and Development Canada (DRDC)"," Recherche et développement pour la défense Canada (RDDC)","","","400 Cumberland Street,Ottawa,Ontario,K1N 1J8,Canada","400, rue Cumberland,Ottawa,Ontario,K1N 1J8,Canada","Godin2, Joanne (SPAC/PSPC)","joanne.godin2@tpsgc-pwgsc.gc.ca","","","","","","","","","","","","","W7701-257939 – Rigid ballistic panels in various thicknesses","W7701-257939 - Panneaux balistiques rigides de différentes épaisseurs"
"Sub agreement Amend 004 - 21C31-233959 Tibular knit fabric and Neck Band (Collar)","Accord Subsidiaire Modification 004 - 21C31-233959 Tricots tubulaires et bandes de cou","CW2459329","000","WS3964639356","WS3964639356","CW2459329","1","2026-07-07","2024-07-01","","2026-06-24","2027-07-01","0.00","0.00","CAD","Active","Actif","Standing Offer","Offre à commandes","Original","Original","","","","*11160000","*Fabrics and leather materials","*Tissus et cuirs","*GD","Request for Proposal","Demande de propositions","Competitive - Open bidding","Concurrentielle - Invitation ouverte à soumissionner","Highest Combined Rating of Technical Merit and Price","Cote combinée la plus élevée pour le mérite technique et le prix","","","*Canadian Free Trade Agreement (CFTA)","*Accord de libre-échange canadien (ALEC)","*Drummondville
*Cowansville
*Laval","*Drummondville
*Cowansville
*Laval","COX'S BAZAR TRADING INC","COX'S BAZAR TRADING INC","","","","","4","4","413 CHRISTINE  ST","413 CHRISTINE  ST","HAWKESBURY","HAWKESBURY","Ontario","Ontario","K6A 3P7","CA","CA","Department of Public Works and Government Services (PSPC)"," Ministère des Travaux publics et des Services gouvernementaux (SPAC)","11 Laurier St, Phase III, Place du Portage","11, rue Laurier, Phase III, Place du Portage","Gatineau","Gatineau","Quebec","Québec","K1A 0S5","Canada","Canada","Correctional Service of Canada (CSC)"," Service correctionnel du Canada (SCC)","","","340 Laurier Ave W,Ottawa,Ontario,K1P0P9,Canada","340, avenue Laurier Ouest,Ottawa,Ontario,K1P0P9,Canada","Lafleur, Mario (SPAC/PSPC)","mario.lafleur@tpsgc-pwgsc.gc.ca","","","","","","","","","","","","","Public Works and Government Services Canada (PWGSC) on behalf of Correctional Service Canada / Corcan Industries is hereby issuing this Request for Standing Offer (RFSO) for the provision of Tibular knit fabric and Neck Band (Collar) for the delivery at Drummondville QC, Laval QC et Cowansville QC. The Standing Offer will be valid from the date of issuance of the Standing Offer for a period of 1 year with the possibility to extend for an additional 2 years period.","Travaux publics et Services gouvernementaux Canada (TPSGC), au nom du Service correctionnel du Canada / Corcan Industries, lance la présente demande d’offre à durée déterminée (DOC) pour la fourniture de tissu tricoté pour tibias et de bandes de cou (colliers) à livrer à Drummondville (Québec), Laval (Québec) et Cowansville (Québec). La DOC est valide à compter de sa date d’émission pour une période d’un an, renouvelable pour une période supplémentaire de deux ans."
"21C11-246091 Leather","21C11-246091 Cuir","CW2358219","000","WS4530823276","WS4530823276","CW2358219","3","2024-09-23","2024-09-19","","2024-09-19","2025-09-18","0.00","0.00","CAD","Active","Actif","Standing Offer","Offre à commandes","Original","Original","","","","*11160000","*Fabrics and leather materials","*Tissus et cuirs","*GD","Request for Proposal","Demande de propositions","Competitive - Open bidding","Concurrentielle - Invitation ouverte à soumissionner","Highest Combined Rating of Technical Merit and Price","Cote combinée la plus élevée pour le mérite technique et le prix","","","*Canadian Free Trade Agreement (CFTA)","*Accord de libre-échange canadien (ALEC)","*Canada","*Canada","CTL Leather Inc","CTL Leather Inc","","","","","30","30","90 Carnforth Road","90 Carnforth Road","Toronto","Toronto","Ontario","Ontario","M4A 2K7","CA","CA","Department of Public Works and Government Services (PSPC)"," Ministère des Travaux publics et des Services gouvernementaux (SPAC)","11 Laurier St, Phase III, Place du Portage","11, rue Laurier, Phase III, Place du Portage","Gatineau","Gatineau","Quebec","Québec","K1A 0S5","Canada","Canada","Correctional Service of Canada (CSC)"," Service correctionnel du Canada (SCC)","","","340 Laurier Ave W,Ottawa,Ontario,K1P0P9,Canada","340, avenue Laurier Ouest,Ottawa,Ontario,K1P0P9,Canada","Lafleur, Mario (SPAC/PSPC)","mario.lafleur@tpsgc-pwgsc.gc.ca","","","","","","","","","","","","","",""
"21C11-241356 Vinyl","21C11-241356 Vinyle","CW2350785","000","WS4451998570","WS4451998570","CW2350785","5","2025-01-30","2025-01-21","","2025-01-21","2026-01-20","0.00","0.00","CAD","Active","Actif","Standing Offer","Offre à commandes","Original","Original","","","","*11160000","*Fabrics and leather materials","*Tissus et cuirs","*GD","Request for Proposal","Demande de propositions","Competitive - Open bidding","Concurrentielle - Invitation ouverte à soumissionner","Highest Combined Rating of Technical Merit and Price","Cote combinée la plus élevée pour le mérite technique et le prix","None","Aucune","*Canadian Free Trade Agreement (CFTA)","*Accord de libre-échange canadien (ALEC)","*Canada","*Canada","Triden Distributors Limited","Triden Distributors Limited","","","","","","","922 Dillingham Road","922 Dillingham Road","pickering","pickering","Ontario","Ontario","L1W 1Z6","CA","CA","Department of Public Works and Government Services (PSPC)"," Ministère des Travaux publics et des Services gouvernementaux (SPAC)","11 Laurier St, Phase III, Place du Portage","11, rue Laurier, Phase III, Place du Portage","Gatineau","Gatineau","Quebec","Québec","K1A 0S5","Canada","Canada","Correctional Service of Canada (CSC)"," Service correctionnel du Canada (SCC)","","","340 Laurier Ave W,Ottawa,Ontario,K1P0P9,Canada","340, avenue Laurier Ouest,Ottawa,Ontario,K1P0P9,Canada","Lafleur, Mario (SPAC/PSPC)","mario.lafleur@tpsgc-pwgsc.gc.ca","","","","","","","","","","","","","",""
"21C31-233959 Tibular knit fabric and Neck Band (Collar)","21C31-233959 Tricots tubulaires et bandes de cou","CW2353429","000","WS3964639356","WS3964639356","CW2353429","2","2024-07-05","2024-07-02","","2024-07-02","2025-07-01","0.00","0.00","CAD","Active","Actif","Standing Offer","Offre à commandes","Original","Original","","","","*11160000","*Fabrics and leather materials","*Tissus et cuirs","*GD","Request for Proposal","Demande de propositions","Competitive - Open bidding","Concurrentielle - Invitation ouverte à soumissionner","Highest Combined Rating of Technical Merit and Price","Cote combinée la plus élevée pour le mérite technique et le prix","","","*Canadian Free Trade Agreement (CFTA)","*Accord de libre-échange canadien (ALEC)","*Cowansville
*Drummondville
*Laval","*Cowansville
*Drummondville
*Laval","COX'S BAZAR TRADING INC","COX'S BAZAR TRADING INC","","","","","4","4","413 CHRISTINE  ST","413 CHRISTINE  ST","HAWKESBURY","HAWKESBURY","Ontario","Ontario","K6A 3P7","CA","CA","Department of Public Works and Government Services (PSPC)"," Ministère des Travaux publics et des Services gouvernementaux (SPAC)","11 Laurier St, Phase III, Place du Portage","11, rue Laurier, Phase III, Place du Portage","Gatineau","Gatineau","Quebec","Québec","K1A 0S5","Canada","Canada","Correctional Service of Canada (CSC)"," Service correctionnel du Canada (SCC)","","","340 Laurier Ave W,Ottawa,Ontario,K1P0P9,Canada","340, avenue Laurier Ouest,Ottawa,Ontario,K1P0P9,Canada","Lafleur, Mario (SPAC/PSPC)","mario.lafleur@tpsgc-pwgsc.gc.ca","","","","","","","","","","","","","Public Works and Government Services Canada (PWGSC) on behalf of Correctional Service Canada / Corcan Industries is hereby issuing this Request for Standing Offer (RFSO) for the provision of Tibular knit fabric and Neck Band (Collar) for the delivery at Drummondville QC, Laval QC et Cowansville QC. The Standing Offer will be valid from the date of issuance of the Standing Offer for a period of 1 year with the possibility to extend for an additional 2 years period.","N/A"
"RFSO - Hydrated Lime","DOC - Chaux hydratée","CW2354874","000","WS4420073297","WS4420073297","CW2354874","1","2024-07-01","2024-06-07","","2024-07-01","2027-06-30","2445187.50","2445187.50","CAD","Active","Actif","Standing Offer","Offre à commandes","Original","Original","","","","*12000000
*73101600","*Chemicals including Bio Chemicals and Gas Materials
*Chemicals and fertilizers production","*Produits chimiques, biochimiques et gazeux
*Services de production de produits chimiques et d'engrais","*SRV","Request for Standing Offer","Demande d’offre à commandes","Competitive - Open bidding","Concurrentielle - Invitation ouverte à soumissionner","Lowest Price","Prix le plus bas","None","Aucune","*Canada-European Union Comprehensive Economic and Trade Agreement (CETA)
*Canada-Colombia Free Trade Agreement
*Canada-Panama Free Trade Agreement
*Canadian Free Trade Agreement (CFTA)
*World Trade Organization Agreement on Government Procurement (WTO GPA)
*Canada-Chile Free Trade Agreement (CCFTA)
*Canada-Peru Free Trade Agreement (CPFTA)
*Canada-Honduras Free Trade Agreement
*Canada-UK Trade Continuity Agreement (Canada-UK TCA)
*Canada-Korea Free Trade Agreement (CKFTA)
*Comprehensive and Progressive Agreement for Trans-Pacific Partnership (CPTPP)
*Canada-Ukraine Free Trade Agreement (CUFTA)","*Accord économique et commercial global (AECG) entre le Canada et l’Union européenne (UE)
*Accord de libre-échange Canada-Colombie
*Accord de libre-échange Canada-Panama
*Accord de libre-échange canadien (ALEC)
*Accord sur les marchés publics de l'Organisation mondiale du commerce (AMP-OMC)
*Accord de libre-échange Canada-Chili (ALECC)
*Accord de libre-échange Canada-Pérou (ALECP)
*Accord de libre-échange Canada-Honduras
*Accord de continuité commerciale Canada–Royaume-Uni (ACC Canada-Royaume-Uni)
*Accord de libre-échange Canada-Corée
*Accord de Partenariat transpacifique global et progressiste (PTPGP)
*Accord de libre-échange Canada-Ukraine (ALECU)","*Nova Scotia","*Nouvelle-Écosse","Graymont (NB) Inc","Graymont (NB) Inc","","","","","","","4634 Route 880","4634 Route 880","Havelock","Havelock","New Brunswick","New Brunswick","E4Z 5K8","CA","CA","Department of Public Works and Government Services (PSPC)"," Ministère des Travaux publics et des Services gouvernementaux (SPAC)","11 Laurier St, Phase III, Place du Portage","11, rue Laurier, Phase III, Place du Portage","Gatineau","Gatineau","Quebec","Québec","K1A 0S5","Canada","Canada","Department of Public Works and Government Services (PSPC)"," Ministère des Travaux publics et des Services gouvernementaux (SPAC)","","","11 Laurier St, Phase III, Place du Portage,Gatineau,Quebec,K1A 0S5,Canada","11, rue Laurier, Phase III, Place du Portage,Gatineau,Québec,K1A 0S5,Canada","MacNeil, Blaine (SPAC/PSPC) (il-lui / he-him)","blaine.macneil@tpsgc-pwgsc.gc.ca","","","","","","","","","","","","","Bulk delivery of hydrated lime required to Cape Breton, Nova Scotia. Estimated 1000 tons per year.","Livraison en vrac de chaux hydratée requise au Cap-Breton, en Nouvelle-Écosse. Estimé 1000 tonnes par an."
"W8486-25YA06 Thunder Flash SC 809","W8486-25YA06 Éclair de tonnerre SC 809","CW2369484","000","WS4703866973","WS4703866973","CW2369484","1","2025-01-28","2025-01-28","","2025-01-28","2026-03-31","644326.00","644326.00","CAD","Active","Actif","Contract","Contrat","Original","Original","","","","*12131600","*Pyrotechnics","*Produits pyrotechniques","*GD","Directed Contract","Contrat prescrit","Non-competitive","Non concurrentielle","Not applicable","Sans objet","None","Aucune","*Canadian Free Trade Agreement (CFTA)","*Accord de libre-échange canadien (ALEC)","*Ontario (except NCR)","*Ontario (sauf RCN)","HFI Pyrotechnics Inc.","HFI Pyrotechnics Inc.","","","","","","","3322 Hands Road RR 4","3322 Hands Road RR 4","Prescott","Prescott","Ontario","Ontario","K0E 1T0","CA","CA","Department of Public Works and Government Services (PSPC)"," Ministère des Travaux publics et des Services gouvernementaux (SPAC)","11 Laurier St, Phase III, Place du Portage","11, rue Laurier, Phase III, Place du Portage","Gatineau","Gatineau","Quebec","Québec","K1A 0S5","Canada","Canada","Department of National Defence (DND)"," Ministère de la Défense nationale (MDN)","","","101 Colonel By Dr,Ottawa,Ontario,K1A0K2,Canada","101, promenade Colonel By,Ottawa,Ontario,K1A0K2,Canada","Finnigan, Christopher (SPAC/PSPC)","christopher.finnigan@tpsgc-pwgsc.gc.ca","","","","","","","","","","","","","W8486-25YA06 Thunder Flash SC 809","W8486-25YA06 Éclair de tonnerre SC 809"
"PR10384-E6QUE-230001 - RMSO Compressed gas","PR10384-E6QUE-230001 - OCPR Gaz comprimés","CW2383298","000","WS4550406294","WS4550406294","CW2383298","3","2024-12-01","2024-12-01","","2024-12-01","2025-11-30","0.00","0.00","CAD","Active","Actif","Standing Offer","Offre à commandes","Original","Original","","","","*12140000","*Elements and gases","*Eléments et gaz","*GD","Request for Standing Offer","Demande d’offre à commandes","Competitive - Open bidding","Concurrentielle - Invitation ouverte à soumissionner","Lowest Price","Prix le plus bas","None","Aucune","*Canadian Free Trade Agreement (CFTA)
*Canada-Colombia Free Trade Agreement
*Canada-Honduras Free Trade Agreement
*Canada-European Union Comprehensive Economic and Trade Agreement (CETA)
*Canada-Chile Free Trade Agreement (CCFTA)
*World Trade Organization Agreement on Government Procurement (WTO GPA)
*Comprehensive and Progressive Agreement for Trans-Pacific Partnership (CPTPP)
*Canada-Panama Free Trade Agreement
*Canada-Korea Free Trade Agreement (CKFTA)
*Canada-Peru Free Trade Agreement (CPFTA)
*Canada-Ukraine Free Trade Agreement (CUFTA)
*Canada-UK Trade Continuity Agreement (Canada-UK TCA)","*Accord de libre-échange canadien (ALEC)
*Accord de libre-échange Canada-Colombie
*Accord de libre-échange Canada-Honduras
*Accord économique et commercial global (AECG) entre le Canada et l’Union européenne (UE)
*Accord de libre-échange Canada-Chili (ALECC)
*Accord sur les marchés publics de l'Organisation mondiale du commerce (AMP-OMC)
*Accord de Partenariat transpacifique global et progressiste (PTPGP)
*Accord de libre-échange Canada-Panama
*Accord de libre-échange Canada-Corée
*Accord de libre-échange Canada-Pérou (ALECP)
*Accord de libre-échange Canada-Ukraine (ALECU)
*Accord de continuité commerciale Canada–Royaume-Uni (ACC Canada-Royaume-Uni)","*Quebec (except NCR)","*Québec (sauf RCN)","Linde canada Inc","Linde canada Inc","","","","","65010","65010","500-5015 Spectrum Way","500-5015 Spectrum Way","Mississauga","Mississauga","Ontario","Ontario","L4W 0E4","CA","CA","Department of Public Works and Government Services (PSPC)"," Ministère des Travaux publics et des Services gouvernementaux (SPAC)","11 Laurier St, Phase III, Place du Portage","11, rue Laurier, Phase III, Place du Portage","Gatineau","Gatineau","Quebec","Québec","K1A 0S5","Canada","Canada","Department of Public Works and Government Services (PSPC)"," Ministère des Travaux publics et des Services gouvernementaux (SPAC)","","","11 Laurier St, Phase III, Place du Portage,Gatineau,Quebec,K1A 0S5,Canada","11, rue Laurier, Phase III, Place du Portage,Gatineau,Québec,K1A 0S5,Canada","Deslauriers, Annie (SPAC/PSPC) (elle-la / she-her)","annie.deslauriers@tpsgc-pwgsc.gc.ca","","","","","","","","","","","","","This is a Request for a Regional Master Standing Offer (RMSO) for the supply and delivery of various compressed gas, on an as and when requested basis.","La présente est une demande d’offre à commande principale et régionale (OCPR) pour l’approvisionnement et la livraison de divers gaz comprimés, sur demande et au fur et à mesure des besoins."
"PR10384-E6QUE-230001 - RMSO Compressed gas","PR10384-E6QUE-230001 - OCPR Gaz comprimés","CW2383375","000","WS4550406294","WS4550406294","CW2383375","3","2024-12-01","2024-12-01","","2024-12-01","2025-11-30","0.00","0.00","CAD","Active","Actif","Standing Offer","Offre à commandes","Original","Original","","","","*12140000","*Elements and gases","*Eléments et gaz","*GD","Request for Standing Offer","Demande d’offre à commandes","Competitive - Open bidding","Concurrentielle - Invitation ouverte à soumissionner","Lowest Price","Prix le plus bas","None","Aucune","*Canada-Colombia Free Trade Agreement
*Canada-Honduras Free Trade Agreement
*Canadian Free Trade Agreement (CFTA)
*World Trade Organization Agreement on Government Procurement (WTO GPA)
*Canada-European Union Comprehensive Economic and Trade Agreement (CETA)
*Canada-Ukraine Free Trade Agreement (CUFTA)
*Canada-Chile Free Trade Agreement (CCFTA)
*Canada-Panama Free Trade Agreement
*Canada-Korea Free Trade Agreement (CKFTA)
*Canada-Peru Free Trade Agreement (CPFTA)
*Comprehensive and Progressive Agreement for Trans-Pacific Partnership (CPTPP)
*Canada-UK Trade Continuity Agreement (Canada-UK TCA)","*Accord de libre-échange Canada-Colombie
*Accord de libre-échange Canada-Honduras
*Accord de libre-échange canadien (ALEC)
*Accord sur les marchés publics de l'Organisation mondiale du commerce (AMP-OMC)
*Accord économique et commercial global (AECG) entre le Canada et l’Union européenne (UE)
*Accord de libre-échange Canada-Ukraine (ALECU)
*Accord de libre-échange Canada-Chili (ALECC)
*Accord de libre-échange Canada-Panama
*Accord de libre-échange Canada-Corée
*Accord de libre-échange Canada-Pérou (ALECP)
*Accord de Partenariat transpacifique global et progressiste (PTPGP)
*Accord de continuité commerciale Canada–Royaume-Uni (ACC Canada-Royaume-Uni)","*Quebec (except NCR)","*Québec (sauf RCN)","AIR LIQUIDE CANADA","AIR LIQUIDE CANADA","","","","","","","225 rue Fortin","225 rue Fortin","Quebec","Quebec","Québec","Québec","G1M 3M2","CA","CA","Department of Public Works and Government Services (PSPC)"," Ministère des Travaux publics et des Services gouvernementaux (SPAC)","11 Laurier St, Phase III, Place du Portage","11, rue Laurier, Phase III, Place du Portage","Gatineau","Gatineau","Quebec","Québec","K1A 0S5","Canada","Canada","Department of Public Works and Government Services (PSPC)"," Ministère des Travaux publics et des Services gouvernementaux (SPAC)","","","11 Laurier St, Phase III, Place du Portage,Gatineau,Quebec,K1A 0S5,Canada","11, rue Laurier, Phase III, Place du Portage,Gatineau,Québec,K1A 0S5,Canada","Deslauriers, Annie (SPAC/PSPC) (elle-la / she-her)","annie.deslauriers@tpsgc-pwgsc.gc.ca","","","","","","","","","","","","","This is a Request for a Regional Master Standing Offer (RMSO) for the supply and delivery of various compressed gas, on an as and when requested basis.","La présente est une demande d’offre à commande principale et régionale (OCPR) pour l’approvisionnement et la livraison de divers gaz comprimés, sur demande et au fur et à mesure des besoins."
"W6898-250720 Propane Supply and Delivery","W6898-250720 La fourniture et la livraison de gaz pétrole liquéfié","CW2381778","000","WS4881467672","WS4881467672","CW2381778","1","2025-04-30","2025-01-28","","2025-02-01","2026-12-31","460000.00","460000.00","CAD","Active","Actif","Standing Offer","Offre à commandes","Original","Original","","","","*12141900
*15111501","*Non metals and pure and elemental gases
*Propane","*Non-métaux et gaz purs (élémentaires)
*Propane","*GD","Request for Standing Offer","Demande d’offre à commandes","Competitive - Open bidding","Concurrentielle - Invitation ouverte à soumissionner","Lowest Price","Prix le plus bas","","","*Canada-Chile Free Trade Agreement (CCFTA)
*Canadian Free Trade Agreement (CFTA)
*Canada-European Union Comprehensive Economic and Trade Agreement (CETA)
*World Trade Organization Agreement on Government Procurement (WTO GPA)
*Canada-Honduras Free Trade Agreement
*Canada-Colombia Free Trade Agreement
*North American Free Trade Agreement (NAFTA)
*Canada-Ukraine Free Trade Agreement (CUFTA)
*Canada-Korea Free Trade Agreement (CKFTA)
*Canada-Peru Free Trade Agreement (CPFTA)
*Canada-Panama Free Trade Agreement
*Comprehensive and Progressive Agreement for Trans-Pacific Partnership (CPTPP)
*Canada-UK Trade Continuity Agreement (Canada-UK TCA)","*Accord de libre-échange Canada-Chili (ALECC)
*Accord de libre-échange canadien (ALEC)
*Accord économique et commercial global (AECG) entre le Canada et l’Union européenne (UE)
*Accord sur les marchés publics de l'Organisation mondiale du commerce (AMP-OMC)
*Accord de libre-échange Canada-Honduras
*Accord de libre-échange Canada-Colombie
*Accord de libre-échange nord-américain (ALENA)
*Accord de libre-échange Canada-Ukraine (ALECU)
*Accord de libre-échange Canada-Corée
*Accord de libre-échange Canada-Pérou (ALECP)
*Accord de libre-échange Canada-Panama
*Accord de Partenariat transpacifique global et progressiste (PTPGP)
*Accord de continuité commerciale Canada–Royaume-Uni (ACC Canada-Royaume-Uni)","*Saint John
*Oromocto","*Saint John
*Oromocto","SUPERIOR PROPANE","SUPERIOR PROPANE","","","","","1500","1500","700 Jamieson Parkway 
Suite 102","700 Jamieson Parkway 
Suite 102","Cambridge","Cambridge","Ontario","Ontario","N3C 4N6","CA","CA","Department of Public Works and Government Services (PSPC)"," Ministère des Travaux publics et des Services gouvernementaux (SPAC)","11 Laurier St, Phase III, Place du Portage","11, rue Laurier, Phase III, Place du Portage","Gatineau","Gatineau","Quebec","Québec","K1A 0S5","Canada","Canada","Department of National Defence (DND)"," Ministère de la Défense nationale (MDN)","","","101 Colonel By Dr,Ottawa,Ontario,K1A0K2,Canada","101, promenade Colonel By,Ottawa,Ontario,K1A0K2,Canada","Liang, Xiaodong (SPAC/PSPC) (il-lui / he-him)","xiaodong.liang@tpsgc-pwgsc.gc.ca","","","","","","","","","","","","","Public Works and Government Services Canada (PWGSC) on behalf of the Department of National Defence (DND) requires a Regional Individual Standing Offer (RISO) for the supply and delivery of propane (3-GP-10A-9 Sep 66 Gas Liquified) to various locations at Canadian Forces Base (CFB) Gagetown, Oromocto and Saint-John, New Brunswick.","Travaux publics et Services gouvernementaux Canada (TPSGC) au nom du ministère de la Défense nationale (MDN) veut établir une offre à commandes individuelle et régionale (OCIR) pour la fourniture et la livraison de propane (gaz liquéfié 3-GP-10A-9 Sep 66) à divers endroits de la Base des Forces canadiennes (BFC) Gagetown, Oromocto et à Saint John, au Nouveau-Brunswick."
"6D063-247041 Liquid Nitrogen and Bulk Tank RISO","6D063-247041 -OCIR-Azote liquide et d’un réservoir de stockage en vrac","CW2379562","000","WS4863255533","WS4863255533","CW2379562","2","2025-01-20","2025-01-08","","2025-01-09","2029-01-08","0.00","0.00","CAD","Active","Actif","Standing Offer","Offre à commandes","Original","Original","","","","*12141903","*Nitrogen N","*Nitrogène N","*GD","Request for Standing Offer","Demande d’offre à commandes","Competitive - Open bidding","Concurrentielle - Invitation ouverte à soumissionner","Lowest Price","Prix le plus bas","None","Aucune","*Canada-Honduras Free Trade Agreement
*Canada-Colombia Free Trade Agreement
*Canada-Chile Free Trade Agreement (CCFTA)
*Canadian Free Trade Agreement (CFTA)
*Canada-Korea Free Trade Agreement (CKFTA)
*Canada-European Union Comprehensive Economic and Trade Agreement (CETA)
*World Trade Organization Agreement on Government Procurement (WTO GPA)
*Comprehensive and Progressive Agreement for Trans-Pacific Partnership (CPTPP)
*Canada-Ukraine Free Trade Agreement (CUFTA)
*Canada-Peru Free Trade Agreement (CPFTA)
*North American Free Trade Agreement (NAFTA)
*Canada-Panama Free Trade Agreement
*Canada-UK Trade Continuity Agreement (Canada-UK TCA)","*Accord de libre-échange Canada-Honduras
*Accord de libre-échange Canada-Colombie
*Accord de libre-échange Canada-Chili (ALECC)
*Accord de libre-échange canadien (ALEC)
*Accord de libre-échange Canada-Corée
*Accord économique et commercial global (AECG) entre le Canada et l’Union européenne (UE)
*Accord sur les marchés publics de l'Organisation mondiale du commerce (AMP-OMC)
*Accord de Partenariat transpacifique global et progressiste (PTPGP)
*Accord de libre-échange Canada-Ukraine (ALECU)
*Accord de libre-échange Canada-Pérou (ALECP)
*Accord de libre-échange nord-américain (ALENA)
*Accord de libre-échange Canada-Panama
*Accord de continuité commerciale Canada–Royaume-Uni (ACC Canada-Royaume-Uni)","*Winnipeg","*Winnipeg","Air Liquide Canada Inc","Air Liquide Canada Inc","Air Liquide Canada Inc.","Air Liquide Canada Inc.","","","","","1250 René-Lévesque Blvd W 
Suite 1700","1250 René-Lévesque Blvd W 
Suite 1700","Montreal","Montreal","Quebec","Quebec","H3B 5E6","CA","CA","Department of Public Works and Government Services (PSPC)"," Ministère des Travaux publics et des Services gouvernementaux (SPAC)","11 Laurier St, Phase III, Place du Portage","11, rue Laurier, Phase III, Place du Portage","Gatineau","Gatineau","Quebec","Québec","K1A 0S5","Canada","Canada","Public Health Agency of Canada (PHAC)"," Agence de la santé publique du Canada (ASPC)","","","130 Colonnade Road,Ottawa,Ontario,K1A 0K9,Canada","130, chemin Colonnade,Ottawa,Ontario,K1A 0K9,Canada","Lee, Oana (SPAC/PSPC) (elle-la / she-her)","oana.lee@tpsgc-pwgsc.gc.ca","","","","","","","","","","","","","Public Health Agency of Canada has a request for supply of Liquid Nitrogen and Bulk Tank.","L'Agence de la santé publique du Canada a une demande pour fourniture d’azote liquide et d’un réservoir de stockage en vrac."
"H4005-246491 Tank rental and bulk supply of nitrogen","H4005-246491 Location d'un réservoir et approvisionnement en azote","CW2369808","000","WS4710208694","WS4710208694","CW2369808","1","2024-10-03","2024-10-01","","2024-10-01","2027-09-30","213005.56","213005.56","CAD","Active","Actif","Contract","Contrat","Original","Original","","","","*12141903","*Nitrogen N","*Nitrogène N","*GD","Request for Proposal","Demande de propositions","Competitive - Open bidding","Concurrentielle - Invitation ouverte à soumissionner","Lowest Price","Prix le plus bas","None","Aucune","*Canada-Korea Free Trade Agreement (CKFTA)
*Canada-European Union Comprehensive Economic and Trade Agreement (CETA)
*Canada-Colombia Free Trade Agreement
*Canadian Free Trade Agreement (CFTA)
*Comprehensive and Progressive Agreement for Trans-Pacific Partnership (CPTPP)
*World Trade Organization Agreement on Government Procurement (WTO GPA)
*Canada-Panama Free Trade Agreement
*Canada-Chile Free Trade Agreement (CCFTA)
*Canada-Ukraine Free Trade Agreement (CUFTA)
*Canada-Peru Free Trade Agreement (CPFTA)
*Canada-UK Trade Continuity Agreement (Canada-UK TCA)
*Canada-Honduras Free Trade Agreement","*Accord de libre-échange Canada-Corée
*Accord économique et commercial global (AECG) entre le Canada et l’Union européenne (UE)
*Accord de libre-échange Canada-Colombie
*Accord de libre-échange canadien (ALEC)
*Accord de Partenariat transpacifique global et progressiste (PTPGP)
*Accord sur les marchés publics de l'Organisation mondiale du commerce (AMP-OMC)
*Accord de libre-échange Canada-Panama
*Accord de libre-échange Canada-Chili (ALECC)
*Accord de libre-échange Canada-Ukraine (ALECU)
*Accord de libre-échange Canada-Pérou (ALECP)
*Accord de continuité commerciale Canada–Royaume-Uni (ACC Canada-Royaume-Uni)
*Accord de libre-échange Canada-Honduras","*Longueuil","*Longueuil","Air Liquide","Air Liquide","","","","","","","11201 boul Ray-Lawson","11201 boul Ray-Lawson","Anjou","Anjou","Quebec","Quebec","H1J 1M6","CA","CA","Department of Public Works and Government Services (PSPC)"," Ministère des Travaux publics et des Services gouvernementaux (SPAC)","11 Laurier St, Phase III, Place du Portage","11, rue Laurier, Phase III, Place du Portage","Gatineau","Gatineau","Quebec","Québec","K1A 0S5","Canada","Canada","Department of Health (HC)"," Ministère de la Santé (SC)","","","Address Locator 0900C2,Ottawa,Ontario,K1A0K9,Canada","Localisateur d'adresse 0900C2,Ottawa,Ontario,K1A0K9,Canada","Caty, Melanie (SPAC/PSPC) (elle-la / she-her)","melanie.caty@tpsgc-pwgsc.gc.ca","","","","","","","","","","","","","Tank rental and bulk supply of nitrogen","Location d'un réservoir et approvisionnement en azote"
"01R11-240356 - Liquid Nitrogen","01R11-240356 - Azote liquide","CW2339414","000","WS4302279238","WS4302279238","CW2339414","1","2024-12-17","2024-12-12","","2024-12-12","2028-03-31","266689.20","266689.20","CAD","Active","Actif","Standing Offer","Offre à commandes","Original","Original","","","","*12141903","*Nitrogen N","*Nitrogène N","*GD","Request for Standing Offer","Demande d’offre à commandes","Competitive - Traditional","Concurrentielle - Traditionnelle","Lowest Price","Prix le plus bas","No response to bid solicitation","Aucune réponse à une invitation à soumissionner","*Canada-Chile Free Trade Agreement (CCFTA)
*Canada-Peru Free Trade Agreement (CPFTA)
*Canada-Colombia Free Trade Agreement
*Canadian Free Trade Agreement (CFTA)
*Canada-European Union Comprehensive Economic and Trade Agreement (CETA)
*Comprehensive and Progressive Agreement for Trans-Pacific Partnership (CPTPP)
*Canada-UK Trade Continuity Agreement (Canada-UK TCA)
*Canada-Honduras Free Trade Agreement
*World Trade Organization Agreement on Government Procurement (WTO GPA)
*Canada-Ukraine Free Trade Agreement (CUFTA)
*Canada-Korea Free Trade Agreement (CKFTA)
*Canada-Panama Free Trade Agreement","*Accord de libre-échange Canada-Chili (ALECC)
*Accord de libre-échange Canada-Pérou (ALECP)
*Accord de libre-échange Canada-Colombie
*Accord de libre-échange canadien (ALEC)
*Accord économique et commercial global (AECG) entre le Canada et l’Union européenne (UE)
*Accord de Partenariat transpacifique global et progressiste (PTPGP)
*Accord de continuité commerciale Canada–Royaume-Uni (ACC Canada-Royaume-Uni)
*Accord de libre-échange Canada-Honduras
*Accord sur les marchés publics de l'Organisation mondiale du commerce (AMP-OMC)
*Accord de libre-échange Canada-Ukraine (ALECU)
*Accord de libre-échange Canada-Corée
*Accord de libre-échange Canada-Panama","*Saskatoon","*Saskatoon","Linde Canada Inc","Linde Canada Inc","","","","","","","5015 Spectrum Way Suite 500","5015 Spectrum Way Suite 500","Mississauga","Mississauga","Ontario","Ontario","L4W 0E4","CA","CA","Department of Public Works and Government Services (PSPC)"," Ministère des Travaux publics et des Services gouvernementaux (SPAC)","11 Laurier St, Phase III, Place du Portage","11, rue Laurier, Phase III, Place du Portage","Gatineau","Gatineau","Quebec","Québec","K1A 0S5","Canada","Canada","Department of Agriculture and Agri-Food (AAFC)"," Ministère de l’Agriculture et de l’Agroalimentaire (AAC)","","","K.W. Neatby Bldg, 960 Carling Ave,Ottawa,Ontario,K1Y4X2,Canada","Édifice K.W. Neatby, 960, avenue Carling,Ottawa,Ontario,K1Y4X2,Canada","Cao, Luke (SPAC/PSPC) (il-lui / he-him)","luke.cao@tpsgc-pwgsc.gc.ca","","","","","","","","","","","","","",""
"39903-250903 Liquid Nitrogen","39903-250903 Azote liquide","CW2390664","000","WS5000419558","WS5000419558","CW2390664","2","2025-04-01","2025-03-10","","2025-04-01","2026-03-31","16066.16","33168.84","CAD","Active","Actif","Contract","Contrat","Original","Original","","","","*12141903","*Nitrogen N","*Nitrogène N","*GD","Request for Proposal","Demande de propositions","Competitive - Open bidding","Concurrentielle - Invitation ouverte à soumissionner","Lowest Price","Prix le plus bas","None","Aucune","*Canadian Free Trade Agreement (CFTA)","*Accord de libre-échange canadien (ALEC)","*Ottawa","*Ottawa","Air Liquide","Air Liquide","","","","","","","11201 boul Ray-Lawson","11201 boul Ray-Lawson","Anjou","Anjou","Quebec","Quebec","H1J 1M6","CA","CA","Department of Public Works and Government Services (PSPC)"," Ministère des Travaux publics et des Services gouvernementaux (SPAC)","11 Laurier St, Phase III, Place du Portage","11, rue Laurier, Phase III, Place du Portage","Gatineau","Gatineau","Quebec","Québec","K1A 0S5","Canada","Canada","Canadian Food Inspection Agency (CFIA)"," Agence canadienne d’inspection des aliments (ACIA)","","","1400 Merivale Road,Ottawa,Ontario,K1A 0Y9,Canada","1400, chemin Merivale,Ottawa,Ontario,K1A 0Y9,Canada","Shen, Tao (SPAC/PSPC)","tao.shen@tpsgc-pwgsc.gc.ca","","","","","","","","","","","","","Requirement: Delivery and filling liquid nitrogen to client owned dewars in Ottawa weekly, from April 1, 2025 to March 31, 2026,  with up to 3 additional 1 year option periods.","Besoin : Livraison et remplissage d'azote liquide dans les dewars appartenant au client à Ottawa chaque semaine, du 1er avril 2025 au 31 mars 2026, avec un maximum de 3 périodes d’option supplémentaires d’un an."
"23375-250432 Nitrogen, Oxygen, Carbon Dioxide","23375-250432 Azote, oxygène, dioxyde de carbone","CW2380401","000","WS4873031395","WS4873031395","CW2380401","1","2025-03-01","2025-01-23","","2025-03-01","2026-03-31","261344.68","261344.68","CAD","Active","Actif","Contract","Contrat","Original","Original","","","","*12141903
*12141904
*12142104","*Nitrogen N
*Oxygen O
*Carbon dioxide gas CO2","*Nitrogène N
*Oxygène O
*Gaz carbonique CO2","*GD","Request for Proposal","Demande de propositions","Competitive - Open bidding","Concurrentielle - Invitation ouverte à soumissionner","Highest Combined Rating of Technical Merit and Price","Cote combinée la plus élevée pour le mérite technique et le prix","","","*Canada-Colombia Free Trade Agreement
*Canadian Free Trade Agreement (CFTA)
*Comprehensive and Progressive Agreement for Trans-Pacific Partnership (CPTPP)
*Canada-European Union Comprehensive Economic and Trade Agreement (CETA)
*World Trade Organization Agreement on Government Procurement (WTO GPA)
*Canada-Chile Free Trade Agreement (CCFTA)
*Canada-Peru Free Trade Agreement (CPFTA)
*North American Free Trade Agreement (NAFTA)
*Canada-Honduras Free Trade Agreement
*Canada-Panama Free Trade Agreement
*Canada-Korea Free Trade Agreement (CKFTA)
*Canada-UK Trade Continuity Agreement (Canada-UK TCA)
*Canada-Ukraine Free Trade Agreement (CUFTA)","*Accord de libre-échange Canada-Colombie
*Accord de libre-échange canadien (ALEC)
*Accord de Partenariat transpacifique global et progressiste (PTPGP)
*Accord économique et commercial global (AECG) entre le Canada et l’Union européenne (UE)
*Accord sur les marchés publics de l'Organisation mondiale du commerce (AMP-OMC)
*Accord de libre-échange Canada-Chili (ALECC)
*Accord de libre-échange Canada-Pérou (ALECP)
*Accord de libre-échange nord-américain (ALENA)
*Accord de libre-échange Canada-Honduras
*Accord de libre-échange Canada-Panama
*Accord de libre-échange Canada-Corée
*Accord de continuité commerciale Canada–Royaume-Uni (ACC Canada-Royaume-Uni)
*Accord de libre-échange Canada-Ukraine (ALECU)","*Ottawa","*Ottawa","Messer Canada Inc.","Messer Canada Inc.","","","","","","","5555 des Grandes-Prairies","5555 des Grandes-Prairies","St-Léonard","St-Léonard","Québec","Québec","H1R 1B4","CA","CA","Department of Public Works and Government Services (PSPC)"," Ministère des Travaux publics et des Services gouvernementaux (SPAC)","11 Laurier St, Phase III, Place du Portage","11, rue Laurier, Phase III, Place du Portage","Gatineau","Gatineau","Quebec","Québec","K1A 0S5","Canada","Canada","Department of Natural Resources  (NRCan)"," Ministère des Ressources naturelles (RNCan)","","","580 Booth Street,Ottawa,Ontario,K1A0E4,Canada","580, rue Booth,Ottawa,Ontario,K1A0E4,Canada","Zimmerling, Nicole (SPAC/PSPC) (elle-la / she-her)","nicole.zimmerling@tpsgc-pwgsc.gc.ca","","","","","","","","","","","","","Public Services and Procurement Canada has a requirement on behalf of Natural Resources Canada for the supply and delivery of nitrogen, oxygen, and carbon dioxide bulk gas supply stations, including associated cryogenic-liquid storage vessels, pressure builders, vapourizers, pressure regulating stations, and pressure and level monitoring instrumentation.","Services publics et approvisionnement Canada a un besoin au nom de ressources naturelles Canada pour la fourniture et la livraison des stations d’alimentation d’azote, d’oxygène et de dioxyde de carbone en vrac, y compris les cuves de stockage de liquide cryogénique requises, les appareils de mise en pression, les vaporisateurs, les stations de régulation de pression et les instruments de surveillance de la pression et du niveau"
"23572-240769 Bulk Carbon Dioxide and Oxygen","23572-240769 Dioxide de carbone et oxygène","CW2338996","000","WS4324136155","WS4324136155","CW2338996","1","2024-10-03","2024-09-27","","2024-09-30","2027-09-29","173235.33","173235.33","CAD","Active","Actif","Contract","Contrat","Original","Original","","","","*12141904
*12142104
*72100000","*Oxygen O
*Carbon dioxide gas CO2
*Building and facility maintenance and repair services","*Oxygène O
*Gaz carbonique CO2
*Services de construction, maintenance et réparation de bâtiment et services complémentaires","*GD","Request for Proposal","Demande de propositions","Competitive - Open bidding","Concurrentielle - Invitation ouverte à soumissionner","Lowest Price","Prix le plus bas","None","Aucune","*Canadian Free Trade Agreement (CFTA)","*Accord de libre-échange canadien (ALEC)","*National Capital Region (NCR)","*Région de la capitale nationale (RCN)","Messer Canada inc.","Messer Canada inc.","Messer","Messer","","","850","850","5860 Chedworth Way","5860 Chedworth Way","Mississauga","Mississauga","Ontario","Ontario","L5R 0A2","CA","CA","Department of Public Works and Government Services (PSPC)"," Ministère des Travaux publics et des Services gouvernementaux (SPAC)","11 Laurier St, Phase III, Place du Portage","11, rue Laurier, Phase III, Place du Portage","Gatineau","Gatineau","Quebec","Québec","K1A 0S5","Canada","Canada","Department of Natural Resources  (NRCan)"," Ministère des Ressources naturelles (RNCan)","","","580 Booth Street,Ottawa,Ontario,K1A0E4,Canada","580, rue Booth,Ottawa,Ontario,K1A0E4,Canada","Tea, Richard (SPAC/PSPC)","richard.tea@tpsgc-pwgsc.gc.ca","","","","","","","","","","","","","",""
"23240-250017 Argon","23240-250017 Argon","CW2367394","000","WS4669843791","WS4669843791","CW2367394","1","2024-11-04","2024-09-12","","2024-11-04","2027-11-03","86448.39","86448.39","CAD","Active","Actif","Contract","Contrat","Original","Original","","","","*12142004","*Argon gas Ar","*Gaz argon Ar","*GD","Request for Proposal","Demande de propositions","Competitive - Open bidding","Concurrentielle - Invitation ouverte à soumissionner","Lowest Price","Prix le plus bas","None","Aucune","*Canadian Free Trade Agreement (CFTA)","*Accord de libre-échange canadien (ALEC)","*Ottawa","*Ottawa","Messer Canada Inc.","Messer Canada Inc.","","","","","","","5555 des Grandes-Prairies","5555 des Grandes-Prairies","St-Léonard","St-Léonard","Québec","Québec","H1R 1B4","CA","CA","Department of Public Works and Government Services (PSPC)"," Ministère des Travaux publics et des Services gouvernementaux (SPAC)","11 Laurier St, Phase III, Place du Portage","11, rue Laurier, Phase III, Place du Portage","Gatineau","Gatineau","Quebec","Québec","K1A 0S5","Canada","Canada","Department of Natural Resources  (NRCan)"," Ministère des Ressources naturelles (RNCan)","","","580 Booth Street,Ottawa,Ontario,K1A0E4,Canada","580, rue Booth,Ottawa,Ontario,K1A0E4,Canada","Zimmerling, Nicole (SPAC/PSPC) (elle-la / she-her)","nicole.zimmerling@tpsgc-pwgsc.gc.ca","","","","","","","","","","","","","Supply of Liquid Argon, Rental, Installation and Maintenance services of one (1) contractor owned storage tank","Fournir d'argon liquide, les services de location, d'installation et d'entretien d'un (1) réservoir de stockage appartenant à l'entrepreneur"
"RISO - K3E33-250587 - Helium for the aerological programs","OCIR - K3E33-250587 Hélium pour les programmes aérologiques","CW2397091","000","WS4953926893","WS4953926893","CW2397091","3","2025-03-18","2025-03-17","","2025-03-18","2026-03-17","0.00","0.00","CAD","Active","Actif","Standing Offer","Offre à commandes","Original","Original","","","","*12142005","*Helium gas He","*Gaz hélium He","*GD","Request for Standing Offer","Demande d’offre à commandes","Competitive - Open bidding","Concurrentielle - Invitation ouverte à soumissionner","Lowest Price","Prix le plus bas","None","Aucune","*Canada-Panama Free Trade Agreement
*Canada-Colombia Free Trade Agreement
*Canada-Honduras Free Trade Agreement
*Canadian Free Trade Agreement (CFTA)
*Canada-UK Trade Continuity Agreement (Canada-UK TCA)
*Canada-European Union Comprehensive Economic and Trade Agreement (CETA)
*Canada-Korea Free Trade Agreement (CKFTA)
*Canada-Chile Free Trade Agreement (CCFTA)
*Canada-Ukraine Free Trade Agreement (CUFTA)
*World Trade Organization Agreement on Government Procurement (WTO GPA)
*Comprehensive and Progressive Agreement for Trans-Pacific Partnership (CPTPP)
*Canada-Peru Free Trade Agreement (CPFTA)","*Accord de libre-échange Canada-Panama
*Accord de libre-échange Canada-Colombie
*Accord de libre-échange Canada-Honduras
*Accord de libre-échange canadien (ALEC)
*Accord de continuité commerciale Canada–Royaume-Uni (ACC Canada-Royaume-Uni)
*Accord économique et commercial global (AECG) entre le Canada et l’Union européenne (UE)
*Accord de libre-échange Canada-Corée
*Accord de libre-échange Canada-Chili (ALECC)
*Accord de libre-échange Canada-Ukraine (ALECU)
*Accord sur les marchés publics de l'Organisation mondiale du commerce (AMP-OMC)
*Accord de Partenariat transpacifique global et progressiste (PTPGP)
*Accord de libre-échange Canada-Pérou (ALECP)","*Quebec (except NCR)
*Maniwaki
*Sept-Îles","*Québec (sauf RCN)
*Maniwaki
*Sept-Îles","Linde canada Inc","Linde canada Inc","","","","","65010","65010","500-5015 Spectrum Way","500-5015 Spectrum Way","Mississauga","Mississauga","Ontario","Ontario","L4W 0E4","CA","CA","Department of Public Works and Government Services (PSPC)"," Ministère des Travaux publics et des Services gouvernementaux (SPAC)","11 Laurier St, Phase III, Place du Portage","11, rue Laurier, Phase III, Place du Portage","Gatineau","Gatineau","Quebec","Québec","K1A 0S5","Canada","Canada","Department of the Environment (ECCC )"," Ministère de l’Environnement (ECCC)","","","200 Boulevard Sacré-Coeur,Gatineau,Quebec,J8X4C6,Canada","200, boulevard Sacré-Coeur,Gatineau,Quebec,J8X4C6,Canada","Cocieru, Alina (SPAC/PSPC) (elle-la / she-her)","alina.cocieru@tpsgc-pwgsc.gc.ca","","","","","","","","","","","","","Acquisition of helium, pure or higher than 99.998%, contained in individual cylinders and/or in bulk carts containing 16 cylinders to Environment and Climate Change Canada","Acquisition d'hélium pur ou supérieur à 99,998 %, contenu dans des bouteilles individuelles et/ou dans des chariots en vrac contenant 16 bouteilles à Environnement et Changements Climatiques Canada"
"RISO - K3E33-250587 - Helium for the aerological programs","OCIR - K3E33-250587 Hélium pour les programmes aérologiques","CW2397152","000","WS4953926893","WS4953926893","CW2397152","2","2026-02-27","2025-03-17","","2025-03-18","2026-03-17","0.00","0.00","CAD","Active","Actif","Standing Offer","Offre à commandes","Original","Original","","","","*12142005","*Helium gas He","*Gaz hélium He","*GD","Request for Standing Offer","Demande d’offre à commandes","Competitive - Open bidding","Concurrentielle - Invitation ouverte à soumissionner","Lowest Price","Prix le plus bas","None","Aucune","*Canada-Colombia Free Trade Agreement
*Canada-Honduras Free Trade Agreement
*Canadian Free Trade Agreement (CFTA)
*Canada-Chile Free Trade Agreement (CCFTA)
*World Trade Organization Agreement on Government Procurement (WTO GPA)
*Canada-Panama Free Trade Agreement
*Canada-Peru Free Trade Agreement (CPFTA)
*Canada-European Union Comprehensive Economic and Trade Agreement (CETA)
*Canada-Ukraine Free Trade Agreement (CUFTA)
*Comprehensive and Progressive Agreement for Trans-Pacific Partnership (CPTPP)
*Canada-UK Trade Continuity Agreement (Canada-UK TCA)
*Canada-Korea Free Trade Agreement (CKFTA)","*Accord de libre-échange Canada-Colombie
*Accord de libre-échange Canada-Honduras
*Accord de libre-échange canadien (ALEC)
*Accord de libre-échange Canada-Chili (ALECC)
*Accord sur les marchés publics de l'Organisation mondiale du commerce (AMP-OMC)
*Accord de libre-échange Canada-Panama
*Accord de libre-échange Canada-Pérou (ALECP)
*Accord économique et commercial global (AECG) entre le Canada et l’Union européenne (UE)
*Accord de libre-échange Canada-Ukraine (ALECU)
*Accord de Partenariat transpacifique global et progressiste (PTPGP)
*Accord de continuité commerciale Canada–Royaume-Uni (ACC Canada-Royaume-Uni)
*Accord de libre-échange Canada-Corée","*Quebec (except NCR)
*Maniwaki
*Sept-Îles","*Québec (sauf RCN)
*Maniwaki
*Sept-Îles","Air Liquide Canada","Air Liquide Canada","","","","","2800","2800","5315 N Service Rd","5315 N Service Rd","Burlington","Burlington","Ontario","Ontario","L7L 6C1","CA","CA","Department of Public Works and Government Services (PSPC)"," Ministère des Travaux publics et des Services gouvernementaux (SPAC)","11 Laurier St, Phase III, Place du Portage","11, rue Laurier, Phase III, Place du Portage","Gatineau","Gatineau","Quebec","Québec","K1A 0S5","Canada","Canada","Department of the Environment (ECCC )"," Ministère de l’Environnement (ECCC)","","","200 Boulevard Sacré-Coeur,Gatineau,Quebec,J8X4C6,Canada","200, boulevard Sacré-Coeur,Gatineau,Quebec,J8X4C6,Canada","Cocieru, Alina (SPAC/PSPC) (elle-la / she-her)","alina.cocieru@tpsgc-pwgsc.gc.ca","","","","","","","","","","","","","Acquisition of helium, pure or higher than 99.998%, contained in individual cylinders and/or in bulk carts containing 16 cylinders to Environment and Climate Change Canada","Acquisition d'hélium pur ou supérieur à 99,998 %, contenu dans des bouteilles individuelles et/ou dans des chariots en vrac contenant 16 bouteilles à Environnement et Changements Climatiques Canada"
"W0046-250080 Inert Gas Fusion System","W0046-250080 Système d’analyse par fusion sous gaz inerte","CW2386533","000","WS4947247541","WS4947247541","CW2386533","1","2025-04-30","2025-02-19","","2025-02-19","2025-04-30","186687.30","186687.30","CAD","Active","Actif","Contract","Contrat","Original","Original","","","","*12142106
*41100000
*41104000","*Inert gas mixtures
*Laboratory and scientific equipment
*Sampling equipment","*Mélanges de gaz inerte
*Équipements scientifiques et de laboratoire
*Matériel de prélèvement","*GD","Request for Proposal","Demande de propositions","Competitive - Open bidding","Concurrentielle - Invitation ouverte à soumissionner","Highest Combined Rating of Technical Merit and Price","Cote combinée la plus élevée pour le mérite technique et le prix","None","Aucune","*Canadian Free Trade Agreement (CFTA)
*Canada-Korea Free Trade Agreement (CKFTA)","*Accord de libre-échange canadien (ALEC)
*Accord de libre-échange Canada-Corée","*Ontario (except NCR)","*Ontario (sauf RCN)","Canalytical Instrumentation Services Inc","Canalytical Instrumentation Services Inc","","","Canalytical","Canalytical","5","5","919 Fraser Drive 
Unit 6","919 Fraser Drive 
Unit 6","Burlington","Burlington","Ontario","Ontario","L7L 4X8","CA","CA","Department of Public Works and Government Services (PSPC)"," Ministère des Travaux publics et des Services gouvernementaux (SPAC)","11 Laurier St, Phase III, Place du Portage","11, rue Laurier, Phase III, Place du Portage","Gatineau","Gatineau","Quebec","Québec","K1A 0S5","Canada","Canada","Royal Military College of Canada (RMCC)"," Collège militaire royal du Canada (CMRC)","","","13 General Crerar Crescent,Kingston,Ontario,K7K 7B4,Canada","13, croissant Général Crerar,Kingston,Ontario,K7K 7B4,Canada","Keenan, Darlene (SPAC/PSPC) (elle-la / she-her)","darlene.keenan@tpsgc-pwgsc.gc.ca","","","","","","","","","","","","","Canada is seeking offers from Offerors to provide a new inert gas fusion analysis system for the detection of trapped and diffusible hydrogen within metal samples to  the Department of National Defence’s Royal Military College’s Chemical Engineering Department.","Le Canada sollicite les offres d’Offrants concernant la fourniture, au Département de génie chimique du Collège militaire royal du ministère de la Défense nationale, d’un nouveau système d’analyse par fusion sous gaz inerte pour la détection de l’hydrogène piégé et diffusible dans des échantillons de métaux."
"E60HL-240007 Arctic Sealift Drummed Fuel","E60HL-240007 Carburant en barils pour le pont océanique de l'arctique","CW2359669","000","WS4554419554","WS4554419554","CW2359669","1","2025-05-29","2024-05-29","","2024-05-29","2025-05-29","3958.50","3958.50","CAD","Active","Actif","Contract","Contrat","Original","Original","","","","*15000000
*15100000
*15121501","*Fuels and Fuel Additives and Lubricants and Anti corrosive Materials
*Fuels
*Engine oil","*Combustibles, additifs de combustibles, lubrifiants et agents anti-corrosion
*Combustibles
*Huile de moteur","*GD","Request for Proposal","Demande de propositions","Competitive - Open bidding","Concurrentielle - Invitation ouverte à soumissionner","Highest Combined Rating of Technical Merit and Price","Cote combinée la plus élevée pour le mérite technique et le prix","None","Aucune","*Canada-European Union Comprehensive Economic and Trade Agreement (CETA)
*Canada-Honduras Free Trade Agreement
*Canada-Colombia Free Trade Agreement
*Canadian Free Trade Agreement (CFTA)
*World Trade Organization Agreement on Government Procurement (WTO GPA)
*Canada-Ukraine Free Trade Agreement (CUFTA)
*Canada-Panama Free Trade Agreement
*Canada-Chile Free Trade Agreement (CCFTA)
*Canada-Peru Free Trade Agreement (CPFTA)
*Canada-Korea Free Trade Agreement (CKFTA)
*Canada-UK Trade Continuity Agreement (Canada-UK TCA)
*Comprehensive and Progressive Agreement for Trans-Pacific Partnership (CPTPP)","*Accord économique et commercial global (AECG) entre le Canada et l’Union européenne (UE)
*Accord de libre-échange Canada-Honduras
*Accord de libre-échange Canada-Colombie
*Accord de libre-échange canadien (ALEC)
*Accord sur les marchés publics de l'Organisation mondiale du commerce (AMP-OMC)
*Accord de libre-échange Canada-Ukraine (ALECU)
*Accord de libre-échange Canada-Panama
*Accord de libre-échange Canada-Chili (ALECC)
*Accord de libre-échange Canada-Pérou (ALECP)
*Accord de libre-échange Canada-Corée
*Accord de continuité commerciale Canada–Royaume-Uni (ACC Canada-Royaume-Uni)
*Accord de Partenariat transpacifique global et progressiste (PTPGP)","*Quebec (except NCR)
*Newfoundland and Labrador","*Québec (sauf RCN)
*Terre-Neuve-et-Labrador","HARNOIS ÉNERGIES INC.","HARNOIS ÉNERGIES INC.","Harnois Énergies inc.","Harnois Énergies inc.","","","1000","1000","80 route 158","80 route 158","St-Thomas","St-Thomas","Québec","Québec","J0K 3L0","CA","CA","Department of Public Works and Government Services (PSPC)"," Ministère des Travaux publics et des Services gouvernementaux (SPAC)","11 Laurier St, Phase III, Place du Portage","11, rue Laurier, Phase III, Place du Portage","Gatineau","Gatineau","Quebec","Québec","K1A 0S5","Canada","Canada","Department of the Environment (ECCC ) / Department of Natural Resources  (NRCan) / Canadian Coast Guard (CCG)"," Ministère de l’Environnement (ECCC) /  Ministère des Ressources naturelles (RNCan) /  Garde côtière canadienne (GCC)"," /  / "," /  / ","200 Boulevard Sacré-Coeur,Gatineau,Quebec,J8X4C6,Canada / 580 Booth Street,Ottawa,Ontario,K1A0E4,Canada / 200 Kent St. Station 13E228,Ottawa,Ontario,K1A0E6,Canada","200, boulevard Sacré-Coeur,Gatineau,Quebec,J8X4C6,Canada / 580, rue Booth,Ottawa,Ontario,K1A0E4,Canada / 200, rue Kent, Station 13E228,Ottawa,Ontario,K1A0E6,Canada","Hiltz, Jackson (SPAC/PSPC)","jackson.hiltz@tpsgc-pwgsc.gc.ca","","","","","","","","","","","","","Requirement to supply Aviation Turbine Fuel (Jet A-1), Diesel, and other drummed products in 205 Litre drums.","Besoin de fournir du carburant d'aviation (Jet A-1), du diesel et d'autres produits en barils dans des barils de 205 litres."
"E60HL-240007 Arctic Sealift Drummed Fuel","E60HL-240007 Carburant en barils pour le pont océanique de l'arctique","CW2362565","000","WS4554419554","WS4554419554","CW2362565","1","2025-05-29","2024-05-29","","2024-05-29","2025-05-29","91478.49","91478.49","CAD","Active","Actif","Contract","Contrat","Original","Original","","","","*15000000
*15100000
*15121501","*Fuels and Fuel Additives and Lubricants and Anti corrosive Materials
*Fuels
*Engine oil","*Combustibles, additifs de combustibles, lubrifiants et agents anti-corrosion
*Combustibles
*Huile de moteur","*GD","Request for Proposal","Demande de propositions","Competitive - Open bidding","Concurrentielle - Invitation ouverte à soumissionner","Highest Combined Rating of Technical Merit and Price","Cote combinée la plus élevée pour le mérite technique et le prix","None","Aucune","*Canada-Chile Free Trade Agreement (CCFTA)
*Canada-Colombia Free Trade Agreement
*Canadian Free Trade Agreement (CFTA)
*Canada-Panama Free Trade Agreement
*Canada-European Union Comprehensive Economic and Trade Agreement (CETA)
*Canada-Peru Free Trade Agreement (CPFTA)
*Canada-Honduras Free Trade Agreement
*Canada-UK Trade Continuity Agreement (Canada-UK TCA)
*World Trade Organization Agreement on Government Procurement (WTO GPA)
*Comprehensive and Progressive Agreement for Trans-Pacific Partnership (CPTPP)
*Canada-Ukraine Free Trade Agreement (CUFTA)
*Canada-Korea Free Trade Agreement (CKFTA)","*Accord de libre-échange Canada-Chili (ALECC)
*Accord de libre-échange Canada-Colombie
*Accord de libre-échange canadien (ALEC)
*Accord de libre-échange Canada-Panama
*Accord économique et commercial global (AECG) entre le Canada et l’Union européenne (UE)
*Accord de libre-échange Canada-Pérou (ALECP)
*Accord de libre-échange Canada-Honduras
*Accord de continuité commerciale Canada–Royaume-Uni (ACC Canada-Royaume-Uni)
*Accord sur les marchés publics de l'Organisation mondiale du commerce (AMP-OMC)
*Accord de Partenariat transpacifique global et progressiste (PTPGP)
*Accord de libre-échange Canada-Ukraine (ALECU)
*Accord de libre-échange Canada-Corée","*Newfoundland and Labrador
*Quebec (except NCR)","*Terre-Neuve-et-Labrador
*Québec (sauf RCN)","PetroValue","PetroValue","","","","","","","9930 197 Street Unit 102","9930 197 Street Unit 102","Langley","Langley","British Columbia","British Columbia","V1M 3G5","CA","CA","Department of Public Works and Government Services (PSPC)"," Ministère des Travaux publics et des Services gouvernementaux (SPAC)","11 Laurier St, Phase III, Place du Portage","11, rue Laurier, Phase III, Place du Portage","Gatineau","Gatineau","Quebec","Québec","K1A 0S5","Canada","Canada","Department of the Environment (ECCC ) / Department of Natural Resources  (NRCan) / Canadian Coast Guard (CCG)"," Ministère des Ressources naturelles (RNCan) /  Garde côtière canadienne (GCC) /  Ministère de l’Environnement (ECCC)"," /  / "," /  / ","200 Boulevard Sacré-Coeur,Gatineau,Quebec,J8X4C6,Canada / 580 Booth Street,Ottawa,Ontario,K1A0E4,Canada / 200 Kent St. Station 13E228,Ottawa,Ontario,K1A0E6,Canada","580, rue Booth,Ottawa,Ontario,K1A0E4,Canada / 200, rue Kent, Station 13E228,Ottawa,Ontario,K1A0E6,Canada / 200, boulevard Sacré-Coeur,Gatineau,Quebec,J8X4C6,Canada","Hiltz, Jackson (SPAC/PSPC)","jackson.hiltz@tpsgc-pwgsc.gc.ca","","","","","","","","","","","","","Requirement to supply Aviation Turbine Fuel (Jet A-1), Diesel, and other drummed products in 205 Litre drums.","Besoin de fournir du carburant d'aviation (Jet A-1), du diesel et d'autres produits en barils dans des barils de 205 litres."
"E60HL-240007 Arctic Sealift Drummed Fuel","E60HL-240007 Carburant en barils pour le pont océanique de l'arctique","CW2364188","000","WS4554419554","WS4554419554","CW2364188","3","2024-06-07","2024-06-06","","2024-06-06","2025-06-06","669566.37","654654.50","CAD","Active","Actif","Contract","Contrat","Original","Original","","","","*15000000
*15100000
*15121501","*Fuels and Fuel Additives and Lubricants and Anti corrosive Materials
*Fuels
*Engine oil","*Combustibles, additifs de combustibles, lubrifiants et agents anti-corrosion
*Combustibles
*Huile de moteur","*GD","Request for Proposal","Demande de propositions","Competitive - Open bidding","Concurrentielle - Invitation ouverte à soumissionner","Highest Combined Rating of Technical Merit and Price","Cote combinée la plus élevée pour le mérite technique et le prix","None","Aucune","*Canada-Panama Free Trade Agreement
*Canada-Colombia Free Trade Agreement
*Canada-European Union Comprehensive Economic and Trade Agreement (CETA)
*Canadian Free Trade Agreement (CFTA)
*Canada-Peru Free Trade Agreement (CPFTA)
*Comprehensive and Progressive Agreement for Trans-Pacific Partnership (CPTPP)
*World Trade Organization Agreement on Government Procurement (WTO GPA)
*Canada-Chile Free Trade Agreement (CCFTA)
*Canada-UK Trade Continuity Agreement (Canada-UK TCA)
*Canada-Ukraine Free Trade Agreement (CUFTA)
*Canada-Honduras Free Trade Agreement
*Canada-Korea Free Trade Agreement (CKFTA)","*Accord de libre-échange Canada-Panama
*Accord de libre-échange Canada-Colombie
*Accord économique et commercial global (AECG) entre le Canada et l’Union européenne (UE)
*Accord de libre-échange canadien (ALEC)
*Accord de libre-échange Canada-Pérou (ALECP)
*Accord de Partenariat transpacifique global et progressiste (PTPGP)
*Accord sur les marchés publics de l'Organisation mondiale du commerce (AMP-OMC)
*Accord de libre-échange Canada-Chili (ALECC)
*Accord de continuité commerciale Canada–Royaume-Uni (ACC Canada-Royaume-Uni)
*Accord de libre-échange Canada-Ukraine (ALECU)
*Accord de libre-échange Canada-Honduras
*Accord de libre-échange Canada-Corée","*Quebec (except NCR)
*Newfoundland and Labrador","*Québec (sauf RCN)
*Terre-Neuve-et-Labrador","Kitikmeot BBE Expediting","Kitikmeot BBE Expediting","","","","","","","30B Mitik St","30B Mitik St","Cambridge Bay","Cambridge Bay","Nunavut","Nunavut","X0B 0C0","CA","CA","Department of Public Works and Government Services (PSPC)"," Ministère des Travaux publics et des Services gouvernementaux (SPAC)","11 Laurier St, Phase III, Place du Portage","11, rue Laurier, Phase III, Place du Portage","Gatineau","Gatineau","Quebec","Québec","K1A 0S5","Canada","Canada","Department of the Environment (ECCC ) / Department of Natural Resources  (NRCan) / Canadian Coast Guard (CCG)"," Ministère de l’Environnement (ECCC) /  Ministère des Ressources naturelles (RNCan) /  Garde côtière canadienne (GCC)"," /  / "," /  / ","200 Boulevard Sacré-Coeur,Gatineau,Quebec,J8X4C6,Canada / 580 Booth Street,Ottawa,Ontario,K1A0E4,Canada / 200 Kent St. Station 13E228,Ottawa,Ontario,K1A0E6,Canada","200, boulevard Sacré-Coeur,Gatineau,Quebec,J8X4C6,Canada / 580, rue Booth,Ottawa,Ontario,K1A0E4,Canada / 200, rue Kent, Station 13E228,Ottawa,Ontario,K1A0E6,Canada","Hiltz, Jackson (SPAC/PSPC)","jackson.hiltz@tpsgc-pwgsc.gc.ca","","","","","","","","","","","","","Requirement to supply Aviation Turbine Fuel (Jet A-1), Diesel, and other drummed products in 205 Litre drums.","Besoin de fournir du carburant d'aviation (Jet A-1), du diesel et d'autres produits en barils dans des barils de 205 litres."
"K4E21-251033 Drummed Aviation Fuel for Resolute Bay","K4E21-251033 Carburant d'aviation en barils pour Resolute Bay","CW2387959","000","WS4963155024","WS4963155024","CW2387959","1","2025-05-31","2025-02-05","","2025-02-05","2025-05-31","118125.00","118125.00","CAD","Active","Actif","Contract","Contrat","Original","Original","","","","*15101502
*15101504","*Kerosene
*Aviation fuel","*Kérosène
*Carburants d'aviation","*GD","Request for Proposal","Demande de propositions","Competitive - Open bidding","Concurrentielle - Invitation ouverte à soumissionner","Variations or combinations of the above methods","Variations ou combinaisons des méthodes susmentionnées","None","Aucune","*Canadian Free Trade Agreement (CFTA)
*Canada-Korea Free Trade Agreement (CKFTA)","*Accord de libre-échange canadien (ALEC)
*Accord de libre-échange Canada-Corée","*Resolute Bay","*Resolute Bay","953731 NWT Ltd","953731 NWT Ltd","","","","","","","1 main street","1 main street","Resolute Bay","Resolute Bay","Nunavut","Nunavut","X0A 0V0","CA","CA","Department of Public Works and Government Services (PSPC)"," Ministère des Travaux publics et des Services gouvernementaux (SPAC)","11 Laurier St, Phase III, Place du Portage","11, rue Laurier, Phase III, Place du Portage","Gatineau","Gatineau","Quebec","Québec","K1A 0S5","Canada","Canada","Department of the Environment (ECCC )"," Ministère de l’Environnement (ECCC)","","","200 Boulevard Sacré-Coeur,Gatineau,Quebec,J8X4C6,Canada","200, boulevard Sacré-Coeur,Gatineau,Quebec,J8X4C6,Canada","Hiltz, Jackson (SPAC/PSPC)","jackson.hiltz@tpsgc-pwgsc.gc.ca","","","","","","","","","","","","","Environment and Climate Change Canada (ECCC) has a requirement for 60 drums of Jet A-1 fuel with FSII in support of shorebird surveys based from Resolute Bay, Nunavut (YRB).","Environnement et Changement climatique Canada (ECCC) a besoin de 60 barils de Jet A-1 avec du carburant FSII pour appuyer les relevés d'oiseaux de rivage basés à Resolute Bay, Nunavut (YRB)."
"K4E21-251204 Drummed Aviation Fuel for