"title-titre-eng","title-titre-fra","referenceNumber-numeroReference","amendmentNumber-numeroModification","procurementNumber-numeroApprovisionnement","solicitationNumber-numeroSollicitation","contractNumber-numeroContrat","numberOfRecords-nombreEnregistrements","publicationDate-datePublication","contractAwardDate-dateAttributionContrat","amendmentDate-dateModification","contractStartDate-contratDateDebut","contractEndDate-dateFinContrat","contractAmount-montantContrat","totalContractValue-valeurTotaleContrat","contractCurrency-contratMonnaie","contractStatus-statutContrat-eng","contractStatus-statutContrat-fra","instrumentType-typeInstrument-eng","instrumentType-typeInstrument-fra","amendmentType-typeModification-eng","amendmentType-typeModification-fra","gsin-nibs","gsinDescription-nibsDescription-eng","gsinDescription-nibsDescription-fra","unspsc","unspscDescription-eng","unspscDescription-fra","procurementCategory-categorieApprovisionnement","noticeType-avisType-eng","noticeType-avisType-fra","procurementMethod-methodeApprovisionnement-eng","procurementMethod-methodeApprovisionnement-fra","selectionCriteria-criteresSelection-eng","selectionCriteria-criteresSelection-fra","limitedTenderingReason-raisonAppelOffresLimite-eng","limitedTenderingReason-raisonAppelOffresLimite-fra","tradeAgreements-accordsCommerciaux-eng","tradeAgreements-accordsCommerciaux-fra","regionsOfDelivery-regionsLivraison-eng","regionsOfDelivery-regionsLivraison-fra","supplierLegalName-nomLegalFournisseur-eng","supplierLegalName-nomLegalFournisseur-fra","supplierStandardizedName-nomNormaliseFournisseur-eng","supplierStandardizedName-nomNormaliseFournisseur-fra","supplierOperatingName-nomCommercialFournisseur-eng","supplierOperatingName-nomCommercialFournisseur-fra","supplierEmployeeCount-fournisseurNombreEmployes-eng","supplierEmployeeCount-fournisseurNombreEmployes-fra","supplierAddressLine-ligneAdresseFournisseur-eng","supplierAddressLine-ligneAdresseFournisseur-fra","supplierAddressCity-fournisseurAdresseVille-eng","supplierAddressCity-fournisseurAdresseVille-fra","supplierAddressProvince-fournisseurAdresseProvince-eng","supplierAddressProvince-fournisseurAdresseProvince-fra","supplierAddressPostalCode-fournisseurAdresseCodePostal","supplierAddressCountry-fournisseurAdressePays-eng","supplierAddressCountry-fournisseurAdressePays-fra","contractingEntityName-nomEntitContractante-eng","contractingEntityName-nomEntitContractante-fra","contractingEntityAddressLine-ligneAdresseEntiteContractante-eng","contractingEntityAddressLine-ligneAdresseEntiteContractante-fra","contractingEntityAddressCity-entiteContractanteAdresseVille-eng","contractingEntityAddressCity-entiteContractanteAdresseVille-fra","contractingEntityAddressProvince-entiteContractanteAdresseProvince-eng","contractingEntityAddressProvince-entiteContractanteAdresseProvince-fra","contractingEntityAddressPostalCode-entiteContractanteAdresseCodePostal","contractingEntityAddressCountry-entiteContractanteAdressePays-eng","contractingEntityAddressCountry-entiteContractanteAdressePays-fra","endUserEntitiesName-nomEntitesUtilisateurFinal-eng","endUserEntitiesName-nomEntitesUtilisateurFinal-fra","endUserEntitiesOfficeName-bureauNomEntitesUtilisateurFinal-eng","endUserEntitiesOfficeName-bureauNomEntitesUtilisateurFinal-fra","endUserEntitiesAddress-adresseEntitesUtilisateurFinal-eng","endUserEntitiesAddress-adresseEntitesUtilisateurFinal-fra","contactInfoName-informationsContactNom","contactInfoEmail-informationsContactCourriel","contactInfoPhone-contactInfoTelephone","contactInfoFax","contactInfoAddressLine-contactInfoAdresseLigne-eng","contactInfoAddressLine-contactInfoAdresseLigne-fra","contactInfoCity-contacterInfoVille-eng","contactInfoCity-contacterInfoVille-fra","contactInfoProvince-contacterInfoProvince-eng","contactInfoProvince-contacterInfoProvince-fra","contactInfoPostalcode","contactInfoCountry-contactInfoPays-eng","contactInfoCountry-contactInfoPays-fra","percentageOfGoodsByCountry-pourcentageDeBiensParPays","tenderDescription-descriptionAppelOffres-eng","tenderDescription-descriptionAppelOffres-fra"
"MDA SYSTEMS LTD (W8472-175664/001/QD ~000)","MDA SYSTEMS LTD (W8472-175664/001/QD ~000)","W8472-175664/001/QD ","000","W8472-175664","","W8472-175664/001/QD ","1","2025-11-06","2025-07-18","","","2030-07-18","39769274.00","39769274.00","CAD","","","","","","","*N1550","*Unmanned Aircraft","*Aéronef sans pilote","","","","*GD","","","Competitive - Open bidding","Concurrentielle - Invitation ouverte à soumissionner","Highest Combined Rating of Technical Merit and Price","Cote combinée la plus élevée pour le mérite technique et le prix","","","","","","","MDA SYSTEMS LTD.","MDA SYSTEMS LTD.","MDA SYSTEMS LTD","MDA SYSTEMS LTD","MDA Systems","MDA Systems","500 to 999 employees","500  à  999 employés","13800 Commerce Parkway","13800 Commerce Parkway","Richmond","Richmond","British Columbia","British Columbia","V6V2J3","Canada","Canada","Public Works and Government Services Canada","Travaux publics et Services gouvernementaux Canada","","","","","","","","","","Department of National Defence","Ministère de la défense nationale","NDHQ","N/D","ATTN DGMEPM CAP - DMARP<br>101 COLONEL BY DR.,OTTAWA,Ontario,K1A0K2,Canada","ATTN DGMEPM CAP - DMARP<br>101 COLONEL BY DR.,OTTAWA,Ontario,K1A0K2,Canada","","","","","","","","","","","","","","","",""
"MDA SYSTEMS LTD (W8482-231104/001/QD ~000)","MDA SYSTEMS LTD (W8482-231104/001/QD ~000)","W8482-231104/001/QD ","000","W8482-231104","","W8482-231104/001/QD ","1","2025-11-06","2025-07-18","","","2030-07-18","27513908.00","27513908.00","CAD","","","","","","","*N1550","*Unmanned Aircraft","*Aéronef sans pilote","","","","*GD","","","Competitive - Open bidding","Concurrentielle - Invitation ouverte à soumissionner","Highest Combined Rating of Technical Merit and Price","Cote combinée la plus élevée pour le mérite technique et le prix","","","","","","","MDA SYSTEMS LTD.","MDA SYSTEMS LTD.","MDA SYSTEMS LTD","MDA SYSTEMS LTD","MDA Systems","MDA Systems","500 to 999 employees","500  à  999 employés","13800 Commerce Parkway","13800 Commerce Parkway","Richmond","Richmond","British Columbia","British Columbia","V6V2J3","Canada","Canada","Public Works and Government Services Canada","Travaux publics et Services gouvernementaux Canada","","","","","","","","","","Department of National Defence","Ministère de la défense nationale","NDHQ","N/D","ATTN DGMEPM NP - DMARP<br>101 COLONEL BY DR.,OTTAWA,Ontario,K1A0K2,Canada","ATTN DGMEPM NP - DMARP<br>101 COLONEL BY DR.,OTTAWA,Ontario,K1A0K2,Canada","","","","","","","","","","","","","","","",""
"UNITED STATES DEPARTMENT OF THE NAVY (NAVAIR) (W8486-259755/001/USW~000)","UNITED STATES DEPARTMENT OF THE NAVY (NAVAIR) (W8486-259755/001/USW~000)","W8486-259755/001/USW","000","W8486-259755","","W8486-259755/001/USW","1","2025-05-27","2025-05-15","","","2028-12-31","4424523.00","4424523.00","CAD","","","","","","","*N1550","*Unmanned Aircraft","*Aéronef sans pilote","","","","*GD","","","Non-competitive","Non concurrentielle","Government Objectives Representing Best Interests/Value to Govt","Objectifs gouvern.  représentant  les meilleurs intérets/valeur pour l'État","","","*None","*Aucun","","","UNITED STATES DEPARTMENT OF THE NAVY (NAVAIR)","UNITED STATES DEPARTMENT OF THE NAVY (NAVAIR)","UNITED STATES DEPARTMENT OF THE NAVY (NAVAIR)","UNITED STATES DEPARTMENT OF THE NAVY (NAVAIR)","Not applicable","Not applicable","UNKNOWN","INCONNU","2521 South Clark Street<br>Suite 800","2521 South Clark Street<br>Suite 800","Arlington","Arlington","Virginia","Virginia","22202-3928","United States","United States","Public Works and Government Services Canada","Travaux publics et Services gouvernementaux Canada","","","","","","","","","","Department of National Defence","Ministère de la défense nationale","COMMANDING  OFFICER","N/D","CFSD MONTREAL<br>6363 RUE NOTRE DAME ST E.,MONTREAL,Quebec,H1N2E9,Canada","CFSD MONTREAL<br>6363 RUE NOTRE DAME ST E.,MONTREAL,Quebec,H1N2E9,Canada","","","","","","","","","","","","","","","",""
"UNITED STATES DEPARTMENT OF THE AIR FORCE (AFSAC) (W8485-258264/001/USW~000)","UNITED STATES DEPARTMENT OF THE AIR FORCE (AFSAC) (W8485-258264/001/USW~000)","W8485-258264/001/USW","000","W8485-258264","","W8485-258264/001/USW","1","2025-04-29","2025-04-17","","","2032-04-28","2787539.00","2787539.00","CAD","","","","","","","*N1680A","*Miscellaneous Aircraft Accessories and Components, N.E.S., ExceptElectrical and Electronic","*Accessoires divers pour aéronefs et composants, N.E.A., sauf électriques et électroniques","","","","*GD","","","Non-competitive","Non concurrentielle","Government Objectives Representing Best Interests/Value to Govt","Objectifs gouvern.  représentant  les meilleurs intérets/valeur pour l'État","","","*None","*Aucun","","","UNITED STATES DEPARTMENT OF THE AIR FORCE (AFSAC)","UNITED STATES DEPARTMENT OF THE AIR FORCE (AFSAC)","UNITED STATES DEPARTMENT OF THE AIR FORCE (AFSAC)","UNITED STATES DEPARTMENT OF THE AIR FORCE (AFSAC)","Not applicable","Not applicable","UNKNOWN","INCONNU","1822 VAN PATTON DRIVE","1822 VAN PATTON DRIVE","WP AFB","WP AFB","Ohio","Ohio","45433","United States","United States","Public Works and Government Services Canada","Travaux publics et Services gouvernementaux Canada","","","","","","","","","","Department of National Defence","Ministère de la défense nationale","NDHQ","N/D","DGAEPM<br>101 COLONEL BY DR.,OTTAWA,Ontario,K1A0K2,Canada","DGAEPM<br>101 COLONEL BY DR.,OTTAWA,Ontario,K1A0K2,Canada","","","","","","","","","","","","","","","",""
"ABCO INDUSTRIES INC (F7044-230537/001/MC~000)","ABCO INDUSTRIES INC (F7044-230537/001/MC~000)","F7044-230537/001/MC","000","F7044-230537","","F7044-230537/001/MC","4","2025-05-27","2025-05-08","","","2027-11-10","8761277.00","8746244.78","CAD","","","","","","","*N1940G","*Boats, Small, Aluminum","*Bateaux légers, aluminium","","","","*GD","","","Competitive - Open bidding","Concurrentielle - Invitation ouverte à soumissionner","Highest Combined Rating of Technical Merit and Price","Cote combinée la plus élevée pour le mérite technique et le prix","","","*Canadian Free Trade Agreement (CFTA)","*Accord de libre-échange canadien (ALEC)","","","ABCO Industries Inc.","ABCO Industries Inc.","ABCO INDUSTRIES INC","ABCO INDUSTRIES INC","ABCO Industries Inc.","ABCO Industries Inc.","50 to 99 employees","50 à 99 employés","PO Box 1120<br>81 Tannery Road","PO Box 1120<br>81 Tannery Road","Lunenburg","Lunenburg","Nova Scotia","Nova Scotia","B0J2C0","Canada","Canada","Public Works and Government Services Canada","Travaux publics et Services gouvernementaux Canada","","","","","","","","","","Fisheries and Oceans Canada","Pêches et Océans Canada","D/PROJ.MGR STIMULUS PACKAGE","GEST.A.PRGM PLAN ACTION ECON.","INTEGRATED TECHNICAL SERVICES<br>200 KENT ST STN. 7W060,OTTAWA,Ontario,K1A0E6,Canada","INTEGRATED TECHNICAL SERVICES<br>200 KENT ST STN. 7W060,OTTAWA,Ontario,K1A0E6,Canada","","","","","","","","","","","","","","","",""
"KNUDSEN ENGINEERING LTD (F7013-251207/001/ML~000)","KNUDSEN ENGINEERING LTD (F7013-251207/001/ML~000)","F7013-251207/001/ML","000","F7013-251207","","F7013-251207/001/ML","1","2025-05-27","2025-05-05","","","2026-10-15","90102.00","90102.00","CAD","","","","","","","*N2010","*Ship and Boat Propulsion Components","*Organes de propulsion pour bateaux et navires","","","","*GD","","","Non-competitive","Non concurrentielle","","","Exclusive Rights","Droits exclusifs","*Canadian Free Trade Agreement (CFTA)","*Accord de libre-échange canadien (ALEC)","","","Knudsen Engineering Limited","Knudsen Engineering Limited","KNUDSEN ENGINEERING LTD","KNUDSEN ENGINEERING LTD","Knudsen Engineering Limited","Knudsen Engineering Limited","10 to 19 employees","10 à 19 employés","10 Industrial Road","10 Industrial Road","Perth","Perth","Ontario","Ontario","K7H3P2","Canada","Canada","Public Works and Government Services Canada","Travaux publics et Services gouvernementaux Canada","","","","","","","","","","Fisheries and Oceans Canada","Pêches et Océans Canada","MAJOR CROWN PROJECTS DIR.","DIR GRANDS PROJETS D'ETAT","3RD FL.<br>200 ELGIN ST,OTTAWA,Ontario,K2P1L5,Canada","3RD FL.<br>200 ELGIN ST,OTTAWA,Ontario,K2P1L5,Canada","","","","","","","","","","","","","","","",""
"HARTZELL PROPELLER PRODUCTS DIV (F7044-240104/001/ML~000)","HARTZELL PROPELLER PRODUCTS DIV (F7044-240104/001/ML~000)","F7044-240104/001/ML","000","F7044-240104","","F7044-240104/001/ML","1","2025-05-27","2025-05-12","","","2026-05-11","750000.00","750000.00","CAD","","","","","","","*N2010C","*Propellers (Marine)","*Hélices-marine","","","","*GD","","","Non-competitive","Non concurrentielle","","","Exclusive Rights","Droits exclusifs","*Canadian Free Trade Agreement (CFTA)","*Accord de libre-échange canadien (ALEC)","","","Hartzell Propeller LLC","Hartzell Propeller LLC","HARTZELL PROPELLER PRODUCTS DIV","HARTZELL PROPELLER PRODUCTS DIV","Hartzell Propeller LLC","Hartzell Propeller LLC","UNKNOWN","INCONNU","ONE PROPELLER PLACE","ONE PROPELLER PLACE","PIQUA","PIQUA","Ohio","Ohio","45356-2634","United States","United States","Public Works and Government Services Canada","Travaux publics et Services gouvernementaux Canada","","","","","","","","","","Fisheries and Oceans Canada","Pêches et Océans Canada","D/PROJ.MGR STIMULUS PACKAGE","GEST.A.PRGM PLAN ACTION ECON.","INTEGRATED TECHNICAL SERVICES<br>200 KENT ST STN. 7W060,OTTAWA,Ontario,K1A0E6,Canada","INTEGRATED TECHNICAL SERVICES<br>200 KENT ST STN. 7W060,OTTAWA,Ontario,K1A0E6,Canada","","","","","","","","","","","","","","","",""
"PALFINGER MARINE CANADA, INC (F7044-240113/001/ML ~000)","PALFINGER MARINE CANADA, INC (F7044-240113/001/ML ~000)","F7044-240113/001/ML ","000","F7044-240113","","F7044-240113/001/ML ","1","2025-11-06","2025-10-15","","","2026-12-31","4000000.00","4000000.00","CAD","","","","","","","*N2030","*Deck Machinery","*Machinerie de pont","","","","*GD","","","Non-competitive","Non concurrentielle","","","Exclusive Rights","Droits exclusifs","","","","","Palfinger Marine Canada, Inc.","Palfinger Marine Canada, Inc.","PALFINGER MARINE CANADA, INC","PALFINGER MARINE CANADA, INC","Palfinger Marine Canada Inc.","Palfinger Marine Canada Inc.","5 to 9 employees","5 à 9 employés","#120-20575 Langley By Pass","#120-20575 Langley By Pass","Langley","Langley","British Columbia","British Columbia","V3A5E8","Canada","Canada","Public Works and Government Services Canada","Travaux publics et Services gouvernementaux Canada","","","","","","","","","","Fisheries and Oceans Canada","Pêches et Océans Canada","D/PROJ.MGR STIMULUS PACKAGE","GEST.A.PRGM PLAN ACTION ECON.","INTEGRATED TECHNICAL SERVICES<br>200 KENT ST STN. 7W060,OTTAWA,Ontario,K1A0E6,Canada","INTEGRATED TECHNICAL SERVICES<br>200 KENT ST STN. 7W060,OTTAWA,Ontario,K1A0E6,Canada","","","","","","","","","","","","","","","",""
"HAWBOLDT INDUSTRIES (1989) LTD (F7044-240103/001/ML ~000)","HAWBOLDT INDUSTRIES (1989) LTD (F7044-240103/001/ML ~000)","F7044-240103/001/ML","000","F7044-240103","","F7044-240103/001/ML","1","2025-09-05","2025-06-02","","","2025-12-31","500000.00","500000.00","CAD","","","","","","","*N2030N","*Deck Machinery, Winches, Marine","*Machinerie de pont, treuils, marine","","","","*GD","","","Non-competitive","Non concurrentielle","","","Exclusive Rights","Droits exclusifs","","","","","HAWBOLDT INDUSTRIES (1989) LIMITED","HAWBOLDT INDUSTRIES (1989) LIMITED","HAWBOLDT INDUSTRIES (1989) LTD","HAWBOLDT INDUSTRIES (1989) LTD","HAWBOLDT INDUSTRIES (1989) LTD","HAWBOLDT INDUSTRIES (1989) LTD","50 to 99 employees","50 à 99 employés","PO Box 80<br>220 Windsor Road","PO Box 80<br>220 Windsor Road","Chester","Chester","Nova Scotia","Nova Scotia","B0J1J0","Canada","Canada","Public Works and Government Services Canada","Travaux publics et Services gouvernementaux Canada","","","","","","","","","","Fisheries and Oceans Canada","Pêches et Océans Canada","D/PROJ.MGR STIMULUS PACKAGE","GEST.A.PRGM PLAN ACTION ECON.","INTEGRATED TECHNICAL SERVICES<br>200 KENT ST STN. 7W060,OTTAWA,Ontario,K1A0E6,Canada","INTEGRATED TECHNICAL SERVICES<br>200 KENT ST STN. 7W060,OTTAWA,Ontario,K1A0E6,Canada","","","","","","","","","","","","","","","",""
"PENNECON HYDRAULIC SYSTEMS LTD (F7044-240110/001/ML ~000)","PENNECON HYDRAULIC SYSTEMS LTD (F7044-240110/001/ML ~000)","F7044-240110/001/ML ","000","F7044-240110","","F7044-240110/001/ML ","1","2025-11-06","2025-10-10","","","2026-12-31","1000000.00","1000000.00","CAD","","","","","","","*N2030S","*Deck Machinery, Cranes, Shipboard","*Machinerie de pont, grues, à bord","","","","*GD","","","Non-competitive","Non concurrentielle","","","Exclusive Rights","Droits exclusifs","","","","","PENNECON HYDRAULIC SYSTEMS LIMITED","PENNECON HYDRAULIC SYSTEMS LIMITED","PENNECON HYDRAULIC SYSTEMS LTD","PENNECON HYDRAULIC SYSTEMS LTD","Pennecon Hydraulic Systems Limited (St. John's Branch)","Pennecon Hydraulic Systems Limited (St. John's Branch)","20 to 49 employees","20 à 49 employés","2 Maverick Place","2 Maverick Place","Paradise","Paradise","Newfoundland and Labrador","Newfoundland and Labrador","A1L0H6","Canada","Canada","Public Works and Government Services Canada","Travaux publics et Services gouvernementaux Canada","","","","","","","","","","Fisheries and Oceans Canada","Pêches et Océans Canada","D/PROJ.MGR STIMULUS PACKAGE","GEST.A.PRGM PLAN ACTION ECON.","INTEGRATED TECHNICAL SERVICES<br>200 KENT ST STN. 7W060,OTTAWA,Ontario,K1A0E6,Canada","INTEGRATED TECHNICAL SERVICES<br>200 KENT ST STN. 7W060,OTTAWA,Ontario,K1A0E6,Canada","","","","","","","","","","","","","","","",""
"HAWBOLDT INDUSTRIES (1989) LTD (F7013-225005/001/ML ~000)","HAWBOLDT INDUSTRIES (1989) LTD (F7013-225005/001/ML ~000)","F7013-225005/001/ML ","000","F7013-225005","","F7013-225005/001/ML ","1","2025-11-06","2025-10-09","","","2026-10-08","2253804.00","2253804.00","CAD","","","","","","","*N2090","*Ship and Marine Miscellaneous Equipment","*Équipement de navire et matériel naval","","","","*GD","","","Non-competitive","Non concurrentielle","","","Exclusive Rights","Droits exclusifs","","","","","HAWBOLDT INDUSTRIES (1989) LIMITED","HAWBOLDT INDUSTRIES (1989) LIMITED","HAWBOLDT INDUSTRIES (1989) LTD","HAWBOLDT INDUSTRIES (1989) LTD","HAWBOLDT INDUSTRIES (1989) LTD","HAWBOLDT INDUSTRIES (1989) LTD","50 to 99 employees","50 à 99 employés","PO Box 80<br>220 Windsor Road","PO Box 80<br>220 Windsor Road","Chester","Chester","Nova Scotia","Nova Scotia","B0J1J0","Canada","Canada","Public Works and Government Services Canada","Travaux publics et Services gouvernementaux Canada","","","","","","","","","","Fisheries and Oceans Canada","Pêches et Océans Canada","MAJOR CROWN PROJECTS DIR.","DIR GRANDS PROJETS D'ETAT","3RD FL.<br>200 ELGIN ST,OTTAWA,Ontario,K2P1L5,Canada","3RD FL.<br>200 ELGIN ST,OTTAWA,Ontario,K2P1L5,Canada","","","","","","","","","","","","","","","",""
"JETVAC INC (F7044-230890/001/ML~000)","JETVAC INC (F7044-230890/001/ML~000)","F7044-230890/001/ML","000","F7044-230890","","F7044-230890/001/ML","2","2025-05-27","2025-04-25","","","2025-12-31","500000.00","500000.00","CAD","","","","","","","*N2090","*Ship and Marine Miscellaneous Equipment","*Équipement de navire et matériel naval","","","","*GD","","","Non-competitive","Non concurrentielle","","","Exclusive Rights","Droits exclusifs","*Canadian Free Trade Agreement (CFTA)","*Accord de libre-échange canadien (ALEC)","","","Jetvac Inc.","Jetvac Inc.","JETVAC INC","JETVAC INC","Jetvac Inc.","Jetvac Inc.","5 to 9 employees","5 à 9 employés","115 Dartnall Road<br>Unit 4","115 Dartnall Road<br>Unit 4","Hamilton","Hamilton","Ontario","Ontario","L8W3N1","Canada","Canada","Public Works and Government Services Canada","Travaux publics et Services gouvernementaux Canada","","","","","","","","","","Fisheries and Oceans Canada","Pêches et Océans Canada","D/PROJ.MGR STIMULUS PACKAGE","GEST.A.PRGM PLAN ACTION ECON.","INTEGRATED TECHNICAL SERVICES<br>200 KENT ST STN. 7W060,OTTAWA,Ontario,K1A0E6,Canada","INTEGRATED TECHNICAL SERVICES<br>200 KENT ST STN. 7W060,OTTAWA,Ontario,K1A0E6,Canada","","","","","","","","","","","","","","","",""
"WAJAX LTD (F7044-250069/001/ML ~000)","WAJAX LTD (F7044-250069/001/ML ~000)","F7044-250069/001/ML ","000","F7044-250069","","F7044-250069/001/ML ","1","2025-09-05","2025-07-08","","","2027-05-30","147592.00","147592.00","CAD","","","","","","","*N2090","*Ship and Marine Miscellaneous Equipment","*Équipement de navire et matériel naval","","","","*GD","","","Non-competitive","Non concurrentielle","","","Exclusive Rights","Droits exclusifs","","","","","Wajax limited","Wajax limited","WAJAX LTD","WAJAX LTD","Wajax limited","Wajax limited","2500 to 4999 employees","2500 à 4999 employés","10 Diesel Drive","10 Diesel Drive","Toronto","Toronto","Ontario","Ontario","M8W2T8","Canada","Canada","Public Works and Government Services Canada","Travaux publics et Services gouvernementaux Canada","","","","","","","","","","Fisheries and Oceans Canada","Pêches et Océans Canada","D/PROJ.MGR STIMULUS PACKAGE","GEST.A.PRGM PLAN ACTION ECON.","INTEGRATED TECHNICAL SERVICES<br>200 KENT ST STN. 7W060,OTTAWA,Ontario,K1A0E6,Canada","INTEGRATED TECHNICAL SERVICES<br>200 KENT ST STN. 7W060,OTTAWA,Ontario,K1A0E6,Canada","","","","","","","","","","","","","","","",""
"GE ENERGY POWER CONVERSION CANADA INC (F7049-240216/001/ML~000)","GE ENERGY POWER CONVERSION CANADA INC (F7049-240216/001/ML~000)","F7049-240216/001/ML","000","F7049-240216","","F7049-240216/001/ML","1","2025-06-29","2025-05-21","","","2027-01-15","177630.00","177630.00","CAD","","","","","","","*N2090","*Ship and Marine Miscellaneous Equipment","*Équipement de navire et matériel naval","","","","*GD","","","Non-competitive","Non concurrentielle","","","Exclusive Rights","Droits exclusifs","*Canadian Free Trade Agreement (CFTA)","*Accord de libre-échange canadien (ALEC)","","","GE Energy Power Conversion Canada Inc","GE Energy Power Conversion Canada Inc","GE ENERGY POWER CONVERSION CANADA INC","GE ENERGY POWER CONVERSION CANADA INC","GE Energy Power Conversion Canada Inc.","GE Energy Power Conversion Canada Inc.","10 to 19 employees","10 à 19 employés","Unit 1 2155 Rosser Ave.","Unit 1 2155 Rosser Ave.","Burnaby","Burnaby","British Columbia","British Columbia","V5C5E2","Canada","Canada","Public Works and Government Services Canada","Travaux publics et Services gouvernementaux Canada","","","","","","","","","","Fisheries and Oceans Canada","Pêches et Océans Canada","INTEGRATED TECHNICAL SERVICES","SERVICES TECHNIQUES INTEGRÉS","VLE MLM PROGRAM<br>200 KENT ST., STN 7N157,OTTAWA,Ontario,K1A0E6,Canada","VLE MLM PROGRAM<br>200 KENT ST., STN 7N157,OTTAWA,Ontario,K1A0E6,Canada","","","","","","","","","","","","","","","",""
"SCHOTTEL INC (F7049-240279/001/ML~000)","SCHOTTEL INC (F7049-240279/001/ML~000)","F7049-240279/001/ML","000","F7049-240279","","F7049-240279/001/ML","1","2025-05-27","2025-05-15","","","2025-10-31","58561.00","58561.00","CAD","","","","","","","*N2090","*Ship and Marine Miscellaneous Equipment","*Équipement de navire et matériel naval","","","","*GD","","","Non-competitive","Non concurrentielle","","","Exclusive Rights","Droits exclusifs","*Canadian Free Trade Agreement (CFTA)","*Accord de libre-échange canadien (ALEC)","","","SCHOTTEL INC","SCHOTTEL INC","SCHOTTEL INC","SCHOTTEL INC","SCHOTTEL INC","SCHOTTEL INC","20 to 49 employees","20 à 49 employés","1741 Denley Rd","1741 Denley Rd","Houma","Houma","Louisiana","Louisiana","70363","United States","United States","Public Works and Government Services Canada","Travaux publics et Services gouvernementaux Canada","","","","","","","","","","Fisheries and Oceans Canada","Pêches et Océans Canada","INTEGRATED TECHNICAL SERVICES","SERVICES TECHNIQUES INTEGRÉS","VLE MLM PROGRAM<br>200 KENT ST., STN 7N157,OTTAWA,Ontario,K1A0E6,Canada","VLE MLM PROGRAM<br>200 KENT ST., STN 7N157,OTTAWA,Ontario,K1A0E6,Canada","","","","","","","","","","","","","","","",""
"GRIFFON MARINE LTD (F7049-250033/001/ML ~000)","GRIFFON MARINE LTD (F7049-250033/001/ML ~000)","F7049-250033/001/ML ","000","F7049-250033","","F7049-250033/001/ML ","1","2025-11-06","2025-08-12","","","2025-09-30","27327.00","27327.00","CAD","","","","","","","*N2090","*Ship and Marine Miscellaneous Equipment","*Équipement de navire et matériel naval","","","","*GD","","","Non-competitive","Non concurrentielle","","","Exclusive Rights","Droits exclusifs","","","","","GRIFFON MARINE LIMITED","GRIFFON MARINE LIMITED","GRIFFON MARINE LTD","GRIFFON MARINE LTD","GRIFFON MARINE LIMITED","GRIFFON MARINE LIMITED","20 to 49 employees","20 à 49 employés","Griffon Hoverwork Limited<br>8 HAZEL  Road","Griffon Hoverwork Limited<br>8 HAZEL  Road","SOUTHAMPTON","SOUTHAMPTON","","","S0197GB","United Kingdom","United Kingdom","Public Works and Government Services Canada","Travaux publics et Services gouvernementaux Canada","","","","","","","","","","Fisheries and Oceans Canada","Pêches et Océans Canada","INTEGRATED TECHNICAL SERVICES","SERVICES TECHNIQUES INTEGRÉS","VLE MLM PROGRAM<br>200 KENT ST., STN 7N157,OTTAWA,Ontario,K1A0E6,Canada","VLE MLM PROGRAM<br>200 KENT ST., STN 7N157,OTTAWA,Ontario,K1A0E6,Canada","","","","","","","","","","","","","","","",""
"UNITED STATES DEPARTMENT OF THE ARMY (USASAC) (W8484-250684/001/USW~000)","UNITED STATES DEPARTMENT OF THE ARMY (USASAC) (W8484-250684/001/USW~000)","W8484-250684/001/USW","000","W8484-250684","","W8484-250684/001/USW","1","2025-05-27","2025-04-23","","","2031-09-30","18576135.00","18576135.00","CAD","","","","","","","*AD217740","*Military Logistics (Research)","*Logistique militaire (Recherche)","","","","*SRV","","","Non-competitive","Non concurrentielle","Government Objectives Representing Best Interests/Value to Govt","Objectifs gouvern.  représentant  les meilleurs intérets/valeur pour l'État","","","*None","*Aucun","","","UNITED STATES DEPARTMENT OF THE ARMY (USASAC)","UNITED STATES DEPARTMENT OF THE ARMY (USASAC)","UNITED STATES DEPARTMENT OF THE ARMY (USASAC)","UNITED STATES DEPARTMENT OF THE ARMY (USASAC)","UNITED STATES DEPARTMENT OF THE ARMY (USASAC)","UNITED STATES DEPARTMENT OF THE ARMY (USASAC)","5 to 9 employees","5 à 9 employés","7613 CARDINAL ROAD","7613 CARDINAL ROAD","REDSTONE ARSENAL","REDSTONE ARSENAL","Alabama","Alabama","35898-5000","United States","United States","Public Works and Government Services Canada","Travaux publics et Services gouvernementaux Canada","","","","","","","","","","Department of National Defence","Ministère de la défense nationale","NDHQ","QGDN","101 COLONEL BY DR.,OTTAWA,Ontario,K1A0K2,Canada","101 COLONEL BY DR.,OTTAWA,Ontario,K1A0K2,Canada","","","","","","","","","","","","","","","",""
"UNITED STATES DEPARTMENT OF THE ARMY (USASAC) (W8485-258251/001/USW~000)","UNITED STATES DEPARTMENT OF THE ARMY (USASAC) (W8485-258251/001/USW~000)","W8485-258251/001/USW","000","W8485-258251","","W8485-258251/001/USW","1","2025-09-05","2025-07-18","","","2032-07-18","2105326.00","2105326.00","CAD","","","","","","","*JX1680","*Miscellaneous Aircraft Accessories and Components (Military) - Repair and Overhaul","*Accessoires et composants divers pour aéronefs (militaires) - réparation et révision","","","","*SRVTGD","","","Non-competitive","Non concurrentielle","Government Objectives Representing Best Interests/Value to Govt","Objectifs gouvern.  représentant  les meilleurs intérets/valeur pour l'État","","","","","","","UNITED STATES DEPARTMENT OF THE ARMY (USASAC)","UNITED STATES DEPARTMENT OF THE ARMY (USASAC)","UNITED STATES DEPARTMENT OF THE ARMY (USASAC)","UNITED STATES DEPARTMENT OF THE ARMY (USASAC)","UNITED STATES DEPARTMENT OF THE ARMY (USASAC)","UNITED STATES DEPARTMENT OF THE ARMY (USASAC)","5 to 9 employees","5 à 9 employés","7613 CARDINAL ROAD","7613 CARDINAL ROAD","REDSTONE ARSENAL","REDSTONE ARSENAL","Alabama","Alabama","35898-5000","United States","United States","Public Works and Government Services Canada","Travaux publics et Services gouvernementaux Canada","","","","","","","","","","Department of National Defence","Ministère de la défense nationale","NDHQ","N/D","DGAEPM<br>101 COLONEL BY DR.,OTTAWA,Ontario,K1A0K2,Canada","DGAEPM<br>101 COLONEL BY DR.,OTTAWA,Ontario,K1A0K2,Canada","","","","","","","","","","","","","","","",""
"GRIFFON HOVERWORK LTD (F7044-240108/001/ML~000)","GRIFFON HOVERWORK LTD (F7044-240108/001/ML~000)","F7044-240108/001/ML","000","F7044-240108","","F7044-240108/001/ML","2","2025-05-27","2025-05-09","","","2025-12-31","0.00","827700.00","CAD","","","","","","","*N2520","*Vehicular Power Transmission Components","*Composants des transmissions de puissance des véhicules","","","","*GD","","","Non-competitive","Non concurrentielle","","","Exclusive Rights","Droits exclusifs","","","","","GRIFFON MARINE LIMITED","GRIFFON MARINE LIMITED","GRIFFON HOVERWORK LTD","GRIFFON HOVERWORK LTD","GRIFFON MARINE LIMITED","GRIFFON MARINE LIMITED","20 to 49 employees","20 à 49 employés","Griffon Hoverwork Limited<br>8 HAZEL  Road","Griffon Hoverwork Limited<br>8 HAZEL  Road","SOUTHAMPTON","SOUTHAMPTON","","","S0197GB","United Kingdom","United Kingdom","Public Works and Government Services Canada","Travaux publics et Services gouvernementaux Canada","","","","","","","","","","Fisheries and Oceans Canada","Pêches et Océans Canada","D/PROJ.MGR STIMULUS PACKAGE","GEST.A.PRGM PLAN ACTION ECON.","INTEGRATED TECHNICAL SERVICES<br>200 KENT ST STN. 7W060,OTTAWA,Ontario,K1A0E6,Canada","INTEGRATED TECHNICAL SERVICES<br>200 KENT ST STN. 7W060,OTTAWA,Ontario,K1A0E6,Canada","","","","","","","","","","","","","","","",""
"YAMAHA MOTOR CANADA LTD (E60ML-250001/001/ML ~000)","YAMAHA MOTOR CANADA LTD (E60ML-250001/001/ML ~000)","E60ML-250001/001/ML ","000","E60ML-250001","","E60ML-250001/001/ML ","1","2025-11-06","2025-08-12","","","2026-08-31","3400000.00","3400000.00","CAD","","","","","","","*N2805","*Gasoline Reciprocating Engines (Except Aircraft) and Components","*Moteurs alternatifs à explosion, sauf aéronefs et composants","","","","*GD","","","Non-competitive","Non concurrentielle","","","Exclusive Rights","Droits exclusifs","","","","","Yamaha Motor Canada Ltd.","Yamaha Motor Canada Ltd.","YAMAHA MOTOR CANADA LTD","YAMAHA MOTOR CANADA LTD","Yamaha Motor Canada Ltd.","Yamaha Motor Canada Ltd.","100 to 199 employees","100 à 199 employés","480 Gordon Baker Rd.","480 Gordon Baker Rd.","Toronto","Toronto","Ontario","Ontario","M2H3B4","Canada","Canada","Public Works and Government Services Canada","Travaux publics et Services gouvernementaux Canada","","","","","","","","","","Public Works and Government Services Canada","Travaux publics et Services gouvernementaux Canada","CONSOLIDATED PROC ML AMES","N/D","PORTAGE III 6C2<br>11 LAURIER ST,GATINEAU,Quebec,K1A0S5,Canada","PORTAGE III 6C2<br>11 LAURIER ST,GATINEAU,Quebec,K1A0S5,Canada","","","","","","","","","","","","","","","",""
"MERCURY MARINE LTD (E60ML-250001/002/ML ~000)","MERCURY MARINE LTD (E60ML-250001/002/ML ~000)","E60ML-250001/002/ML ","000","E60ML-250001","","E60ML-250001/002/ML ","1","2025-11-06","2025-08-12","","","2026-08-31","1600000.00","1600000.00","CAD","","","","","","","*N2805","*Gasoline Reciprocating Engines (Except Aircraft) and Components","*Moteurs alternatifs à explosion, sauf aéronefs et composants","","","","*GD","","","Non-competitive","Non concurrentielle","","","Exclusive Rights","Droits exclusifs","","","","","Mercury Marine Limited","Mercury Marine Limited","MERCURY MARINE LTD","MERCURY MARINE LTD","Mercury Marine Limited","Mercury Marine Limited","50 to 99 employees","50 à 99 employés","8698 Escarpment Way","8698 Escarpment Way","Milton","Milton","Ontario","Ontario","L9T0M1","Canada","Canada","Public Works and Government Services Canada","Travaux publics et Services gouvernementaux Canada","","","","","","","","","","Public Works and Government Services Canada","Travaux publics et Services gouvernementaux Canada","CONSOLIDATED PROC ML AMES","N/D","PORTAGE III 6C2<br>11 LAURIER ST,GATINEAU,Quebec,K1A0S5,Canada","PORTAGE III 6C2<br>11 LAURIER ST,GATINEAU,Quebec,K1A0S5,Canada","","","","","","","","","","","","","","","",""
"CULLEN DIESEL POWER LTD (E60ML-250001/003/ML ~000)","CULLEN DIESEL POWER LTD (E60ML-250001/003/ML ~000)","E60ML-250001/003/ML ","000","E60ML-250001","","E60ML-250001/003/ML ","1","2025-11-06","2025-08-12","","","2026-08-31","250000.00","250000.00","CAD","","","","","","","*N2805","*Gasoline Reciprocating Engines (Except Aircraft) and Components","*Moteurs alternatifs à explosion, sauf aéronefs et composants","","","","*GD","","","Non-competitive","Non concurrentielle","","","Exclusive Rights","Droits exclusifs","","","","","CULLEN DIESEL POWER LTD.","CULLEN DIESEL POWER LTD.","CULLEN DIESEL POWER LTD","CULLEN DIESEL POWER LTD","CULLEN DIESEL POWER LTD.","CULLEN DIESEL POWER LTD.","200 to 499 employees","200 à 499 employés","9300 192nd street","9300 192nd street","Surrey","Surrey","British Columbia","British Columbia","V4N3R8","Canada","Canada","Public Works and Government Services Canada","Travaux publics et Services gouvernementaux Canada","","","","","","","","","","Public Works and Government Services Canada","Travaux publics et Services gouvernementaux Canada","CONSOLIDATED PROC ML AMES","N/D","PORTAGE III 6C2<br>11 LAURIER ST,GATINEAU,Quebec,K1A0S5,Canada","PORTAGE III 6C2<br>11 LAURIER ST,GATINEAU,Quebec,K1A0S5,Canada","","","","","","","","","","","","","","","",""
"ARVA INDUSTRIES INC (F2599-250017/001/ML ~000)","ARVA INDUSTRIES INC (F2599-250017/001/ML ~000)","F2599-250017/001/ML ","000","F2599-250017","","F2599-250017/001/ML ","1","2025-11-06","2025-07-30","","","2026-01-30","84794.00","84794.00","CAD","","","","","","","*N3950BJ","*Cranes, Shipboard","*Grues à bord d'un navire","","","","*GD","","","Non-competitive","Non concurrentielle","","","Exclusive Rights","Droits exclusifs","","","","","Arva Industries Inc.","Arva Industries Inc.","ARVA INDUSTRIES INC","ARVA INDUSTRIES INC","Arva Industries Inc.","Arva Industries Inc.","20 to 49 employees","20 à 49 employés","43 Gaylord Road","43 Gaylord Road","St. Thomas","St. Thomas","Ontario","Ontario","N5P3R9","Canada","Canada","Public Works and Government Services Canada","Travaux publics et Services gouvernementaux Canada","","","","","","","","","","Fisheries and Oceans Canada","Pêches et Océans Canada","CCG CENTRAL&ARCTIC RGN","N/D","MARINE ENGINEERING<br>520 EXMOUTH ST,SARNIA,Ontario,N7T8B1,Canada","MARINE ENGINEERING<br>520 EXMOUTH ST,SARNIA,Ontario,N7T8B1,Canada","","","","","","","","","","","","","","","",""
"NORTH RIDGE PUMPS LTD (F7013-251175/001/ML ~000)","NORTH RIDGE PUMPS LTD (F7013-251175/001/ML ~000)","F7013-251175/001/ML ","000","F7013-251175","","F7013-251175/001/ML ","1","2025-11-06","2025-09-22","","","2026-12-15","12402.00","12402.00","CAD","","","","","","","*N4310","*Compressors and Vacuum Pumps","*Compresseurs et pompes à vide","","","","*GD","","","Non-competitive","Non concurrentielle","","","Exclusive Rights","Droits exclusifs","","","","","North Ridge Pumps Ltd","North Ridge Pumps Ltd","NORTH RIDGE PUMPS LTD","NORTH RIDGE PUMPS LTD","North Ridge Pumps Ltd","North Ridge Pumps Ltd","unknown","inconnu","North Ridge House<br>3 Chrysalis Way","North Ridge House<br>3 Chrysalis Way","Eastwood, Nottinghamshire","Eastwood, Nottinghamshire","","","NG16 3RY","United Kingdom","United Kingdom","Public Works and Government Services Canada","Travaux publics et Services gouvernementaux Canada","","","","","","","","","","Fisheries and Oceans Canada","Pêches et Océans Canada","MAJOR CROWN PROJECTS DIR.","DIR GRANDS PROJETS D'ETAT","3RD FL.<br>200 ELGIN ST,OTTAWA,Ontario,K2P1L5,Canada","3RD FL.<br>200 ELGIN ST,OTTAWA,Ontario,K2P1L5,Canada","","","","","","","","","","","","","","","",""
"DESMI CANADA INC (F7013-251270/001/ML ~000)","DESMI CANADA INC (F7013-251270/001/ML ~000)","F7013-251270/001/ML ","000","F7013-251270","","F7013-251270/001/ML ","2","2025-09-05","2025-06-25","","","2026-12-25","131428.00","113771.90","CAD","","","","","","","*N4310","*Compressors and Vacuum Pumps","*Compresseurs et pompes à vide","","","","*GD","","","Non-competitive","Non concurrentielle","","","Exclusive Rights","Droits exclusifs","","","","","DESMI CANADA INC","DESMI CANADA INC","DESMI CANADA INC","DESMI CANADA INC","DESMI CANADA INC","DESMI CANADA INC","5 to 9 employees","5 à 9 employés","21 King St W, 5th Floor, PO Box 6","21 King St W, 5th Floor, PO Box 6","Hamilton","Hamilton","Ontario","Ontario","L8P4W7","Canada","Canada","Public Works and Government Services Canada","Travaux publics et Services gouvernementaux Canada","","","","","","","","","","Fisheries and Oceans Canada","Pêches et Océans Canada","MAJOR CROWN PROJECTS DIR.","DIR GRANDS PROJETS D'ETAT","3RD FL.<br>200 ELGIN ST,OTTAWA,Ontario,K2P1L5,Canada","3RD FL.<br>200 ELGIN ST,OTTAWA,Ontario,K2P1L5,Canada","","","","","","","","","","","","","","","",""
"WASSINK MARINE SERVICES (F7013-241082/001/ML~000)","WASSINK MARINE SERVICES (F7013-241082/001/ML~000)","F7013-241082/001/ML","000","F7013-241082","","F7013-241082/001/ML","1","2025-06-29","2025-05-22","","","2025-10-31","430930.00","430930.00","CAD","","","","","","","*N4620","*Water Distillation Equipment, Marine and Industrial","*Équipements marins et industriels de distillation des eaux","","","","*GD","","","Non-competitive","Non concurrentielle","","","Exclusive Rights","Droits exclusifs","","","","","Willem Wassink","Willem Wassink","WASSINK MARINE SERVICES","WASSINK MARINE SERVICES","Wassink Marine Services","Wassink Marine Services","1 to 4 employees","1 à 4 employés","455 , Telfer Street S","455 , Telfer Street S","Winnipeg","Winnipeg","Manitoba","Manitoba","R3G2Y4","Canada","Canada","Public Works and Government Services Canada","Travaux publics et Services gouvernementaux Canada","","","","","","","","","","Fisheries and Oceans Canada","Pêches et Océans Canada","MAJOR CROWN PROJECTS DIR.","DIR GRANDS PROJETS D'ETAT","3RD FL.<br>200 ELGIN ST,OTTAWA,Ontario,K2P1L5,Canada","3RD FL.<br>200 ELGIN ST,OTTAWA,Ontario,K2P1L5,Canada","","","","","","","","","","","","","","","",""
"GMAK GLOBAL INC (F7013-241203/001/ML ~000)","GMAK GLOBAL INC (F7013-241203/001/ML ~000)","F7013-241203/001/ML ","000","F7013-241203","","F7013-241203/001/ML ","1","2025-11-06","2025-09-22","","","2026-12-31","75273.00","75273.00","CAD","","","","","","","*N4820","*Valves, Nonpowered","*Soupapes et robinets, à commande directe","","","","*GD","","","Competitive - Traditional","Concurrentielle - Traditionnelle","Lowest Price","Prix le plus bas","","","","","","","GMAK Global Inc.","GMAK Global Inc.","GMAK GLOBAL INC","GMAK GLOBAL INC","GMAK Global Inc.","GMAK Global Inc.","1 to 4 employees","1 à 4 employés","TH3 - 500 Doris Avenue","TH3 - 500 Doris Avenue","North York","North York","Ontario","Ontario","M2N0C1","Canada","Canada","Public Works and Government Services Canada","Travaux publics et Services gouvernementaux Canada","","","","","","","","","","Fisheries and Oceans Canada","Pêches et Océans Canada","MAJOR CROWN PROJECTS DIR.","DIR GRANDS PROJETS D'ETAT","3RD FL.<br>200 ELGIN ST,OTTAWA,Ontario,K2P1L5,Canada","3RD FL.<br>200 ELGIN ST,OTTAWA,Ontario,K2P1L5,Canada","","","","","","","","","","","","","","","",""
"L3HARRIS TECHNOLOGIES, INC (E60QD-259830/001/QD ~000)","L3HARRIS TECHNOLOGIES, INC (E60QD-259830/001/QD ~000)","E60QD-259830/001/QD ","000","E60QD-259830","","E60QD-259830/001/QD ","1","2025-11-06","2025-07-31","","","2028-12-31","0.00","0.00","CAD","","","","","","","*N5820","*Radio and Television Communications Equipment, Except Airborne","*Matériel de communications radio et télévisuel, sauf aéroporté","","","","*GD","","","Non-competitive","Non concurrentielle","","","Exclusive Rights","Droits exclusifs","","","","","L3Harris Technologies, Inc.","L3Harris Technologies, Inc.","L3HARRIS TECHNOLOGIES, INC","L3HARRIS TECHNOLOGIES, INC","L3Harris Global Communications, Inc","L3Harris Global Communications, Inc","1500 to 2499 employees","1500 à 2499 employés","1350 Jefferson Road","1350 Jefferson Road","Rochester","Rochester","New York","New York","14623","United States","United States","Public Works and Government Services Canada","Travaux publics et Services gouvernementaux Canada","","","","","","","","","","Public Works and Government Services Canada","Travaux publics et Services gouvernementaux Canada","CONSOLIDATED PROC QD AMES","N/D","PORTAGE III 5C1<br>11 LAURIER ST,GATINEAU,Quebec,K1A0S5,Canada","PORTAGE III 5C1<br>11 LAURIER ST,GATINEAU,Quebec,K1A0S5,Canada","","","","","","","","","","","","","","","",""
"UNITED STATES DEPARTMENT OF THE AIR FORCE (AFSAC) (W8485-25JZDK/001/USW~000)","UNITED STATES DEPARTMENT OF THE AIR FORCE (AFSAC) (W8485-25JZDK/001/USW~000)","W8485-25JZDK/001/USW","000","W8485-25JZDK","","W8485-25JZDK/001/USW","1","2025-11-06","2025-09-05","","","2032-12-30","6324872.00","6324872.00","CAD","","","","","","","*N5826","*Radio Navigation Equipment, Airborne","*Équipements de radionavigation pour aéronefs","","","","*GD","","","Non-competitive","Non concurrentielle","Government Objectives Representing Best Interests/Value to Govt","Objectifs gouvern.  représentant  les meilleurs intérets/valeur pour l'État","","","","","","","UNITED STATES DEPARTMENT OF THE AIR FORCE (AFSAC)","UNITED STATES DEPARTMENT OF THE AIR FORCE (AFSAC)","UNITED STATES DEPARTMENT OF THE AIR FORCE (AFSAC)","UNITED STATES DEPARTMENT OF THE AIR FORCE (AFSAC)","Not applicable","Not applicable","unknown","inconnu","1822 VAN PATTON DRIVE","1822 VAN PATTON DRIVE","WP AFB","WP AFB","Ohio","Ohio","45433","United States","United States","Public Works and Government Services Canada","Travaux publics et Services gouvernementaux Canada","","","","","","","","","","Department of National Defence","Ministère de la défense nationale","NDHQ","N/D","DGAEPM<br>101 COLONEL BY DR.,OTTAWA,Ontario,K1A0K2,Canada","DGAEPM<br>101 COLONEL BY DR.,OTTAWA,Ontario,K1A0K2,Canada","","","","","","","","","","","","","","","",""
"UNITED STATES DEPARTMENT OF THE NAVY (NAVICP) (W8474-23NC07/001/USW~000)","UNITED STATES DEPARTMENT OF THE NAVY (NAVICP) (W8474-23NC07/001/USW~000)","W8474-23NC07/001/USW","000","W8474-23NC07","","W8474-23NC07/001/USW","1","2025-11-06","2025-07-28","","","2035-07-31","87728848.00","87728848.00","CAD","","","","","","","*N5895","*Miscellaneous Communications Equipment","*Équipements divers de télécommunications","","","","*GD","","","Non-competitive","Non concurrentielle","Government Objectives Representing Best Interests/Value to Govt","Objectifs gouvern.  représentant  les meilleurs intérets/valeur pour l'État","","","","","","","UNITED STATES DEPARTMENT OF THE NAVY (NAVICP)","UNITED STATES DEPARTMENT OF THE NAVY (NAVICP)","UNITED STATES DEPARTMENT OF THE NAVY (NAVICP)","UNITED STATES DEPARTMENT OF THE NAVY (NAVICP)","Not applicable","Not applicable","unknown","inconnu","2521 South Clark Street<br>Suite 800","2521 South Clark Street<br>Suite 800","Arlington","Arlington","Virginia","Virginia","22202-3928","United States","United States","Public Works and Government Services Canada","Travaux publics et Services gouvernementaux Canada","","","","","","","","","","Department of National Defence","Ministère de la défense nationale","NDHQ","QGDN","101 COLONEL BY DRIVE,OTTAWA,Ontario,K1A0K2,Canada","101 COLONEL BY DRIVE,OTTAWA,Ontario,K1A0K2,Canada","","","","","","","","","","","","","","","",""
"THALES CANADA INC (W8482-206477/001/QF~000)","THALES CANADA INC (W8482-206477/001/QF~000)","W8482-206477/001/QF","000","W8482-206477","","W8482-206477/001/QF","1","2025-06-29","2025-05-21","","","2035-05-31","29766145.00","29766145.00","CAD","","","","","","","*N5985","*Antennas, Waveguides and Related Equipment","*Antennes, guides d'ondes et équipement connexe","","","","*GD","","","Non-competitive","Non concurrentielle","","","Exclusive Rights","Droits exclusifs","*Canadian Free Trade Agreement (CFTA)","*Accord de libre-échange canadien (ALEC)","","","Thales Canada, Defence and Security","Thales Canada, Defence and Security","THALES CANADA INC","THALES CANADA INC","THALES CANADA INC.","THALES CANADA INC.","200 to 499 employees","200 à 499 employés","1 Chrysalis Way","1 Chrysalis Way","Ottawa","Ottawa","Ontario","Ontario","K2G6P9","Canada","Canada","Public Works and Government Services Canada","Travaux publics et Services gouvernementaux Canada","","","","","","","","","","Department of National Defence","Ministère de la défense nationale","NDHQ","N/D","ATTN DGMEPM NP - DMARP<br>101 COLONEL BY DR.,OTTAWA,Ontario,K1A0K2,Canada","ATTN DGMEPM NP - DMARP<br>101 COLONEL BY DR.,OTTAWA,Ontario,K1A0K2,Canada","","","","","","","","","","","","","","","",""
"GMAK GLOBAL INC (F7013-241213/001/ML ~000)","GMAK GLOBAL INC (F7013-241213/001/ML ~000)","F7013-241213/001/ML ","000","F7013-241213","","F7013-241213/001/ML ","1","2025-11-06","2025-08-22","","","2026-12-01","12949.00","12949.00","CAD","","","","","","","*N6105","*Motors, Electrical","*Moteurs électriques","","","","*GD","","","Competitive - Open bidding","Concurrentielle - Invitation ouverte à soumissionner","Lowest Price","Prix le plus bas","","","","","","","GMAK Global Inc.","GMAK Global Inc.","GMAK GLOBAL INC","GMAK GLOBAL INC","GMAK Global Inc.","GMAK Global Inc.","1 to 4 employees","1 à 4 employés","TH3 - 500 Doris Avenue","TH3 - 500 Doris Avenue","North York","North York","Ontario","Ontario","M2N0C1","Canada","Canada","Public Works and Government Services Canada","Travaux publics et Services gouvernementaux Canada","","","","","","","","","","Fisheries and Oceans Canada","Pêches et Océans Canada","MAJOR CROWN PROJECTS DIR.","DIR GRANDS PROJETS D'ETAT","3RD FL.<br>200 ELGIN ST,OTTAWA,Ontario,K2P1L5,Canada","3RD FL.<br>200 ELGIN ST,OTTAWA,Ontario,K2P1L5,Canada","","","","","","","","","","","","","","","",""
"BCS AUTOMATION LTD (F7049-240230/001/ML~000)","BCS AUTOMATION LTD (F7049-240230/001/ML~000)","F7049-240230/001/ML","000","F7049-240230","","F7049-240230/001/ML","1","2025-06-29","2025-06-11","","","2027-06-11","2067883.00","2067883.00","CAD","","","","","","","*N6320","*Shipboard Alarm and Signal Systems","*Systèmes d'alarme et de signalisation de bord, navires","","","","*GD","","","Competitive - Open bidding","Concurrentielle - Invitation ouverte à soumissionner","Lowest Price","Prix le plus bas","","","","","","","BCS automation ltd.","BCS automation ltd.","BCS AUTOMATION LTD","BCS AUTOMATION LTD","BCS automation ltd.","BCS automation ltd.","10 to 19 employees","10 à 19 employés","316 Dundas Street E.","316 Dundas Street E.","Belleville","Belleville","Ontario","Ontario","K8N1E6","Canada","Canada","Public Works and Government Services Canada","Travaux publics et Services gouvernementaux Canada","","","","","","","","","","Fisheries and Oceans Canada","Pêches et Océans Canada","INTEGRATED TECHNICAL SERVICES","SERVICES TECHNIQUES INTEGRÉS","VLE MLM PROGRAM<br>200 KENT ST., STN 7N157,OTTAWA,Ontario,K1A0E6,Canada","VLE MLM PROGRAM<br>200 KENT ST., STN 7N157,OTTAWA,Ontario,K1A0E6,Canada","","","","","","","","","","","","","","","",""
"AML OCEANOGRAPHIC LTD (F7013-250068/001/ML ~000)","AML OCEANOGRAPHIC LTD (F7013-250068/001/ML ~000)","F7013-250068/001/ML ","000","F7013-250068","","F7013-250068/001/ML ","1","2025-11-06","2025-09-12","","","2026-12-12","342683.00","342683.00","CAD","","","","","","","*N6670","*Scales and Balances","*Balances et pesées","","","","*GD","","","Non-competitive","Non concurrentielle","","","Exclusive Rights","Droits exclusifs","","","","","AML OCEANOGRAPHIC LTD.","AML OCEANOGRAPHIC LTD.","AML OCEANOGRAPHIC LTD","AML OCEANOGRAPHIC LTD","AML OCEANOGRAPHIC LTD","AML OCEANOGRAPHIC LTD","50 to 99 employees","50 à 99 employés","A300-2261 Keating Cross Rd","A300-2261 Keating Cross Rd","Victoria","Victoria","British Columbia","British Columbia","V8M2A5","Canada","Canada","Public Works and Government Services Canada","Travaux publics et Services gouvernementaux Canada","","","","","","","","","","Fisheries and Oceans Canada","Pêches et Océans Canada","MAJOR CROWN PROJECTS DIR.","DIR GRANDS PROJETS D'ETAT","3RD FL.<br>200 ELGIN ST,OTTAWA,Ontario,K2P1L5,Canada","3RD FL.<br>200 ELGIN ST,OTTAWA,Ontario,K2P1L5,Canada","","","","","","","","","","","","","","","",""
"FELIX TECHNOLOGY INC (W8472-255951/001/JSS~000)","FELIX TECHNOLOGY INC (W8472-255951/001/JSS~000)","W8472-255951/001/JSS","000","W8472-255951","","W8472-255951/001/JSS","1","2025-11-06","2025-08-07","","","2027-12-31","2497920.00","2497920.00","CAD","","","","","","","*N6930101","*OPERATION TRAINING DEVICES, ELECTRONIC, SIMULATORS, MARINE","*Appareils d'instruction et d'entraînement opérationnels,électroniques, simulateurs, marine","","","","*GD","","","Competitive - Open bidding","Concurrentielle - Invitation ouverte à soumissionner","Lowest Price","Prix le plus bas","","","","","","","Felix Technology Inc.","Felix Technology Inc.","FELIX TECHNOLOGY INC","FELIX TECHNOLOGY INC","Felix Technology Inc.","Felix Technology Inc.","10 to 19 employees","10 à 19 employés","270 Drumlin Circle","270 Drumlin Circle","Concord","Concord","Ontario","Ontario","L4K3E2","Canada","Canada","Public Works and Government Services Canada","Travaux publics et Services gouvernementaux Canada","","","","","","","","","","Department of National Defence","Ministère de la défense nationale","NDHQ","N/D","ATTN DGMEPM CAP - DMARP<br>101 COLONEL BY DR.,OTTAWA,Ontario,K1A0K2,Canada","ATTN DGMEPM CAP - DMARP<br>101 COLONEL BY DR.,OTTAWA,Ontario,K1A0K2,Canada","","","","","","","","","","","","","","","",""
"UNITED STATES DEPARTMENT OF THE AIR FORCE (AFSAC) (W8484-26MA45/001/USW~000)","UNITED STATES DEPARTMENT OF THE AIR FORCE (AFSAC) (W8484-26MA45/001/USW~000)","W8484-26MA45/001/USW","000","W8484-26MA45","","W8484-26MA45/001/USW","1","2025-11-06","2025-09-29","","","2028-01-30","10320.00","10320.00","CAD","","","","","","","*NCLOG","*Logistics Support for U.S. Manufactured Military Equipment Currently Operated by Canadian Armed Forces (COLOG)","*Soutien logistique pour l'équipement militaire fabriqué aux É.-U. et couramment utilisé par les forces armées canadiennes (COLOG)","","","","*GD","","","Non-competitive","Non concurrentielle","Government Objectives Representing Best Interests/Value to Govt","Objectifs gouvern.  représentant  les meilleurs intérets/valeur pour l'État","","","","","","","UNITED STATES DEPARTMENT OF THE AIR FORCE (AFSAC)","UNITED STATES DEPARTMENT OF THE AIR FORCE (AFSAC)","UNITED STATES DEPARTMENT OF THE AIR FORCE (AFSAC)","UNITED STATES DEPARTMENT OF THE AIR FORCE (AFSAC)","Not applicable","Not applicable","unknown","inconnu","1822 VAN PATTON DRIVE","1822 VAN PATTON DRIVE","WP AFB","WP AFB","Ohio","Ohio","45433","United States","United States","Public Works and Government Services Canada","Travaux publics et Services gouvernementaux Canada","","","","","","","","","","Department of National Defence","Ministère de la défense nationale","NDHQ","QGDN","101 COLONEL BY DR.,OTTAWA,Ontario,K1A0K2,Canada","101 COLONEL BY DR.,OTTAWA,Ontario,K1A0K2,Canada","","","","","","","","","","","","","","","",""
"PENNANT CANADA LTD (W8472-255941/001/JSS~000)","PENNANT CANADA LTD (W8472-255941/001/JSS~000)","W8472-255941/001/JSS","000","W8472-255941","","W8472-255941/001/JSS","1","2025-06-29","2025-05-23","","","2028-05-19","1090224.00","1090224.00","CAD","","","","","","","*R019AB","*Professional Services / Program Advisory Services","*Services professionnels / Services consultatifs sur les programmes","","","","*SRV","","","Competitive - Open bidding","Concurrentielle - Invitation ouverte à soumissionner","Highest Combined Rating of Technical Merit and Price","Cote combinée la plus élevée pour le mérite technique et le prix","","","","","","","Pennant Canada Limited","Pennant Canada Limited","PENNANT CANADA LTD","PENNANT CANADA LTD","Pennant Canada Limited","Pennant Canada Limited","10 to 19 employees","10 à 19 employés","1400 Blair Towers Place<br>Suite 100","1400 Blair Towers Place<br>Suite 100","Ottawa","Ottawa","Ontario","Ontario","K1J9B8","Canada","Canada","Public Works and Government Services Canada","Travaux publics et Services gouvernementaux Canada","","","","","","","","","","Department of National Defence","Ministère de la défense nationale","NDHQ","N/D","ATTN DGMEPM CAP - DMARP<br>101 COLONEL BY DR.,OTTAWA,Ontario,K1A0K2,Canada","ATTN DGMEPM CAP - DMARP<br>101 COLONEL BY DR.,OTTAWA,Ontario,K1A0K2,Canada","","","","","","","","","","","","","","","",""
"R&R INTERNATIONAL TRANSLATION SPECIALISTS INC (EP745-251685/001/ZF~000)","R&R INTERNATIONAL TRANSLATION SPECIALISTS INC (EP745-251685/001/ZF~000)","EP745-251685/001/ZF","000","EP745-251685","","EP745-251685/001/ZF","1","2025-04-29","2025-04-16","","","2026-05-11","69560.00","69560.00","CAD","","","","","","","*R019D","*Auctioneering Services","*Services de vente aux enchères","","","","*SRV","","","Competitive - Traditional","Concurrentielle - Traditionnelle","Highest Combined Rating of Technical Merit and Price","Cote combinée la plus élevée pour le mérite technique et le prix","","","*Canadian Free Trade Agreement (CFTA)","*Accord de libre-échange canadien (ALEC)","","","R&R INTERNATIONAL TRANSLATION SPECIALISTS INC","R&R INTERNATIONAL TRANSLATION SPECIALISTS INC","R&R INTERNATIONAL TRANSLATION SPECIALISTS INC","R&R INTERNATIONAL TRANSLATION SPECIALISTS INC","R&R INTERNATIONAL TRANSLATION SPECIALISTS INC","R&R INTERNATIONAL TRANSLATION SPECIALISTS INC","1 to 4 employees","1 à 4 employés","12 RUE DES FOUGERES","12 RUE DES FOUGERES","ILE BIZARD","ILE BIZARD","Quebec","Quebec","H9C1Z8","Canada","Canada","Public Works and Government Services Canada","Travaux publics et Services gouvernementaux Canada","","","","","","","","","","Public Works and Government Services Canada","Travaux publics et Services gouvernementaux Canada","PROCUREMENT CENTRE","CENTRE D'APPROVISIONNEMNT","EDIFICE CREMAZIE<br>70 CREMAZIE, 8TH FLOOR,GATINEAU,Quebec,K1A0S5,Canada","EDIFICE CREMAZIE<br>70 CREMAZIE, 8TH FLOOR,GATINEAU,Quebec,K1A0S5,Canada","","","","","","","","","","","","","","","",""
"TECHNICAL TRANSLATION SERVICES (EP745-251685/002/ZF~000)","TECHNICAL TRANSLATION SERVICES (EP745-251685/002/ZF~000)","EP745-251685/002/ZF","000","EP745-251685","","EP745-251685/002/ZF","1","2025-04-29","2025-04-16","","","2026-05-11","69560.00","69560.00","CAD","","","","","","","*R019D","*Auctioneering Services","*Services de vente aux enchères","","","","*SRV","","","Competitive - Traditional","Concurrentielle - Traditionnelle","Highest Combined Rating of Technical Merit and Price","Cote combinée la plus élevée pour le mérite technique et le prix","","","*Canadian Free Trade Agreement (CFTA)","*Accord de libre-échange canadien (ALEC)","","","Services de traduction technique Francis Ouellet inc.","Services de traduction technique Francis Ouellet inc.","TECHNICAL TRANSLATION SERVICES","TECHNICAL TRANSLATION SERVICES","Technical Translation Services","Technical Translation Services","1 to 4 employees","1 à 4 employés","345 Rue de Joinville","345 Rue de Joinville","Québec","Québec","Quebec","Quebec","G1P3Z4","Canada","Canada","Public Works and Government Services Canada","Travaux publics et Services gouvernementaux Canada","","","","","","","","","","Public Works and Government Services Canada","Travaux publics et Services gouvernementaux Canada","PROCUREMENT CENTRE","CENTRE D'APPROVISIONNEMNT","EDIFICE CREMAZIE<br>70 CREMAZIE, 8TH FLOOR,GATINEAU,Quebec,K1A0S5,Canada","EDIFICE CREMAZIE<br>70 CREMAZIE, 8TH FLOOR,GATINEAU,Quebec,K1A0S5,Canada","","","","","","","","","","","","","","","",""
"COSSETTE VOYER (EP745-251685/003/ZF~000)","COSSETTE VOYER (EP745-251685/003/ZF~000)","EP745-251685/003/ZF","000","EP745-251685","","EP745-251685/003/ZF","1","2025-04-29","2025-04-16","","","2026-05-11","75884.00","75884.00","CAD","","","","","","","*R019D","*Auctioneering Services","*Services de vente aux enchères","","","","*SRV","","","Competitive - Traditional","Concurrentielle - Traditionnelle","Highest Combined Rating of Technical Merit and Price","Cote combinée la plus élevée pour le mérite technique et le prix","","","*Canadian Free Trade Agreement (CFTA)","*Accord de libre-échange canadien (ALEC)","","","Pamela Cossette-Voyer Inc.","Pamela Cossette-Voyer Inc.","COSSETTE VOYER","COSSETTE VOYER","Cossette Voyer","Cossette Voyer","1 to 4 employees","1 à 4 employés","244 rue Notre-Dame","244 rue Notre-Dame","Boischatel","Boischatel","Quebec","Quebec","G0A1H0","Canada","Canada","Public Works and Government Services Canada","Travaux publics et Services gouvernementaux Canada","","","","","","","","","","Public Works and Government Services Canada","Travaux publics et Services gouvernementaux Canada","PROCUREMENT CENTRE","CENTRE D'APPROVISIONNEMNT","EDIFICE CREMAZIE<br>70 CREMAZIE, 8TH FLOOR,GATINEAU,Quebec,K1A0S5,Canada","EDIFICE CREMAZIE<br>70 CREMAZIE, 8TH FLOOR,GATINEAU,Quebec,K1A0S5,Canada","","","","","","","","","","","","","","","",""
"EXACT LEGAL TRANSLATIONS INC (EP745-251685/004/ZF~000)","EXACT LEGAL TRANSLATIONS INC (EP745-251685/004/ZF~000)","EP745-251685/004/ZF","000","EP745-251685","","EP745-251685/004/ZF","2","2025-04-29","2025-04-16","","","2026-05-11","94854.00","94854.00","CAD","","","","","","","*R019D","*Auctioneering Services","*Services de vente aux enchères","","","","*SRV","","","Competitive - Traditional","Concurrentielle - Traditionnelle","Highest Combined Rating of Technical Merit and Price","Cote combinée la plus élevée pour le mérite technique et le prix","","","*Canadian Free Trade Agreement (CFTA)","*Accord de libre-échange canadien (ALEC)","","","Exact Legal Translations Inc.","Exact Legal Translations Inc.","EXACT LEGAL TRANSLATIONS INC","EXACT LEGAL TRANSLATIONS INC","Exact Legal Translations Inc.","Exact Legal Translations Inc.","5 to 9 employees","5 à 9 employés","67 rue du Luxembourg","67 rue du Luxembourg","Gatineau","Gatineau","Quebec","Quebec","J9J0S6","Canada","Canada","Public Works and Government Services Canada","Travaux publics et Services gouvernementaux Canada","","","","","","","","","","Public Works and Government Services Canada","Travaux publics et Services gouvernementaux Canada","PROCUREMENT CENTRE","CENTRE D'APPROVISIONNEMNT","EDIFICE CREMAZIE<br>70 CREMAZIE, 8TH FLOOR,GATINEAU,Quebec,K1A0S5,Canada","EDIFICE CREMAZIE<br>70 CREMAZIE, 8TH FLOOR,GATINEAU,Quebec,K1A0S5,Canada","","","","","","","","","","","","","","","",""
"LOCKHEED MARTIN CANADA INC (W847S-250201/001/CSC~000)","LOCKHEED MARTIN CANADA INC (W847S-250201/001/CSC~000)","W847S-250201/001/CSC","000","W847S-250201","","W847S-250201/001/CSC","1","2025-11-06","2025-10-24","","","2027-05-31","15061455.00","15061455.00","CAD","","","","","","","*N7035","*ADP Support Equipment","*Traitement automatique de l'information, équipement de soutien","","","","*GD","","","Non-competitive","Non concurrentielle","Government Objectives Representing Best Interests/Value to Govt","Objectifs gouvern.  représentant  les meilleurs intérets/valeur pour l'État","","","","","","","Lockheed Martin Canada Inc.","Lockheed Martin Canada Inc.","LOCKHEED MARTIN CANADA INC","LOCKHEED MARTIN CANADA INC","Lockheed Martin Canada Inc.","Lockheed Martin Canada Inc.","500 to 999 employees","500  à  999 employés","501 Palladium Dr","501 Palladium Dr","Kanata","Kanata","Ontario","Ontario","K2V0A2","Canada","Canada","Public Works and Government Services Canada","Travaux publics et Services gouvernementaux Canada","","","","","","","","","","Department of National Defence","Ministère de la défense nationale","NDHQ DGMPD SEA","NDHQ DGMPD MARINE","101 COLONEL BY DR.,OTTAWA,Ontario,K1A0K2,Canada","101 COLONEL BY DR.,OTTAWA,Ontario,K1A0K2,Canada","","","","","","","","","","","","","","","",""
"CLS LEXI-TECH LTD (EP745-251770/001/ZF~000)","CLS LEXI-TECH LTD (EP745-251770/001/ZF~000)","EP745-251770/001/ZF","000","EP745-251770","","EP745-251770/001/ZF","2","2025-04-29","2025-04-16","","","2026-04-16","69985.00","131071.50","CAD","","","","","","","*R109D","*Translation Services","*Services de traduction","","","","*SRV","","","Competitive - Traditional","Concurrentielle - Traditionnelle","Highest Combined Rating of Technical Merit and Price","Cote combinée la plus élevée pour le mérite technique et le prix","","","*Canadian Free Trade Agreement (CFTA)","*Accord de libre-échange canadien (ALEC)","","","Lionbridge Ltd.","Lionbridge Ltd.","CLS LEXI-TECH LTD","CLS LEXI-TECH LTD","Lionbridge Canada","Lionbridge Canada","200 to 499 employees","200 à 499 employés","10 Dawson St.","10 Dawson St.","Dieppe","Dieppe","New Brunswick","New Brunswick","E1A6C8","Canada","Canada","Public Works and Government Services Canada","Travaux publics et Services gouvernementaux Canada","","","","","","","","","","Public Works and Government Services Canada","Travaux publics et Services gouvernementaux Canada","PROCUREMENT CENTRE","CENTRE D'APPROVISIONNEMNT","EDIFICE CREMAZIE<br>70 CREMAZIE, 8TH FLOOR,GATINEAU,Quebec,K1A0S5,Canada","EDIFICE CREMAZIE<br>70 CREMAZIE, 8TH FLOOR,GATINEAU,Quebec,K1A0S5,Canada","","","","","","","","","","","","","","","",""
"SYM COMMUNICATIONS INC (EP745-260813/001/ZF ~000)","SYM COMMUNICATIONS INC (EP745-260813/001/ZF ~000)","EP745-260813/001/ZF ","000","EP745-260813","","EP745-260813/001/ZF ","1","2025-11-06","2025-10-17","","","2026-10-19","87381.00","87381.00","CAD","","","","","","","*R109D","*Translation Services","*Services de traduction","","","","*SRV","","","Competitive - Traditional","Concurrentielle - Traditionnelle","Highest Combined Rating of Technical Merit and Price","Cote combinée la plus élevée pour le mérite technique et le prix","","","","","","","Sym Communications inc.","Sym Communications inc.","SYM COMMUNICATIONS INC","SYM COMMUNICATIONS INC","Sym Communications","Sym Communications","10 to 19 employees","10 à 19 employés","7266 de Bordeaux","7266 de Bordeaux","Montréal","Montréal","Quebec","Quebec","H2E2M4","Canada","Canada","Public Works and Government Services Canada","Travaux publics et Services gouvernementaux Canada","","","","","","","","","","Public Works and Government Services Canada","Travaux publics et Services gouvernementaux Canada","PROCUREMENT CENTRE","CENTRE D'APPROVISIONNEMNT","EDIFICE CREMAZIE<br>70 CREMAZIE, 8TH FLOOR,GATINEAU,Quebec,K1A0S5,Canada","EDIFICE CREMAZIE<br>70 CREMAZIE, 8TH FLOOR,GATINEAU,Quebec,K1A0S5,Canada","","","","","","","","","","","","","","","",""
"R&R INTERNATIONAL TRANSLATION SPECIALISTS INC (EP745-260813/002/ZF ~000)","R&R INTERNATIONAL TRANSLATION SPECIALISTS INC (EP745-260813/002/ZF ~000)","EP745-260813/002/ZF ","000","EP745-260813","","EP745-260813/002/ZF ","1","2025-11-06","2025-10-17","","","2026-10-19","96119.00","96119.00","CAD","","","","","","","*R109D","*Translation Services","*Services de traduction","","","","*SRV","","","Competitive - Traditional","Concurrentielle - Traditionnelle","Highest Combined Rating of Technical Merit and Price","Cote combinée la plus élevée pour le mérite technique et le prix","","","","","","","R&R INTERNATIONAL TRANSLATION SPECIALISTS INC","R&R INTERNATIONAL TRANSLATION SPECIALISTS INC","R&R INTERNATIONAL TRANSLATION SPECIALISTS INC","R&R INTERNATIONAL TRANSLATION SPECIALISTS INC","R&R INTERNATIONAL TRANSLATION SPECIALISTS INC","R&R INTERNATIONAL TRANSLATION SPECIALISTS INC","1 to 4 employees","1 à 4 employés","12 RUE DES FOUGERES","12 RUE DES FOUGERES","ILE BIZARD","ILE BIZARD","Quebec","Quebec","H9C1Z8","Canada","Canada","Public Works and Government Services Canada","Travaux publics et Services gouvernementaux Canada","","","","","","","","","","Public Works and Government Services Canada","Travaux publics et Services gouvernementaux Canada","PROCUREMENT CENTRE","CENTRE D'APPROVISIONNEMNT","EDIFICE CREMAZIE<br>70 CREMAZIE, 8TH FLOOR,GATINEAU,Quebec,K1A0S5,Canada","EDIFICE CREMAZIE<br>70 CREMAZIE, 8TH FLOOR,GATINEAU,Quebec,K1A0S5,Canada","","","","","","","","","","","","","","","",""
"UPWRITE SOLUTIONS INC (EP745-260872/001/ZF ~000)","UPWRITE SOLUTIONS INC (EP745-260872/001/ZF ~000)","EP745-260872/001/ZF ","000","EP745-260872","","EP745-260872/001/ZF ","1","2025-11-06","2025-10-17","","","2026-10-19","43691.00","43691.00","CAD","","","","","","","*R109D","*Translation Services","*Services de traduction","","","","*SRV","","","Competitive - Traditional","Concurrentielle - Traditionnelle","Highest Combined Rating of Technical Merit and Price","Cote combinée la plus élevée pour le mérite technique et le prix","","","","","","","Upwrite Solutions Inc.","Upwrite Solutions Inc.","UPWRITE SOLUTIONS INC","UPWRITE SOLUTIONS INC","Upwrite Solutions Inc.","Upwrite Solutions Inc.","1 to 4 employees","1 à 4 employés","10355 Jasper Ave NW<br>Suite 310","10355 Jasper Ave NW<br>Suite 310","Edmonton","Edmonton","Alberta","Alberta","T5J1Y6","Canada","Canada","Public Works and Government Services Canada","Travaux publics et Services gouvernementaux Canada","","","","","","","","","","Public Works and Government Services Canada","Travaux publics et Services gouvernementaux Canada","PROCUREMENT CENTRE","CENTRE D'APPROVISIONNEMNT","EDIFICE CREMAZIE<br>70 CREMAZIE, 8TH FLOOR,GATINEAU,Quebec,K1A0S5,Canada","EDIFICE CREMAZIE<br>70 CREMAZIE, 8TH FLOOR,GATINEAU,Quebec,K1A0S5,Canada","","","","","","","","","","","","","","","",""
"LIONBRIDGE LTD (EP745-260937/001/ZF ~000)","LIONBRIDGE LTD (EP745-260937/001/ZF ~000)","EP745-260937/001/ZF ","000","EP745-260937","","EP745-260937/001/ZF ","3","2025-11-06","2025-10-22","","","2026-10-22","137970.00","275940.00","CAD","","","","","","","*R109D","*Translation Services","*Services de traduction","","","","*SRV","","","Competitive - Traditional","Concurrentielle - Traditionnelle","Highest Combined Rating of Technical Merit and Price","Cote combinée la plus élevée pour le mérite technique et le prix","","","","","","","Lionbridge Ltd.","Lionbridge Ltd.","LIONBRIDGE LTD","LIONBRIDGE LTD","Lionbridge Canada","Lionbridge Canada","200 to 499 employees","200 à 499 employés","10 Dawson St.","10 Dawson St.","Dieppe","Dieppe","New Brunswick","New Brunswick","E1A6C8","Canada","Canada","Public Works and Government Services Canada","Travaux publics et Services gouvernementaux Canada","","","","","","","","","","Public Works and Government Services Canada","Travaux publics et Services gouvernementaux Canada","PROCUREMENT CENTRE","CENTRE D'APPROVISIONNEMNT","EDIFICE CREMAZIE<br>70 CREMAZIE, 8TH FLOOR,GATINEAU,Quebec,K1A0S5,Canada","EDIFICE CREMAZIE<br>70 CREMAZIE, 8TH FLOOR,GATINEAU,Quebec,K1A0S5,Canada","","","","","","","","","","","","","","","",""
"UNITED STATES DEPARTMENT OF THE AIR FORCE (AFSAC) (W8484-25MD19/001/USW~000)","UNITED STATES DEPARTMENT OF THE AIR FORCE (AFSAC) (W8484-25MD19/001/USW~000)","W8484-25MD19/001/USW","000","W8484-25MD19","","W8484-25MD19/001/USW","1","2025-04-29","2025-04-03","","","2032-05-03","57545.00","57545.00","CAD","","","","","","","*R201A","*General Office Help","*Aide générale de bureau","","","","*SRV","","","Non-competitive","Non concurrentielle","Government Objectives Representing Best Interests/Value to Govt","Objectifs gouvern.  représentant  les meilleurs intérets/valeur pour l'État","","","*None","*Aucun","","","UNITED STATES DEPARTMENT OF THE AIR FORCE (AFSAC)","UNITED STATES DEPARTMENT OF THE AIR FORCE (AFSAC)","UNITED STATES DEPARTMENT OF THE AIR FORCE (AFSAC)","UNITED STATES DEPARTMENT OF THE AIR FORCE (AFSAC)","Not applicable","Not applicable","UNKNOWN","INCONNU","1822 VAN PATTON DRIVE","1822 VAN PATTON DRIVE","WP AFB","WP AFB","Ohio","Ohio","45433","United States","United States","Public Works and Government Services Canada","Travaux publics et Services gouvernementaux Canada","","","","","","","","","","Department of National Defence","Ministère de la défense nationale","NDHQ","QGDN","101 COLONEL BY DR.,OTTAWA,Ontario,K1A0K2,Canada","101 COLONEL BY DR.,OTTAWA,Ontario,K1A0K2,Canada","","","","","","","","","","","","","","","",""
"UNITED STATES DEPARTMENT OF THE AIR FORCE (AFSAT) (W4938-26ENJP/001/USW~000)","UNITED STATES DEPARTMENT OF THE AIR FORCE (AFSAT) (W4938-26ENJP/001/USW~000)","W4938-26ENJP/001/USW","000","W4938-26ENJP","","W4938-26ENJP/001/USW","1","2025-09-05","2025-06-11","","","2031-06-11","13933026.00","13933026.00","CAD","","","","","","","*U099BA","*Pilot Training Services, Aircraft","*Services de formation pour pilote, aéronef","","","","*SRV","","","Non-competitive","Non concurrentielle","Government Objectives Representing Best Interests/Value to Govt","Objectifs gouvern.  représentant  les meilleurs intérets/valeur pour l'État","","","","","","","UNITED STATES DEPARTMENT OF THE AIR FORCE (AFSAT)","UNITED STATES DEPARTMENT OF THE AIR FORCE (AFSAT)","UNITED STATES DEPARTMENT OF THE AIR FORCE (AFSAT)","UNITED STATES DEPARTMENT OF THE AIR FORCE (AFSAT)","Not applicable","Not applicable","UNKNOWN","INCONNU","315 J ST WEST","315 J ST WEST","RANDOLF AFB","RANDOLF AFB","Texas","Texas","78150","United States","United States","Public Works and Government Services Canada","Travaux publics et Services gouvernementaux Canada","","","","","","","","","","Department of National Defence","Ministère de la défense nationale","CDN DEFENCE ACADEMY HDQTRS","N/D","STN FORCES<br>P.O.BOX 17000,KINGSTON,Ontario,K7K7B4,Canada","STN FORCES<br>P.O.BOX 17000,KINGSTON,Ontario,K7K7B4,Canada","","","","","","","","","","","","","","","",""
"UNITED STATES DEPARTMENT OF THE AIR FORCE (AFSAC) (W8485-268854/001/USW~000)","UNITED STATES DEPARTMENT OF THE AIR FORCE (AFSAC) (W8485-268854/001/USW~000)","W8485-268854/001/USW","000","W8485-268854","","W8485-268854/001/USW","1","2025-11-06","2025-09-26","","","2033-11-01","447044.00","447044.00","CAD","","","","","","","*X111B","*Leasing of Office Space","*Location d'espace de bureau","","","","*SRV","","","Non-competitive","Non concurrentielle","Government Objectives Representing Best Interests/Value to Govt","Objectifs gouvern.  représentant  les meilleurs intérets/valeur pour l'État","","","","","","","UNITED STATES DEPARTMENT OF THE AIR FORCE (AFSAC)","UNITED STATES DEPARTMENT OF THE AIR FORCE (AFSAC)","UNITED STATES DEPARTMENT OF THE AIR FORCE (AFSAC)","UNITED STATES DEPARTMENT OF THE AIR FORCE (AFSAC)","Not applicable","Not applicable","unknown","inconnu","1822 VAN PATTON DRIVE","1822 VAN PATTON DRIVE","WP AFB","WP AFB","Ohio","Ohio","45433","United States","United States","Public Works and Government Services Canada","Travaux publics et Services gouvernementaux Canada","","","","","","","","","","Department of National Defence","Ministère de la défense nationale","8 WING TRENTON","N/D","SUPPLY CUSTOMER SUPPORT FLIGHT<br>STN FORCES P.O.BOX 1000,ASTRA,Ontario,K0K3W0,Canada","SUPPLY CUSTOMER SUPPORT FLIGHT<br>STN FORCES P.O.BOX 1000,ASTRA,Ontario,K0K3W0,Canada","","","","","","","","","","","","","","","",""
"01550-251057 - Plant Material - Summerland","01550-251057 - Matériel végétal - Summerland","CW2422160","000","WS4989830839","WS4989830839","CW2422160","1","2025-12-02","2025-11-27","","2025-05-30","2026-10-09","30600.00","30600.00","CAD","Active","Actif","Contract","Contrat","Original","Original","","","","*10150000","*Seeds and bulbs and seedlings and cuttings","*Semences, bulbes, semis et boutures","*GD","Request for Proposal","Demande de propositions","Competitive - Open bidding","Concurrentielle - Invitation ouverte à soumissionner","Lowest Price","Prix le plus bas","None","Aucune","*Canadian Free Trade Agreement (CFTA)","*Accord de libre-échange canadien (ALEC)","*British Columbia","*Colombie-Britannique","Sunridge Nurseries Inc.","Sunridge Nurseries Inc.","","","","","","","Sunridge Nurseries Inc. 
441 Vineland Road","Sunridge Nurseries Inc. 
441 Vineland Road","Bakersfield","Bakersfield","California","California","93307","US","US","Department of Public Works and Government Services (PSPC)"," Ministère des Travaux publics et des Services gouvernementaux (SPAC)","11 Laurier St, Phase III, Place du Portage","11, rue Laurier, Phase III, Place du Portage","Gatineau","Gatineau","Quebec","Québec","K1A 0S5","Canada","Canada","Department of Agriculture and Agri-Food (AAFC)"," Ministère de l’Agriculture et de l’Agroalimentaire (AAC)","","","K.W. Neatby Bldg, 960 Carling Ave,Ottawa,Ontario,K1Y4X2,Canada","Édifice K.W. Neatby, 960, avenue Carling,Ottawa,Ontario,K1Y4X2,Canada","Yu, Daphne (SPAC/PSPC)","daphne.yu@tpsgc-pwgsc.gc.ca","","","","","","","","","","","","","The Department of Agriculture and Agri-Food Canada has a requirement to purchase plant material (grapevines) from a grapevine nursery.  All plants must be same cultivar, clone and rootstock. All the deliverables must be received at least two weeks before the planting date, which will take place in May or June 2026.","Le ministère de l’Agriculture et de l’Agroalimentaire du Canada a besoin d’acheter des plantes (vignes) auprès d’une pépinière. Toutes les plantes doivent être des mêmes cultivar, clone et porte-greffe. Tous les biens livrables doivent être reçus au plus tard le au moins deux semaines avant la date de plantation, qui aura lieu en mai ou juin 2026."
"01550-251057 - Plant Material - Summerland","01550-251057 - Matériel végétal - Summerland","CW2400771","000","WS4989830839","WS4989830839","CW2400771","1","2025-12-02","2025-11-27","","2025-11-27","2027-09-30","33377.93","33377.93","CAD","Active","Actif","Contract","Contrat","Original","Original","","","","*10150000","*Seeds and bulbs and seedlings and cuttings","*Semences, bulbes, semis et boutures","*GD","Request for Proposal","Demande de propositions","Competitive - Open bidding","Concurrentielle - Invitation ouverte à soumissionner","Lowest Price","Prix le plus bas","None","Aucune","*Canadian Free Trade Agreement (CFTA)","*Accord de libre-échange canadien (ALEC)","*British Columbia","*Colombie-Britannique","Grapevine Harvest Inc.","Grapevine Harvest Inc.","","","","","","","408 Queenston Street","408 Queenston Street","St Catharines","St Catharines","Ontario","Ontario","L2P 2Y2","CA","CA","Department of Public Works and Government Services (PSPC)"," Ministère des Travaux publics et des Services gouvernementaux (SPAC)","11 Laurier St, Phase III, Place du Portage","11, rue Laurier, Phase III, Place du Portage","Gatineau","Gatineau","Quebec","Québec","K1A 0S5","Canada","Canada","Department of Agriculture and Agri-Food (AAFC)"," Ministère de l’Agriculture et de l’Agroalimentaire (AAC)","","","K.W. Neatby Bldg, 960 Carling Ave,Ottawa,Ontario,K1Y4X2,Canada","Édifice K.W. Neatby, 960, avenue Carling,Ottawa,Ontario,K1Y4X2,Canada","Yu, Daphne (SPAC/PSPC)","daphne.yu@tpsgc-pwgsc.gc.ca","","","","","","","","","","","","","The Department of Agriculture and Agri-Food Canada has a requirement to purchase plant material (grapevines) from a grapevine nursery.  All plants must be same cultivar, clone and rootstock. All the deliverables must be received at least two weeks before the planting date, which will take place in May or June 2026.","Le ministère de l’Agriculture et de l’Agroalimentaire du Canada a besoin d’acheter des plantes (vignes) auprès d’une pépinière. Toutes les plantes doivent être des mêmes cultivar, clone et porte-greffe. Tous les biens livrables doivent être reçus au plus tard le au moins deux semaines avant la date de plantation, qui aura lieu en mai ou juin 2026."
"F6879-243529 - HVAC Replacement General Aviation Services Building","F6879-243529 - Remplacement du système de chauffage, de ventilation et de climatisation du bâtiment des services généraux de l'aviation","CW2407884","000","WS5113914578","WS5113914578","CW2407884","1","2025-08-27","2025-06-27","","2025-06-27","2025-08-27","654800.00","654800.00","CAD","Active","Actif","Contract","Contrat","Original","Original","","","","*10151700
*43202219
*43202220
*43202221
*72151200","*Grass and forage seeds and seedlings
*Automotive heating ventilation air conditioning HVAC control head assembly
*Automotive heating ventilation air conditioning HVAC power module
*Automotive heating ventilation air conditioning HVAC resistor assembly
*Heating and cooling and air conditioning HVAC construction and maintenance services","*Semences et semis pour gazon et fourrage
*Ensemble de commande pour système de chauffage, ventilation et conditionnement d'air (CVCA) automobile
*Module d'alimentation de système de chauffage, ventilation et conditionnement d'air (CVCA) automobile
*Ensemble de résistances de système de chauffage, ventilation et conditionnement d'air (CVCA) automobile
*Services d'installation et d'entretien de systèmes de chauffage, de ventilation et de conditionnement d'air (CVCA)","*SRV","Invitation to Qualify","Invitation à se qualifier","Competitive - Open bidding","Concurrentielle - Invitation ouverte à soumissionner","Lowest Price","Prix le plus bas","None","Aucune","*Canadian Free Trade Agreement (CFTA)","*Accord de libre-échange canadien (ALEC)","*Newfoundland and Labrador","*Terre-Neuve-et-Labrador","BLACK MCDONALD LIMITED","BLACK MCDONALD LIMITED","","","","","","","31 PULLMAN COURT","31 PULLMAN COURT","SCARBOROUGH","SCARBOROUGH","Ontario","Ontario","M1X 1E4","CA","CA","Department of Public Works and Government Services (PSPC)"," Ministère des Travaux publics et des Services gouvernementaux (SPAC)","11 Laurier St, Phase III, Place du Portage","11, rue Laurier, Phase III, Place du Portage","Gatineau","Gatineau","Quebec","Québec","K1A 0S5","Canada","Canada","Department of Fisheries and Oceans (DFO)"," Ministère des Pêches et des Océans (MPO)","","","200 Kent Street,Ottawa,Ontario,K1A 0E6,Canada","200, rue Kent,Ottawa,Ontario,K1A 0E6,Canada","Marshall, Hannah (SPAC/PSPC) (elle-la / she-her)","hannah.marshall@tpsgc-pwgsc.gc.ca","","","","","","","","","","","","","Work of this Contract comprises the removal of the existing HVAC system and supply and installation of a new hybrid heat pump system at the General Aviation Services Building, located on RCAF Road, St. John’s, NL","Les travaux du présent contrat comprennent l'enlèvement du système CVC existant, la fourniture et l'installation d'un nouveau système hybride de pompe à chaleur. et la fourniture et l'installation d'un nouveau système de pompe à chaleur hybride au General Aviation Services Building, situé sur RCAF Road, St. John's, T.N.E"
"W6898-250748-Snow Ice Control, Grass Cutting and Landscape Maintenance, NB","W6898-250748-Déneigement et déglaçage, tonte de l'herbe et entretien du paysage, NB","CW2409560","000","WS5211254135","WS5211254135","CW2409560","1","2025-09-01","2025-09-01","","2025-09-01","2028-08-31","65377.50","65377.50","CAD","Active","Actif","Contract","Contrat","Original","Original","","","","*10151700
*72102903
*76111500","*Grass and forage seeds and seedlings
*Snow removal services
*General building and office cleaning and maintenance services","*Semences et semis pour gazon et fourrage
*Entretien ou réparations ou services pour places de parking ou routes
*Services généraux d'entretien et de nettoyage des bureaux et de l'immeuble","*SRV","Request for Proposal","Demande de propositions","Competitive - Open bidding","Concurrentielle - Invitation ouverte à soumissionner","Lowest Price","Prix le plus bas","None","Aucune","*None","*Aucun","*New Brunswick","*Nouveau-Brunswick","Tristan's Excavation INC","Tristan's Excavation INC","","","","","3","3","850 Poplar St","850 Poplar St","Bathurst","Bathurst","New Brunswick","New Brunswick","E2A 2W4","CA","CA","Department of Public Works and Government Services (PSPC)"," Ministère des Travaux publics et des Services gouvernementaux (SPAC)","11 Laurier St, Phase III, Place du Portage","11, rue Laurier, Phase III, Place du Portage","Gatineau","Gatineau","Quebec","Québec","K1A 0S5","Canada","Canada","Department of National Defence (DND)"," Ministère de la Défense nationale (MDN)","","","101 Colonel By Dr,Ottawa,Ontario,K1A0K2,Canada","101, promenade Colonel By,Ottawa,Ontario,K1A0K2,Canada","Marshall, Hannah (SPAC/PSPC) (elle-la / she-her)","hannah.marshall@tpsgc-pwgsc.gc.ca","","","","","","","","","","","","","The work covered under this Service Contract comprises the furnishing of all labour, materials, tools and equipment required to provide Snow and Ice Control (SNIC) and Grass Cutting/Landscape Maintenance at the Bathurst Armoury when requested and as specified herein.","Les travaux visés par le présent contrat de services consistent à fournir la main-d’œuvre, les matériaux, les outils et l’équipement nécessaires pour offrir des services de déneigement et de déglaçage, de tonte de pelouse et d’entretien paysager au manège militaire de Bathurst, au besoin et selon les prescriptions du présent document."
"K2D51-260271 Aquatic herbicide","K2D51-260271 - Herbicide aquatique","CW2409729","000","WS5249248576","WS5249248576","CW2409729","1","2025-08-01","2025-08-01","","2025-08-01","2026-03-31","168909.80","168909.80","CAD","Active","Actif","Contract","Contrat","Original","Original","","","","*10171700","*Herbicides","*Herbicides","*GD","Directed Contract","Contrat prescrit","Non-competitive","Non concurrentielle","Not applicable","Sans objet","Exclusive Rights","Droits exclusifs","*Canada-Honduras Free Trade Agreement
*Canada-Chile Free Trade Agreement (CCFTA)
*Canadian Free Trade Agreement (CFTA)
*Canada-Colombia Free Trade Agreement
*Canada-Korea Free Trade Agreement (CKFTA)
*Canada-Panama Free Trade Agreement","*Accord de libre-échange Canada-Honduras
*Accord de libre-échange Canada-Chili (ALECC)
*Accord de libre-échange canadien (ALEC)
*Accord de libre-échange Canada-Colombie
*Accord de libre-échange Canada-Corée
*Accord de libre-échange Canada-Panama","*Ontario (except NCR)","*Ontario (sauf RCN)","ES OPCO Canada II Ltd (DBA - Veseris)","ES OPCO Canada II Ltd (DBA - Veseris)","","","","","","","6375 Shawson Dr","6375 Shawson Dr","Mississauga","Mississauga","Ontario","Ontario","L5T 1S7","CA","CA","Department of Public Works and Government Services (PSPC)"," Ministère des Travaux publics et des Services gouvernementaux (SPAC)","11 Laurier St, Phase III, Place du Portage","11, rue Laurier, Phase III, Place du Portage","Gatineau","Gatineau","Quebec","Québec","K1A 0S5","Canada","Canada","Department of the Environment (ECCC )"," Ministère de l’Environnement (ECCC)","","","200 Boulevard Sacré-Coeur,Gatineau,Quebec,J8X4C6,Canada","200, boulevard Sacré-Coeur,Gatineau,Quebec,J8X4C6,Canada","Fong, Tony (SPAC/PSPC)","tony.fong@tpsgc-pwgsc.gc.ca","","","","","","","","","","","","","",""
"W6854-250377 Pest Control Services - CFB Borden","W6854-250377 Services de lutte antiparasitaire - BCF Borden","CW2380582","000","WS4881184172","WS4881184172","CW2380582","2","2025-04-02","2025-04-01","","2024-04-01","2027-03-31","113448.61","293800.00","CAD","Active","Actif","Task Authorization Based Contract","Contrat reposant sur des autorisations de tâches","Original","Original","","","","*10190000
*72102100","*Pest control products
*Pest control","*Produits d'extermination des insectes nuisibles
*Lutte antiparasitaire","*SRV","Request for Proposal","Demande de propositions","Competitive - Open bidding","Concurrentielle - Invitation ouverte à soumissionner","Lowest Price","Prix le plus bas","None","Aucune","*Canada-Colombia Free Trade Agreement
*Canada-Chile Free Trade Agreement (CCFTA)
*Canada-Honduras Free Trade Agreement
*Canadian Free Trade Agreement (CFTA)
*World Trade Organization Agreement on Government Procurement (WTO GPA)
*Canada-European Union Comprehensive Economic and Trade Agreement (CETA)
*Comprehensive and Progressive Agreement for Trans-Pacific Partnership (CPTPP)
*Canada-Korea Free Trade Agreement (CKFTA)
*Canada-Panama Free Trade Agreement
*North American Free Trade Agreement (NAFTA)
*Canada-Ukraine Free Trade Agreement (CUFTA)
*Canada-Peru Free Trade Agreement (CPFTA)
*Canada-UK Trade Continuity Agreement (Canada-UK TCA)","*Accord de libre-échange Canada-Colombie
*Accord de libre-échange Canada-Chili (ALECC)
*Accord de libre-échange Canada-Honduras
*Accord de libre-échange canadien (ALEC)
*Accord sur les marchés publics de l'Organisation mondiale du commerce (AMP-OMC)
*Accord économique et commercial global (AECG) entre le Canada et l’Union européenne (UE)
*Accord de Partenariat transpacifique global et progressiste (PTPGP)
*Accord de libre-échange Canada-Corée
*Accord de libre-échange Canada-Panama
*Accord de libre-échange nord-américain (ALENA)
*Accord de libre-échange Canada-Ukraine (ALECU)
*Accord de libre-échange Canada-Pérou (ALECP)
*Accord de continuité commerciale Canada–Royaume-Uni (ACC Canada-Royaume-Uni)","*Ontario (except NCR)","*Ontario (sauf RCN)","Terminix Canada Ltd DBA  Environmental Pest Control","Terminix Canada Ltd DBA  Environmental Pest Control","","","","","","","29 Tandem Road 
unit 3","29 Tandem Road 
unit 3","Concord","Concord","Ontario","Ontario","L4K 3G1","CA","CA","Department of Public Works and Government Services (PSPC)"," Ministère des Travaux publics et des Services gouvernementaux (SPAC)","11 Laurier St, Phase III, Place du Portage","11, rue Laurier, Phase III, Place du Portage","Gatineau","Gatineau","Quebec","Québec","K1A 0S5","Canada","Canada","Department of National Defence (DND)"," Ministère de la Défense nationale (MDN)","","","101 Colonel By Dr,Ottawa,Ontario,K1A0K2,Canada","101, promenade Colonel By,Ottawa,Ontario,K1A0K2,Canada","Fong, Tony (SPAC/PSPC)","tony.fong@tpsgc-pwgsc.gc.ca","","","","","","","","","","","","","",""
"39903-260763	Plant Health Survey Supplies","39903-260763	Fournitures d’enquête sur la santé des végétaux","CW2444857","000","WS5599301677","WS5599301677","CW2444857","1","2026-03-25","2026-03-17","","2026-03-17","2027-04-10","102349.09","102349.09","CAD","Active","Actif","Contract","Contrat","Original","Original","","","","*10191700","*Pest control devices","*Appareils de protection contre les animaux nuisibles","*GD","Directed Contract","Contrat prescrit","Non-competitive","Non concurrentielle","Not applicable","Sans objet","Exclusive Rights","Droits exclusifs","*Canada-Peru Free Trade Agreement (CPFTA)
*Canada-Chile Free Trade Agreement (CCFTA)
*Canada-Colombia Free Trade Agreement
*Canadian Free Trade Agreement (CFTA)
*Comprehensive and Progressive Agreement for Trans-Pacific Partnership (CPTPP)
*Canada-European Union Comprehensive Economic and Trade Agreement (CETA)
*Canada-Panama Free Trade Agreement
*Canada-Honduras Free Trade Agreement
*Canada-Ukraine Free Trade Agreement (CUFTA)
*World Trade Organization Agreement on Government Procurement (WTO GPA)
*Canada-UK Trade Continuity Agreement (Canada-UK TCA)
*Canada-Korea Free Trade Agreement (CKFTA)","*Accord de libre-échange Canada-Pérou (ALECP)
*Accord de libre-échange Canada-Chili (ALECC)
*Accord de libre-échange Canada-Colombie
*Accord de libre-échange canadien (ALEC)
*Accord de Partenariat transpacifique global et progressiste (PTPGP)
*Accord économique et commercial global (AECG) entre le Canada et l’Union européenne (UE)
*Accord de libre-échange Canada-Panama
*Accord de libre-échange Canada-Honduras
*Accord de libre-échange Canada-Ukraine (ALECU)
*Accord sur les marchés publics de l'Organisation mondiale du commerce (AMP-OMC)
*Accord de continuité commerciale Canada–Royaume-Uni (ACC Canada-Royaume-Uni)
*Accord de libre-échange Canada-Corée","*British Columbia","*Colombie-Britannique","DISTRIBUTIONS SOLIDA INC.","DISTRIBUTIONS SOLIDA INC.","","","","","","","480, rang Saint-Antoine","480, rang Saint-Antoine","Saint-Ferreol-les-Neiges","Saint-Ferreol-les-Neiges","Quebec","Quebec","G0A 3R0","CA","CA","Department of Public Works and Government Services (PSPC)"," Ministère des Travaux publics et des Services gouvernementaux (SPAC)","11 Laurier St, Phase III, Place du Portage","11, rue Laurier, Phase III, Place du Portage","Gatineau","Gatineau","Quebec","Québec","K1A 0S5","Canada","Canada","Canadian Food Inspection Agency (CFIA)"," Agence canadienne d’inspection des aliments (ACIA)","","","1400 Merivale Road,Ottawa,Ontario,K1A 0Y9,Canada","1400, chemin Merivale,Ottawa,Ontario,K1A 0Y9,Canada","Yu, Daphne (SPAC/PSPC)","daphne.yu@tpsgc-pwgsc.gc.ca","","","","","","","","","","","","","CFIA requires plant health survey materials to conduct their critical plant health survey.","L’ACIA a besoin de matériel d’enquête sur la santé des végétaux pour mener son enquête essentielle sur la santé des végétaux."
"5P432-240326 - Firewood for Kathleen Lake, YT (Parks)","5P432-240326 - Bois de chauffage pour Kathleen Lake, Yukon (Parcs)","CW2397376","000","WS4987856780","WS4987856780","CW2397376","1","2025-05-09","2025-04-25","","2025-04-25","2026-11-30","61738.74","61738.74","CAD","Active","Actif","Contract","Contrat","Original","Original","","","","*11121600","*Wood","*Bois","*GD","Request for Proposal","Demande de propositions","Competitive - Open bidding","Concurrentielle - Invitation ouverte à soumissionner","Lowest Price","Prix le plus bas","","","*Canadian Free Trade Agreement (CFTA)","*Accord de libre-échange canadien (ALEC)","*Yukon","*Yukon","Hubbard's Services INC","Hubbard's Services INC","","","","","","","PO Box 40044 STN Central 
104 Takhini River Subdivision","PO Box 40044 STN Central 
104 Takhini River Subdivision","Whitehorse","Whitehorse","Yukon","Yukon","Y1A 6M5","CA","CA","Department of Public Works and Government Services (PSPC)"," Ministère des Travaux publics et des Services gouvernementaux (SPAC)","11 Laurier St, Phase III, Place du Portage","11, rue Laurier, Phase III, Place du Portage","Gatineau","Gatineau","Quebec","Québec","K1A 0S5","Canada","Canada","Parks Canada Agency (PC)"," Agence Parcs Canada (PC)","","","30 Victoria Street,Gatineau,Quebec,J8X 0B3,Canada","30, rue Victoria,Gatineau,Quebec,J8X 0B3,Canada","Polouvytnova, Vera (SPAC/PSPC) (elle-la-lui / she-her-hers)","vera.polouvytnova@tpsgc-pwgsc.gc.ca","","","","","","","","","","","","","",""
"5P437-250201 Lumber for Pacific Rim National Parks Reserve","5P437-250201 Bois d’œuvre pour Reserve du Park National du Canada Pacific Rim","CW2424144","000","WS5367471765","WS5367471765","CW2424144","1","2025-11-20","2025-11-19","","2025-11-19","2027-02-27","14381.51","14381.51","CAD","Active","Actif","Contract","Contrat","Original","Original","","","","*11121600","*Wood","*Bois","*GD","Request for Proposal","Demande de propositions","Competitive - Open bidding","Concurrentielle - Invitation ouverte à soumissionner","Lowest Price","Prix le plus bas","None","Aucune","*Canadian Free Trade Agreement (CFTA)","*Accord de libre-échange canadien (ALEC)","*British Columbia","*Colombie-Britannique","Kermode Forest Products Ltd.","Kermode Forest Products Ltd.","","","","","12","12","71 Braid St","71 Braid St","New Westminster","New Westminster","British Columbia","British Columbia","V3L 3P2","CA","CA","Department of Public Works and Government Services (PSPC)"," Ministère des Travaux publics et des Services gouvernementaux (SPAC)","11 Laurier St, Phase III, Place du Portage","11, rue Laurier, Phase III, Place du Portage","Gatineau","Gatineau","Quebec","Québec","K1A 0S5","Canada","Canada","Parks Canada Agency (PC)"," Agence Parcs Canada (PC)","","","30 Victoria Street,Gatineau,Quebec,J8X 0B3,Canada","30, rue Victoria,Gatineau,Quebec,J8X 0B3,Canada","Yu, Daphne (SPAC/PSPC)","daphne.yu@tpsgc-pwgsc.gc.ca","","","","","","","","","","","","","",""
"5P438-250202 - Cedar Lumber - Sgang Gwaay","5P438-250202 - Bois de cèdre - Sgang Gwaay","CW2431010","000","WS5429799646","WS5429799646","CW2431010","1","2026-03-24","2026-02-26","","2026-02-26","2027-03-27","143766.00","143766.00","CAD","Active","Actif","Contract","Contrat","Original","Original","","","","*11121600","*Wood","*Bois","*GD","Request for Proposal","Demande de propositions","Competitive - Open bidding","Concurrentielle - Invitation ouverte à soumissionner","Lowest Price","Prix le plus bas","None","Aucune","*Canada-Chile Free Trade Agreement (CCFTA)
*Canadian Free Trade Agreement (CFTA)
*Canada-Honduras Free Trade Agreement
*None
*Canada-Korea Free Trade Agreement (CKFTA)
*Canada-Colombia Free Trade Agreement
*Canada-Panama Free Trade Agreement","*Accord de libre-échange Canada-Chili (ALECC)
*Accord de libre-échange canadien (ALEC)
*Accord de libre-échange Canada-Honduras
*Aucun
*Accord de libre-échange Canada-Corée
*Accord de libre-échange Canada-Colombie
*Accord de libre-échange Canada-Panama","*British Columbia","*Colombie-Britannique","KiILNSTATION TIMBER LTD.","KiILNSTATION TIMBER LTD.","KST","KST","KILN STATION","KILN STATION","6","6","9875 Gracemar Dr","9875 Gracemar Dr","Chilliwack","Chilliwack","British Columbia","British Columbia","V2P 7P1","CA","CA","Department of Public Works and Government Services (PSPC)"," Ministère des Travaux publics et des Services gouvernementaux (SPAC)","11 Laurier St, Phase III, Place du Portage","11, rue Laurier, Phase III, Place du Portage","Gatineau","Gatineau","Quebec","Québec","K1A 0S5","Canada","Canada","Parks Canada Agency (PC)"," Agence Parcs Canada (PC)","","","30 Victoria Street,Gatineau,Quebec,J8X 0B3,Canada","30, rue Victoria,Gatineau,Quebec,J8X 0B3,Canada","Saldana Girao, Maria (SPAC/PSPC) (elle-la / she-her)","maria.saldana@tpsgc-pwgsc.gc.ca","","","","","","","","","","","","","Parks Canada requires a large quantity of yellow and red cedar lumber for the replacement of about 250M of boardwalk at Sgang Gwaay Between the Beach and Watchmen cabin. All the deliverables must be received on or before March 20th, 2026.","Parcs Canada nécessite une grande quantité de bois pour le remplacement d’environ 250 mètres de promenade à Sgang Gwaay entre la plage et la cabane des gardiens."
"5P424-20250393 – Firewood – Kootenay National Park","5P424-20250393 – Bois à brûler – Parc national Kootenay","CW2439849","000","WS5346744798","WS5346744798","CW2439849","1","2026-06-24","2026-03-27","","2026-03-27","2028-06-30","379312.50","379312.50","CAD","Active","Actif","Contract","Contrat","Original","Original","","","","*11121600","*Wood","*Bois","*GD","Request for Proposal","Demande de propositions","Competitive - Open bidding","Concurrentielle - Invitation ouverte à soumissionner","Lowest Price","Prix le plus bas","None","Aucune","*Canada-Colombia Free Trade Agreement
*Canadian Free Trade Agreement (CFTA)
*Canada-Panama Free Trade Agreement
*Canada-Honduras Free Trade Agreement
*Canada-Peru Free Trade Agreement (CPFTA)
*Canada-Korea Free Trade Agreement (CKFTA)
*None","*Accord de libre-échange Canada-Colombie
*Accord de libre-échange canadien (ALEC)
*Accord de libre-échange Canada-Panama
*Accord de libre-échange Canada-Honduras
*Accord de libre-échange Canada-Pérou (ALECP)
*Accord de libre-échange Canada-Corée
*Aucun","*British Columbia","*Colombie-Britannique","Kenpesq't Forestry LP","Kenpesq't Forestry LP","","","","","","","492 Arrow Rd","492 Arrow Rd","East Kootenay","East Kootenay","British Columbia","British Columbia","V0A 1K2","CA","CA","Department of Public Works and Government Services (PSPC)"," Ministère des Travaux publics et des Services gouvernementaux (SPAC)","11 Laurier St, Phase III, Place du Portage","11, rue Laurier, Phase III, Place du Portage","Gatineau","Gatineau","Quebec","Québec","K1A 0S5","Canada","Canada","Parks Canada Agency (PC)"," Agence Parcs Canada (PC)","","","30 Victoria Street,Gatineau,Quebec,J8X 0B3,Canada","30, rue Victoria,Gatineau,Quebec,J8X 0B3,Canada","Thorne, Darlene (SPAC/PSPC) (elle-la / she-her)","darlene.thorne@tpsgc-pwgsc.gc.ca","","","","","","","","","","","","","Parks Canada has a requirement for an annual supply and delivery of an estimated 450 cords of firewood, with an option of an additional 50 cords, to Redstreak Campground, Kootenay National Park, near Radium, BC. Note - first year of contract requires delivery of only 100 cords with an option of 50 cords.","Parcs Canada a besoin d’un fourniture et livraison annuelle d’environ 450 cordes de bois à brûler avec une option de 50 cordes supplémentaires, au terrain de camping Redstreak, parc national Kootenay, près de Radium (Colombie-Britannique). Remarque - la première année de contrat nécessite la livraison de seulement 100 cordes avec une option de 50 cordes."
"E6QUE-250001 - Standing offer for wood and construction materials","E6QUE-250001 - Offre à commandes pour produits de bois et matériaux de construction","CW2428690","000","WS5010240147","WS5010240147","CW2428690","1","2025-12-01","2025-11-18","","2025-12-01","2026-03-31","0.00","0.00","CAD","Active","Actif","Standing Offer","Offre à commandes","Original","Original","","","","*11121600
*30000000
*30110000
*30130000
*30170000
*30260000","*Wood
*Structures and Building and Construction and Manufacturing Components and Supplies
*Concrete and cement and plaster
*Structural building products
*Doors and windows and glass
*Structural materials","*Bois
*Constituants et provisions de Structures et bâtiment et construction et fabrication
*Béton, ciment et plâtre
*Produits pour la construction de structure
*Portes, fenêtres et vitre
*Matériaux de structure","*GD","Request for Standing Offer","Demande d’offre à commandes","Competitive - Open bidding","Concurrentielle - Invitation ouverte à soumissionner","Lowest Price","Prix le plus bas","None","Aucune","*Canadian Free Trade Agreement (CFTA)
*Canada-Honduras Free Trade Agreement
*Canada-Colombia Free Trade Agreement
*Canada-Chile Free Trade Agreement (CCFTA)
*Canada-Peru Free Trade Agreement (CPFTA)
*Canada-Korea Free Trade Agreement (CKFTA)
*Canada-European Union Comprehensive Economic and Trade Agreement (CETA)
*World Trade Organization Agreement on Government Procurement (WTO GPA)
*Comprehensive and Progressive Agreement for Trans-Pacific Partnership (CPTPP)
*Canada-Ukraine Free Trade Agreement (CUFTA)
*Canada-Panama Free Trade Agreement
*Canada-UK Trade Continuity Agreement (Canada-UK TCA)","*Accord de libre-échange canadien (ALEC)
*Accord de libre-échange Canada-Honduras
*Accord de libre-échange Canada-Colombie
*Accord de libre-échange Canada-Chili (ALECC)
*Accord de libre-échange Canada-Pérou (ALECP)
*Accord de libre-échange Canada-Corée
*Accord économique et commercial global (AECG) entre le Canada et l’Union européenne (UE)
*Accord sur les marchés publics de l'Organisation mondiale du commerce (AMP-OMC)
*Accord de Partenariat transpacifique global et progressiste (PTPGP)
*Accord de libre-échange Canada-Ukraine (ALECU)
*Accord de libre-échange Canada-Panama
*Accord de continuité commerciale Canada–Royaume-Uni (ACC Canada-Royaume-Uni)","*Quebec (except NCR)","*Québec (sauf RCN)","CANAC MARQUIS GRENIER","CANAC MARQUIS GRENIER","","","","","5000","5000","6235 BOULEVARD WILFRID-HAMEL","6235 BOULEVARD WILFRID-HAMEL","ANCIENNE LORETTE","ANCIENNE LORETTE","Québec","Québec","G2E 5W2","CA","CA","Department of Public Works and Government Services (PSPC)"," Ministère des Travaux publics et des Services gouvernementaux (SPAC)","11 Laurier St, Phase III, Place du Portage","11, rue Laurier, Phase III, Place du Portage","Gatineau","Gatineau","Quebec","Québec","K1A 0S5","Canada","Canada","Department of Public Works and Government Services (PSPC)"," Ministère des Travaux publics et des Services gouvernementaux (SPAC)","","","11 Laurier St, Phase III, Place du Portage,Gatineau,Quebec,K1A 0S5,Canada","11, rue Laurier, Phase III, Place du Portage,Gatineau,Québec,K1A 0S5,Canada","Lavoie, Corine (SPAC/PSPC) (elle-la / she-her)","corine.lavoie@tpsgc-pwgsc.gc.ca","","","","","","","","","","","","","",""
"E6QUE-240001 - RMSO - Wood and Construction Materials","E6QUE-240001 - OCPR - Bois et matériaux de construction","CW2383725","000","WS4422560716","WS4422560716","CW2383725","2","2024-12-01","2025-11-29","","2024-12-01","2025-03-31","0.00","0.00","CAD","Active","Actif","Standing Offer","Offre à commandes","Original","Original","","","","*11121600
*30000000
*30110000
*30130000
*30170000
*30260000","*Wood
*Structures and Building and Construction and Manufacturing Components and Supplies
*Concrete and cement and plaster
*Structural building products
*Doors and windows and glass
*Structural materials","*Bois
*Constituants et provisions de Structures et bâtiment et construction et fabrication
*Béton, ciment et plâtre
*Produits pour la construction de structure
*Portes, fenêtres et vitre
*Matériaux de structure","*GD","Request for Standing Offer","Demande d’offre à commandes","Competitive - Open bidding","Concurrentielle - Invitation ouverte à soumissionner","Lowest Price","Prix le plus bas","None","Aucune","*Canadian Free Trade Agreement (CFTA)
*Canada-European Union Comprehensive Economic and Trade Agreement (CETA)
*World Trade Organization Agreement on Government Procurement (WTO GPA)
*Canada-Chile Free Trade Agreement (CCFTA)
*Canada-Colombia Free Trade Agreement
*Comprehensive and Progressive Agreement for Trans-Pacific Partnership (CPTPP)
*Canada-Honduras Free Trade Agreement
*Canada-Korea Free Trade Agreement (CKFTA)
*Canada-Peru Free Trade Agreement (CPFTA)
*Canada-Panama Free Trade Agreement
*Canada-Ukraine Free Trade Agreement (CUFTA)
*Canada-UK Trade Continuity Agreement (Canada-UK TCA)","*Accord de libre-échange canadien (ALEC)
*Accord économique et commercial global (AECG) entre le Canada et l’Union européenne (UE)
*Accord sur les marchés publics de l'Organisation mondiale du commerce (AMP-OMC)
*Accord de libre-échange Canada-Chili (ALECC)
*Accord de libre-échange Canada-Colombie
*Accord de Partenariat transpacifique global et progressiste (PTPGP)
*Accord de libre-échange Canada-Honduras
*Accord de libre-échange Canada-Corée
*Accord de libre-échange Canada-Pérou (ALECP)
*Accord de libre-échange Canada-Panama
*Accord de libre-échange Canada-Ukraine (ALECU)
*Accord de continuité commerciale Canada–Royaume-Uni (ACC Canada-Royaume-Uni)","*Quebec (except NCR)","*Québec (sauf RCN)","LEFEBVRE & BENOIT","LEFEBVRE & BENOIT","","","","","","","4500 rue bernard lefebvre","4500 rue bernard lefebvre","LAVAL","LAVAL","Québec","Québec","H7C 0A5","CA","CA","Department of Public Works and Government Services (PSPC)"," Ministère des Travaux publics et des Services gouvernementaux (SPAC)","11 Laurier St, Phase III, Place du Portage","11, rue Laurier, Phase III, Place du Portage","Gatineau","Gatineau","Quebec","Québec","K1A 0S5","Canada","Canada","Department of Public Works and Government Services (PSPC)"," Ministère des Travaux publics et des Services gouvernementaux (SPAC)","","","11 Laurier St, Phase III, Place du Portage,Gatineau,Quebec,K1A 0S5,Canada","11, rue Laurier, Phase III, Place du Portage,Gatineau,Québec,K1A 0S5,Canada","Lavoie, Corine (SPAC/PSPC) (elle-la / she-her)","corine.lavoie@tpsgc-pwgsc.gc.ca","","","","","","","","","","","","","",""
"E6QUE-250001 - Standing offer for wood and construction materials","E6QUE-250001 - Offre à commandes pour produits de bois et matériaux de construction","CW2409925","000","WS5010240147","WS5010240147","CW2409925","1","2025-11-30","2025-07-21","","2025-08-01","2025-11-30","0.00","0.00","CAD","Active","Actif","Standing Offer","Offre à commandes","Original","Original","","","","*11121600
*30000000
*30110000
*30130000
*30170000
*30260000","*Wood
*Structures and Building and Construction and Manufacturing Components and Supplies
*Concrete and cement and plaster
*Structural building products
*Doors and windows and glass
*Structural materials","*Bois
*Constituants et provisions de Structures et bâtiment et construction et fabrication
*Béton, ciment et plâtre
*Produits pour la construction de structure
*Portes, fenêtres et vitre
*Matériaux de structure","*GD","Request for Standing Offer","Demande d’offre à commandes","Competitive - Open bidding","Concurrentielle - Invitation ouverte à soumissionner","Lowest Price","Prix le plus bas","None","Aucune","*Canada-Colombia Free Trade Agreement
*Canada-Chile Free Trade Agreement (CCFTA)
*Canada-Honduras Free Trade Agreement
*Canadian Free Trade Agreement (CFTA)
*World Trade Organization Agreement on Government Procurement (WTO GPA)
*Canada-European Union Comprehensive Economic and Trade Agreement (CETA)
*Canada-Panama Free Trade Agreement
*Canada-Korea Free Trade Agreement (CKFTA)
*Canada-Peru Free Trade Agreement (CPFTA)
*Comprehensive and Progressive Agreement for Trans-Pacific Partnership (CPTPP)
*Canada-Ukraine Free Trade Agreement (CUFTA)
*Canada-UK Trade Continuity Agreement (Canada-UK TCA)","*Accord de libre-échange Canada-Colombie
*Accord de libre-échange Canada-Chili (ALECC)
*Accord de libre-échange Canada-Honduras
*Accord de libre-échange canadien (ALEC)
*Accord sur les marchés publics de l'Organisation mondiale du commerce (AMP-OMC)
*Accord économique et commercial global (AECG) entre le Canada et l’Union européenne (UE)
*Accord de libre-échange Canada-Panama
*Accord de libre-échange Canada-Corée
*Accord de libre-échange Canada-Pérou (ALECP)
*Accord de Partenariat transpacifique global et progressiste (PTPGP)
*Accord de libre-échange Canada-Ukraine (ALECU)
*Accord de continuité commerciale Canada–Royaume-Uni (ACC Canada-Royaume-Uni)","*Quebec (except NCR)","*Québec (sauf RCN)","CANAC MARQUIS GRENIER","CANAC MARQUIS GRENIER","","","","","5000","5000","6235 BOULEVARD WILFRID-HAMEL","6235 BOULEVARD WILFRID-HAMEL","ANCIENNE LORETTE","ANCIENNE LORETTE","Québec","Québec","G2E 5W2","CA","CA","Department of Public Works and Government Services (PSPC)"," Ministère des Travaux publics et des Services gouvernementaux (SPAC)","11 Laurier St, Phase III, Place du Portage","11, rue Laurier, Phase III, Place du Portage","Gatineau","Gatineau","Quebec","Québec","K1A 0S5","Canada","Canada","Department of Public Works and Government Services (PSPC)"," Ministère des Travaux publics et des Services gouvernementaux (SPAC)","","","11 Laurier St, Phase III, Place du Portage,Gatineau,Quebec,K1A 0S5,Canada","11, rue Laurier, Phase III, Place du Portage,Gatineau,Québec,K1A 0S5,Canada","Lavoie, Corine (SPAC/PSPC) (elle-la / she-her)","corine.lavoie@tpsgc-pwgsc.gc.ca","","","","","","","","","","","","","",""
"E6QUE-250001 - Standing offer for wood and construction materials","E6QUE-250001 - Offre à commandes pour produits de bois et matériaux de construction","CW2409933","000","WS5010240147","WS5010240147","CW2409933","1","2025-12-01","2025-11-18","","2025-12-01","2026-03-31","0.00","0.00","CAD","Active","Actif","Standing Offer","Offre à commandes","Original","Original","","","","*11121600
*30000000
*30110000
*30130000
*30170000
*30260000","*Wood
*Structures and Building and Construction and Manufacturing Components and Supplies
*Concrete and cement and plaster
*Structural building products
*Doors and windows and glass
*Structural materials","*Bois
*Constituants et provisions de Structures et bâtiment et construction et fabrication
*Béton, ciment et plâtre
*Produits pour la construction de structure
*Portes, fenêtres et vitre
*Matériaux de structure","*GD","Request for Standing Offer","Demande d’offre à commandes","Competitive - Open bidding","Concurrentielle - Invitation ouverte à soumissionner","Lowest Price","Prix le plus bas","None","Aucune","*Canada-Colombia Free Trade Agreement
*Canadian Free Trade Agreement (CFTA)
*Canada-Panama Free Trade Agreement
*Canada-Chile Free Trade Agreement (CCFTA)
*Canada-Peru Free Trade Agreement (CPFTA)
*Canada-Honduras Free Trade Agreement
*Comprehensive and Progressive Agreement for Trans-Pacific Partnership (CPTPP)
*Canada-European Union Comprehensive Economic and Trade Agreement (CETA)
*Canada-Ukraine Free Trade Agreement (CUFTA)
*World Trade Organization Agreement on Government Procurement (WTO GPA)
*Canada-Korea Free Trade Agreement (CKFTA)
*Canada-UK Trade Continuity Agreement (Canada-UK TCA)","*Accord de libre-échange Canada-Colombie
*Accord de libre-échange canadien (ALEC)
*Accord de libre-échange Canada-Panama
*Accord de libre-échange Canada-Chili (ALECC)
*Accord de libre-échange Canada-Pérou (ALECP)
*Accord de libre-échange Canada-Honduras
*Accord de Partenariat transpacifique global et progressiste (PTPGP)
*Accord économique et commercial global (AECG) entre le Canada et l’Union européenne (UE)
*Accord de libre-échange Canada-Ukraine (ALECU)
*Accord sur les marchés publics de l'Organisation mondiale du commerce (AMP-OMC)
*Accord de libre-échange Canada-Corée
*Accord de continuité commerciale Canada–Royaume-Uni (ACC Canada-Royaume-Uni)","*Quebec (except NCR)","*Québec (sauf RCN)","LEFEBVRE & BENOIT","LEFEBVRE & BENOIT","","","","","","","4500 rue bernard lefebvre","4500 rue bernard lefebvre","LAVAL","LAVAL","Québec","Québec","H7C 0A5","CA","CA","Department of Public Works and Government Services (PSPC)"," Ministère des Travaux publics et des Services gouvernementaux (SPAC)","11 Laurier St, Phase III, Place du Portage","11, rue Laurier, Phase III, Place du Portage","Gatineau","Gatineau","Quebec","Québec","K1A 0S5","Canada","Canada","Department of Public Works and Government Services (PSPC)"," Ministère des Travaux publics et des Services gouvernementaux (SPAC)","","","11 Laurier St, Phase III, Place du Portage,Gatineau,Quebec,K1A 0S5,Canada","11, rue Laurier, Phase III, Place du Portage,Gatineau,Québec,K1A 0S5,Canada","Lavoie, Corine (SPAC/PSPC) (elle-la / she-her)","corine.lavoie@tpsgc-pwgsc.gc.ca","","","","","","","","","","","","","",""
"5P315-240331 Douglas Fir Timber","5P315-240331 Bois de sapin de Douglas","CW2411316","000","WS4444227782","WS4444227782","CW2411316","1","2025-07-30","2025-07-29","","2025-07-29","2029-03-31","0.00","0.00","CAD","Active","Actif","Supply Arrangement","Arrangement en matière d’approvisionnement","Original","Original","","","","*11121603","*Logs","*Bille ou grume","*GD","Request for Supply Arrangement","Demande pour un arrangement en matière d’approvisionnement","Competitive - Open bidding","Concurrentielle - Invitation ouverte à soumissionner","Not applicable","Sans objet","","","*Canada-Colombia Free Trade Agreement
*Canada-UK Trade Continuity Agreement (Canada-UK TCA)
*Canadian Free Trade Agreement (CFTA)
*Canada-Chile Free Trade Agreement (CCFTA)
*Canada-Peru Free Trade Agreement (CPFTA)
*Canada-European Union Comprehensive Economic and Trade Agreement (CETA)
*Canada-Honduras Free Trade Agreement
*World Trade Organization Agreement on Government Procurement (WTO GPA)
*Comprehensive and Progressive Agreement for Trans-Pacific Partnership (CPTPP)
*Canada-Korea Free Trade Agreement (CKFTA)
*Canada-Ukraine Free Trade Agreement (CUFTA)
*Canada-Panama Free Trade Agreement","*Accord de libre-échange Canada-Colombie
*Accord de continuité commerciale Canada–Royaume-Uni (ACC Canada-Royaume-Uni)
*Accord de libre-échange canadien (ALEC)
*Accord de libre-échange Canada-Chili (ALECC)
*Accord de libre-échange Canada-Pérou (ALECP)
*Accord économique et commercial global (AECG) entre le Canada et l’Union européenne (UE)
*Accord de libre-échange Canada-Honduras
*Accord sur les marchés publics de l'Organisation mondiale du commerce (AMP-OMC)
*Accord de Partenariat transpacifique global et progressiste (PTPGP)
*Accord de libre-échange Canada-Corée
*Accord de libre-échange Canada-Ukraine (ALECU)
*Accord de libre-échange Canada-Panama","*Ontario (except NCR)","*Ontario (sauf RCN)","The WoodSource Inc.","The WoodSource Inc.","","","","","75","75","6178 Mitch Owens Road","6178 Mitch Owens Road","Ottawa","Ottawa","Ontario","Ontario","K4M 0V2","CA","CA","Department of Public Works and Government Services (PSPC)"," Ministère des Travaux publics et des Services gouvernementaux (SPAC)","11 Laurier St, Phase III, Place du Portage","11, rue Laurier, Phase III, Place du Portage","Gatineau","Gatineau","Quebec","Québec","K1A 0S5","Canada","Canada","Parks Canada Agency (PC)"," Agence Parcs Canada (PC)","","","30 Victoria Street,Gatineau,Quebec,J8X 0B3,Canada","30, rue Victoria,Gatineau,Quebec,J8X 0B3,Canada","Barltrop, David (SPAC/PSPC)","david.barltrop@tpsgc-pwgsc.gc.ca","","","","","","","","","","","","","",""
"W690D-250235 Vegetation Control RISO","W690D-250235 Maîtrise de la végétation OCIR","CW2412105","000","WS5109889810","WS5109889810","CW2412105","1","2025-09-01","2025-08-14","","2025-09-01","2030-08-31","0.00","0.00","CAD","Active","Actif","Standing Offer","Offre à commandes","Original","Original","","","","*10100000","*Live animals","*Animaux vivants","*SRV","Request for Standing Offer","Demande d’offre à commandes","Competitive - Open bidding","Concurrentielle - Invitation ouverte à soumissionner","Lowest Price","Prix le plus bas","None","Aucune","*Canada-Chile Free Trade Agreement (CCFTA)
*World Trade Organization Agreement on Government Procurement (WTO GPA)
*Canada-Honduras Free Trade Agreement
*Canadian Free Trade Agreement (CFTA)
*Canada-European Union Comprehensive Economic and Trade Agreement (CETA)
*Canada-Colombia Free Trade Agreement
*Canada-Korea Free Trade Agreement (CKFTA)
*Canada-Peru Free Trade Agreement (CPFTA)
*North American Free Trade Agreement (NAFTA)
*Canada-Panama Free Trade Agreement
*Comprehensive and Progressive Agreement for Trans-Pacific Partnership (CPTPP)
*Canada-Ukraine Free Trade Agreement (CUFTA)
*Canada-UK Trade Continuity Agreement (Canada-UK TCA)","*Accord de libre-échange Canada-Chili (ALECC)
*Accord sur les marchés publics de l'Organisation mondiale du commerce (AMP-OMC)
*Accord de libre-échange Canada-Honduras
*Accord de libre-échange canadien (ALEC)
*Accord économique et commercial global (AECG) entre le Canada et l’Union européenne (UE)
*Accord de libre-échange Canada-Colombie
*Accord de libre-échange Canada-Corée
*Accord de libre-échange Canada-Pérou (ALECP)
*Accord de libre-échange nord-américain (ALENA)
*Accord de libre-échange Canada-Panama
*Accord de Partenariat transpacifique global et progressiste (PTPGP)
*Accord de libre-échange Canada-Ukraine (ALECU)
*Accord de continuité commerciale Canada–Royaume-Uni (ACC Canada-Royaume-Uni)","*Saskatoon","*Saskatoon","Iconic Enterprises","Iconic Enterprises","","","","","","","PO Box 5","PO Box 5","Hanley","Hanley","Saskatchewan","Saskatchewan","S0G 2E0","CA","CA","Department of Public Works and Government Services (PSPC)"," Ministère des Travaux publics et des Services gouvernementaux (SPAC)","11 Laurier St, Phase III, Place du Portage","11, rue Laurier, Phase III, Place du Portage","Gatineau","Gatineau","Quebec","Québec","K1A 0S5","Canada","Canada","Department of National Defence (DND)"," Ministère de la Défense nationale (MDN)","","","101 Colonel By Dr,Ottawa,Ontario,K1A0K2,Canada","101, promenade Colonel By,Ottawa,Ontario,K1A0K2,Canada","Lee, Oana (SPAC/PSPC) (elle-la / she-her)","oana.lee@tpsgc-pwgsc.gc.ca","","","","","","","","","","","","","Canada Has a request for the provision of, as and when requested, all sheep, labour, goods, materials, tools, equipment, travel, water, predator control, expertise, administration and supervision, and transportation of goods to perform targeted vegetation control at DET Dundurn as specified in the Statement of work for the Department of National Defence (DND) 17 Wing Detachment Dundurn, in Dundurn Saskatchewan.","Le Canada a une demande pour la fourniture, sur demande, de tous les moutons, les biens, le matériel, les outils, l’équipement, les déplacements, l’eau, le transport des biens, les mesures de lutte contre les prédateurs, la main-d’œuvre, l’expertise, l’administration et la supervision nécessaires pour réaliser les activités de maîtrise de la végétation ciblée au détachement de Dundurn, comme indiqué dans l’énoncé des travaux (EDT) du ministère de la Défense nationale (MDN), pour la 17e Escadre du détachement de Dundurn, à Dundurn, en Saskatchewan."
"M7594-260006 Cloth, Ripstop, Poly-Cotton, Shirt Weight","M7594-260006 Tissu, Poly, Coton, Ripstop, Bleu marine","CW2410065","000","WS5266480718","WS5266480718","CW2410065","1","2025-07-19","2025-07-18","","2025-07-18","2028-07-18","1445693.75","1445693.75","CAD","Active","Actif","Contract","Contrat","Original","Original","","","","*11161700","*Cotton fabrics","*Tissus de coton","*GD","Directed Contract","Contrat prescrit","Non-competitive","Non concurrentielle","Not applicable","Sans objet","Exclusive Rights","Droits exclusifs","*Canadian Free Trade Agreement (CFTA)","*Accord de libre-échange canadien (ALEC)","*Ontario (except NCR)","*Ontario (sauf RCN)","TEXTILES MONTEREY (1996) INC","TEXTILES MONTEREY (1996) INC","","","","","80","80","2575 boul Saint-Joseph","2575 boul Saint-Joseph","Drummondville","Drummondville","Quebec","Quebec","J2B 7V4","CA","CA","Department of Public Works and Government Services (PSPC)"," Ministère des Travaux publics et des Services gouvernementaux (SPAC)","11 Laurier St, Phase III, Place du Portage","11, rue Laurier, Phase III, Place du Portage","Gatineau","Gatineau","Quebec","Québec","K1A 0S5","Canada","Canada","Royal Canadian Mounted Police (RCMP)"," Gendarmerie royale du Canada (GRC)","","","73 Leikin Dr,Ottawa,Ontario,K1AOR2,Canada","73, promenade Leikin,Ottawa,Ontario,K1AOR2,Canada","Parsian, Ava (SPAC/PSPC)","ava.parsian@tpsgc-pwgsc.gc.ca","","","","","","","","","","","","","",""
"21C11-250126-Rib, knit and lycra fabric","21C11-250126-tricot côte et tissus élastique","CW2417923","000","WS5102950890","WS5102950890","CW2417923","1","2025-09-12","2025-09-11","","2025-09-11","2026-09-10","0.00","0.00","CAD","Active","Actif","Standing Offer","Offre à commandes","Original","Original","","","","*11161700
*11161800","*Cotton fabrics
*Synthetic fabrics","*Tissus de coton
*Tissus synthétiques","*GD","Request for Standing Offer","Demande d’offre à commandes","Competitive - Open bidding","Concurrentielle - Invitation ouverte à soumissionner","Highest Combined Rating of Technical Merit and Price","Cote combinée la plus élevée pour le mérite technique et le prix","None","Aucune","*Canadian Free Trade Agreement (CFTA)","*Accord de libre-échange canadien (ALEC)","*British Columbia
*Quebec (except NCR)
*Manitoba","*Colombie-Britannique
*Québec (sauf RCN)
*Manitoba","Flex Knit Inc","Flex Knit Inc","","","","","10","10","2654 Rue Charlebois","2654 Rue Charlebois","SAINT-LAZARE","SAINT-LAZARE","Quebec","Quebec","J7T 2C3","CA","CA","Department of Public Works and Government Services (PSPC)"," Ministère des Travaux publics et des Services gouvernementaux (SPAC)","11 Laurier St, Phase III, Place du Portage","11, rue Laurier, Phase III, Place du Portage","Gatineau","Gatineau","Quebec","Québec","K1A 0S5","Canada","Canada","Correctional Service of Canada (CSC)"," Service correctionnel du Canada (SCC)","","","340 Laurier Ave W,Ottawa,Ontario,K1P0P9,Canada","340, avenue Laurier Ouest,Ottawa,Ontario,K1P0P9,Canada","Julien, Emmanuel (SPAC/PSPC)","emmanuel.julien@tpsgc-pwgsc.gc.ca","","","","","","","","","","","","","",""
"K3B30-260540 ALUMINUM TILTING MASTS AND OTHER EQUIPMENT","MÂTS BASCULANTS EN ALUMINIUM ET AUTRES ÉQUIPEMENTS","CW2426335","000","WS5407487548","WS5407487548","CW2426335","1","2026-03-10","2025-12-08","","2025-12-08","2027-03-31","806279.00","806279.00","CAD","Active","Actif","Contract","Contrat","Original","Original","","","","*11172000
*30264900
*30265000","*Aluminum based alloys
*Aluminum bars
*Aluminum sheets","*Alliages à base d'aluminium
*Barres en aluminium
*Tôles d'aluminium","*GD","Request for Proposal","Demande de propositions","Competitive - Open bidding","Concurrentielle - Invitation ouverte à soumissionner","Highest Combined Rating of Technical Merit and Price","Cote combinée la plus élevée pour le mérite technique et le prix","None","Aucune","*Canadian Free Trade Agreement (CFTA)
*Canada-Honduras Free Trade Agreement
*Canada-Colombia Free Trade Agreement
*Canada-Chile Free Trade Agreement (CCFTA)
*World Trade Organization Agreement on Government Procurement (WTO GPA)
*Canada-Panama Free Trade Agreement
*Canada-Peru Free Trade Agreement (CPFTA)
*Canada-European Union Comprehensive Economic and Trade Agreement (CETA)
*Canada-UK Trade Continuity Agreement (Canada-UK TCA)
*Canada-Ukraine Free Trade Agreement (CUFTA)
*Canada-Korea Free Trade Agreement (CKFTA)
*North American Free Trade Agreement (NAFTA)","*Accord de libre-échange canadien (ALEC)
*Accord de libre-échange Canada-Honduras
*Accord de libre-échange Canada-Colombie
*Accord de libre-échange Canada-Chili (ALECC)
*Accord sur les marchés publics de l'Organisation mondiale du commerce (AMP-OMC)
*Accord de libre-échange Canada-Panama
*Accord de libre-échange Canada-Pérou (ALECP)
*Accord économique et commercial global (AECG) entre le Canada et l’Union européenne (UE)
*Accord de continuité commerciale Canada–Royaume-Uni (ACC Canada-Royaume-Uni)
*Accord de libre-échange Canada-Ukraine (ALECU)
*Accord de libre-échange Canada-Corée
*Accord de libre-échange nord-américain (ALENA)","*Canada","*Canada","REGINA METAL INDUSTRIES LTD","REGINA METAL INDUSTRIES LTD","","","","","15","15","2621 GOTTSELIG RD","2621 GOTTSELIG RD","RM of Sherwood","RM of Sherwood","Saskatchewan","Saskatchewan","S4K 0A6","CA","CA","Department of Public Works and Government Services (PSPC)"," Ministère des Travaux publics et des Services gouvernementaux (SPAC)","11 Laurier St, Phase III, Place du Portage","11, rue Laurier, Phase III, Place du Portage","Gatineau","Gatineau","Quebec","Québec","K1A 0S5","Canada","Canada","Department of the Environment (ECCC )"," Ministère de l’Environnement (ECCC)","","","200 Boulevard Sacré-Coeur,Gatineau,Quebec,J8X4C6,Canada","200, boulevard Sacré-Coeur,Gatineau,Quebec,J8X4C6,Canada","Fernandez, Allison (SPAC/PSPC) (elle-la / she-her)","allison.fernandez@tpsgc-pwgsc.gc.ca","","","","","","","","","","","","","",""
"23295-260020 Ionic Liquid Diluent RISO","23295-260020 Diluant liquide ionique OCIR","CW2440754","000","WS5354656009","WS5354656009","CW2440754","1","2026-02-18","2026-02-09","","2026-02-09","2027-03-31","0.00","0.00","CAD","Active","Actif","Standing Offer","Offre à commandes","Original","Original","","","","*12000000","*Chemicals including Bio Chemicals and Gas Materials","*Produits chimiques, biochimiques et gazeux","*GD","Request for Standing Offer","Demande d’offre à commandes","Competitive - Open bidding","Concurrentielle - Invitation ouverte à soumissionner","Lowest Price","Prix le plus bas","None","Aucune","*World Trade Organization Agreement on Government Procurement (WTO GPA)
*Canada-Chile Free Trade Agreement (CCFTA)
*Canada-Honduras Free Trade Agreement
*Canadian Free Trade Agreement (CFTA)
*Canada-Korea Free Trade Agreement (CKFTA)
*Canada-European Union Comprehensive Economic and Trade Agreement (CETA)
*Canada-Panama Free Trade Agreement
*Canada-Colombia Free Trade Agreement
*Canada-Ukraine Free Trade Agreement (CUFTA)
*North American Free Trade Agreement (NAFTA)
*Canada-UK Trade Continuity Agreement (Canada-UK TCA)
*Canada-Peru Free Trade Agreement (CPFTA)
*Comprehensive and Progressive Agreement for Trans-Pacific Partnership (CPTPP)","*Accord sur les marchés publics de l'Organisation mondiale du commerce (AMP-OMC)
*Accord de libre-échange Canada-Chili (ALECC)
*Accord de libre-échange Canada-Honduras
*Accord de libre-échange canadien (ALEC)
*Accord de libre-échange Canada-Corée
*Accord économique et commercial global (AECG) entre le Canada et l’Union européenne (UE)
*Accord de libre-échange Canada-Panama
*Accord de libre-échange Canada-Colombie
*Accord de libre-échange Canada-Ukraine (ALECU)
*Accord de libre-échange nord-américain (ALENA)
*Accord de continuité commerciale Canada–Royaume-Uni (ACC Canada-Royaume-Uni)
*Accord de libre-échange Canada-Pérou (ALECP)
*Accord de Partenariat transpacifique global et progressiste (PTPGP)","*Alberta","*Alberta","Ador tech Inc.","Ador tech Inc.","","","","","25","25","206 inch Ave. E","206 inch Ave. E","North York","North York","Ontario","Ontario","M2N 4R9","CA","CA","Department of Public Works and Government Services (PSPC)"," Ministère des Travaux publics et des Services gouvernementaux (SPAC)","11 Laurier St, Phase III, Place du Portage","11, rue Laurier, Phase III, Place du Portage","Gatineau","Gatineau","Quebec","Québec","K1A 0S5","Canada","Canada","Department of Natural Resources  (NRCan)"," Ministère des Ressources naturelles (RNCan)","","","580 Booth Street,Ottawa,Ontario,K1A0E4,Canada","580, rue Booth,Ottawa,Ontario,K1A0E4,Canada","Harris, Lisa (SPAC/PSPC)","lisa.harris@tpsgc-pwgsc.gc.ca","","","","","","","","","","","","","",""
"PR20425_W8486-26YA07_SIMULATOR PROJECTILE Ground Burst - SC115","PR20425_W8486-26YA07_SIMULATOR PROJECTILE Ground Burst - SC115","CW2438208","000","WS5524930297","WS5524930297","CW2438208","1","2026-07-24","2026-02-13","","2026-02-16","2027-06-30","5421151.73","5421151.73","CAD","Active","Actif","Contract","Contrat","Original","Original","","","","*12131600","*Pyrotechnics","*Produits pyrotechniques","*GD","Directed Contract","Contrat prescrit","Non-competitive","Non concurrentielle","Lowest Price","Prix le plus bas","Exclusive Rights","Droits exclusifs","*Canadian Free Trade Agreement (CFTA)
*None","*Accord de libre-échange canadien (ALEC)
*Aucun","*Canada","*Canada","HFI Pyrotechnics Inc.","HFI Pyrotechnics Inc.","","","","","","","3322 Hands Road RR 4","3322 Hands Road RR 4","Prescott","Prescott","Ontario","Ontario","K0E 1T0","CA","CA","Department of Public Works and Government Services (PSPC)"," Ministère des Travaux publics et des Services gouvernementaux (SPAC)","11 Laurier St, Phase III, Place du Portage","11, rue Laurier, Phase III, Place du Portage","Gatineau","Gatineau","Quebec","Québec","K1A 0S5","Canada","Canada","Department of National Defence (DND)"," Ministère de la Défense nationale (MDN)","","","101 Colonel By Dr,Ottawa,Ontario,K1A0K2,Canada","101, promenade Colonel By,Ottawa,Ontario,K1A0K2,Canada","Fisher, John (SPAC/PSPC)","john.fisher@tpsgc-pwgsc.gc.ca","","","","","","","","","","","","","PR20425_W8486-26YA07_SIMULATOR PROJECTILE Ground Burst - SC115","PR20425_W8486-26YA07_SIMULATOR PROJECTILE Ground Burst - SC115"
"W8486-250159_001_BK Submarine Smoke Illumination Marker Buy and Try Quantities Contract","W8486-250159_001_BK Contrat d’achat et d’essai de quantités de marqueurs d’éclairage de fumée sous-marin","CW2418656","000","WS5108613936","WS5108613936","CW2418656","1","2026-09-18","2025-10-03","","2025-10-03","2026-10-30","328152.00","328152.00","CAD","Active","Actif","Contract","Contrat","Original","Original","","","","*12131600","*Pyrotechnics","*Produits pyrotechniques","*GD","Request for Proposal","Demande de propositions","Competitive - Open bidding","Concurrentielle - Invitation ouverte à soumissionner","Lowest Price","Prix le plus bas","None","Aucune","*Canada-Colombia Free Trade Agreement
*Canada-Peru Free Trade Agreement (CPFTA)
*Canada-Chile Free Trade Agreement (CCFTA)
*Canadian Free Trade Agreement (CFTA)
*Canada-UK Trade Continuity Agreement (Canada-UK TCA)
*Comprehensive and Progressive Agreement for Trans-Pacific Partnership (CPTPP)
*Canada-European Union Comprehensive Economic and Trade Agreement (CETA)
*Canada-Honduras Free Trade Agreement
*World Trade Organization Agreement on Government Procurement (WTO GPA)
*Canada-Korea Free Trade Agreement (CKFTA)
*North American Free Trade Agreement (NAFTA)
*Canada-Ukraine Free Trade Agreement (CUFTA)
*Canada-Panama Free Trade Agreement","*Accord de libre-échange Canada-Colombie
*Accord de libre-échange Canada-Pérou (ALECP)
*Accord de libre-échange Canada-Chili (ALECC)
*Accord de libre-échange canadien (ALEC)
*Accord de continuité commerciale Canada–Royaume-Uni (ACC Canada-Royaume-Uni)
*Accord de Partenariat transpacifique global et progressiste (PTPGP)
*Accord économique et commercial global (AECG) entre le Canada et l’Union européenne (UE)
*Accord de libre-échange Canada-Honduras
*Accord sur les marchés publics de l'Organisation mondiale du commerce (AMP-OMC)
*Accord de libre-échange Canada-Corée
*Accord de libre-échange nord-américain (ALENA)
*Accord de libre-échange Canada-Ukraine (ALECU)
*Accord de libre-échange Canada-Panama","*Canada
*Nova Scotia
*Québec","*Canada
*Nouvelle-Écosse
*Québec","HFI Pyrotechnics Inc.","HFI Pyrotechnics Inc.","","","","","135","135","3322 Hands Road RR 4","3322 Hands Road RR 4","Prescott","Prescott","Ontario","Ontario","K0E 1T0","CA","CA","Department of Public Works and Government Services (PSPC)"," Ministère des Travaux publics et des Services gouvernementaux (SPAC)","11 Laurier St, Phase III, Place du Portage","11, rue Laurier, Phase III, Place du Portage","Gatineau","Gatineau","Quebec","Québec","K1A 0S5","Canada","Canada","Department of National Defence (DND)"," Ministère de la Défense nationale (MDN)","","","101 Colonel By Dr,Ottawa,Ontario,K1A0K2,Canada","101, promenade Colonel By,Ottawa,Ontario,K1A0K2,Canada","Finnigan, Christopher (SPAC/PSPC) (il-lui / he-him)","christopher.finnigan@tpsgc-pwgsc.gc.ca","","","","","","","","","","","","","W8486-250159 Submarine Smoke Illumination Marker Buy and Try Quantities Contract","W8486-250159 Contrat d’achat et d’essai de quantités de marqueurs d’éclairage de fumée sous-marin"
"W7701-268050 - Tank rental and supply of nitrogen","W7701-268050 - Location d'un réservoir et approvisionnement en azote","CW2424323","000","WS5213678736","WS5213678736","CW2424323","1","2025-11-15","2025-10-27","","2025-10-27","2028-09-30","82782.00","82782.00","CAD","Active","Actif","Contract","Contrat","Original","Original","","","","*12141903","*Nitrogen N","*Nitrogène N","*SRV","Request for Proposal","Demande de propositions","Competitive - Open bidding","Concurrentielle - Invitation ouverte à soumissionner","Lowest Price","Prix le plus bas","None","Aucune","*Canadian Free Trade Agreement (CFTA)
*Canada-Korea Free Trade Agreement (CKFTA)","*Accord de libre-échange canadien (ALEC)
*Accord de libre-échange Canada-Corée","*Québec","*Québec","Linde canada Inc","Linde canada Inc","","","","","65010","65010","500-5015 Spectrum Way","500-5015 Spectrum Way","Mississauga","Mississauga","Ontario","Ontario","L4W 0E4","CA","CA","Department of Public Works and Government Services (PSPC)"," Ministère des Travaux publics et des Services gouvernementaux (SPAC)","11 Laurier St, Phase III, Place du Portage","11, rue Laurier, Phase III, Place du Portage","Gatineau","Gatineau","Quebec","Québec","K1A 0S5","Canada","Canada","Defence Research and Development Canada (DRDC)"," Recherche et développement pour la défense Canada (RDDC)","","","400 Cumberland Street,Ottawa,Ontario,K1N 1J8,Canada","400, rue Cumberland,Ottawa,Ontario,K1N 1J8,Canada","Lavoie, Corine (SPAC/PSPC) (elle-la / she-her)","corine.lavoie@tpsgc-pwgsc.gc.ca","","","","","","","","","","","","","",""
"H4134-253862 - Nitrogen Generator","H4134-253862 - générateur d’azote","CW2445053","000","WS5583940576","WS5583940576","CW2445053","1","2026-03-31","2026-03-31","","2026-03-31","2026-05-31","41640.50","41640.50","CAD","Active","Actif","Contract","Contrat","Original","Original","","","","*12141903","*Nitrogen N","*Nitrogène N","*GD","Request for Proposal","Demande de propositions","Competitive - Open bidding","Concurrentielle - Invitation ouverte à soumissionner","Lowest Price","Prix le plus bas","None","Aucune","*Canadian Free Trade Agreement (CFTA)","*Accord de libre-échange canadien (ALEC)","*British Columbia","*Colombie-Britannique","VWR International Co.","VWR International Co.","","","","","6000","6000","6040 Cantay Rd","6040 Cantay Rd","Mississauga","Mississauga","Ontario","Ontario","L5R 4J2","CA","CA","Department of Public Works and Government Services (PSPC)"," Ministère des Travaux publics et des Services gouvernementaux (SPAC)","11 Laurier St, Phase III, Place du Portage","11, rue Laurier, Phase III, Place du Portage","Gatineau","Gatineau","Quebec","Québec","K1A 0S5","Canada","Canada","Department of Health (HC)"," Ministère de la Santé (SC)","","","Address Locator 0900C2,Ottawa,Ontario,K1A0K9,Canada","Localisateur d'adresse 0900C2,Ottawa,Ontario,K1A0K9,Canada","Arrieta, Nicole (SPAC/PSPC) (elle-la / she-her)","nicole.arrieta@tpsgc-pwgsc.gc.ca","","","","","","","","","","","","","The Drug Analysis Service (DAS) of Health Canada is requesting the purchase of an additional Parker nitrogen generator to increase the capacity of nitrogen which is essential to enhance the overall efficiency of the laboratory","Le SAD de Santé Canada souhaite faire l’achat d’un Parker générateur d’azote supplémentaire pour augmenter la capacité d’azote, ce qui est essentiel pour améliorer l’efficacité générale du laboratoire"
"W0125-25WR09 - Aviators Breathing Oxygen and Reservoirs","W0125-25WR09 - Oxygène d’inhalation et réservoirs pour aviateurs","CW2377935","000","WS4835271257","WS4835271257","CW2377935","3","2025-05-15","2025-05-15","","2025-05-15","2029-12-31","384132.20","384132.20","CAD","Active","Actif","Task Authorization Based Contract","Contrat reposant sur des autorisations de tâches","Original","Original","","","","*12141904
*25202607","*Oxygen O
*Aircraft oxygen equipment","*Oxygène O
*Équipements de fourniture d'oxygène pour avions","*GD","Request for Proposal","Demande de propositions","Competitive - Open bidding","Concurrentielle - Invitation ouverte à soumissionner","Lowest Price","Prix le plus bas","None","Aucune","*Canada-Honduras Free Trade Agreement
*Canadian Free Trade Agreement (CFTA)
*World Trade Organization Agreement on Government Procurement (WTO GPA)
*Canada-Colombia Free Trade Agreement
*Canada-Korea Free Trade Agreement (CKFTA)
*Canada-Chile Free Trade Agreement (CCFTA)
*Canada-Panama Free Trade Agreement
*Canada-European Union Comprehensive Economic and Trade Agreement (CETA)
*Canada-Ukraine Free Trade Agreement (CUFTA)
*Comprehensive and Progressive Agreement for Trans-Pacific Partnership (CPTPP)
*Canada-Peru Free Trade Agreement (CPFTA)
*Canada-UK Trade Continuity Agreement (Canada-UK TCA)","*Accord de libre-échange Canada-Honduras
*Accord de libre-échange canadien (ALEC)
*Accord sur les marchés publics de l'Organisation mondiale du commerce (AMP-OMC)
*Accord de libre-échange Canada-Colombie
*Accord de libre-échange Canada-Corée
*Accord de libre-échange Canada-Chili (ALECC)
*Accord de libre-échange Canada-Panama
*Accord économique et commercial global (AECG) entre le Canada et l’Union européenne (UE)
*Accord de libre-échange Canada-Ukraine (ALECU)
*Accord de Partenariat transpacifique global et progressiste (PTPGP)
*Accord de libre-échange Canada-Pérou (ALECP)
*Accord de continuité commerciale Canada–Royaume-Uni (ACC Canada-Royaume-Uni)","*Belleville","*Belleville","Messer Canada Inc.","Messer Canada Inc.","","","","","","","5555 des Grandes-Prairies","5555 des Grandes-Prairies","St-Léonard","St-Léonard","Québec","Québec","H1R 1B4","CA","CA","Department of Public Works and Government Services (PSPC)"," Ministère des Travaux publics et des Services gouvernementaux (SPAC)","11 Laurier St, Phase III, Place du Portage","11, rue Laurier, Phase III, Place du Portage","Gatineau","Gatineau","Quebec","Québec","K1A 0S5","Canada","Canada","Department of National Defence (DND)"," Ministère de la Défense nationale (MDN)","","","101 Colonel By Dr,Ottawa,Ontario,K1A0K2,Canada","101, promenade Colonel By,Ottawa,Ontario,K1A0K2,Canada","Littlefield, Mike (SPAC/PSPC)","mike.littlefield@tpsgc-pwgsc.gc.ca","","","","","","","","","","","","","The Department of National Defence, Canadian Forces Base / 8 Wing Trenton has a requirement for the provision of all labour, tools, materials, equipment, and supervision necessary for the supply and delivery of Aviators Breathing Oxygen, as required, during the period of the contract. The requirement also consists of the supply and installation of contractor owned and managed Liquid Oxygen Supply Reservoirs. The period of the contract will be from date of award to December 31st, 2029.","Le ministère de la Défense nationale, Base des Forces canadiennes / 8e Escadre Trenton, a besoin de se procurer l’ensemble de la main-d’œuvre, des outils, des matériaux, de l’équipement et de la supervision nécessaires à la fourniture et à la livraison d’oxygène d’inhalation pour aviateurs, selon les besoins, pendant la durée du contrat. Il s’agit également de fournir et d’installer des réservoirs d’oxygène liquide appartenant à l’entrepreneur et gérés par lui. La durée du contrat s’échelonnera de la date d’attribution du contrat jusqu’au 31 décembre 2029."
"K8F10-260231 - Argon Gas","K8F10-260231 - Gaz Argon","CW2445822","000","WS5262901335","WS5262901335","CW2445822","1","2026-09-24","2026-03-24","","2026-03-24","2028-04-01","45729.59","45729.59","CAD","Active","Actif","Contract","Contrat","Original","Original","","","","*12142004","*Argon gas Ar","*Gaz argon Ar","*GD","Directed Contract","Contrat prescrit","Non-competitive","Non concurrentielle","Not applicable","Sans objet","Exclusive Rights","Droits exclusifs","*Canadian Free Trade Agreement (CFTA)","*Accord de libre-échange canadien (ALEC)","*British Columbia","*Colombie-Britannique","Linde Canada Inc","Linde Canada Inc","","","","","","","5015 Spectrum Way Suite 500","5015 Spectrum Way Suite 500","Mississauga","Mississauga","Ontario","Ontario","L4W 0E4","CA","CA","Department of Public Works and Government Services (PSPC)"," Ministère des Travaux publics et des Services gouvernementaux (SPAC)","11 Laurier St, Phase III, Place du Portage","11, rue Laurier, Phase III, Place du Portage","Gatineau","Gatineau","Quebec","Québec","K1A 0S5","Canada","Canada","Department of the Environment (ECCC )"," Ministère de l’Environnement (ECCC)","","","200 Boulevard Sacré-Coeur,Gatineau,Quebec,J8X4C6,Canada","200, boulevard Sacré-Coeur,Gatineau,Quebec,J8X4C6,Canada","Nakade, Angela (SPAC/PSPC) (elle-la / she-her)","angela.nakade@tpsgc-pwgsc.gc.ca","","","","","","","","","","","","","The Contract is for the supply of Micro-bulk liquid Argon for the operation of various instruments in the Inorganics Chemistry Section, and the gas tank’s rental, as described in the Requirement in Annex Statement of Requirement.","Le contrat porte sur la fourniture d’argon liquide en microvrac pour l’utilisation de divers instruments de la Section de chimie inorganique et la location du réservoir d’essence, tel que décrit dans le besoin de l’annexe Énoncé des besoins."
"K3E33-251195 – Helium","K3E33-251195 – Hélium","CW2393095","000","WS5012724300","WS5012724300","CW2393095","1","2025-12-11","2025-09-05","","2025-03-17","2026-12-31","208765.73","208765.73","CAD","Active","Actif","Contract","Contrat","Original","Original","","","","*12142005","*Helium gas He","*Gaz hélium He","*GD","Request for Proposal","Demande de propositions","Competitive - Open bidding","Concurrentielle - Invitation ouverte à soumissionner","Lowest Price","Prix le plus bas","None","Aucune","*Canadian Free Trade Agreement (CFTA)","*Accord de libre-échange canadien (ALEC)","*Whitehorse","*Whitehorse","Messer Canada Inc.","Messer Canada Inc.","","","","","","","5555 des Grandes-Prairies","5555 des Grandes-Prairies","St-Léonard","St-Léonard","Québec","Québec","H1R 1B4","CA","CA","Department of Public Works and Government Services (PSPC)"," Ministère des Travaux publics et des Services gouvernementaux (SPAC)","11 Laurier St, Phase III, Place du Portage","11, rue Laurier, Phase III, Place du Portage","Gatineau","Gatineau","Quebec","Québec","K1A 0S5","Canada","Canada","Department of the Environment (ECCC )"," Ministère de l’Environnement (ECCC)","","","200 Boulevard Sacré-Coeur,Gatineau,Quebec,J8X4C6,Canada","200, boulevard Sacré-Coeur,Gatineau,Quebec,J8X4C6,Canada","Thorne, Darlene (SPAC/PSPC) (elle-la / she-her)","darlene.thorne@tpsgc-pwgsc.gc.ca","","","","","","","","","","","","","",""
"W6897-25TH01 - Bulk CO2 for CFB Suffield","W6897-25TH01 - CO2 en vrac pour la BFC Suffield","CW2405063","000","WS5194708756","WS5194708756","CW2405063","1","2026-03-20","2025-10-30","","2025-10-30","2027-09-30","501600.00","501600.00","CAD","Active","Actif","Task Authorization Based Contract","Contrat reposant sur des autorisations de tâches","Original","Original","","","","*12142100","*Industrial use gases","*Gaz naturels et mixtes","*SRV","Request for Proposal","Demande de propositions","Competitive - Open bidding","Concurrentielle - Invitation ouverte à soumissionner","Lowest Price","Prix le plus bas","None","Aucune","*Canada-Colombia Free Trade Agreement
*Canada-Honduras Free Trade Agreement
*World Trade Organization Agreement on Government Procurement (WTO GPA)
*Canadian Free Trade Agreement (CFTA)
*Canada-European Union Comprehensive Economic and Trade Agreement (CETA)
*Canada-Korea Free Trade Agreement (CKFTA)
*Canada-Panama Free Trade Agreement
*Canada-Chile Free Trade Agreement (CCFTA)
*Canada-Peru Free Trade Agreement (CPFTA)
*Canada-Ukraine Free Trade Agreement (CUFTA)
*Canada-UK Trade Continuity Agreement (Canada-UK TCA)
*Comprehensive and Progressive Agreement for Trans-Pacific Partnership (CPTPP)","*Accord de libre-échange Canada-Colombie
*Accord de libre-échange Canada-Honduras
*Accord sur les marchés publics de l'Organisation mondiale du commerce (AMP-OMC)
*Accord de libre-échange canadien (ALEC)
*Accord économique et commercial global (AECG) entre le Canada et l’Union européenne (UE)
*Accord de libre-échange Canada-Corée
*Accord de libre-échange Canada-Panama
*Accord de libre-échange Canada-Chili (ALECC)
*Accord de libre-échange Canada-Pérou (ALECP)
*Accord de libre-échange Canada-Ukraine (ALECU)
*Accord de continuité commerciale Canada–Royaume-Uni (ACC Canada-Royaume-Uni)
*Accord de Partenariat transpacifique global et progressiste (PTPGP)","*Alberta","*Alberta","AIR LIQUIDE CANADA INC","AIR LIQUIDE CANADA INC","","","","","","","150 Strathmoor Drive","150 Strathmoor Drive","Sherwood Park","Sherwood Park","Alberta","Alberta","T8H 2B7","CA","CA","Department of Public Works and Government Services (PSPC)"," Ministère des Travaux publics et des Services gouvernementaux (SPAC)","11 Laurier St, Phase III, Place du Portage","11, rue Laurier, Phase III, Place du Portage","Gatineau","Gatineau","Quebec","Québec","K1A 0S5","Canada","Canada","Department of National Defence (DND)"," Ministère de la Défense nationale (MDN)","","","101 Colonel By Dr,Ottawa,Ontario,K1A0K2,Canada","101, promenade Colonel By,Ottawa,Ontario,K1A0K2,Canada","Dance, Gary (SPAC/PSPC) (il-lui / he-him)","gary.dance@tpsgc-pwgsc.gc.ca","","","","","","","","","","","","","CFB Suffield is looking for a supplier to provide the supply and delivery of Bulk Carbon Dioxide (CO2), including tank delivery, and refilling of CO2 on an as required basis for the Canadian Forces Base Suffield (CFB Suffield) customers including Department of National Defence (DND), Defence Research and Development Canada (DRDC), and the British Army Training Unit (BATUS).","La BFC Suffield est à la recherche d’un fournisseur pour fournir et livrer du dioxyde de carbone (CO2) en vrac, y compris la livraison de réservoirs et le remplissage de CO2 au besoin pour les clients de la Base des Forces canadiennes Suffield (BFC Suffield), notamment le ministère de la Défense nationale (MDN), Recherche et développement pour la défense Canada (RDDC) et l’Unité d’entraînement de l’Armée britannique (BATUS)."
"W6898-250757-Inspect-Repair Chiller Sys-Gagetown","W6898-250757-Installation de chauffage et de climatisation, services d'inspection","CW2394164","000","WS4955397156","WS4955397156","CW2394164","1","2025-04-01","2025-04-08","","2025-04-01","2026-03-31","527900.60","527900.60","CAD","Active","Actif","Contract","Contrat","Original","Original","","","","*12142103
*24131507
*70171602
*72100000
*72151200
*77141600","*Ammonia
*Blast chiller
*Water testing services
*Building and facility maintenance and repair services
*Heating and cooling and air conditioning HVAC construction and maintenance services
*Non-drinking water or aqueous testing","*Gaz ammoniac
*Refroidisseur à courant d'air
*Services pour le test des eaux
*Services de construction, maintenance et réparation de bâtiment et services complémentaires
*Services d'installation et d'entretien de systèmes de chauffage, de ventilation et de conditionnement d'air (CVCA)
*Analyses d'échantillons d'eau non potable","*SRV","Request for Proposal","Demande de propositions","Competitive - Open bidding","Concurrentielle - Invitation ouverte à soumissionner","Lowest Price","Prix le plus bas","None","Aucune","*Canada-Honduras Free Trade Agreement
*Canada-Colombia Free Trade Agreement
*Canadian Free Trade Agreement (CFTA)
*Canada-European Union Comprehensive Economic and Trade Agreement (CETA)
*Canada-Ukraine Free Trade Agreement (CUFTA)
*Canada-Panama Free Trade Agreement
*Canada-Chile Free Trade Agreement (CCFTA)
*World Trade Organization Agreement on Government Procurement (WTO GPA)
*Canada-Korea Free Trade Agreement (CKFTA)
*Canada-Peru Free Trade Agreement (CPFTA)
*Comprehensive and Progressive Agreement for Trans-Pacific Partnership (CPTPP)
*North American Free Trade Agreement (NAFTA)
*Canada-UK Trade Continuity Agreement (Canada-UK TCA)","*Accord de libre-échange Canada-Honduras
*Accord de libre-échange Canada-Colombie
*Accord de libre-échange canadien (ALEC)
*Accord économique et commercial global (AECG) entre le Canada et l’Union européenne (UE)
*Accord de libre-échange Canada-Ukraine (ALECU)
*Accord de libre-échange Canada-Panama
*Accord de libre-échange Canada-Chili (ALECC)
*Accord sur les marchés publics de l'Organisation mondiale du commerce (AMP-OMC)
*Accord de libre-échange Canada-Corée
*Accord de libre-échange Canada-Pérou (ALECP)
*Accord de Partenariat transpacifique global et progressiste (PTPGP)
*Accord de libre-échange nord-américain (ALENA)
*Accord de continuité commerciale Canada–Royaume-Uni (ACC Canada-Royaume-Uni)","*New Brunswick","*Nouveau-Brunswick","Carmichael Engineering Ltd.","Carmichael Engineering Ltd.","","","","","","","49 Blizzard Street","49 Blizzard Street","Fredericton","Fredericton","New Brunswick","New Brunswick","E3B 8K3","CA","CA","Department of Public Works and Government Services (PSPC)"," Ministère des Travaux publics et des Services gouvernementaux (SPAC)","11 Laurier St, Phase III, Place du Portage","11, rue Laurier, Phase III, Place du Portage","Gatineau","Gatineau","Quebec","Québec","K1A 0S5","Canada","Canada","Department of National Defence (DND)"," Ministère de la Défense nationale (MDN)","","","101 Colonel By Dr,Ottawa,Ontario,K1A0K2,Canada","101, promenade Colonel By,Ottawa,Ontario,K1A0K2,Canada","Marshall, Hannah (SPAC/PSPC) (elle-la / she-her)","hannah.marshall@tpsgc-pwgsc.gc.ca","","","","","","","","","","","","","The Work covered under this Service Contract comprises the furnishing of all labour, material, tools and equipment required to provide Bi-Annual Inspections and Repairs of the Chiller Units and Cooling Towers at various buildings and Annual Servicing and Repairs of the Ammonia Plant and System components at building A-15 5 CDSB Gagetown, Oromocto, New Brunswick; as specified herein.","Les travaux prévus au présent contrat de service comprennent la 
fourniture de l’ensemble de la main-d’œuvre, des matériaux, des outils et du matériel nécessaires aux inspections semestrielles et aux travaux de réparation des refroidisseurs et des tours de refroidissement situés dans divers bâtiments de la BS 5 Div CA Gagetown (Oromocto, N.-B.), ainsi que des éléments susmentionnés nécessaires aux travaux d’entretien annuels et aux travaux de réparation de l’installation à l’ammoniac et des autres composants du système, dans le bâtiment A-15 de la BS 5 Div CA Gagetown conformément aux spécifications du présent document."
"E6MON-260004- Standing offer for bulk road salt","E6MON-260004 - Offre à commandes pour sel de voirie en vrac","CW2431926","000","WS5444414373","WS5444414373","CW2431926","1","2025-12-10","2025-12-10","","2025-12-10","2026-09-30","0.00","0.00","CAD","Active","Actif","Standing Offer","Offre à commandes","Original","Original","","","","*12160000","*Additives","*Additifs","*GD","Request for Standing Offer","Demande d’offre à commandes","Competitive - Open bidding","Concurrentielle - Invitation ouverte à soumissionner","Not applicable","Sans objet","","","*Canada-Honduras Free Trade Agreement
*Canadian Free Trade Agreement (CFTA)
*Canada-Colombia Free Trade Agreement
*Canada-European Union Comprehensive Economic and Trade Agreement (CETA)
*Canada-Ukraine Free Trade Agreement (CUFTA)
*Canada-Chile Free Trade Agreement (CCFTA)
*Canada-Panama Free Trade Agreement
*World Trade Organization Agreement on Government Procurement (WTO GPA)
*Canada-Peru Free Trade Agreement (CPFTA)
*Canada-Korea Free Trade Agreement (CKFTA)
*Canada-UK Trade Continuity Agreement (Canada-UK TCA)
*Comprehensive and Progressive Agreement for Trans-Pacific Partnership (CPTPP)","*Accord de libre-échange Canada-Honduras
*Accord de libre-échange canadien (ALEC)
*Accord de libre-échange Canada-Colombie
*Accord économique et commercial global (AECG) entre le Canada et l’Union européenne (UE)
*Accord de libre-échange Canada-Ukraine (ALECU)
*Accord de libre-échange Canada-Chili (ALECC)
*Accord de libre-échange Canada-Panama
*Accord sur les marchés publics de l'Organisation mondiale du commerce (AMP-OMC)
*Accord de libre-échange Canada-Pérou (ALECP)
*Accord de libre-échange Canada-Corée
*Accord de continuité commerciale Canada–Royaume-Uni (ACC Canada-Royaume-Uni)
*Accord de Partenariat transpacifique global et progressiste (PTPGP)","*Saint-Jean-sur-Richelieu
*Farnham
*Laval
*Montréal
*Saint-Hyacinthe","*Saint-Jean-sur-Richelieu
*Farnham
*Laval
*Montréal
*Saint-Hyacinthe","Compass Minerals Canada","Compass Minerals Canada","","","Sifto Canada","Sifto Canada","3103","3103","6700 Century Avenue 
Suite 202","6700 Century Avenue 
Suite 202","Mississauga","Mississauga","Ontario","Ontario","L5N 6A4","CA","CA","Department of Public Works and Government Services (PSPC)"," Ministère des Travaux publics et des Services gouvernementaux (SPAC)","11 Laurier St, Phase III, Place du Portage","11, rue Laurier, Phase III, Place du Portage","Gatineau","Gatineau","Quebec","Québec","K1A 0S5","Canada","Canada","Department of Public Works and Government Services (PSPC)"," Ministère des Travaux publics et des Services gouvernementaux (SPAC)","","","11 Laurier St, Phase III, Place du Portage,Gatineau,Quebec,K1A 0S5,Canada","11, rue Laurier, Phase III, Place du Portage,Gatineau,Québec,K1A 0S5,Canada","Blanchet, Annie (SPAC/PSPC)","annie.blanchet@tpsgc-pwgsc.gc.ca","","","","","","","","","","","","","E6MON-260004- Standing offer for bulk road salt","E6MON-260004 - Offre à commandes pour sel de voirie en vrac"
"E6MON-260004- Standing offer for bulk road salt","E6MON-260004 - Offre à commandes pour sel de voirie en vrac","CW2431951","000","WS5444414373","WS5444414373","CW2431951","2","2025-12-10","2025-12-10","","2025-12-10","2026-09-30","0.00","0.00","CAD","Active","Actif","Standing Offer","Offre à commandes","Original","Original","","","","*12160000","*Additives","*Additifs","*GD","Request for Standing Offer","Demande d’offre à commandes","Competitive - Open bidding","Concurrentielle - Invitation ouverte à soumissionner","Not applicable","Sans objet","","","*Canada-Colombia Free Trade Agreement
*Canada-Honduras Free Trade Agreement
*Canadian Free Trade Agreement (CFTA)
*World Trade Organization Agreement on Government Procurement (WTO GPA)
*Canada-European Union Comprehensive Economic and Trade Agreement (CETA)
*Canada-Ukraine Free Trade Agreement (CUFTA)
*Canada-Chile Free Trade Agreement (CCFTA)
*Canada-Panama Free Trade Agreement
*Canada-Korea Free Trade Agreement (CKFTA)
*Canada-Peru Free Trade Agreement (CPFTA)
*Comprehensive and Progressive Agreement for Trans-Pacific Partnership (CPTPP)
*Canada-UK Trade Continuity Agreement (Canada-UK TCA)","*Accord de libre-échange Canada-Colombie
*Accord de libre-échange Canada-Honduras
*Accord de libre-échange canadien (ALEC)
*Accord sur les marchés publics de l'Organisation mondiale du commerce (AMP-OMC)
*Accord économique et commercial global (AECG) entre le Canada et l’Union européenne (UE)
*Accord de libre-échange Canada-Ukraine (ALECU)
*Accord de libre-échange Canada-Chili (ALECC)
*Accord de libre-échange Canada-Panama
*Accord de libre-échange Canada-Corée
*Accord de libre-échange Canada-Pérou (ALECP)
*Accord de Partenariat transpacifique global et progressiste (PTPGP)
*Accord de continuité commerciale Canada–Royaume-Uni (ACC Canada-Royaume-Uni)","*Donnacona
*Lévis
*Québec","*Donnacona
*Lévis
*Québec","Sel Warwick Inc.","Sel Warwick Inc.","","","","","","","807, boul. Pierre-Roux","807, boul. Pierre-Roux","Victoriaville","Victoriaville","Québec","Québec","G6T 1T7","CA","CA","Department of Public Works and Government Services (PSPC)"," Ministère des Travaux publics et des Services gouvernementaux (SPAC)","11 Laurier St, Phase III, Place du Portage","11, rue Laurier, Phase III, Place du Portage","Gatineau","Gatineau","Quebec","Québec","K1A 0S5","Canada","Canada","Department of Public Works and Government Services (PSPC)"," Ministère des Travaux publics et des Services gouvernementaux (SPAC)","","","11 Laurier St, Phase III, Place du Portage,Gatineau,Quebec,K1A 0S5,Canada","11, rue Laurier, Phase III, Place du Portage,Gatineau,Québec,K1A 0S5,Canada","Blanchet, Annie (SPAC/PSPC)","annie.blanchet@tpsgc-pwgsc.gc.ca","","","","","","","","","","","","","E6MON-260004- Standing offer for bulk road salt","E6MON-260004 - Offre à commandes pour sel de voirie en vrac"
"EQ754-260353 - Peterborough Earth Dams Rehabilitation, Maria St. Bridge, and Lift Lock Sealing","EQ754-260353 - Réhabilitation des barrages en terre de Peterborough, pont de la rue Maria, et travaux de scellement liés à l’écluse-ascenseur","CW2411454","000","WS5284089529","WS5284089529","CW2411454","1","2026-01-09","2026-01-09","","2026-01-09","2028-08-01","31237121.35","31237121.35","CAD","Active","Actif","Contract","Contrat","Original","Original","","","","*12164900
*72141107
*81101507","*Waterproofing agents
*Bridge construction and repair service
*Dam engineering","*Agents hydrofuges
*Service de construction et de réparation de ponts
*Ingénierie des digues","*SRV","Request for Proposal","Demande de propositions","Competitive - Open bidding","Concurrentielle - Invitation ouverte à soumissionner","Variations or combinations of the above methods","Variations ou combinaisons des méthodes susmentionnées","None","Aucune","*Canada-Colombia Free Trade Agreement
*Canadian Free Trade Agreement (CFTA)
*Canada-Chile Free Trade Agreement (CCFTA)
*Canada-Honduras Free Trade Agreement
*Canada-European Union Comprehensive Economic and Trade Agreement (CETA)
*Canada-Peru Free Trade Agreement (CPFTA)
*World Trade Organization Agreement on Government Procurement (WTO GPA)
*Canada-Ukraine Free Trade Agreement (CUFTA)
*Canada-Korea Free Trade Agreement (CKFTA)
*Comprehensive and Progressive Agreement for Trans-Pacific Partnership (CPTPP)
*North American Free Trade Agreement (NAFTA)
*Canada-Panama Free Trade Agreement
*Canada-UK Trade Continuity Agreement (Canada-UK TCA)","*Accord de libre-échange Canada-Colombie
*Accord de libre-échange canadien (ALEC)
*Accord de libre-échange Canada-Chili (ALECC)
*Accord de libre-échange Canada-Honduras
*Accord économique et commercial global (AECG) entre le Canada et l’Union européenne (UE)
*Accord de libre-échange Canada-Pérou (ALECP)
*Accord sur les marchés publics de l'Organisation mondiale du commerce (AMP-OMC)
*Accord de libre-échange Canada-Ukraine (ALECU)
*Accord de libre-échange Canada-Corée
*Accord de Partenariat transpacifique global et progressiste (PTPGP)
*Accord de libre-échange nord-américain (ALENA)
*Accord de libre-échange Canada-Panama
*Accord de continuité commerciale Canada–Royaume-Uni (ACC Canada-Royaume-Uni)","*Ontario (except NCR)","*Ontario (sauf RCN)","EBC Inc.","EBC Inc.","","","","","2800","2800","1095 rue Valets","1095 rue Valets","l'Ancienne-Lorette","l'Ancienne-Lorette","Quebec","Quebec","G2E 4M7","CA","CA","Department of Public Works and Government Services (PSPC)"," Ministère des Travaux publics et des Services gouvernementaux (SPAC)","11 Laurier St, Phase III, Place du Portage","11, rue Laurier, Phase III, Place du Portage","Gatineau","Gatineau","Quebec","Québec","K1A 0S5","Canada","Canada","Department of Public Works and Government Services (PSPC)"," Ministère des Travaux publics et des Services gouvernementaux (SPAC)","","","11 Laurier St, Phase III, Place du Portage,Gatineau,Quebec,K1A 0S5,Canada","11, rue Laurier, Phase III, Place du Portage,Gatineau,Québec,K1A 0S5,Canada","Cooper, Jeffrey (SPAC/PSPC) (il-lui / he-him)","jeffrey.cooper@tpsgc-pwgsc.gc.ca","","","","","","","","","","","","","Public Service and Procurement Canada (PSPC) requires a contractor to perform work on the Trent-Severn Waterway located in Peterborough, Ontario. The work is comprised of but not limited to Earth Dams Rehabilitation, Lift Lock Upper Reach Sealing, the Maria St. Swing Bridge Replacement, and the replacement of a watermain for the City of Peterborough.","Services publics et Approvisionnement Canada (SPAC) a besoin d’un entrepreneur pour effectuer des travaux sur la voie navigable Trent-Severn située à Peterborough, en Ontario. Les travaux comprennent, sans toutefois s’y limiter à la réhabilitation des barrages en terre, scellement du bief amont de l’écluse-ascenseur, le remplacement du pont tournant de la rue Maria, et le remplacement d’une conduite d’eau principale pour la ville de Peterborough."
"EP899-251579 Caustic Soda Solution","EP899-251579 OCIR Approvisionnement en soude caustique","CW2410286","000","WS5270401780","WS5270401780","CW2410286","1","2025-09-10","2025-09-10","","2025-09-10","2026-08-31","1868750.00","1868750.00","CAD","Active","Actif","Standing Offer","Offre à commandes","Original","Original","","","","*12352300","*Inorganic compounds","*Composés inorganiques","*GD","Request for Standing Offer","Demande d’offre à commandes","Competitive - Open bidding","Concurrentielle - Invitation ouverte à soumissionner","Lowest Price","Prix le plus bas","","","*Canadian Free Trade Agreement (CFTA)
*Canada-Chile Free Trade Agreement (CCFTA)
*World Trade Organization Agreement on Government Procurement (WTO GPA)
*Canada-Honduras Free Trade Agreement
*Canada-Colombia Free Trade Agreement
*Canada-European Union Comprehensive Economic and Trade Agreement (CETA)
*Canada-Peru Free Trade Agreement (CPFTA)
*Canada-Korea Free Trade Agreement (CKFTA)
*North American Free Trade Agreement (NAFTA)
*Canada-Panama Free Trade Agreement
*Comprehensive and Progressive Agreement for Trans-Pacific Partnership (CPTPP)
*Canada-Ukraine Free Trade Agreement (CUFTA)
*Canada-UK Trade Continuity Agreement (Canada-UK TCA)","*Accord de libre-échange canadien (ALEC)
*Accord de libre-échange Canada-Chili (ALECC)
*Accord sur les marchés publics de l'Organisation mondiale du commerce (AMP-OMC)
*Accord de libre-échange Canada-Honduras
*Accord de libre-échange Canada-Colombie
*Accord économique et commercial global (AECG) entre le Canada et l’Union européenne (UE)
*Accord de libre-échange Canada-Pérou (ALECP)
*Accord de libre-échange Canada-Corée
*Accord de libre-échange nord-américain (ALENA)
*Accord de libre-échange Canada-Panama
*Accord de Partenariat transpacifique global et progressiste (PTPGP)
*Accord de libre-échange Canada-Ukraine (ALECU)
*Accord de continuité commerciale Canada–Royaume-Uni (ACC Canada-Royaume-Uni)","*Nova Scotia
*Canada","*Nouvelle-Écosse
*Canada","SODROX CHEMICALS LTD","SODROX CHEMICALS LTD","","","","","47","47","P.O. Box 515 
7067 Wellington Road 124S","P.O. Box 515 
7067 Wellington Road 124S","Guelph","Guelph","Ontario","Ontario","N1H 6K9","CA","CA","Department of Public Works and Government Services (PSPC)"," Ministère des Travaux publics et des Services gouvernementaux (SPAC)","11 Laurier St, Phase III, Place du Portage","11, rue Laurier, Phase III, Place du Portage","Gatineau","Gatineau","Quebec","Québec","K1A 0S5","Canada","Canada","Department of Public Works and Government Services (PSPC)"," Ministère des Travaux publics et des Services gouvernementaux (SPAC)","","","11 Laurier St, Phase III, Place du Portage,Gatineau,Quebec,K1A 0S5,Canada","11, rue Laurier, Phase III, Place du Portage,Gatineau,Québec,K1A 0S5,Canada","Secord, Brian (SPAC/PSPC)","brian.secord@tpsgc-pwgsc.gc.ca","","","","","","","","","","","","","Canada is seeking offers from Offerors to provide 50% (by mass) Sodium Hydroxide solution (caustic) that will be used in treatment plants designed to treat acid mine drainage. to the Department of Public Works and Government Services Canada.","Le Canada sollicite des offres de la part d'offrants pour fournir une solution d'hydroxyde de sodium (caustique) à 50 % (en masse) qui sera utilisée dans les usines de traitement conçues pour traiter le drainage minier acide. au ministère des Travaux publics et des Services gouvernementaux Canada."
"PR16717 E60PV-25FRTK National Individual Standing Offer (NISO) FilmArray and Razor","PR16717 E60PV-25FRTK Offre à commandes individuelle nationale (OCIN) - FilmArray et Razor","CW2409962","000","WS5264890744","WS5264890744","CW2409962","3","2025-09-23","2025-09-19","","2025-09-19","2030-03-31","0.00","0.00","CAD","Active","Actif","Standing Offer","Offre à commandes","Original","Original","","","","*12360000
*41100000
*77101501
*77101502
*77101503
*77101505","*Pharmaceutical drug precursors
*Laboratory and scientific equipment
*Risk or hazard assessment
*Environmental standards
*Environmental indicators analysis
*Environmental monitoring","*Précurseurs de médicaments pharmaceutiques
*Équipements scientifiques et de laboratoire
*Evaluation des risques et du danger
*Normes environnementales
*Analyse des indicateurs environnementaux
*Surveillance environnementale","*GD","Request for Standing Offer","Demande d’offre à commandes","Non-competitive","Non concurrentielle","Not applicable","Sans objet","Exclusive Rights","Droits exclusifs","*Canada-Colombia Free Trade Agreement
*Canada-European Union Comprehensive Economic and Trade Agreement (CETA)
*Canada-Chile Free Trade Agreement (CCFTA)
*Canadian Free Trade Agreement (CFTA)
*World Trade Organization Agreement on Government Procurement (WTO GPA)
*Canada-Peru Free Trade Agreement (CPFTA)
*Canada-Honduras Free Trade Agreement
*Canada-Ukraine Free Trade Agreement (CUFTA)
*Canada-Korea Free Trade Agreement (CKFTA)
*Canada-UK Trade Continuity Agreement (Canada-UK TCA)
*Canada-Panama Free Trade Agreement
*Comprehensive and Progressive Agreement for Trans-Pacific Partnership (CPTPP)","*Accord de libre-échange Canada-Colombie
*Accord économique et commercial global (AECG) entre le Canada et l’Union européenne (UE)
*Accord de libre-échange Canada-Chili (ALECC)
*Accord de libre-échange canadien (ALEC)
*Accord sur les marchés publics de l'Organisation mondiale du commerce (AMP-OMC)
*Accord de libre-échange Canada-Pérou (ALECP)
*Accord de libre-échange Canada-Honduras
*Accord de libre-échange Canada-Ukraine (ALECU)
*Accord de libre-échange Canada-Corée
*Accord de continuité commerciale Canada–Royaume-Uni (ACC Canada-Royaume-Uni)
*Accord de libre-échange Canada-Panama
*Accord de Partenariat transpacifique global et progressiste (PTPGP)","*Ottawa
*Manitoba
*Canada
*Nova Scotia
*Alberta
*British Columbia","*Ottawa
*Manitoba
*Canada
*Nouvelle-Écosse
*Alberta
*Colombie-Britannique","CLERMARK INC","CLERMARK INC","","","","","4","4","18 Kanata Rockeries Private","18 Kanata Rockeries Private","Ottawa","Ottawa","Ontario","Ontario","K2K 3P4","CA","CA","Department of Public Works and Government Services (PSPC)"," Ministère des Travaux publics et des Services gouvernementaux (SPAC)","11 Laurier St, Phase III, Place du Portage","11, rue Laurier, Phase III, Place du Portage","Gatineau","Gatineau","Quebec","Québec","K1A 0S5","Canada","Canada","Department of National Defence (DND) / Royal Canadian Mounted Police (RCMP) / Public Health Agency of Canada (PHAC)"," Gendarmerie royale du Canada (GRC) /  Agence de la santé publique du Canada (ASPC) /  Ministère de la Défense nationale (MDN)"," /  / "," /  / ","101 Colonel By Dr,Ottawa,Ontario,K1A0K2,Canada / 73 Leikin Dr,Ottawa,Ontario,K1AOR2,Canada / 130 Colonnade Road,Ottawa,Ontario,K1A 0K9,Canada","73, promenade Leikin,Ottawa,Ontario,K1AOR2,Canada / 130, chemin Colonnade,Ottawa,Ontario,K1A 0K9,Canada / 101, promenade Colonel By,Ottawa,Ontario,K1A0K2,Canada","Chau, Grace (SPAC/PSPC) (elle-la / she-her)","grace.chau@tpsgc-pwgsc.gc.ca","","","","","","","","","","","","","",""
"21301-268099 - Standing Offer for various chemical products for the Archambault thermal power plant","21301-268099 - Offre à commandes pour divers produits chimiques pour la centrale thermique d'Archambault","CW2432436","000","WS5314650886","WS5314650886","CW2432436","1","2026-02-17","2025-12-11","","2025-12-11","2026-12-31","0.00","0.00","CAD","Active","Actif","Standing Offer","Offre à commandes","Original","Original","","","","*12161500","*Indicators and Reagents","*Indicateurs et Réactifs","*GD","Request for Standing Offer","Demande d’offre à commandes","Competitive - Open bidding","Concurrentielle - Invitation ouverte à soumissionner","Lowest Price","Prix le plus bas","None","Aucune","*Canadian Free Trade Agreement (CFTA)
*Canada-Colombia Free Trade Agreement
*World Trade Organization Agreement on Government Procurement (WTO GPA)
*Canada-Chile Free Trade Agreement (CCFTA)
*Canada-Peru Free Trade Agreement (CPFTA)
*Canada-European Union Comprehensive Economic and Trade Agreement (CETA)
*Canada-Honduras Free Trade Agreement
*Canada-Panama Free Trade Agreement
*Comprehensive and Progressive Agreement for Trans-Pacific Partnership (CPTPP)
*North American Free Trade Agreement (NAFTA)
*Canada-Korea Free Trade Agreement (CKFTA)
*Canada-UK Trade Continuity Agreement (Canada-UK TCA)
*Canada-Ukraine Free Trade Agreement (CUFTA)","*Accord de libre-échange canadien (ALEC)
*Accord de libre-échange Canada-Colombie
*Accord sur les marchés publics de l'Organisation mondiale du commerce (AMP-OMC)
*Accord de libre-échange Canada-Chili (ALECC)
*Accord de libre-échange Canada-Pérou (ALECP)
*Accord économique et commercial global (AECG) entre le Canada et l’Union européenne (UE)
*Accord de libre-échange Canada-Honduras
*Accord de libre-échange Canada-Panama
*Accord de Partenariat transpacifique global et progressiste (PTPGP)
*Accord de libre-échange nord-américain (ALENA)
*Accord de libre-échange Canada-Corée
*Accord de continuité commerciale Canada–Royaume-Uni (ACC Canada-Royaume-Uni)
*Accord de libre-échange Canada-Ukraine (ALECU)","*Sainte-Anne-des-Plaines","*Sainte-Anne-des-Plaines","JR2 inc.","JR2 inc.","","","JR2 Services","JR2 Services","20","20","2091-B LEONARD-DE-VINCI","2091-B LEONARD-DE-VINCI","ST-JULIE","ST-JULIE","Québec","Québec","J3E 1Z2","CA","CA","Department of Public Works and Government Services (PSPC)"," Ministère des Travaux publics et des Services gouvernementaux (SPAC)","11 Laurier St, Phase III, Place du Portage","11, rue Laurier, Phase III, Place du Portage","Gatineau","Gatineau","Quebec","Québec","K1A 0S5","Canada","Canada","Correctional Service of Canada (CSC)"," Service correctionnel du Canada (SCC)","","","340 Laurier Ave W,Ottawa,Ontario,K1P0P9,Canada","340, avenue Laurier Ouest,Ottawa,Ontario,K1P0P9,Canada","Guyonnet, Pierre (SPAC/PSPC)","pierre.guyonnet@tpsgc-pwgsc.gc.ca","","","","","","","","","","","","","21301-268099 - Standing Offer for various chemical products for the Archambault thermal power plant","21301-268099 - Offre à commandes pour divers produits chimiques pour la centrale thermique d'Archambault"
"Non-Moulded Chair Foam for CORCAN","Mousse non-moulée pour chaise CORCAN","CW2433568","000","WS5421243651","WS5421243651","CW2433568","1","2026-01-31","2025-12-18","","2026-01-31","2027-01-30","0.00","0.00","CAD","Active","Actif","Standing Offer","Offre à commandes","Original","Original","","","","*13000000
*56000000
*73100000
*73101900
*73151800","*Resin and Rosin and Rubber and Foam and Film and Elastomeric Materials
*Furniture and Furnishings
*Plastic and chemical industries
*Rubber production
*Converting services","*Résine, colophanes, caoutchouc, mousse, pellicule et matériaux élastomériques
*Meubles et ameublements
*Services des industries plastiques et chimiques
*Services de production de caoutchouc
*Services de transformation","*GD","Directed Contract","Contrat prescrit","Non-competitive","Non concurrentielle","Not applicable","Sans objet","No response to bid solicitation","Aucune réponse à une invitation à soumissionner","*Canadian Free Trade Agreement (CFTA)","*Accord de libre-échange canadien (ALEC)","*Canada","*Canada","CUSTOM FOAM SYSTEMS LTD.","CUSTOM FOAM SYSTEMS LTD.","","","","","","","360 TRILLIUM DRIVE","360 TRILLIUM DRIVE","KITCHENER","KITCHENER","Ontario","Ontario","N2E 2K6","CA","CA","Department of Public Works and Government Services (PSPC)"," Ministère des Travaux publics et des Services gouvernementaux (SPAC)","11 Laurier St, Phase III, Place du Portage","11, rue Laurier, Phase III, Place du Portage","Gatineau","Gatineau","Quebec","Québec","K1A 0S5","Canada","Canada","CORCAN"," CORCAN","","","340 Laurier Avenue West,Ottawa,Ontario,K1P 0P9,Canada","340, avenue Laurier Ouest,Ottawa,Ontario,K1P 0P9,Canada","Torkia, Katia-Annik (SPAC/PSPC)","katia-annik.torkia@tpsgc-pwgsc.gc.ca","","","","","","","","","","","","","This requirement is for the supply and delivery of cushioning material made out of expended flexible urethane foam of either flat slab, sculpted slab or molded construction. It is used by CORCAN in office chair applications as well as other soft seating applications.","Ce besoin est pour la fourniture et livraison de matériaux de rembourrage faits de mousse d’uréthane souple expansée de type moulé, profilé ou en feuille, selon les besoins, aux diverses installations de CORCAN à l’échelle du Canada."
"E62ZR-240654 - White Paper Rolls Standing Offer","E62ZR-240654 - Offre à commandes pour des Rouleaux de papier blanc","CW2356449","000","WS4322672863","WS4322672863","CW2356449","2","2025-10-01","2025-10-01","","2025-10-01","2026-09-30","0.00","0.00","CAD","Active","Actif","Standing Offer","Offre à commandes","Original","Original","","","","*14000000","*Paper Materials and Products","*Matières et produits de papeterie","*GD","Request for Standing Offer","Demande d’offre à commandes","Competitive - Open bidding","Concurrentielle - Invitation ouverte à soumissionner","Lowest Price","Prix le plus bas","None","Aucune","*Canadian Free Trade Agreement (CFTA)
*World Trade Organization Agreement on Government Procurement (WTO GPA)
*North American Free Trade Agreement (NAFTA)","*Accord de libre-échange canadien (ALEC)
*Accord sur les marchés publics de l'Organisation mondiale du commerce (AMP-OMC)
*Accord de libre-échange nord-américain (ALENA)","*Canada","*Canada","DATA COMMUNICATIONS MANAGEMENT CORP","DATA COMMUNICATIONS MANAGEMENT CORP","DCM","DCM","","","1800","1800","9195 Torbram Rd","9195 Torbram Rd","Brampton","Brampton","Ontario","Ontario","L6S 6H2","CA","CA","Department of Public Works and Government Services (PSPC)"," Ministère des Travaux publics et des Services gouvernementaux (SPAC)","11 Laurier St, Phase III, Place du Portage","11, rue Laurier, Phase III, Place du Portage","Gatineau","Gatineau","Quebec","Québec","K1A 0S5","Canada","Canada","Department of Public Works and Government Services (PSPC)"," Ministère des Travaux publics et des Services gouvernementaux (SPAC)","","","11 Laurier St, Phase III, Place du Portage,Gatineau,Quebec,K1A 0S5,Canada","11, rue Laurier, Phase III, Place du Portage,Gatineau,Québec,K1A 0S5,Canada","Durand-marsh, Gabrielle (SPAC/PSPC) (elle-la / she-her)","gabrielle.durand-marsh@tpsgc-pwgsc.gc.ca","","","","","","","","","","","","","White Paper Rolls Standing Offer","Offre à commandes de rouleaux de papier blanc"
"21C31-252937 - RISO Various envelopes","21C31-252937 - OCIR Diverses enveloppes","CW2400059","000","WS4978034748","WS4978034748","CW2400059","2","2025-08-01","2025-07-31","","2025-08-01","2026-07-14","0.00","0.00","CAD","Active","Actif","Standing Offer","Offre à commandes","Original","Original","","","","*14110000
*82121500","*Paper products
*Printing","*Produits de papeterie
*Impression","*GD","Request for Standing Offer","Demande d’offre à commandes","Competitive - Open bidding","Concurrentielle - Invitation ouverte à soumissionner","Lowest Price","Prix le plus bas","","","*Canada-Chile Free Trade Agreement (CCFTA)
*Canadian Free Trade Agreement (CFTA)
*Canada-Colombia Free Trade Agreement
*Comprehensive and Progressive Agreement for Trans-Pacific Partnership (CPTPP)
*Canada-European Union Comprehensive Economic and Trade Agreement (CETA)
*Canada-Honduras Free Trade Agreement
*Canada-Panama Free Trade Agreement
*Canada-Ukraine Free Trade Agreement (CUFTA)
*World Trade Organization Agreement on Government Procurement (WTO GPA)
*Canada-Korea Free Trade Agreement (CKFTA)
*Canada-Peru Free Trade Agreement (CPFTA)
*North American Free Trade Agreement (NAFTA)
*Canada-UK Trade Continuity Agreement (Canada-UK TCA)","*Accord de libre-échange Canada-Chili (ALECC)
*Accord de libre-échange canadien (ALEC)
*Accord de libre-échange Canada-Colombie
*Accord de Partenariat transpacifique global et progressiste (PTPGP)
*Accord économique et commercial global (AECG) entre le Canada et l’Union européenne (UE)
*Accord de libre-échange Canada-Honduras
*Accord de libre-échange Canada-Panama
*Accord de libre-échange Canada-Ukraine (ALECU)
*Accord sur les marchés publics de l'Organisation mondiale du commerce (AMP-OMC)
*Accord de libre-échange Canada-Corée
*Accord de libre-échange Canada-Pérou (ALECP)
*Accord de libre-échange nord-américain (ALENA)
*Accord de continuité commerciale Canada–Royaume-Uni (ACC Canada-Royaume-Uni)","*Quebec (except NCR)","*Québec (sauf RCN)","12363623 Canada Inc.","12363623 Canada Inc.","","","","","","","501 Rosser Ave","501 Rosser Ave","Brandon","Brandon","Manitoba","Manitoba","R7A 0K4","CA","CA","Department of Public Works and Government Services (PSPC)"," Ministère des Travaux publics et des Services gouvernementaux (SPAC)","11 Laurier St, Phase III, Place du Portage","11, rue Laurier, Phase III, Place du Portage","Gatineau","Gatineau","Quebec","Québec","K1A 0S5","Canada","Canada","Correctional Service of Canada (CSC)"," Service correctionnel du Canada (SCC)","","","340 Laurier Ave W,Ottawa,Ontario,K1P0P9,Canada","340, avenue Laurier Ouest,Ottawa,Ontario,K1P0P9,Canada","Laberge, Myriam (SPAC/PSPC)","myriam.laberge@tpsgc-pwgsc.gc.ca","","","","","","","","","","","","","RISO for the acquisition of various enveloppes","OCIR pour l'achat d'enveloppes diverses"
"21C31-252455 - Carbonless Paper","21C31-252455 - Papier Autocopiant","CW2407829","000","WS5029631534","WS5029631534","CW2407829","2","2025-09-06","2025-09-03","","2025-09-06","2026-09-05","0.00","0.00","CAD","Active","Actif","Standing Offer","Offre à commandes","Original","Original","","","","*14111500
*14121500
*14121700
*14121800
*14121900
*14122100
*14122200","*Printing and writing paper
*Paperboard and packaging papers
*Laminated papers
*Coated papers
*Newsprint and offset papers
*Uncoated base papers
*Specialty industrial use papers","*Papier d'imprimerie et d'écriture
*Carton et papiers d'emballage
*Papiers laminés
*Papiers enduits
*Papier offset et papier journal
*Papiers communs non couchés
*Papiers spéciaux à usage industriel","*GD","Request for Standing Offer","Demande d’offre à commandes","Competitive - Open bidding","Concurrentielle - Invitation ouverte à soumissionner","Lowest Price","Prix le plus bas","None","Aucune","*Canada-Honduras Free Trade Agreement
*World Trade Organization Agreement on Government Procurement (WTO GPA)
*Canada-Chile Free Trade Agreement (CCFTA)
*Canadian Free Trade Agreement (CFTA)
*Canada-Korea Free Trade Agreement (CKFTA)
*Canada-Panama Free Trade Agreement
*Canada-European Union Comprehensive Economic and Trade Agreement (CETA)
*Canada-Colombia Free Trade Agreement
*Canada-Ukraine Free Trade Agreement (CUFTA)
*Canada-Peru Free Trade Agreement (CPFTA)
*Comprehensive and Progressive Agreement for Trans-Pacific Partnership (CPTPP)
*Canada-UK Trade Continuity Agreement (Canada-UK TCA)","*Accord de libre-échange Canada-Honduras
*Accord sur les marchés publics de l'Organisation mondiale du commerce (AMP-OMC)
*Accord de libre-échange Canada-Chili (ALECC)
*Accord de libre-échange canadien (ALEC)
*Accord de libre-échange Canada-Corée
*Accord de libre-échange Canada-Panama
*Accord économique et commercial global (AECG) entre le Canada et l’Union européenne (UE)
*Accord de libre-échange Canada-Colombie
*Accord de libre-échange Canada-Ukraine (ALECU)
*Accord de libre-échange Canada-Pérou (ALECP)
*Accord de Partenariat transpacifique global et progressiste (PTPGP)
*Accord de continuité commerciale Canada–Royaume-Uni (ACC Canada-Royaume-Uni)","*Quebec (except NCR)","*Québec (sauf RCN)","Ariva","Ariva","","","","","350","350","1330 Courtneypark Dr E","1330 Courtneypark Dr E","Mississauga","Mississauga","Ontario","Ontario","L5T 1K5","CA","CA","Department of Public Works and Government Services (PSPC)"," Ministère des Travaux publics et des Services gouvernementaux (SPAC)","11 Laurier St, Phase III, Place du Portage","11, rue Laurier, Phase III, Place du Portage","Gatineau","Gatineau","Quebec","Québec","K1A 0S5","Canada","Canada","Correctional Service of Canada (CSC)"," Service correctionnel du Canada (SCC)","","","340 Laurier Ave W,Ottawa,Ontario,K1P0P9,Canada","340, avenue Laurier Ouest,Ottawa,Ontario,K1P0P9,Canada","Caruso, Anna (SPAC/PSPC)","anna.caruso@tpsgc-pwgsc.gc.ca","","","","","","","","","","","","","RISO for the acquisition of carbonless paper, other paper and cardboard for printing","OCIR pour l'achat de papier autocopiant, autre papier et carton pour impression"
"5P412-250355 Propane Gas","5P412-250355 Gaz propane","CW2403338","000","WS5063344223","WS5063344223","CW2403338","1","2025-09-08","2025-08-22","","2025-09-01","2026-08-31","44919.00","44919.00","CAD","Active","Actif","Contract","Contrat","Original","Original","","","","*15000000","*Fuels and Fuel Additives and Lubricants and Anti corrosive Materials","*Combustibles, additifs de combustibles, lubrifiants et agents anti-corrosion","*GD","Request for Proposal","Demande de propositions","Competitive - Open bidding","Concurrentielle - Invitation ouverte à soumissionner","Lowest Price","Prix le plus bas","None","Aucune","*Canadian Free Trade Agreement (CFTA)
*Canada-Korea Free Trade Agreement (CKFTA)","*Accord de libre-échange canadien (ALEC)
*Accord de libre-échange Canada-Corée","*Prince Albert","*Prince Albert","Superior Propane","Superior Propane","","","","","","","470 MACNAUGHTON AVE","470 MACNAUGHTON AVE","MONCTON","MONCTON","New Brunswick","New Brunswick","E1H 2K1","CA","CA","Department of Public Works and Government Services (PSPC)"," Ministère des Travaux publics et des Services gouvernementaux (SPAC)","11 Laurier St, Phase III, Place du Portage","11, rue Laurier, Phase III, Place du Portage","Gatineau","Gatineau","Quebec","Québec","K1A 0S5","Canada","Canada","Parks Canada Agency (PC)"," Agence Parcs Canada (PC)","","","30 Victoria Street,Gatineau,Quebec,J8X 0B3,Canada","30, rue Victoria,Gatineau,Quebec,J8X 0B3,Canada","Van Hereweghe, Amy (SPAC/PSPC) (elle-la / she-her)","amy.vanhereweghe@tpsgc-pwgsc.gc.ca","","","","","","","","","","","","","",""
"W307B-26D010 Arctic Naval Distillate Fuel","W307B-26D010 Mazout léger marin pour l'Arctique","CW2408000","000","WS5237274660","WS5237274660","CW2408000","2","2025-07-24","2025-07-24","","2025-07-24","2025-09-30","445935.00","403440.07","CAD","Active","Actif","Contract","Contrat","Original","Original","","","","*15100000","*Fuels","*Combustibles","*GD","Request for Proposal","Demande de propositions","Competitive - Open bidding","Concurrentielle - Invitation ouverte à soumissionner","Variations or combinations of the above methods","Variations ou combinaisons des méthodes susmentionnées","None","Aucune","*Canada-Colombia Free Trade Agreement
*Canada-Chile Free Trade Agreement (CCFTA)
*Canada-Peru Free Trade Agreement (CPFTA)
*Canadian Free Trade Agreement (CFTA)
*Canada-European Union Comprehensive Economic and Trade Agreement (CETA)
*World Trade Organization Agreement on Government Procurement (WTO GPA)
*Comprehensive and Progressive Agreement for Trans-Pacific Partnership (CPTPP)
*Canada-Honduras Free Trade Agreement
*Canada-Korea Free Trade Agreement (CKFTA)
*Canada-Ukraine Free Trade Agreement (CUFTA)
*Canada-Panama Free Trade Agreement
*Canada-UK Trade Continuity Agreement (Canada-UK TCA)","*Accord de libre-échange Canada-Colombie
*Accord de libre-échange Canada-Chili (ALECC)
*Accord de libre-échange Canada-Pérou (ALECP)
*Accord de libre-échange canadien (ALEC)
*Accord économique et commercial global (AECG) entre le Canada et l’Union européenne (UE)
*Accord sur les marchés publics de l'Organisation mondiale du commerce (AMP-OMC)
*Accord de Partenariat transpacifique global et progressiste (PTPGP)
*Accord de libre-échange Canada-Honduras
*Accord de libre-échange Canada-Corée
*Accord de libre-échange Canada-Ukraine (ALECU)
*Accord de libre-échange Canada-Panama
*Accord de continuité commerciale Canada–Royaume-Uni (ACC Canada-Royaume-Uni)","*Resolute Bay","*Resolute Bay","AV Nunavut Fuels Inc.","AV Nunavut Fuels Inc.","","","","","","","234 Manirak Street 
P.O. Box 732","234 Manirak Street 
P.O. Box 732","Rankin Inlet","Rankin Inlet","Nunavut","Nunavut","X0C 0G0","CA","CA","Department of Public Works and Government Services (PSPC)"," Ministère des Travaux publics et des Services gouvernementaux (SPAC)","11 Laurier St, Phase III, Place du Portage","11, rue Laurier, Phase III, Place du Portage","Gatineau","Gatineau","Quebec","Québec","K1A 0S5","Canada","Canada","Department of National Defence (DND)"," Ministère de la Défense nationale (MDN)","","","101 Colonel By Dr,Ottawa,Ontario,K1A0K2,Canada","101, promenade Colonel By,Ottawa,Ontario,K1A0K2,Canada","Hiltz, Jackson (SPAC/PSPC)","jackson.hiltz@tpsgc-pwgsc.gc.ca","","","","","","","","","","","","","",""
"E60HL-250007 Arctic Sealift Drummed Fuel","E60HL-250007 Carburant en barils pour le pont océanique de l'arctique","CW2403486","000","WS5143094712","WS5143094712","CW2403486","2","2025-05-27","2025-05-26","","2025-05-26","2026-04-30","72750.22","74327.57","CAD","Active","Actif","Contract","Contrat","Original","Original","","","","*15100000
*15101504
*15101505
*15101506","*Fuels
*Aviation fuel
*Diesel fuel
*Gasoline or Petrol","*Combustibles
*Carburants d'aviation
*Diesel
*Essence ou super","*GD","Request for Proposal","Demande de propositions","Competitive - Open bidding","Concurrentielle - Invitation ouverte à soumissionner","Variations or combinations of the above methods","Variations ou combinaisons des méthodes susmentionnées","None","Aucune","*Canada-European Union Comprehensive Economic and Trade Agreement (CETA)
*Canada-Honduras Free Trade Agreement
*Canada-Colombia Free Trade Agreement
*Canadian Free Trade Agreement (CFTA)
*Canada-UK Trade Continuity Agreement (Canada-UK TCA)
*Comprehensive and Progressive Agreement for Trans-Pacific Partnership (CPTPP)
*World Trade Organization Agreement on Government Procurement (WTO GPA)
*Canada-Chile Free Trade Agreement (CCFTA)
*Canada-Panama Free Trade Agreement
*Canada-Ukraine Free Trade Agreement (CUFTA)
*Canada-Peru Free Trade Agreement (CPFTA)
*Canada-Korea Free Trade Agreement (CKFTA)","*Accord économique et commercial global (AECG) entre le Canada et l’Union européenne (UE)
*Accord de libre-échange Canada-Honduras
*Accord de libre-échange Canada-Colombie
*Accord de libre-échange canadien (ALEC)
*Accord de continuité commerciale Canada–Royaume-Uni (ACC Canada-Royaume-Uni)
*Accord de Partenariat transpacifique global et progressiste (PTPGP)
*Accord sur les marchés publics de l'Organisation mondiale du commerce (AMP-OMC)
*Accord de libre-échange Canada-Chili (ALECC)
*Accord de libre-échange Canada-Panama
*Accord de libre-échange Canada-Ukraine (ALECU)
*Accord de libre-échange Canada-Pérou (ALECP)
*Accord de libre-échange Canada-Corée","*St. John's
*Québec
*Sainte-Catherine","*St. John's
*Québec
*Sainte-Catherine","PetroValue Products","PetroValue Products","PetroValue","PetroValue","PV","PV","12","12","102- 9930 197 st Langley","102- 9930 197 st Langley","Langley","Langley","British Columbia","British Columbia","V1M 3G5","CA","CA","Department of Public Works and Government Services (PSPC)"," Ministère des Travaux publics et des Services gouvernementaux (SPAC)","11 Laurier St, Phase III, Place du Portage","11, rue Laurier, Phase III, Place du Portage","Gatineau","Gatineau","Quebec","Québec","K1A 0S5","Canada","Canada","Department of the Environment (ECCC ) / Department of Natural Resources  (NRCan) / Canadian Coast Guard (CCG)"," Ministère des Ressources naturelles (RNCan) /  Garde côtière canadienne (GCC) /  Ministère de l’Environnement (ECCC)"," /  / "," /  / ","200 Boulevard Sacré-Coeur,Gatineau,Quebec,J8X4C6,Canada / 580 Booth Street,Ottawa,Ontario,K1A0E4,Canada / 200 Kent St. Station 13E228,Ottawa,Ontario,K1A0E6,Canada","580, rue Booth,Ottawa,Ontario,K1A0E4,Canada / 200, rue Kent, Station 13E228,Ottawa,Ontario,K1A0E6,Canada / 200, boulevard Sacré-Coeur,Gatineau,Quebec,J8X4C6,Canada","Hiltz, Jackson (SPAC/PSPC)","jackson.hiltz@tpsgc-pwgsc.gc.ca","","","","","","","","","","","","","",""
"E60HL-240050 NMSO Into-plane Aviation Fuel 2024-2026","E60HL-240050 OCPN Carburant d’aviation mise à bord 2024-2026","CW2418206","000","WS4456627547","WS4456627547","CW2418206","1","2025-10-01","2025-09-15","","2025-10-01","2026-05-31","3336218.10","3336218.10","CAD","Active","Actif","Standing Offer","Offre à commandes","Original","Original","","","","*15101504","*Aviation fuel","*Carburants d'aviation","*GD","Request for Standing Offer","Demande d’offre à commandes","Competitive - Open bidding","Concurrentielle - Invitation ouverte à soumissionner","Variations or combinations of the above methods","Variations ou combinaisons des méthodes susmentionnées","None","Aucune","*Canada-Chile Free Trade Agreement (CCFTA)
*Comprehensive and Progressive Agreement for Trans-Pacific Partnership (CPTPP)
*Canada-Colombia Free Trade Agreement
*Canadian Free Trade Agreement (CFTA)
*Canada-European Union Comprehensive Economic and Trade Agreement (CETA)
*Canada-Honduras Free Trade Agreement
*Canada-Panama Free Trade Agreement
*Canada-Korea Free Trade Agreement (CKFTA)
*World Trade Organization Agreement on Government Procurement (WTO GPA)
*Canada-Ukraine Free Trade Agreement (CUFTA)
*Canada-Peru Free Trade Agreement (CPFTA)
*Canada-UK Trade Continuity Agreement (Canada-UK TCA)","*Accord de libre-échange Canada-Chili (ALECC)
*Accord de Partenariat transpacifique global et progressiste (PTPGP)
*Accord de libre-échange Canada-Colombie
*Accord de libre-échange canadien (ALEC)
*Accord économique et commercial global (AECG) entre le Canada et l’Union européenne (UE)
*Accord de libre-échange Canada-Honduras
*Accord de libre-échange Canada-Panama
*Accord de libre-échange Canada-Corée
*Accord sur les marchés publics de l'Organisation mondiale du commerce (AMP-OMC)
*Accord de libre-échange Canada-Ukraine (ALECU)
*Accord de libre-échange Canada-Pérou (ALECP)
*Accord de continuité commerciale Canada–Royaume-Uni (ACC Canada-Royaume-Uni)","*British Columbia","*Colombie-Britannique","442929 BC Limited","442929 BC Limited","","","","","","","201-6197 Airport Way","201-6197 Airport Way","Kelowna","Kelowna","British Columbia","British Columbia","V1V 2S2","CA","CA","Department of Public Works and Government Services (PSPC)"," Ministère des Travaux publics et des Services gouvernementaux (SPAC)","11 Laurier St, Phase III, Place du Portage","11, rue Laurier, Phase III, Place du Portage","Gatineau","Gatineau","Quebec","Québec","K1A 0S5","Canada","Canada","National Research Council of Canada (NRC) / Royal Canadian Mounted Police (RCMP) / Department of Transport (TC) / Department of National Defence (DND)"," Ministère de la Défense nationale (MDN) /  Gendarmerie royale du Canada (GRC) /  Ministère des Transports (TC) /  Conseil national de recherches du Canada (CNRC)"," /  /  / "," /  /  / ","100 Sussex Dr,Ottawa,Ontario,K1A0R6,Canada / 73 Leikin Dr,Ottawa,Ontario,K1AOR2,Canada / 330 Sparks Street,Ottawa,Ontario,K1A0N8,Canada / 101 Colonel By Dr,Ottawa,Ontario,K1A0K2,Canada","101, promenade Colonel By,Ottawa,Ontario,K1A0K2,Canada / 73, promenade Leikin,Ottawa,Ontario,K1AOR2,Canada / 330, rue Sparks,Ottawa,Ontario,K1A0N8,Canada / 100, promenade Sussex,Ottawa,Ontario,K1A0R6,Canada","MacLeod, Bobbi (SPAC/PSPC)","bobbi.macleod@tpsgc-pwgsc.gc.ca","","","","","","","","","","","","","National Master Standing Offers for aviation fuels (Into-Plane) in accordance with Canadian General Standards Board standards, as applicable. Delivery to various locations in Canada, on an as-and when-requested basis, from June 1, 2024 up to and including May 31, 2026  

This procurement is subject to Comprehensive Land Claim Agreements (CLCAs) as deliveries to* Whitehorse, YK; Yellowknife, NT; Norman Wells, NT; Inuvik, NT; Chibougamau, QC and Val d'Or, QC are required.  

The applicable CLCAs are listed in the solicitation documents.

* where ""deliveries to"" means goods delivered to and services performed in.","MODIFICATION DE L'HEURE DE CLÔTURE: Veuillez ignorer l'heure de clôture de la date limite de réponse de la publication Ariba Discovery et l'heure de clôture de la publication Achatsetventes. Toutes les pièces justificatives requises et la soumission doivent être soumises le 3 avril 2024 avant 14h00 HAE. Toutes les soumissions soumises après 14h00 HAE seront déclaré non conforme. 

Offres à commandes principales et nationales pour des carburants aviation (à bord) conformément aux normes de l'Office des normes générales du Canada, selon le cas.   Le produit doit être livré à divers emplacements au Canada, selon la demande, du 1er juin 2024 au 31 mai 2026 inclusivement.  

Ce marché est assujetti aux modalités d'Ententes sur la revendication territoriale globale (ERTG) et les produits seront livrés à Whitehorse (Yukon), à Yellowknife (Territoires du Nord-Ouest), à Norman Wells (Territoires du Nord-Ouest), à Inuvik (Territoires du Nord-Ouest), à Chibougamau (Québec) et à Val d'Or (Québec), selon le besoin. 

Les ERTG qui s'appliquent sont énumérées dans le document de demande.

où « livraisons » veut dire « biens livrés et services exécutés à »."
"24062-260136 - Delivery of Environmental Attributes associated with sustainable aviation","24062-260136 - Fourniture d'attributs environnementaux associés aux carburants d'aviation durables","CW2423647","000","WS5400037735","WS5400037735","CW2423647","1","2026-02-12","2026-01-30","","2026-01-01","2026-03-31","882530.00","882530.00","CAD","Active","Actif","Contract","Contrat","Original","Original","","","","*15101504","*Aviation fuel","*Carburants d'aviation","*GD","Request for Proposal","Demande de propositions","Competitive - Open bidding","Concurrentielle - Invitation ouverte à soumissionner","Lowest Price","Prix le plus bas","","","*Canadian Free Trade Agreement (CFTA)
*Canada-Panama Free Trade Agreement
*Canada-Chile Free Trade Agreement (CCFTA)
*Canada-Honduras Free Trade Agreement
*Canada-Ukraine Free Trade Agreement (CUFTA)","*Accord de libre-échange canadien (ALEC)
*Accord de libre-échange Canada-Panama
*Accord de libre-échange Canada-Chili (ALECC)
*Accord de libre-échange Canada-Honduras
*Accord de libre-échange Canada-Ukraine (ALECU)","*Canada","*Canada","Air Canada","Air Canada","","","","","","","7373 COTE VERTU WEST","7373 COTE VERTU WEST","Montreal","Montreal","Quebec","Quebec","H4Y 1S4","CA","CA","Department of Public Works and Government Services (PSPC)"," Ministère des Travaux publics et des Services gouvernementaux (SPAC)","11 Laurier St, Phase III, Place du Portage","11, rue Laurier, Phase III, Place du Portage","Gatineau","Gatineau","Quebec","Québec","K1A 0S5","Canada","Canada","Treasury Board (TBS)"," Conseil du Trésor (SCT)","","","90 Elgin Street,Ottawa,Ontario,K1A0R5,Canada","90, rue Elgin,Ottawa,Ontario,K1A0R5,Canada","Tabiou, Tangbandja bi (SPAC/PSPC) (il-lui / he-him)","tangbandjabi.tabiou@tpsgc-pwgsc.gc.ca","","","","","","","","","","","","","",""
"5P414-260100-001-HL SO Drummed Fuel for Wood Buffalo National Park 2026-2028","5P414-260100-001-HL OC Carburant d’aviation en barils pour le parc national Wood Buffalo 2026-2028","CW2443577","000","WS5467856438","WS5467856438","CW2443577","1","2026-03-09","2026-03-09","","2026-04-01","2028-03-31","600000.00","600000.00","CAD","Active","Actif","Standing Offer","Offre à commandes","Original","Original","","","","*15101504","*Aviation fuel","*Carburants d'aviation","*GD","Request for Standing Offer","Demande d’offre à commandes","Competitive - Open bidding","Concurrentielle - Invitation ouverte à soumissionner","Lowest Price","Prix le plus bas","","","*Canada-Chile Free Trade Agreement (CCFTA)
*Canada-Colombia Free Trade Agreement
*Canadian Free Trade Agreement (CFTA)
*Canada-Honduras Free Trade Agreement
*Canada-European Union Comprehensive Economic and Trade Agreement (CETA)
*World Trade Organization Agreement on Government Procurement (WTO GPA)
*Canada-Korea Free Trade Agreement (CKFTA)
*Comprehensive and Progressive Agreement for Trans-Pacific Partnership (CPTPP)
*Canada-Panama Free Trade Agreement
*Canada-Ukraine Free Trade Agreement (CUFTA)
*Canada-Peru Free Trade Agreement (CPFTA)
*Canada-UK Trade Continuity Agreement (Canada-UK TCA)","*Accord de libre-échange Canada-Chili (ALECC)
*Accord de libre-échange Canada-Colombie
*Accord de libre-échange canadien (ALEC)
*Accord de libre-échange Canada-Honduras
*Accord économique et commercial global (AECG) entre le Canada et l’Union européenne (UE)
*Accord sur les marchés publics de l'Organisation mondiale du commerce (AMP-OMC)
*Accord de libre-échange Canada-Corée
*Accord de Partenariat transpacifique global et progressiste (PTPGP)
*Accord de libre-échange Canada-Panama
*Accord de libre-échange Canada-Ukraine (ALECU)
*Accord de libre-échange Canada-Pérou (ALECP)
*Accord de continuité commerciale Canada–Royaume-Uni (ACC Canada-Royaume-Uni)","*Northwest Territories
*Alberta","*Territoires du Nord-Ouest
*Alberta","Max Fuel Distributors Ltd.","Max Fuel Distributors Ltd.","","","","","200","200","701 12 Ave NE","701 12 Ave NE","Slave Lake","Slave Lake","Alberta","Alberta","T0G 2A4","CA","CA","Department of Public Works and Government Services (PSPC)"," Ministère des Travaux publics et des Services gouvernementaux (SPAC)","11 Laurier St, Phase III, Place du Portage","11, rue Laurier, Phase III, Place du Portage","Gatineau","Gatineau","Quebec","Québec","K1A 0S5","Canada","Canada","Parks Canada Agency (PC)"," Agence Parcs Canada (PC)","","","30 Victoria Street,Gatineau,Quebec,J8X 0B3,Canada","30, rue Victoria,Gatineau,Quebec,J8X 0B3,Canada","Munz, Pam (SPAC/PSPC)","pam.munz@tpsgc-pwgsc.gc.ca","","","","","","","","","","","","","",""
"W3999-260004 International Intoplane and Ground Handling Services 2026-2029","W3999-260004 Services internationaux d’escale et de mise à bord de carburant 2026-2029","CW2437635","000","WS5441441047","WS5441441047","CW2437635","22","2026-02-01","2026-01-22","","2026-02-01","2028-01-31","46531427.45","46531427.45","CAD","Active","Actif","Standing Offer","Offre à commandes","Original","Original","","","","*15101504
*78141805","*Aviation fuel
*Aerodrome or airport or aviation facility operations service","*Carburants d'aviation
*Service d'opération d'installation d'aérodrome ou d'aéroport ou d'installation aérienne","*GD","Request for Standing Offer","Demande d’offre à commandes","Competitive - Open bidding","Concurrentielle - Invitation ouverte à soumissionner","Highest Combined Rating of Technical Merit and Price","Cote combinée la plus élevée pour le mérite technique et le prix","None","Aucune","*Canadian Free Trade Agreement (CFTA)
*World Trade Organization Agreement on Government Procurement (WTO GPA)
*Canada-Honduras Free Trade Agreement
*Canada-Colombia Free Trade Agreement
*Canada-Chile Free Trade Agreement (CCFTA)
*Canada-Panama Free Trade Agreement
*Canada-Korea Free Trade Agreement (CKFTA)
*Canada-European Union Comprehensive Economic and Trade Agreement (CETA)
*Comprehensive and Progressive Agreement for Trans-Pacific Partnership (CPTPP)
*Canada-UK Trade Continuity Agreement (Canada-UK TCA)
*Canada-Ukraine Free Trade Agreement (CUFTA)
*Canada-Peru Free Trade Agreement (CPFTA)","*Accord de libre-échange canadien (ALEC)
*Accord sur les marchés publics de l'Organisation mondiale du commerce (AMP-OMC)
*Accord de libre-échange Canada-Honduras
*Accord de libre-échange Canada-Colombie
*Accord de libre-échange Canada-Chili (ALECC)
*Accord de libre-échange Canada-Panama
*Accord de libre-échange Canada-Corée
*Accord économique et commercial global (AECG) entre le Canada et l’Union européenne (UE)
*Accord de Partenariat transpacifique global et progressiste (PTPGP)
*Accord de continuité commerciale Canada–Royaume-Uni (ACC Canada-Royaume-Uni)
*Accord de libre-échange Canada-Ukraine (ALECU)
*Accord de libre-échange Canada-Pérou (ALECP)","*Caribbean
*Mexico
*United States of America
*South America
*Europe
*Africa
*Oceania
*Asia
*Central America","*Caraïbes
*Mexique
*États-Unis d’Amérique
*Amérique du Sud
*Europe
*Afrique
*Océanie
*Asie
*Amérique centrale","World Fuel Services Canada, ULC","World Fuel Services Canada, ULC","","","World Fuel Services, Inc.","World Fuel Services, Inc.","5000","5000","1750 - 1055 West Georgia St. P.O. Box 11125","1750 - 1055 West Georgia St. P.O. Box 11125","Vancouver","Vancouver","British Columbia","British Columbia","V6E 3P3","CA","CA","Department of Public Works and Government Services (PSPC)"," Ministère des Travaux publics et des Services gouvernementaux (SPAC)","11 Laurier St, Phase III, Place du Portage","11, rue Laurier, Phase III, Place du Portage","Gatineau","Gatineau","Quebec","Québec","K1A 0S5","Canada","Canada","Department of National Defence (DND)"," Ministère de la Défense nationale (MDN)","","","101 Colonel By Dr,Ottawa,Ontario,K1A0K2,Canada","101, promenade Colonel By,Ottawa,Ontario,K1A0K2,Canada","Munz, Pam (SPAC/PSPC)","pam.munz@tpsgc-pwgsc.gc.ca","","","","","","","","","","","","","",""
"E60HL-250020 - Diesel Fuel, Automotive Gasoline, and Heating Fuel","E60HL-250020 - Carburant diesel, l'essence automobile, et mazout de chauffage","CW2415819","000","WS5122680510","WS5122680510","CW2415819","1","2025-09-01","2025-08-27","","2025-09-01","2027-08-31","395653.65","395653.65","CAD","Active","Actif","Standing Offer","Offre à commandes","Original","Original","","","","*15101505
*15101506
*15101513
*15101701
*15101801
*15101802
*83101602","*Diesel fuel
*Gasoline or Petrol
*Diesel fuel off road
*#2 Heating fuel oil
*Biodiesel
*Ethanol
*Supply of fuel oil","*Diesel
*Essence ou super
*Carburant diesel utilisé hors route
*Mazout de chauffage n°2
*Biodiesel
*Éthanol
*Distribution de fioul","*GD","Request for Standing Offer","Demande d’offre à commandes","Competitive - Open bidding","Concurrentielle - Invitation ouverte à soumissionner","Lowest Price","Prix le plus bas","None","Aucune","*Canadian Free Trade Agreement (CFTA)
*Canada-Chile Free Trade Agreement (CCFTA)
*Comprehensive and Progressive Agreement for Trans-Pacific Partnership (CPTPP)
*Canada-Colombia Free Trade Agreement
*Canada-European Union Comprehensive Economic and Trade Agreement (CETA)
*World Trade Organization Agreement on Government Procurement (WTO GPA)
*Canada-Ukraine Free Trade Agreement (CUFTA)
*Canada-Panama Free Trade Agreement
*Canada-Honduras Free Trade Agreement
*Canada-Peru Free Trade Agreement (CPFTA)
*Canada-Korea Free Trade Agreement (CKFTA)
*Canada-UK Trade Continuity Agreement (Canada-UK TCA)","*Accord de libre-échange canadien (ALEC)
*Accord de libre-échange Canada-Chili (ALECC)
*Accord de Partenariat transpacifique global et progressiste (PTPGP)
*Accord de libre-échange Canada-Colombie
*Accord économique et commercial global (AECG) entre le Canada et l’Union européenne (UE)
*Accord sur les marchés publics de l'Organisation mondiale du commerce (AMP-OMC)
*Accord de libre-échange Canada-Ukraine (ALECU)
*Accord de libre-échange Canada-Panama
*Accord de libre-échange Canada-Honduras
*Accord de libre-échange Canada-Pérou (ALECP)
*Accord de libre-échange Canada-Corée
*Accord de continuité commerciale Canada–Royaume-Uni (ACC Canada-Royaume-Uni)","*New Brunswick
*British Columbia
*National Capital Region (NCR)
*Alberta
*Nova Scotia
*Ontario (except NCR)
*Northwest Territories
*Manitoba
*Quebec (except NCR)
*Yukon
*Saskatchewan
*Newfoundland and Labrador
*Prince Edward Island","*Nouveau-Brunswick
*Colombie-Britannique
*Région de la capitale nationale (RCN)
*Alberta
*Nouvelle-Écosse
*Ontario (sauf RCN)
*Territoires du Nord-Ouest
*Manitoba
*Québec (sauf RCN)
*Yukon
*Saskatchewan
*Terre-Neuve-et-Labrador
*Île-du-Prince-Édouard","TR PETROLEUM LTD","TR PETROLEUM LTD","","","","","","","1323 FLETCHER ROAD","1323 FLETCHER ROAD","SASKATOON","SASKATOON","Saskatchewan","Saskatchewan","S7M 5H5","CA","CA","Department of Public Works and Government Services (PSPC)"," Ministère des Travaux publics et des Services gouvernementaux (SPAC)","11 Laurier St, Phase III, Place du Portage","11, rue Laurier, Phase III, Place du Portage","Gatineau","Gatineau","Quebec","Québec","K1A 0S5","Canada","Canada","Department of Public Works and Government Services (PSPC)"," Ministère des Travaux publics et des Services gouvernementaux (SPAC)","","","11 Laurier St, Phase III, Place du Portage,Gatineau,Quebec,K1A 0S5,Canada","11, rue Laurier, Phase III, Place du Portage,Gatineau,Québec,K1A 0S5,Canada","Lacelle, Ann (SPAC/PSPC)","ann.lacelle@tpsgc-pwgsc.gc.ca","","","","","","","","","","","","","National Master Standing Offers (NMSO) for Diesel Fuel, Automotive Gasoline, and Heating Fuel Oil in accordance with Canadian General Standards Board standards, as applicable.  Delivery to various locations in Canada on an as-and-when-requested basis from September 1, 2025 up to and including August 31, 2027.","Offre à commandes national et principale (OCPN) pour du carburant diesel, essence automobile, et de mazout de chauffage conformément aux normes de l'Office des normes générales du Canada, s'il ya lieu.  Livraison à divers emplacements au Canada, sur demande, du 1er Septembre 2025 jusqu'au 31 août 2027, inclusivement."
"E60HL-250020 - Diesel Fuel, Automotive Gasoline, and Heating Fuel","E60HL-250020 - Carburant diesel, l'essence automobile, et mazout de chauffage","CW2415794","000","WS5122680510","WS5122680510","CW2415794","1","2025-09-01","2025-08-27","","2025-09-01","2027-08-31","694593.60","694593.60","CAD","Active","Actif","Standing Offer","Offre à commandes","Original","Original","","","","*15101505
*15101506
*15101513
*15101701
*15101801
*15101802
*83101602","*Diesel fuel
*Gasoline or Petrol
*Diesel fuel off road
*#2 Heating fuel oil
*Biodiesel
*Ethanol
*Supply of fuel oil","*Diesel
*Essence ou super
*Carburant diesel utilisé hors route
*Mazout de chauffage n°2
*Biodiesel
*Éthanol
*Distribution de fioul","*GD","Request for Standing Offer","Demande d’offre à commandes","Competitive - Open bidding","Concurrentielle - Invitation ouverte à soumissionner","Lowest Price","Prix le plus bas","None","Aucune","*Comprehensive and Progressive Agreement for Trans-Pacific Partnership (CPTPP)
*Canadian Free Trade Agreement (CFTA)
*Canada-Colombia Free Trade Agreement
*Canada-Chile Free Trade Agreement (CCFTA)
*Canada-Peru Free Trade Agreement (CPFTA)
*Canada-Honduras Free Trade Agreement
*Canada-European Union Comprehensive Economic and Trade Agreement (CETA)
*Canada-Panama Free Trade Agreement
*World Trade Organization Agreement on Government Procurement (WTO GPA)
*Canada-Korea Free Trade Agreement (CKFTA)
*Canada-Ukraine Free Trade Agreement (CUFTA)
*Canada-UK Trade Continuity Agreement (Canada-UK TCA)","*Accord de Partenariat transpacifique global et progressiste (PTPGP)
*Accord de libre-échange canadien (ALEC)
*Accord de libre-échange Canada-Colombie
*Accord de libre-échange Canada-Chili (ALECC)
*Accord de libre-échange Canada-Pérou (ALECP)
*Accord de libre-échange Canada-Honduras
*Accord économique et commercial global (AECG) entre le Canada et l’Union européenne (UE)
*Accord de libre-échange Canada-Panama
*Accord sur les marchés publics de l'Organisation mondiale du commerce (AMP-OMC)
*Accord de libre-échange Canada-Corée
*Accord de libre-échange Canada-Ukraine (ALECU)
*Accord de continuité commerciale Canada–Royaume-Uni (ACC Canada-Royaume-Uni)","*Manitoba
*New Brunswick
*Alberta
*British Columbia
*National Capital Region (NCR)
*Newfoundland and Labrador
*Northwest Territories
*Prince Edward Island
*Nova Scotia
*Quebec (except NCR)
*Ontario (except NCR)
*Saskatchewan
*Yukon","*Manitoba
*Nouveau-Brunswick
*Alberta
*Colombie-Britannique
*Région de la capitale nationale (RCN)
*Terre-Neuve-et-Labrador
*Territoires du Nord-Ouest
*Île-du-Prince-Édouard
*Nouvelle-Écosse
*Québec (sauf RCN)
*Ontario (sauf RCN)
*Saskatchewan
*Yukon","ARCTIC PETROLEUM SERVICES LTD","ARCTIC PETROLEUM SERVICES LTD","","","","","15","15","Suite 1 52111 Range Road 270","Suite 1 52111 Range Road 270","Spruce Grove","Spruce Grove","Alberta","Alberta","T7X 3L7","CA","CA","Department of Public Works and Government Services (PSPC)"," Ministère des Travaux publics et des Services gouvernementaux (SPAC)","11 Laurier St, Phase III, Place du Portage","11, rue Laurier, Phase III, Place du Portage","Gatineau","Gatineau","Quebec","Québec","K1A 0S5","Canada","Canada","Department of Public Works and Government Services (PSPC)"," Ministère des Travaux publics et des Services gouvernementaux (SPAC)","","","11 Laurier St, Phase III, Place du Portage,Gatineau,Quebec,K1A 0S5,Canada","11, rue Laurier, Phase III, Place du Portage,Gatineau,Québec,K1A 0S5,Canada","Lacelle, Ann (SPAC/PSPC)","ann.lacelle@tpsgc-pwgsc.gc.ca","","","","","","","","","","","","","National Master Standing Offers (NMSO) for Diesel Fuel, Automotive Gasoline, and Heating Fuel Oil in accordance with Canadian General Standards Board standards, as applicable.  Delivery to various locations in Canada on an as-and-when-requested basis from September 1, 2025 up to and including August 31, 2027.","Offre à commandes national et principale (OCPN) pour du carburant diesel, essence automobile, et de mazout de chauffage conformément aux normes de l'Office des normes générales du Canada, s'il ya lieu.  Livraison à divers emplacements au Canada, sur demande, du 1er Septembre 2025 jusqu'au 31 août 2027, inclusivement."
"E60HL-250020 - Diesel Fuel, Automotive Gasoline, and Heating Fuel","E60HL-250020 - Carburant diesel, l'essence automobile, et mazout de chauffage","CW2415805","000","WS5122680510","WS5122680510","CW2415805","1","2025-09-01","2025-08-27","","2025-09-01","2027-08-31","304035.44","304035.44","CAD","Active","Actif","Standing Offer","Offre à commandes","Original","Original","","","","*15101505
*15101506
*15101513
*15101701
*15101801
*15101802
*83101602","*Diesel fuel
*Gasoline or Petrol
*Diesel fuel off road
*#2 Heating fuel oil
*Biodiesel
*Ethanol
*Supply of fuel oil","*Diesel
*Essence ou super
*Carburant diesel utilisé hors route
*Mazout de chauffage n°2
*Biodiesel
*Éthanol
*Distribution de fioul","*GD","Request for Standing Offer","Demande d’offre à commandes","Competitive - Open bidding","Concurrentielle - Invitation ouverte à soumissionner","Lowest Price","Prix le plus bas","None","Aucune","*Canadian Free Trade Agreement (CFTA)
*Canada-Colombia Free Trade Agreement
*Canada-Honduras Free Trade Agreement
*Canada-Panama Free Trade Agreement
*Canada-Chile Free Trade Agreement (CCFTA)
*Canada-European Union Comprehensive Economic and Trade Agreement (CETA)
*Canada-Korea Free Trade Agreement (CKFTA)
*Canada-Peru Free Trade Agreement (CPFTA)
*Comprehensive and Progressive Agreement for Trans-Pacific Partnership (CPTPP)
*World Trade Organization Agreement on Government Procurement (WTO GPA)
*Canada-Ukraine Free Trade Agreement (CUFTA)
*Canada-UK Trade Continuity Agreement (Canada-UK TCA)","*Accord de libre-échange canadien (ALEC)
*Accord de libre-échange Canada-Colombie
*Accord de libre-échange Canada-Honduras
*Accord de libre-échange Canada-Panama
*Accord de libre-échange Canada-Chili (ALECC)
*Accord économique et commercial global (AECG) entre le Canada et l’Union européenne (UE)
*Accord de libre-échange Canada-Corée
*Accord de libre-échange Canada-Pérou (ALECP)
*Accord de Partenariat transpacifique global et progressiste (PTPGP)
*Accord sur les marchés publics de l'Organisation mondiale du commerce (AMP-OMC)
*Accord de libre-échange Canada-Ukraine (ALECU)
*Accord de continuité commerciale Canada–Royaume-Uni (ACC Canada-Royaume-Uni)","*National Capital Region (NCR)
*British Columbia
*Alberta
*Newfoundland and Labrador
*Northwest Territories
*Manitoba
*Saskatchewan
*Ontario (except NCR)
*New Brunswick
*Prince Edward Island
*Nova Scotia
*Yukon
*Quebec (except NCR)","*Région de la capitale nationale (RCN)
*Colombie-Britannique
*Alberta
*Terre-Neuve-et-Labrador
*Territoires du Nord-Ouest
*Manitoba
*Saskatchewan
*Ontario (sauf RCN)
*Nouveau-Brunswick
*Île-du-Prince-Édouard
*Nouvelle-Écosse
*Yukon
*Québec (sauf RCN)","Northern Lights Petroleum","Northern Lights Petroleum","","","","","20","20","2-104 Scurfield BLVD","2-104 Scurfield BLVD","Winnipeg","Winnipeg","Manitoba","Manitoba","R3Y 1G4","CA","CA","Department of Public Works and Government Services (PSPC)"," Ministère des Travaux publics et des Services gouvernementaux (SPAC)","11 Laurier St, Phase III, Place du Portage","11, rue Laurier, Phase III, Place du Portage","Gatineau","Gatineau","Quebec","Québec","K1A 0S5","Canada","Canada","Department of Public Works and Government Services (PSPC)"," Ministère des Travaux publics et des Services gouvernementaux (SPAC)","","","11 Laurier St, Phase III, Place du Portage,Gatineau,Quebec,K1A 0S5,Canada","11, rue Laurier, Phase III, Place du Portage,Gatineau,Québec,K1A 0S5,Canada","Lacelle, Ann (SPAC/PSPC)","ann.lacelle@tpsgc-pwgsc.gc.ca","","","","","","","","","","","","","National Master Standing Offers (NMSO) for Diesel Fuel, Automotive Gasoline, and Heating Fuel Oil in accordance with Canadian General Standards Board standards, as applicable.  Delivery to various locations in Canada on an as-and-when-requested basis from September 1, 2025 up to and including August 31, 2027.","Offre à commandes national et principale (OCPN) pour du carburant diesel, essence automobile, et de mazout de chauffage conformément aux normes de l'Office des normes générales du Canada, s'il ya lieu.  Livraison à divers emplacements au Canada, sur demande, du 1er Septembre 2025 jusqu'au 31 août 2027, inclusivement."
"E60HL-250020 - Diesel Fuel, Automotive Gasoline, and Heating Fuel","E60HL-250020 - Carburant diesel, l'essence automobile, et mazout de chauffage","CW2413901","000","WS5122680510","WS5122680510","CW2413901","1","2025-09-01","2025-08-12","","2025-09-01","2027-08-31","2197542.92","2197542.92","CAD","Active","Actif","Standing Offer","Offre à commandes","Original","Original","","","","*15101505
*15101506
*15101513
*15101701
*15101801
*15101802
*83101602","*Diesel fuel
*Gasoline or Petrol
*Diesel fuel off road
*#2 Heating fuel oil
*Biodiesel
*Ethanol
*Supply of fuel oil","*Diesel
*Essence ou super
*Carburant diesel utilisé hors route
*Mazout de chauffage n°2
*Biodiesel
*Éthanol
*Distribution de fioul","*GD","Request for Standing Offer","Demande d’offre à commandes","Competitive - Open bidding","Concurrentielle - Invitation ouverte à soumissionner","Lowest Price","Prix le plus bas","None","Aucune","*Canada-Colombia Free Trade Agreement
*Canada-Chile Free Trade Agreement (CCFTA)
*Canada-Honduras Free Trade Agreement
*Canadian Free Trade Agreement (CFTA)
*World Trade Organization Agreement on Government Procurement (WTO GPA)
*Canada-European Union Comprehensive Economic and Trade Agreement (CETA)
*Comprehensive and Progressive Agreement for Trans-Pacific Partnership (CPTPP)
*Canada-Korea Free Trade Agreement (CKFTA)
*Canada-Panama Free Trade Agreement
*Canada-Ukraine Free Trade Agreement (CUFTA)
*Canada-Peru Free Trade Agreement (CPFTA)
*Canada-UK Trade Continuity Agreement (Canada-UK TCA)","*Accord de libre-échange Canada-Colombie
*Accord de libre-échange Canada-Chili (ALECC)
*Accord de libre-échange Canada-Honduras
*Accord de libre-échange canadien (ALEC)
*Accord sur les marchés publics de l'Organisation mondiale du commerce (AMP-OMC)
*Accord économique et commercial global (AECG) entre le Canada et l’Union européenne (UE)
*Accord de Partenariat transpacifique global et progressiste (PTPGP)
*Accord de libre-échange Canada-Corée
*Accord de libre-échange Canada-Panama
*Accord de libre-échange Canada-Ukraine (ALECU)
*Accord de libre-échange Canada-Pérou (ALECP)
*Accord de continuité commerciale Canada–Royaume-Uni (ACC Canada-Royaume-Uni)","*Alberta
*National Capital Region (NCR)
*Manitoba
*British Columbia
*New Brunswick
*Northwest Territories
*Nova Scotia
*Ontario (except NCR)
*Newfoundland and Labrador
*Prince Edward Island
*Saskatchewan
*Yukon
*Quebec (except NCR)","*Alberta
*Région de la capitale nationale (RCN)
*Manitoba
*Colombie-Britannique
*Nouveau-Brunswick
*Territoires du Nord-Ouest
*Nouvelle-Écosse
*Ontario (sauf RCN)
*Terre-Neuve-et-Labrador
*Île-du-Prince-Édouard
*Saskatchewan
*Yukon
*Québec (sauf RCN)","Groupe Desroches","Groupe Desroches","","","Groupe Desroches","Groupe Desroches","50","50","915 rue Philippe-Paradis, local 115","915 rue Philippe-Paradis, local 115","Québec","Québec","Québec","Québec","G1N 4E3","CA","CA","Department of Public Works and Government Services (PSPC)"," Ministère des Travaux publics et des Services gouvernementaux (SPAC)","11 Laurier St, Phase III, Place du Portage","11, rue Laurier, Phase III, Place du Portage","Gatineau","Gatineau","Quebec","Québec","K1A 0S5","Canada","Canada","Department of Public Works and Government Services (PSPC)"," Ministère des Travaux publics et des Services gouvernementaux (SPAC)","","","11 Laurier St, Phase III, Place du Portage,Gatineau,Quebec,K1A 0S5,Canada","11, rue Laurier, Phase III, Place du Portage,Gatineau,Québec,K1A 0S5,Canada","Lacelle, Ann (SPAC/PSPC)","ann.lacelle@tpsgc-pwgsc.gc.ca","","","","","","","","","","","","","National Master Standing Offers (NMSO) for Diesel Fuel, Automotive Gasoline, and Heating Fuel Oil in accordance with Canadian General Standards Board standards, as applicable.  Delivery to various locations in Canada on an as-and-when-requested basis from September 1, 2025 up to and including August 31, 2027.","Offre à commandes national et principale (OCPN) pour du carburant diesel, essence automobile, et de mazout de chauffage conformément aux normes de l'Office des normes générales du Canada, s'il ya lieu.  Livraison à divers emplacements au Canada, sur demande, du 1er Septembre 2025 jusqu'au 31 août 2027, inclusivement."
"E60HL-250020 - Diesel Fuel, Automotive Gasoline, and Heating Fuel","E60HL-250020 - Carburant diesel, l'essence automobile, et mazout de chauffage","CW2413903","000","WS5122680510","WS5122680510","CW2413903","1","2025-09-01","2025-08-12","","2025-09-01","2027-08-31","475210.50","475210.50","CAD","Active","Actif","Standing Offer","Offre à commandes","Original","Original","","","","*15101505
*15101506
*15101513
*15101701
*15101801
*15101802
*83101602","*Diesel fuel
*Gasoline or Petrol
*Diesel fuel off road
*#2 Heating fuel oil
*Biodiesel
*Ethanol
*Supply of fuel oil","*Diesel
*Essence ou super
*Carburant diesel utilisé hors route
*Mazout de chauffage n°2
*Biodiesel
*Éthanol
*Distribution de fioul","*GD","Request for Standing Offer","Demande d’offre à commandes","Competitive - Open bidding","Concurrentielle - Invitation ouverte à soumissionner","Lowest Price","Prix le plus bas","None","Aucune","*Canada-Honduras Free Trade Agreement
*Canadian Free Trade Agreement (CFTA)
*Canada-Colombia Free Trade Agreement
*Canada-European Union Comprehensive Economic and Trade Agreement (CETA)
*Comprehensive and Progressive Agreement for Trans-Pacific Partnership (CPTPP)
*Canada-Chile Free Trade Agreement (CCFTA)
*World Trade Organization Agreement on Government Procurement (WTO GPA)
*Canada-Panama Free Trade Agreement
*Canada-Peru Free Trade Agreement (CPFTA)
*Canada-Korea Free Trade Agreement (CKFTA)
*Canada-UK Trade Continuity Agreement (Canada-UK TCA)
*Canada-Ukraine Free Trade Agreement (CUFTA)","*Accord de libre-échange Canada-Honduras
*Accord de libre-échange canadien (ALEC)
*Accord de libre-échange Canada-Colombie
*Accord économique et commercial global (AECG) entre le Canada et l’Union européenne (UE)
*Accord de Partenariat transpacifique global et progressiste (PTPGP)
*Accord de libre-échange Canada-Chili (ALECC)
*Accord sur les marchés publics de l'Organisation mondiale du commerce (AMP-OMC)
*Accord de libre-échange Canada-Panama
*Accord de libre-échange Canada-Pérou (ALECP)
*Accord de libre-échange Canada-Corée
*Accord de continuité commerciale Canada–Royaume-Uni (ACC Canada-Royaume-Uni)
*Accord de libre-échange Canada-Ukraine (ALECU)","*Alberta
*British Columbia
*Manitoba
*National Capital Region (NCR)
*New Brunswick
*Prince Edward Island
*Newfoundland and Labrador
*Northwest Territories
*Nova Scotia
*Ontario (except NCR)
*Quebec (except NCR)
*Saskatchewan
*Yukon","*Alberta
*Colombie-Britannique
*Manitoba
*Région de la capitale nationale (RCN)
*Nouveau-Brunswick
*Île-du-Prince-Édouard
*Terre-Neuve-et-Labrador
*Territoires du Nord-Ouest
*Nouvelle-Écosse
*Ontario (sauf RCN)
*Québec (sauf RCN)
*Saskatchewan
*Yukon","Groupe Énergie BDL Inc","Groupe Énergie BDL Inc","","","","","","","10390 boul Louis-H.-la Fontaine","10390 boul Louis-H.-la Fontaine","Anjou","Anjou","Québec","Québec","H1J 2T3","CA","CA","Department of Public Works and Government Services (PSPC)"," Ministère des Travaux publics et des Services gouvernementaux (SPAC)","11 Laurier St, Phase III, Place du Portage","11, rue Laurier, Phase III, Place du Portage","Gatineau","Gatineau","Quebec","Québec","K1A 0S5","Canada","Canada","Department of Public Works and Government Services (PSPC)"," Ministère des Travaux publics et des Services gouvernementaux (SPAC)","","","11 Laurier St, Phase III, Place du Portage,Gatineau,Quebec,K1A 0S5,Canada","11, rue Laurier, Phase III, Place du Portage,Gatineau,Québec,K1A 0S5,Canada","Lacelle, Ann (SPAC/PSPC)","ann.lacelle@tpsgc-pwgsc.gc.ca","","","","","","","","","","","","","National Master Standing Offers (NMSO) for Diesel Fuel, Automotive Gasoline, and Heating Fuel Oil in accordance with Canadian General Standards Board standards, as applicable.  Delivery to various locations in Canada on an as-and-when-requested basis from September 1, 2025 up to and including August 31, 2027.","Offre à commandes national et principale (OCPN) pour du carburant diesel, essence automobile, et de mazout de chauffage conformément aux normes de l'Office des normes générales du Canada, s'il ya lieu.  Livraison à divers emplacements au Canada, sur demande, du 1er Septembre 2025 jusqu'au 31 août 2027, inclusivement."
"E60HL-250020 - Diesel Fuel, Automotive Gasoline, and Heating Fuel","E60HL-250020 - Carburant diesel, l'essence automobile, et mazout de chauffage","CW2413905","000","WS5122680510","WS5122680510","CW2413905","1","2025-09-01","2025-08-12","","2025-09-01","2027-08-31","797763.52","797763.52","CAD","Active","Actif","Standing Offer","Offre à commandes","Original","Original","","","","*15101505
*15101506
*15101513
*15101701
*15101801
*15101802
*83101602","*Diesel fuel
*Gasoline or Petrol
*Diesel fuel off road
*#2 Heating fuel oil
*Biodiesel
*Ethanol
*Supply of fuel oil","*Diesel
*Essence ou super
*Carburant diesel utilisé hors route
*Mazout de chauffage n°2
*Biodiesel
*Éthanol
*Distribution de fioul","*GD","Request for Standing Offer","Demande d’offre à commandes","Competitive - Open bidding","Concurrentielle - Invitation ouverte à soumissionner","Lowest Price","Prix le plus bas","None","Aucune","*Canada-Chile Free Trade Agreement (CCFTA)
*Comprehensive and Progressive Agreement for Trans-Pacific Partnership (CPTPP)
*Canadian Free Trade Agreement (CFTA)
*Canada-Colombia Free Trade Agreement
*Canada-European Union Comprehensive Economic and Trade Agreement (CETA)
*Canada-Peru Free Trade Agreement (CPFTA)
*Canada-Honduras Free Trade Agreement
*World Trade Organization Agreement on Government Procurement (WTO GPA)
*Canada-Korea Free Trade Agreement (CKFTA)
*Canada-Panama Free Trade Agreement
*Canada-Ukraine Free Trade Agreement (CUFTA)
*Canada-UK Trade Continuity Agreement (Canada-UK TCA)","*Accord de libre-échange Canada-Chili (ALECC)
*Accord de Partenariat transpacifique global et progressiste (PTPGP)
*Accord de libre-échange canadien (ALEC)
*Accord de libre-échange Canada-Colombie
*Accord économique et commercial global (AECG) entre le Canada et l’Union européenne (UE)
*Accord de libre-échange Canada-Pérou (ALECP)
*Accord de libre-échange Canada-Honduras
*Accord sur les marchés publics de l'Organisation mondiale du commerce (AMP-OMC)
*Accord de libre-échange Canada-Corée
*Accord de libre-échange Canada-Panama
*Accord de libre-échange Canada-Ukraine (ALECU)
*Accord de continuité commerciale Canada–Royaume-Uni (ACC Canada-Royaume-Uni)","*Manitoba
*Newfoundland and Labrador
*Alberta
*British Columbia
*New Brunswick
*National Capital Region (NCR)
*Northwest Territories
*Ontario (except NCR)
*Nova Scotia
*Prince Edward Island
*Quebec (except NCR)
*Saskatchewan
*Yukon","*Manitoba
*Terre-Neuve-et-Labrador
*Alberta
*Colombie-Britannique
*Nouveau-Brunswick
*Région de la capitale nationale (RCN)
*Territoires du Nord-Ouest
*Ontario (sauf RCN)
*Nouvelle-Écosse
*Île-du-Prince-Édouard
*Québec (sauf RCN)
*Saskatchewan
*Yukon","Haida Gwaii Fuel Limited Partnership","Haida Gwaii Fuel Limited Partnership","","","","","8","8","PO Box 219","PO Box 219","Daajing Giids","Daajing Giids","British Columbia","British Columbia","V0T 1S0","CA","CA","Department of Public Works and Government Services (PSPC)"," Ministère des Travaux publics et des Services gouvernementaux (SPAC)","11 Laurier St, Phase III, Place du Portage","11, rue Laurier, Phase III, Place du Portage","Gatineau","Gatineau","Quebec","Québec","K1A 0S5","Canada","Canada","Department of Public Works and Government Services (PSPC)"," Ministère des Travaux publics et des Services gouvernementaux (SPAC)","","","11 Laurier St, Phase III, Place du Portage,Gatineau,Quebec,K1A 0S5,Canada","11, rue Laurier, Phase III, Place du Portage,Gatineau,Québec,K1A 0S5,Canada","Lacelle, Ann (SPAC/PSPC)","ann.lacelle@tpsgc-pwgsc.gc.ca","","","","","","","","","","","","","National Master Standing Offers (NMSO) for Diesel Fuel, Automotive Gasoline, and Heating Fuel Oil in accordance with Canadian General Standards Board standards, as applicable.  Delivery to various locations in Canada on an as-and-when-requested basis from September 1, 2025 up to and including August 31, 2027.","Offre à commandes national et principale (OCPN) pour du carburant diesel, essence automobile, et de mazout de chauffage conformément aux normes de l'Office des normes générales du Canada, s'il ya lieu.  Livraison à divers emplacements au Canada, sur demande, du 1er Septembre 2025 jusqu'au 31 août 2027, inclusivement."
"E60HL-250020 - Diesel Fuel, Automotive Gasoline, and Heating Fuel","E60HL-250020 - Carburant diesel, l'essence automobile, et mazout de chauffage","CW2413908","000","WS5122680510","WS5122680510","CW2413908","3","2025-09-01","2025-08-12","","2025-09-01","2027-08-31","48998574.52","55623453.39","CAD","Active","Actif","Standing Offer","Offre à commandes","Original","Original","","","","*15101505
*15101506
*15101513
*15101701
*15101801
*15101802
*83101602","*Diesel fuel
*Gasoline or Petrol
*Diesel fuel off road
*#2 Heating fuel oil
*Biodiesel
*Ethanol
*Supply of fuel oil","*Diesel
*Essence ou super
*Carburant diesel utilisé hors route
*Mazout de chauffage n°2
*Biodiesel
*Éthanol
*Distribution de fioul","*GD","Request for Standing Offer","Demande d’offre à commandes","Competitive - Open bidding","Concurrentielle - Invitation ouverte à soumissionner","Lowest Price","Prix le plus bas","None","Aucune","*Canada-Colombia Free Trade Agreement
*Canada-Chile Free Trade Agreement (CCFTA)
*Comprehensive and Progressive Agreement for Trans-Pacific Partnership (CPTPP)
*Canadian Free Trade Agreement (CFTA)
*Canada-Peru Free Trade Agreement (CPFTA)
*Canada-European Union Comprehensive Economic and Trade Agreement (CETA)
*Canada-Honduras Free Trade Agreement
*World Trade Organization Agreement on Government Procurement (WTO GPA)
*Canada-Panama Free Trade Agreement
*Canada-Korea Free Trade Agreement (CKFTA)
*Canada-Ukraine Free Trade Agreement (CUFTA)
*Canada-UK Trade Continuity Agreement (Canada-UK TCA)","*Accord de libre-échange Canada-Colombie
*Accord de libre-échange Canada-Chili (ALECC)
*Accord de Partenariat transpacifique global et progressiste (PTPGP)
*Accord de libre-échange canadien (ALEC)
*Accord de libre-échange Canada-Pérou (ALECP)
*Accord économique et commercial global (AECG) entre le Canada et l’Union européenne (UE)
*Accord de libre-échange Canada-Honduras
*Accord sur les marchés publics de l'Organisation mondiale du commerce (AMP-OMC)
*Accord de libre-échange Canada-Panama
*Accord de libre-échange Canada-Corée
*Accord de libre-échange Canada-Ukraine (ALECU)
*Accord de continuité commerciale Canada–Royaume-Uni (ACC Canada-Royaume-Uni)","*New Brunswick
*Alberta
*British Columbia
*Manitoba
*National Capital Region (NCR)
*Northwest Territories
*Prince Edward Island
*Nova Scotia
*Newfoundland and Labrador
*Ontario (except NCR)
*Saskatchewan
*Yukon
*Quebec (except NCR)","*Nouveau-Brunswick
*Alberta
*Colombie-Britannique
*Manitoba
*Région de la capitale nationale (RCN)
*Territoires du Nord-Ouest
*Île-du-Prince-Édouard
*Nouvelle-Écosse
*Terre-Neuve-et-Labrador
*Ontario (sauf RCN)
*Saskatchewan
*Yukon
*Québec (sauf RCN)","HARNOIS ÉNERGIES INC.","HARNOIS ÉNERGIES INC.","Harnois Énergies inc.","Harnois Énergies inc.","","","1000","1000","80 route 158","80 route 158","St-Thomas","St-Thomas","Québec","Québec","J0K 3L0","CA","CA","Department of Public Works and Government Services (PSPC)"," Ministère des Travaux publics et des Services gouvernementaux (SPAC)","11 Laurier St, Phase III, Place du Portage","11, rue Laurier, Phase III, Place du Portage","Gatineau","Gatineau","Quebec","Québec","K1A 0S5","Canada","Canada","Department of Public Works and Government Services (PSPC)"," Ministère des Travaux publics et des Services gouvernementaux (SPAC)","","","11 Laurier St, Phase III, Place du Portage,Gatineau,Quebec,K1A 0S5,Canada","11, rue Laurier, Phase III, Place du Portage,Gatineau,Québec,K1A 0S5,Canada","Lacelle, Ann (SPAC/PSPC)","ann.lacelle@tpsgc-pwgsc.gc.ca","","","","","","","","","","","","","National Master Standing Offers (NMSO) for Diesel Fuel, Automotive Gasoline, and Heating Fuel Oil in accordance with Canadian General Standards Board standards, as applicable.  Delivery to various locations in Canada on an as-and-when-requested basis from September 1, 2025 up to and including August 31, 2027.","Offre à commandes national et principale (OCPN) pour du carburant diesel, essence automobile, et de mazout de chauffage conformément aux normes de l'Office des normes générales du Canada, s'il ya lieu.  Livraison à divers emplacements au Canada, sur demande, du 1er Septembre 2025 jusqu'au 31 août 2027, inclusivement."
"W6512-25G254 Aviation Fuel in Support of G7","W6512-25G254 Carburant d'aviation pour le G7","CW2400676","000","WS5117392948","WS5117392948","CW2400676","1","2025-05-07","2025-05-06","","2025-05-06","2025-07-20","215445.30","215445.30","CAD","Active","Actif","Contract","Contrat","Original","Original","","","","*15101504","*Aviation fuel","*Carburants d'aviation","*GD","Request for Proposal","Demande de propositions","Competitive - Open bidding","Concurrentielle - Invitation ouverte à soumissionner","Lowest Price","Prix le plus bas","None","Aucune","*Canada-Panama Free Trade Agreement
*Canada-Colombia Free Trade Agreement
*Canada-Honduras Free Trade Agreement
*Canadian Free Trade Agreement (CFTA)
*Canada-Peru Free Trade Agreement (CPFTA)
*Canada-European Union Comprehensive Economic and Trade Agreement (CETA)
*Canada-Korea Free Trade Agreement (CKFTA)
*Canada-Chile Free Trade Agreement (CCFTA)
*Canada-UK Trade Continuity Agreement (Canada-UK TCA)
*World Trade Organization Agreement on Government Procurement (WTO GPA)
*Canada-Ukraine Free Trade Agreement (CUFTA)
*Comprehensive and Progressive Agreement for Trans-Pacific Partnership (CPTPP)","*Accord de libre-échange Canada-Panama
*Accord de libre-échange Canada-Colombie
*Accord de libre-échange Canada-Honduras
*Accord de libre-échange canadien (ALEC)
*Accord de libre-échange Canada-Pérou (ALECP)
*Accord économique et commercial global (AECG) entre le Canada et l’Union européenne (UE)
*Accord de libre-échange Canada-Corée
*Accord de libre-échange Canada-Chili (ALECC)
*Accord de continuité commerciale Canada–Royaume-Uni (ACC Canada-Royaume-Uni)
*Accord sur les marchés publics de l'Organisation mondiale du commerce (AMP-OMC)
*Accord de libre-échange Canada-Ukraine (ALECU)
*Accord de Partenariat transpacifique global et progressiste (PTPGP)","*Alberta","*Alberta","Executive Flight Centre Aviation Ltd.","Executive Flight Centre Aviation Ltd.","","","","","","","200, 680 Palmer Road NE","200, 680 Palmer Road NE","Calgary","Calgary","Alberta","Alberta","T2E 7R3","CA","CA","Department of Public Works and Government Services (PSPC)"," Ministère des Travaux publics et des Services gouvernementaux (SPAC)","11 Laurier St, Phase III, Place du Portage","11, rue Laurier, Phase III, Place du Portage","Gatineau","Gatineau","Quebec","Québec","K1A 0S5","Canada","Canada","Department of National Defence (DND)"," Ministère de la Défense nationale (MDN)","","","101 Colonel By Dr,Ottawa,Ontario,K1A0K2,Canada","101, promenade Colonel By,Ottawa,Ontario,K1A0K2,Canada","MacLeod, Bobbi (SPAC/PSPC)","bobbi.macleod@tpsgc-pwgsc.gc.ca","","","","","","","","","","","","","The Department of National Defence (DND) has a requirement for the supply and delivery of a total potential quantity of 310,000 liters of Aviation Turbine Fuel (grade Jet A-1) CAN/CGSB 3.23-2023 delivered to Nakiska Ski Area, Alberta and pick-up at Calgary International Airport in Calgary Alberta.  

Delivery is from June 1 to 20, 2025.","Le ministère de la Défense nationale (MDN) a besoin de la fourniture et de la livraison d’une quantité potentielle totale de 310 000 litres de carburéacteur d'aviation (grade Jet A-1) conforme à la norme CAN/CGSB-3.23-2023.  La livraison se fera à la station du ski Nakiska, en Alberta, et le ramassage se fera à l’Aéroport international de Calgary, en Alberta.
La livraison aura lieu du1er au 20 juin 2025."
"E60HL-250020 - Diesel Fuel, Automotive Gasoline, and Heating Fuel","E60HL-250020 - Carburant diesel, l'essence automobile, et mazout de chauffage","CW2428207","000","WS5122680510","WS5122680510","CW2428207","1","2025-11-15","2025-11-14","","2025-11-14","2027-08-31","612660.40","612660.40","CAD","Active","Actif","Standing Offer","Offre à commandes","Original","Original","","","","*15101505
*15101506
*15101513
*15101701
*15101801
*15101802
*83101602","*Diesel fuel
*Gasoline or Petrol
*Diesel fuel off road
*#2 Heating fuel oil
*Biodiesel
*Ethanol
*Supply of fuel oil","*Diesel
*Essence ou super
*Carburant diesel utilisé hors route
*Mazout de chauffage n°2
*Biodiesel
*Éthanol
*Distribution de fioul","*GD","Request for Standing Offer","Demande d’offre à commandes","Competitive - Open bidding","Concurrentielle - Invitation ouverte à soumissionner","Lowest Price","Prix le plus bas","None","Aucune","*Canadian Free Trade Agreement (CFTA)
*Canada-Chile Free Trade Agreement (CCFTA)
*Canada-European Union Comprehensive Economic and Trade Agreement (CETA)
*Canada-Honduras Free Trade Agreement
*Canada-Colombia Free Trade Agreement
*World Trade Organization Agreement on Government Procurement (WTO GPA)
*Comprehensive and Progressive Agreement for Trans-Pacific Partnership (CPTPP)
*Canada-Panama Free Trade Agreement
*Canada-Peru Free Trade Agreement (CPFTA)
*Canada-Korea Free Trade Agreement (CKFTA)
*Canada-UK Trade Continuity Agreement (Canada-UK TCA)
*Canada-Ukraine Free Trade Agreement (CUFTA)","*Accord de libre-échange canadien (ALEC)
*Accord de libre-échange Canada-Chili (ALECC)
*Accord économique et commercial global (AECG) entre le Canada et l’Union européenne (UE)
*Accord de libre-échange Canada-Honduras
*Accord de libre-échange Canada-Colombie
*Accord sur les marchés publics de l'Organisation mondiale du commerce (AMP-OMC)
*Accord de Partenariat transpacifique global et progressiste (PTPGP)
*Accord de libre-échange Canada-Panama
*Accord de libre-échange Canada-Pérou (ALECP)
*Accord de libre-échange Canada-Corée
*Accord de continuité commerciale Canada–Royaume-Uni (ACC Canada-Royaume-Uni)
*Accord de libre-échange Canada-Ukraine (ALECU)","*Manitoba
*Northwest Territories
*Alberta
*Ontario (except NCR)
*New Brunswick
*Yukon
*British Columbia
*National Capital Region (NCR)
*Prince Edward Island
*Newfoundland and Labrador
*Nova Scotia
*Quebec (except NCR)
*Saskatchewan","*Manitoba
*Territoires du Nord-Ouest
*Alberta
*Ontario (sauf RCN)
*Nouveau-Brunswick
*Yukon
*Colombie-Britannique
*Région de la capitale nationale (RCN)
*Île-du-Prince-Édouard
*Terre-Neuve-et-Labrador
*Nouvelle-Écosse
*Québec (sauf RCN)
*Saskatchewan","North Atlantic","North Atlantic","","","","","100","100","29 Pippy Place","29 Pippy Place","St John's","St John's","Newfoundland and Labrador","Newfoundland and Labrador","A1B 3X2","CA","CA","Department of Public Works and Government Services (PSPC)"," Ministère des Travaux publics et des Services gouvernementaux (SPAC)","11 Laurier St, Phase III, Place du Portage","11, rue Laurier, Phase III, Place du Portage","Gatineau","Gatineau","Quebec","Québec","K1A 0S5","Canada","Canada","Department of Public Works and Government Services (PSPC)"," Ministère des Travaux publics et des Services gouvernementaux (SPAC)","","","11 Laurier St, Phase III, Place du Portage,Gatineau,Quebec,K1A 0S5,Canada","11, rue Laurier, Phase III, Place du Portage,Gatineau,Québec,K1A 0S5,Canada","Lacelle, Ann (SPAC/PSPC)","ann.lacelle@tpsgc-pwgsc.gc.ca","","","","","","","","","","","","","National Master Standing Offers (NMSO) for Diesel Fuel, Automotive Gasoline, and Heating Fuel Oil in accordance with Canadian General Standards Board standards, as applicable.  Delivery to various locations in Canada on an as-and-when-requested basis from September 1, 2025 up to and including August 31, 2027.","Offre à commandes national et principale (OCPN) pour du carburant diesel, essence automobile, et de mazout de chauffage conformément aux normes de l'Office des normes générales du Canada, s'il ya lieu.  Livraison à divers emplacements au Canada, sur demande, du 1er Septembre 2025 jusqu'au 31 août 2027, inclusivement."
"E60HL-250020 - Diesel Fuel, Automotive Gasoline, and Heating Fuel","E60HL-250020 - Carburant diesel, l'essence automobile, et mazout de chauffage","CW2413911","000","WS5122680510","WS5122680510","CW2413911","3","2025-09-01","2025-08-12","","2025-09-01","2027-08-31","36298284.25","0.00","CAD","Active","Actif","Standing Offer","Offre à commandes","Original","Original","","","","*15101505
*15101506
*15101513
*15101701
*15101801
*15101802
*83101602","*Diesel fuel
*Gasoline or Petrol
*Diesel fuel off road
*#2 Heating fuel oil
*Biodiesel
*Ethanol
*Supply of fuel oil","*Diesel
*Essence ou super
*Carburant diesel utilisé hors route
*Mazout de chauffage n°2
*Biodiesel
*Éthanol
*Distribution de fioul","*GD","Request for Standing Offer","Demande d’offre à commandes","Competitive - Open bidding","Concurrentielle - Invitation ouverte à soumissionner","Lowest Price","Prix le plus bas","None","Aucune","*Canada-Panama Free Trade Agreement
*Canadian Free Trade Agreement (CFTA)
*Canada-Colombia Free Trade Agreement
*Canada-Chile Free Trade Agreement (CCFTA)
*Canada-UK Trade Continuity Agreement (Canada-UK TCA)
*Canada-Honduras Free Trade Agreement
*Canada-Peru Free Trade Agreement (CPFTA)
*Canada-European Union Comprehensive Economic and Trade Agreement (CETA)
*Comprehensive and Progressive Agreement for Trans-Pacific Partnership (CPTPP)
*World Trade Organization Agreement on Government Procurement (WTO GPA)
*Canada-Ukraine Free Trade Agreement (CUFTA)
*Canada-Korea Free Trade Agreement (CKFTA)","*Accord de libre-échange Canada-Panama
*Accord de libre-échange canadien (ALEC)
*Accord de libre-échange Canada-Colombie
*Accord de libre-échange Canada-Chili (ALECC)
*Accord de continuité commerciale Canada–Royaume-Uni (ACC Canada-Royaume-Uni)
*Accord de libre-échange Canada-Honduras
*Accord de libre-échange Canada-Pérou (ALECP)
*Accord économique et commercial global (AECG) entre le Canada et l’Union européenne (UE)
*Accord de Partenariat transpacifique global et progressiste (PTPGP)
*Accord sur les marchés publics de l'Organisation mondiale du commerce (AMP-OMC)
*Accord de libre-échange Canada-Ukraine (ALECU)
*Accord de libre-échange Canada-Corée","*Alberta
*National Capital Region (NCR)
*Manitoba
*British Columbia
*Northwest Territories
*Ontario (except NCR)
*New Brunswick
*Newfoundland and Labrador
*Nova Scotia
*Saskatchewan
*Quebec (except NCR)
*Prince Edward Island
*Yukon","*Alberta
*Région de la capitale nationale (RCN)
*Manitoba
*Colombie-Britannique
*Territoires du Nord-Ouest
*Ontario (sauf RCN)
*Nouveau-Brunswick
*Terre-Neuve-et-Labrador
*Nouvelle-Écosse
*Saskatchewan
*Québec (sauf RCN)
*Île-du-Prince-Édouard
*Yukon","Irving Oil Limited","Irving Oil Limited","","","DBA Irving Energy","DBA Irving Energy","","","PO BOX/CP 12331, Station A","PO BOX/CP 12331, Station A","Toronto","Toronto","Ontario","Ontario","M5W 0K5","CA","CA","Department of Public Works and Government Services (PSPC)"," Ministère des Travaux publics et des Services gouvernementaux (SPAC)","11 Laurier St, Phase III, Place du Portage","11, rue Laurier, Phase III, Place du Portage","Gatineau","Gatineau","Quebec","Québec","K1A 0S5","Canada","Canada","Department of Public Works and Government Services (PSPC)"," Ministère des Travaux publics et des Services gouvernementaux (SPAC)","","","11 Laurier St, Phase III, Place du Portage,Gatineau,Quebec,K1A 0S5,Canada","11, rue Laurier, Phase III, Place du Portage,Gatineau,Québec,K1A 0S5,Canada","Lacelle, Ann (SPAC/PSPC)","ann.lacelle@tpsgc-pwgsc.gc.ca","","","","","","","","","","","","","National Master Standing Offers (NMSO) for Diesel Fuel, Automotive Gasoline, and Heating Fuel Oil in accordance with Canadian General Standards Board standards, as applicable.  Delivery to various locations in Canada on an as-and-when-requested basis from September 1, 2025 up to and including August 31, 2027.","Offre à commandes national et principale (OCPN) pour du carburant diesel, essence automobile, et de mazout de chauffage conformément aux normes de l'Office des normes générales du Canada, s'il ya lieu.  Livraison à divers emplacements au Canada, sur demande, du 1er Septembre 2025 jusqu'au 31 août 2027, inclusivement."
"E60HL-250020 - Diesel Fuel, Automotive Gasoline, and Heating Fuel","E60HL-250020 - Carburant diesel, l'essence automobile, et mazout de chauffage","CW2413922","000","WS5122680510","WS5122680510","CW2413922","2","2025-09-01","2025-08-12","","2025-09-01","2027-08-31","4969552.53","5252192.19","CAD","Active","Actif","Standing Offer","Offre à commandes","Original","Original","","","","*15101505
*15101506
*15101513
*15101701
*15101801
*15101802
*83101602","*Diesel fuel
*Gasoline or Petrol
*Diesel fuel off road
*#2 Heating fuel oil
*Biodiesel
*Ethanol
*Supply of fuel oil","*Diesel
*Essence ou super
*Carburant diesel utilisé hors route
*Mazout de chauffage n°2
*Biodiesel
*Éthanol
*Distribution de fioul","*GD","Request for Standing Offer","Demande d’offre à commandes","Competitive - Open bidding","Concurrentielle - Invitation ouverte à soumissionner","Lowest Price","Prix le plus bas","None","Aucune","*Canada-Chile Free Trade Agreement (CCFTA)
*Canada-Colombia Free Trade Agreement
*Canadian Free Trade Agreement (CFTA)
*Canada-Panama Free Trade Agreement
*Canada-European Union Comprehensive Economic and Trade Agreement (CETA)
*Canada-Peru Free Trade Agreement (CPFTA)
*Canada-Honduras Free Trade Agreement
*Canada-UK Trade Continuity Agreement (Canada-UK TCA)
*World Trade Organization Agreement on Government Procurement (WTO GPA)
*Comprehensive and Progressive Agreement for Trans-Pacific Partnership (CPTPP)
*Canada-Korea Free Trade Agreement (CKFTA)
*Canada-Ukraine Free Trade Agreement (CUFTA)","*Accord de libre-échange Canada-Chili (ALECC)
*Accord de libre-échange Canada-Colombie
*Accord de libre-échange canadien (ALEC)
*Accord de libre-échange Canada-Panama
*Accord économique et commercial global (AECG) entre le Canada et l’Union européenne (UE)
*Accord de libre-échange Canada-Pérou (ALECP)
*Accord de libre-échange Canada-Honduras
*Accord de continuité commerciale Canada–Royaume-Uni (ACC Canada-Royaume-Uni)
*Accord sur les marchés publics de l'Organisation mondiale du commerce (AMP-OMC)
*Accord de Partenariat transpacifique global et progressiste (PTPGP)
*Accord de libre-échange Canada-Corée
*Accord de libre-échange Canada-Ukraine (ALECU)","*National Capital Region (NCR)
*Alberta
*British Columbia
*Manitoba
*Saskatchewan
*Northwest Territories
*Newfoundland and Labrador
*New Brunswick
*Ontario (except NCR)
*Nova Scotia
*Prince Edward Island
*Quebec (except NCR)
*Yukon","*Région de la capitale nationale (RCN)
*Alberta
*Colombie-Britannique
*Manitoba
*Saskatchewan
*Territoires du Nord-Ouest
*Terre-Neuve-et-Labrador
*Nouveau-Brunswick
*Ontario (sauf RCN)
*Nouvelle-Écosse
*Île-du-Prince-Édouard
*Québec (sauf RCN)
*Yukon","Larry Penner Enterprises Inc.","Larry Penner Enterprises Inc.","","","Penner Oil","Penner Oil","50","50","29 Mountain View Road","29 Mountain View Road","Centreport","Centreport","Manitoba","Manitoba","R4B 0A3","CA","CA","Department of Public Works and Government Services (PSPC)"," Ministère des Travaux publics et des Services gouvernementaux (SPAC)","11 Laurier St, Phase III, Place du Portage","11, rue Laurier, Phase III, Place du Portage","Gatineau","Gatineau","Quebec","Québec","K1A 0S5","Canada","Canada","Department of Public Works and Government Services (PSPC)"," Ministère des Travaux publics et des Services gouvernementaux (SPAC)","","","11 Laurier St, Phase III, Place du Portage,Gatineau,Quebec,K1A 0S5,Canada","11, rue Laurier, Phase III, Place du Portage,Gatineau,Québec,K1A 0S5,Canada","Lacelle, Ann (SPAC/PSPC)","ann.lacelle@tpsgc-pwgsc.gc.ca","","","","","","","","","","","","","National Master Standing Offers (NMSO) for Diesel Fuel, Automotive Gasoline, and Heating Fuel Oil in accordance with Canadian General Standards Board standards, as applicable.  Delivery to various locations in Canada on an as-and-when-requested basis from September 1, 2025 up to and including August 31, 2027.","Offre à commandes national et principale (OCPN) pour du carburant diesel, essence automobile, et de mazout de chauffage conformément aux normes de l'Office des normes générales du Canada, s'il ya lieu.  Livraison à divers emplacements au Canada, sur demande, du 1er Septembre 2025 jusqu'au 31 août 2027, inclusivement."
"E60HL-250020 - Diesel Fuel, Automotive Gasoline, and Heating Fuel","E60HL-250020 - Carburant diesel, l'essence automobile, et mazout de chauffage","CW2413926","000","WS5122680510","WS5122680510","CW2413926","2","2025-09-01","2025-08-12","","2025-09-01","2027-08-31","21794964.97","22812191.27","CAD","Active","Actif","Standing Offer","Offre à commandes","Original","Original","","","","*15101505
*15101506
*15101513
*15101701
*15101801
*15101802
*83101602","*Diesel fuel
*Gasoline or Petrol
*Diesel fuel off road
*#2 Heating fuel oil
*Biodiesel
*Ethanol
*Supply of fuel oil","*Diesel
*Essence ou super
*Carburant diesel utilisé hors route
*Mazout de chauffage n°2
*Biodiesel
*Éthanol
*Distribution de fioul","*GD","Request for Standing Offer","Demande d’offre à commandes","Competitive - Open bidding","Concurrentielle - Invitation ouverte à soumissionner","Lowest Price","Prix le plus bas","None","Aucune","*Canada-Chile Free Trade Agreement (CCFTA)
*Canada-Colombia Free Trade Agreement
*Canadian Free Trade Agreement (CFTA)
*Canada-Honduras Free Trade Agreement
*Canada-European Union Comprehensive Economic and Trade Agreement (CETA)
*World Trade Organization Agreement on Government Procurement (WTO GPA)
*Canada-Peru Free Trade Agreement (CPFTA)
*Canada-Korea Free Trade Agreement (CKFTA)
*Comprehensive and Progressive Agreement for Trans-Pacific Partnership (CPTPP)
*Canada-Ukraine Free Trade Agreement (CUFTA)
*Canada-Panama Free Trade Agreement
*Canada-UK Trade Continuity Agreement (Canada-UK TCA)","*Accord de libre-échange Canada-Chili (ALECC)
*Accord de libre-échange Canada-Colombie
*Accord de libre-échange canadien (ALEC)
*Accord de libre-échange Canada-Honduras
*Accord économique et commercial global (AECG) entre le Canada et l’Union européenne (UE)
*Accord sur les marchés publics de l'Organisation mondiale du commerce (AMP-OMC)
*Accord de libre-échange Canada-Pérou (ALECP)
*Accord de libre-échange Canada-Corée
*Accord de Partenariat transpacifique global et progressiste (PTPGP)
*Accord de libre-échange Canada-Ukraine (ALECU)
*Accord de libre-échange Canada-Panama
*Accord de continuité commerciale Canada–Royaume-Uni (ACC Canada-Royaume-Uni)","*Northwest Territories
*Alberta
*Yukon
*Manitoba
*British Columbia
*New Brunswick
*Newfoundland and Labrador
*National Capital Region (NCR)
*Ontario (except NCR)
*Nova Scotia
*Prince Edward Island
*Quebec (except NCR)
*Saskatchewan","*Territoires du Nord-Ouest
*Alberta
*Yukon
*Manitoba
*Colombie-Britannique
*Nouveau-Brunswick
*Terre-Neuve-et-Labrador
*Région de la capitale nationale (RCN)
*Ontario (sauf RCN)
*Nouvelle-Écosse
*Île-du-Prince-Édouard
*Québec (sauf RCN)
*Saskatchewan","MacEwen Petroleum Inc","MacEwen Petroleum Inc","","","","","","","18 Adelaide St 
PO BOX 100","18 Adelaide St 
PO BOX 100","Maxville","Maxville","Ontario","Ontario","K0C 1T0","CA","CA","Department of Public Works and Government Services (PSPC)"," Ministère des Travaux publics et des Services gouvernementaux (SPAC)","11 Laurier St, Phase III, Place du Portage","11, rue Laurier, Phase III, Place du Portage","Gatineau","Gatineau","Quebec","Québec","K1A 0S5","Canada","Canada","Department of Public Works and Government Services (PSPC)"," Ministère des Travaux publics et des Services gouvernementaux (SPAC)","","","11 Laurier St, Phase III, Place du Portage,Gatineau,Quebec,K1A 0S5,Canada","11, rue Laurier, Phase III, Place du Portage,Gatineau,Québec,K1A 0S5,Canada","Lacelle, Ann (SPAC/PSPC)","ann.lacelle@tpsgc-pwgsc.gc.ca","","","","","","","","","","","","","National Master Standing Offers (NMSO) for Diesel Fuel, Automotive Gasoline, and Heating Fuel Oil in accordance with Canadian General Standards Board standards, as applicable.  Delivery to various locations in Canada on an as-and-when-requested basis from September 1, 2025 up to and including August 31, 2027.","Offre à commandes national et principale (OCPN) pour du carburant diesel, essence automobile, et de mazout de chauffage conformément aux normes de l'Office des normes générales du Canada, s'il ya lieu.  Livraison à divers emplacements au Canada, sur demande, du 1er Septembre 2025 jusqu'au 31 août 2027, inclusivement."
"E60HL-250020 - Diesel Fuel, Automotive Gasoline, and Heating Fuel","E60HL-250020 - Carburant diesel, l'essence automobile, et mazout de chauffage","CW2413935","000","WS5122680510","WS5122680510","CW2413935","1","2025-09-01","2025-08-12","","2025-09-01","2027-08-31","25204106.25","25204106.25","CAD","Active","Actif","Standing Offer","Offre à commandes","Original","Original","","","","*15101505
*15101506
*15101513
*15101701
*15101801
*15101802
*83101602","*Diesel fuel
*Gasoline or Petrol
*Diesel fuel off road
*#2 Heating fuel oil
*Biodiesel
*Ethanol
*Supply of fuel oil","*Diesel
*Essence ou super
*Carburant diesel utilisé hors route
*Mazout de chauffage n°2
*Biodiesel
*Éthanol
*Distribution de fioul","*GD","Request for Standing Offer","Demande d’offre à commandes","Competitive - Open bidding","Concurrentielle - Invitation ouverte à soumissionner","Lowest Price","Prix le plus bas","None","Aucune","*Canadian Free Trade Agreement (CFTA)
*World Trade Organization Agreement on Government Procurement (WTO GPA)
*Canada-Colombia Free Trade Agreement
*Canada-Honduras Free Trade Agreement
*Canada-Chile Free Trade Agreement (CCFTA)
*Canada-Panama Free Trade Agreement
*Canada-European Union Comprehensive Economic and Trade Agreement (CETA)
*Canada-Ukraine Free Trade Agreement (CUFTA)
*Canada-Korea Free Trade Agreement (CKFTA)
*Canada-Peru Free Trade Agreement (CPFTA)
*Comprehensive and Progressive Agreement for Trans-Pacific Partnership (CPTPP)
*Canada-UK Trade Continuity Agreement (Canada-UK TCA)","*Accord de libre-échange canadien (ALEC)
*Accord sur les marchés publics de l'Organisation mondiale du commerce (AMP-OMC)
*Accord de libre-échange Canada-Colombie
*Accord de libre-échange Canada-Honduras
*Accord de libre-échange Canada-Chili (ALECC)
*Accord de libre-échange Canada-Panama
*Accord économique et commercial global (AECG) entre le Canada et l’Union européenne (UE)
*Accord de libre-échange Canada-Ukraine (ALECU)
*Accord de libre-échange Canada-Corée
*Accord de libre-échange Canada-Pérou (ALECP)
*Accord de Partenariat transpacifique global et progressiste (PTPGP)
*Accord de continuité commerciale Canada–Royaume-Uni (ACC Canada-Royaume-Uni)","*Alberta
*National Capital Region (NCR)
*New Brunswick
*British Columbia
*Manitoba
*Northwest Territories
*Newfoundland and Labrador
*Ontario (except NCR)
*Nova Scotia
*Prince Edward Island
*Quebec (except NCR)
*Yukon
*Saskatchewan","*Alberta
*Région de la capitale nationale (RCN)
*Nouveau-Brunswick
*Colombie-Britannique
*Manitoba
*Territoires du Nord-Ouest
*Terre-Neuve-et-Labrador
*Ontario (sauf RCN)
*Nouvelle-Écosse
*Île-du-Prince-Édouard
*Québec (sauf RCN)
*Yukon
*Saskatchewan","Michaud Harnois Energies Inc.","Michaud Harnois Energies Inc.","","","","","100","100","866 boul. E.H. daigle Blvd.","866 boul. E.H. daigle Blvd.","Grand Falls","Grand Falls","New Brunswick","New Brunswick","E3Z 3E8","CA","CA","Department of Public Works and Government Services (PSPC)"," Ministère des Travaux publics et des Services gouvernementaux (SPAC)","11 Laurier St, Phase III, Place du Portage","11, rue Laurier, Phase III, Place du Portage","Gatineau","Gatineau","Quebec","Québec","K1A 0S5","Canada","Canada","Department of Public Works and Government Services (PSPC)"," Ministère des Travaux publics et des Services gouvernementaux (SPAC)","","","11 Laurier St, Phase III, Place du Portage,Gatineau,Quebec,K1A 0S5,Canada","11, rue Laurier, Phase III, Place du Portage,Gatineau,Québec,K1A 0S5,Canada","Lacelle, Ann (SPAC/PSPC)","ann.lacelle@tpsgc-pwgsc.gc.ca","","","","","","","","","","","","","National Master Standing Offers (NMSO) for Diesel Fuel, Automotive Gasoline, and Heating Fuel Oil in accordance with Canadian General Standards Board standards, as applicable.  Delivery to various locations in Canada on an as-and-when-requested basis from September 1, 2025 up to and including August 31, 2027.","Offre à commandes national et principale (OCPN) pour du carburant diesel, essence automobile, et de mazout de chauffage conformément aux normes de l'Office des normes générales du Canada, s'il ya lieu.  Livraison à divers emplacements au Canada, sur demande, du 1er Septembre 2025 jusqu'au 31 août 2027, inclusivement."
"E60HL-250020 - Diesel Fuel, Automotive Gasoline, and Heating Fuel","E60HL-250020 - Carburant diesel, l'essence automobile, et mazout de chauffage","CW2413949","000","WS5122680510","WS5122680510","CW2413949","1","2025-09-01","2025-08-12","","2025-09-01","2027-08-31","2106012.17","2106012.17","CAD","Active","Actif","Standing Offer","Offre à commandes","Original","Original","","","","*15101505
*15101506
*15101513
*15101701
*15101801
*15101802
*83101602","*Diesel fuel
*Gasoline or Petrol
*Diesel fuel off road
*#2 Heating fuel oil
*Biodiesel
*Ethanol
*Supply of fuel oil","*Diesel
*Essence ou super
*Carburant diesel utilisé hors route
*Mazout de chauffage n°2
*Biodiesel
*Éthanol
*Distribution de fioul","*GD","Request for Standing Offer","Demande d’offre à commandes","Competitive - Open bidding","Concurrentielle - Invitation ouverte à soumissionner","Lowest Price","Prix le plus bas","None","Aucune","*Canadian Free Trade Agreement (CFTA)
*World Trade Organization Agreement on Government Procurement (WTO GPA)
*Canada-Chile Free Trade Agreement (CCFTA)
*Canada-Honduras Free Trade Agreement
*Canada-Colombia Free Trade Agreement
*Canada-Peru Free Trade Agreement (CPFTA)
*Canada-European Union Comprehensive Economic and Trade Agreement (CETA)
*Canada-Panama Free Trade Agreement
*Canada-Korea Free Trade Agreement (CKFTA)
*Canada-Ukraine Free Trade Agreement (CUFTA)
*Comprehensive and Progressive Agreement for Trans-Pacific Partnership (CPTPP)
*Canada-UK Trade Continuity Agreement (Canada-UK TCA)","*Accord de libre-échange canadien (ALEC)
*Accord sur les marchés publics de l'Organisation mondiale du commerce (AMP-OMC)
*Accord de libre-échange Canada-Chili (ALECC)
*Accord de libre-échange Canada-Honduras
*Accord de libre-échange Canada-Colombie
*Accord de libre-échange Canada-Pérou (ALECP)
*Accord économique et commercial global (AECG) entre le Canada et l’Union européenne (UE)
*Accord de libre-échange Canada-Panama
*Accord de libre-échange Canada-Corée
*Accord de libre-échange Canada-Ukraine (ALECU)
*Accord de Partenariat transpacifique global et progressiste (PTPGP)
*Accord de continuité commerciale Canada–Royaume-Uni (ACC Canada-Royaume-Uni)","*Alberta
*Northwest Territories
*Manitoba
*British Columbia
*Newfoundland and Labrador
*Yukon
*New Brunswick
*Prince Edward Island
*Ontario (except NCR)
*National Capital Region (NCR)
*Saskatchewan
*Nova Scotia
*Quebec (except NCR)","*Alberta
*Territoires du Nord-Ouest
*Manitoba
*Colombie-Britannique
*Terre-Neuve-et-Labrador
*Yukon
*Nouveau-Brunswick
*Île-du-Prince-Édouard
*Ontario (sauf RCN)
*Région de la capitale nationale (RCN)
*Saskatchewan
*Nouvelle-Écosse
*Québec (sauf RCN)","North 60 Petro Ltd","North 60 Petro Ltd","","","","","65","65","146 Industrial Road","146 Industrial Road","Whitehorse","Whitehorse","Yukon","Yukon","Y1A 2V1","CA","CA","Department of Public Works and Government Services (PSPC)"," Ministère des Travaux publics et des Services gouvernementaux (SPAC)","11 Laurier St, Phase III, Place du Portage","11, rue Laurier, Phase III, Place du Portage","Gatineau","Gatineau","Quebec","Québec","K1A 0S5","Canada","Canada","Department of Public Works and Government Services (PSPC)"," Ministère des Travaux publics et des Services gouvernementaux (SPAC)","","","11 Laurier St, Phase III, Place du Portage,Gatineau,Quebec,K1A 0S5,Canada","11, rue Laurier, Phase III, Place du Portage,Gatineau,Québec,K1A 0S5,Canada","Lacelle, Ann (SPAC/PSPC)","ann.lacelle@tpsgc-pwgsc.gc.ca","","","","","","","","","","","","","National Master Standing Offers (NMSO) for Diesel Fuel, Automotive Gasoline, and Heating Fuel Oil in accordance with Canadian General Standards Board standards, as applicable.  Delivery to various locations in Canada on an as-and-when-requested basis from September 1, 2025 up to and including August 31, 2027.","Offre à commandes national et principale (OCPN) pour du carburant diesel, essence automobile, et de mazout de chauffage conformément aux normes de l'Office des normes générales du Canada, s'il ya lieu.  Livraison à divers emplacements au Canada, sur demande, du 1er Septembre 2025 jusqu'au 31 août 2027, inclusivement."
"E60HL-250020 - Diesel Fuel, Automotive Gasoline, and Heating Fuel","E60HL-250020 - Carburant diesel, l'essence automobile, et mazout de chauffage","CW2413960","000","WS5122680510","WS5122680510","CW2413960","4","2025-09-01","2025-08-12","","2025-09-01","2027-08-31","34332100.64","34946287.61","CAD","Active","Actif","Standing Offer","Offre à commandes","Original","Original","","","","*15101505
*15101506
*15101513
*15101701
*15101801
*15101802
*83101602","*Diesel fuel
*Gasoline or Petrol
*Diesel fuel off road
*#2 Heating fuel oil
*Biodiesel
*Ethanol
*Supply of fuel oil","*Diesel
*Essence ou super
*Carburant diesel utilisé hors route
*Mazout de chauffage n°2
*Biodiesel
*Éthanol
*Distribution de fioul","*GD","Request for Standing Offer","Demande d’offre à commandes","Competitive - Open bidding","Concurrentielle - Invitation ouverte à soumissionner","Lowest Price","Prix le plus bas","None","Aucune","*Canadian Free Trade Agreement (CFTA)
*World Trade Organization Agreement on Government Procurement (WTO GPA)
*Canada-European Union Comprehensive Economic and Trade Agreement (CETA)
*Canada-Chile Free Trade Agreement (CCFTA)
*Canada-Colombia Free Trade Agreement
*Canada-Korea Free Trade Agreement (CKFTA)
*Comprehensive and Progressive Agreement for Trans-Pacific Partnership (CPTPP)
*Canada-Honduras Free Trade Agreement
*Canada-Peru Free Trade Agreement (CPFTA)
*Canada-Ukraine Free Trade Agreement (CUFTA)
*Canada-Panama Free Trade Agreement
*Canada-UK Trade Continuity Agreement (Canada-UK TCA)","*Accord de libre-échange canadien (ALEC)
*Accord sur les marchés publics de l'Organisation mondiale du commerce (AMP-OMC)
*Accord économique et commercial global (AECG) entre le Canada et l’Union européenne (UE)
*Accord de libre-échange Canada-Chili (ALECC)
*Accord de libre-échange Canada-Colombie
*Accord de libre-échange Canada-Corée
*Accord de Partenariat transpacifique global et progressiste (PTPGP)
*Accord de libre-échange Canada-Honduras
*Accord de libre-échange Canada-Pérou (ALECP)
*Accord de libre-échange Canada-Ukraine (ALECU)
*Accord de libre-échange Canada-Panama
*Accord de continuité commerciale Canada–Royaume-Uni (ACC Canada-Royaume-Uni)","*Northwest Territories
*Alberta
*Yukon
*British Columbia
*Newfoundland and Labrador
*Manitoba
*Ontario (except NCR)
*New Brunswick
*Prince Edward Island
*National Capital Region (NCR)
*Saskatchewan
*Nova Scotia
*Quebec (except NCR)","*Territoires du Nord-Ouest
*Alberta
*Yukon
*Colombie-Britannique
*Terre-Neuve-et-Labrador
*Manitoba
*Ontario (sauf RCN)
*Nouveau-Brunswick
*Île-du-Prince-Édouard
*Région de la capitale nationale (RCN)
*Saskatchewan
*Nouvelle-Écosse
*Québec (sauf RCN)","PARKLAND CORPORATION/CORPORATION PARKLAND","PARKLAND CORPORATION/CORPORATION PARKLAND","Bluewave Energy, Ultramar, Columbia Fuels","Bluewave Energy, Ultramar, Columbia Fuels","","","6600","6600","Suite 1800,  240 - 4th Ave SW","Suite 1800,  240 - 4th Ave SW","Calgary","Calgary","Alberta","Alberta","T2P 4H4","CA","CA","Department of Public Works and Government Services (PSPC)"," Ministère des Travaux publics et des Services gouvernementaux (SPAC)","11 Laurier St, Phase III, Place du Portage","11, rue Laurier, Phase III, Place du Portage","Gatineau","Gatineau","Quebec","Québec","K1A 0S5","Canada","Canada","Department of Public Works and Government Services (PSPC)"," Ministère des Travaux publics et des Services gouvernementaux (SPAC)","","","11 Laurier St, Phase III, Place du Portage,Gatineau,Quebec,K1A 0S5,Canada","11, rue Laurier, Phase III, Place du Portage,Gatineau,Québec,K1A 0S5,Canada","Lacelle, Ann (SPAC/PSPC)","ann.lacelle@tpsgc-pwgsc.gc.ca","","","","","","","","","","","","","National Master Standing Offers (NMSO) for Diesel Fuel, Automotive Gasoline, and Heating Fuel Oil in accordance with Canadian General Standards Board standards, as applicable.  Delivery to various locations in Canada on an as-and-when-requested basis from September 1, 2025 up to and including August 31, 2027.","Offre à commandes national et principale (OCPN) pour du carburant diesel, essence automobile, et de mazout de chauffage conformément aux normes de l'Office des normes générales du Canada, s'il ya lieu.  Livraison à divers emplacements au Canada, sur demande, du 1er Septembre 2025 jusqu'au 31 août 2027, inclusivement."
"E60HL-250020 - Diesel Fuel, Automotive Gasoline, and Heating Fuel","E60HL-250020 - Carburant diesel, l'essence automobile, et mazout de chauffage","CW2413698","000","WS5122680510","WS5122680510","CW2413698","1","2025-09-01","2025-08-12","","2025-09-01","2027-08-31","248797.70","248797.70","CAD","Active","Actif","Standing Offer","Offre à commandes","Original","Original","","","","*15101505
*15101506
*15101513
*15101701
*15101801
*15101802
*83101602","*Diesel fuel
*Gasoline or Petrol
*Diesel fuel off road
*#2 Heating fuel oil
*Biodiesel
*Ethanol
*Supply of fuel oil","*Diesel
*Essence ou super
*Carburant diesel utilisé hors route
*Mazout de chauffage n°2
*Biodiesel
*Éthanol
*Distribution de fioul","*GD","Request for Standing Offer","Demande d’offre à commandes","Competitive - Open bidding","Concurrentielle - Invitation ouverte à soumissionner","Lowest Price","Prix le plus bas","None","Aucune","*Canada-Korea Free Trade Agreement (CKFTA)
*Canadian Free Trade Agreement (CFTA)
*Canada-Colombia Free Trade Agreement
*Canada-Chile Free Trade Agreement (CCFTA)
*Comprehensive and Progressive Agreement for Trans-Pacific Partnership (CPTPP)
*Canada-Honduras Free Trade Agreement
*Canada-Panama Free Trade Agreement
*Canada-European Union Comprehensive Economic and Trade Agreement (CETA)
*Canada-Ukraine Free Trade Agreement (CUFTA)
*World Trade Organization Agreement on Government Procurement (WTO GPA)
*Canada-UK Trade Continuity Agreement (Canada-UK TCA)
*Canada-Peru Free Trade Agreement (CPFTA)","*Accord de libre-échange Canada-Corée
*Accord de libre-échange canadien (ALEC)
*Accord de libre-échange Canada-Colombie
*Accord de libre-échange Canada-Chili (ALECC)
*Accord de Partenariat transpacifique global et progressiste (PTPGP)
*Accord de libre-échange Canada-Honduras
*Accord de libre-échange Canada-Panama
*Accord économique et commercial global (AECG) entre le Canada et l’Union européenne (UE)
*Accord de libre-échange Canada-Ukraine (ALECU)
*Accord sur les marchés publics de l'Organisation mondiale du commerce (AMP-OMC)
*Accord de continuité commerciale Canada–Royaume-Uni (ACC Canada-Royaume-Uni)
*Accord de libre-échange Canada-Pérou (ALECP)","*National Capital Region (NCR)
*New Brunswick
*Ontario (except NCR)
*Alberta
*Northwest Territories
*Nova Scotia
*Yukon
*British Columbia
*Quebec (except NCR)
*Manitoba
*Saskatchewan
*Newfoundland and Labrador
*Prince Edward Island","*Région de la capitale nationale (RCN)
*Nouveau-Brunswick
*Ontario (sauf RCN)
*Alberta
*Territoires du Nord-Ouest
*Nouvelle-Écosse
*Yukon
*Colombie-Britannique
*Québec (sauf RCN)
*Manitoba
*Saskatchewan
*Terre-Neuve-et-Labrador
*Île-du-Prince-Édouard","Big Eddy Fuel Services Ltd","Big Eddy Fuel Services Ltd","","","","","5","5","PO Box 1740 
2441 Boulder Rd","PO Box 1740 
2441 Boulder Rd","Revelstoke","Revelstoke","British Columbia","British Columbia","V0E 2S0","CA","CA","Department of Public Works and Government Services (PSPC)"," Ministère des Travaux publics et des Services gouvernementaux (SPAC)","11 Laurier St, Phase III, Place du Portage","11, rue Laurier, Phase III, Place du Portage","Gatineau","Gatineau","Quebec","Québec","K1A 0S5","Canada","Canada","Department of Public Works and Government Services (PSPC)"," Ministère des Travaux publics et des Services gouvernementaux (SPAC)","","","11 Laurier St, Phase III, Place du Portage,Gatineau,Quebec,K1A 0S5,Canada","11, rue Laurier, Phase III, Place du Portage,Gatineau,Québec,K1A 0S5,Canada","Lacelle, Ann (SPAC/PSPC)","ann.lacelle@tpsgc-pwgsc.gc.ca","","","","","","","","","","","","","National Master Standing Offers (NMSO) for Diesel Fuel, Automotive Gasoline, and Heating Fuel Oil in accordance with Canadian General Standards Board standards, as applicable.  Delivery to various locations in Canada on an as-and-when-requested basis from September 1, 2025 up to and including August 31, 2027.","Offre à commandes national et principale (OCPN) pour du carburant diesel, essence automobile, et de mazout de chauffage conformément aux normes de l'Office des normes générales du Canada, s'il ya lieu.  Livraison à divers emplacements au Canada, sur demande, du 1er Septembre 2025 jusqu'au 31 août 2027, inclusivement."
"E60HL-250020 - Diesel Fuel, Automotive Gasoline, and Heating Fuel","E60HL-250020 - Carburant diesel, l'essence automobile, et mazout de chauffage","CW2413715","000","WS5122680510","WS5122680510","CW2413715","2","2025-09-01","2025-08-12","","2025-09-01","2027-08-31","248797.70","462583.00","CAD","Active","Actif","Standing Offer","Offre à commandes","Original","Original","","","","*15101505
*15101506
*15101513
*15101701
*15101801
*15101802
*83101602","*Diesel fuel
*Gasoline or Petrol
*Diesel fuel off road
*#2 Heating fuel oil
*Biodiesel
*Ethanol
*Supply of fuel oil","*Diesel
*Essence ou super
*Carburant diesel utilisé hors route
*Mazout de chauffage n°2
*Biodiesel
*Éthanol
*Distribution de fioul","*GD","Request for Standing Offer","Demande d’offre à commandes","Competitive - Open bidding","Concurrentielle - Invitation ouverte à soumissionner","Lowest Price","Prix le plus bas","None","Aucune","*Canada-Chile Free Trade Agreement (CCFTA)
*World Trade Organization Agreement on Government Procurement (WTO GPA)
*Canada-Colombia Free Trade Agreement
*Canadian Free Trade Agreement (CFTA)
*Canada-Panama Free Trade Agreement
*Canada-Honduras Free Trade Agreement
*Canada-European Union Comprehensive Economic and Trade Agreement (CETA)
*Canada-Korea Free Trade Agreement (CKFTA)
*Canada-UK Trade Continuity Agreement (Canada-UK TCA)
*Canada-Ukraine Free Trade Agreement (CUFTA)
*Canada-Peru Free Trade Agreement (CPFTA)
*Comprehensive and Progressive Agreement for Trans-Pacific Partnership (CPTPP)","*Accord de libre-échange Canada-Chili (ALECC)
*Accord sur les marchés publics de l'Organisation mondiale du commerce (AMP-OMC)
*Accord de libre-échange Canada-Colombie
*Accord de libre-échange canadien (ALEC)
*Accord de libre-échange Canada-Panama
*Accord de libre-échange Canada-Honduras
*Accord économique et commercial global (AECG) entre le Canada et l’Union européenne (UE)
*Accord de libre-échange Canada-Corée
*Accord de continuité commerciale Canada–Royaume-Uni (ACC Canada-Royaume-Uni)
*Accord de libre-échange Canada-Ukraine (ALECU)
*Accord de libre-échange Canada-Pérou (ALECP)
*Accord de Partenariat transpacifique global et progressiste (PTPGP)","*Ontario (except NCR)
*New Brunswick
*Alberta
*British Columbia
*Saskatchewan
*Nova Scotia
*Northwest Territories
*Manitoba
*Quebec (except NCR)
*National Capital Region (NCR)
*Yukon
*Newfoundland and Labrador
*Prince Edward Island","*Ontario (sauf RCN)
*Nouveau-Brunswick
*Alberta
*Colombie-Britannique
*Saskatchewan
*Nouvelle-Écosse
*Territoires du Nord-Ouest
*Manitoba
*Québec (sauf RCN)
*Région de la capitale nationale (RCN)
*Yukon
*Terre-Neuve-et-Labrador
*Île-du-Prince-Édouard","FLIGHT FUELS LIMITED PARTNERSHIP","FLIGHT FUELS LIMITED PARTNERSHIP","","","Flight Fuels LP","Flight Fuels LP","26","26","#1 52111 Range Road 270","#1 52111 Range Road 270","Parkland County","Parkland County","Alberta","Alberta","T7X 3L7","CA","CA","Department of Public Works and Government Services (PSPC)"," Ministère des Travaux publics et des Services gouvernementaux (SPAC)","11 Laurier St, Phase III, Place du Portage","11, rue Laurier, Phase III, Place du Portage","Gatineau","Gatineau","Quebec","Québec","K1A 0S5","Canada","Canada","Department of Public Works and Government Services (PSPC)"," Ministère des Travaux publics et des Services gouvernementaux (SPAC)","","","11 Laurier St, Phase III, Place du Portage,Gatineau,Quebec,K1A 0S5,Canada","11, rue Laurier, Phase III, Place du Portage,Gatineau,Québec,K1A 0S5,Canada","Lacelle, Ann (SPAC/PSPC)","ann.lacelle@tpsgc-pwgsc.gc.ca","","","","","","","","","","","","","National Master Standing Offers (NMSO) for Diesel Fuel, Automotive Gasoline, and Heating Fuel Oil in accordance with Canadian General Standards Board standards, as applicable.  Delivery to various locations in Canada on an as-and-when-requested basis from September 1, 2025 up to and including August 31, 2027.","Offre à commandes national et principale (OCPN) pour du carburant diesel, essence automobile, et de mazout de chauffage conformément aux normes de l'Office des normes générales du Canada, s'il ya lieu.  Livraison à divers emplacements au Canada, sur demande, du 1er Septembre 2025 jusqu'au 31 août 2027, inclusivement."
"E60HL-250020 - Diesel Fuel, Automotive Gasoline, and Heating Fuel","E60HL-250020 - Carburant diesel, l'essence automobile, et mazout de chauffage","CW2413975","000","WS5122680510","WS5122680510","CW2413975","2","2025-09-01","2025-08-12","","2025-09-01","2027-08-31","287734.89","434114.89","CAD","Active","Actif","Standing Offer","Offre à commandes","Original","Original","","","","*15101505
*15101506
*15101513
*15101701
*15101801
*15101802
*83101602","*Diesel fuel
*Gasoline or Petrol
*Diesel fuel off road
*#2 Heating fuel oil
*Biodiesel
*Ethanol
*Supply of fuel oil","*Diesel
*Essence ou super
*Carburant diesel utilisé hors route
*Mazout de chauffage n°2
*Biodiesel
*Éthanol
*Distribution de fioul","*GD","Request for Standing Offer","Demande d’offre à commandes","Competitive - Open bidding","Concurrentielle - Invitation ouverte à soumissionner","Lowest Price","Prix le plus bas","None","Aucune","*Canada-Honduras Free Trade Agreement
*Canadian Free Trade Agreement (CFTA)
*World Trade Organization Agreement on Government Procurement (WTO GPA)
*Canada-Colombia Free Trade Agreement
*Canada-Korea Free Trade Agreement (CKFTA)
*Canada-Chile Free Trade Agreement (CCFTA)
*Canada-Panama Free Trade Agreement
*Canada-European Union Comprehensive Economic and Trade Agreement (CETA)
*Canada-Ukraine Free Trade Agreement (CUFTA)
*Comprehensive and Progressive Agreement for Trans-Pacific Partnership (CPTPP)
*Canada-UK Trade Continuity Agreement (Canada-UK TCA)
*Canada-Peru Free Trade Agreement (CPFTA)","*Accord de libre-échange Canada-Honduras
*Accord de libre-échange canadien (ALEC)
*Accord sur les marchés publics de l'Organisation mondiale du commerce (AMP-OMC)
*Accord de libre-échange Canada-Colombie
*Accord de libre-échange Canada-Corée
*Accord de libre-échange Canada-Chili (ALECC)
*Accord de libre-échange Canada-Panama
*Accord économique et commercial global (AECG) entre le Canada et l’Union européenne (UE)
*Accord de libre-échange Canada-Ukraine (ALECU)
*Accord de Partenariat transpacifique global et progressiste (PTPGP)
*Accord de continuité commerciale Canada–Royaume-Uni (ACC Canada-Royaume-Uni)
*Accord de libre-échange Canada-Pérou (ALECP)","*National Capital Region (NCR)
*Alberta
*Ontario (except NCR)
*Manitoba
*Northwest Territories
*British Columbia
*Yukon
*Nova Scotia
*New Brunswick
*Newfoundland and Labrador
*Prince Edward Island
*Quebec (except NCR)
*Saskatchewan","*Région de la capitale nationale (RCN)
*Alberta
*Ontario (sauf RCN)
*Manitoba
*Territoires du Nord-Ouest
*Colombie-Britannique
*Yukon
*Nouvelle-Écosse
*Nouveau-Brunswick
*Terre-Neuve-et-Labrador
*Île-du-Prince-Édouard
*Québec (sauf RCN)
*Saskatchewan","PetroValue Products","PetroValue Products","PetroValue","PetroValue","PV","PV","12","12","102- 9930 197 st Langley","102- 9930 197 st Langley","Langley","Langley","British Columbia","British Columbia","V1M 3G5","CA","CA","Department of Public Works and Government Services (PSPC)"," Ministère des Travaux publics et des Services gouvernementaux (SPAC)","11 Laurier St, Phase III, Place du Portage","11, rue Laurier, Phase III, Place du Portage","Gatineau","Gatineau","Quebec","Québec","K1A 0S5","Canada","Canada","Department of Public Works and Government Services (PSPC)"," Ministère des Travaux publics et des Services gouvernementaux (SPAC)","","","11 Laurier St, Phase III, Place du Portage,Gatineau,Quebec,K1A 0S5,Canada","11, rue Laurier, Phase III, Place du Portage,Gatineau,Québec,K1A 0S5,Canada","Lacelle, Ann (SPAC/PSPC)","ann.lacelle@tpsgc-pwgsc.gc.ca","","","","","","","","","","","","","National Master Standing Offers (NMSO) for Diesel Fuel, Automotive Gasoline, and Heating Fuel Oil in accordance with Canadian General Standards Board standards, as applicable.  Delivery to various locations in Canada on an as-and-when-requested basis from September 1, 2025 up to and including August 31, 2027.","Offre à commandes national et principale (OCPN) pour du carburant diesel, essence automobile, et de mazout de chauffage conformément aux normes de l'Office des normes générales du Canada, s'il ya lieu.  Livraison à divers emplacements au Canada, sur demande, du 1er Septembre 2025 jusqu'au 31 août 2027, inclusivement."
"E60HL-250020 - Diesel Fuel, Automotive Gasoline, and Heating Fuel","E60HL-250020 - Carburant diesel, l'essence automobile, et mazout de chauffage","CW2413990","000","WS5122680510","WS5122680510","CW2413990","2","2025-09-01","2025-08-12","","2025-09-01","2027-08-31","30358441.89","32237944.13","CAD","Active","Actif","Standing Offer","Offre à commandes","Original","Original","","","","*15101505
*15101506
*15101513
*15101701
*15101801
*15101802
*83101602","*Diesel fuel
*Gasoline or Petrol
*Diesel fuel off road
*#2 Heating fuel oil
*Biodiesel
*Ethanol
*Supply of fuel oil","*Diesel
*Essence ou super
*Carburant diesel utilisé hors route
*Mazout de chauffage n°2
*Biodiesel
*Éthanol
*Distribution de fioul","*GD","Request for Standing Offer","Demande d’offre à commandes","Competitive - Open bidding","Concurrentielle - Invitation ouverte à soumissionner","Lowest Price","Prix le plus bas","None","Aucune","*World Trade Organization Agreement on Government Procurement (WTO GPA)
*Canada-Colombia Free Trade Agreement
*Canada-Honduras Free Trade Agreement
*Canadian Free Trade Agreement (CFTA)
*Canada-Panama Free Trade Agreement
*Canada-Peru Free Trade Agreement (CPFTA)
*Canada-Korea Free Trade Agreement (CKFTA)
*Canada-Chile Free Trade Agreement (CCFTA)
*Canada-UK Trade Continuity Agreement (Canada-UK TCA)
*Canada-European Union Comprehensive Economic and Trade Agreement (CETA)
*Canada-Ukraine Free Trade Agreement (CUFTA)
*Comprehensive and Progressive Agreement for Trans-Pacific Partnership (CPTPP)","*Accord sur les marchés publics de l'Organisation mondiale du commerce (AMP-OMC)
*Accord de libre-échange Canada-Colombie
*Accord de libre-échange Canada-Honduras
*Accord de libre-échange canadien (ALEC)
*Accord de libre-échange Canada-Panama
*Accord de libre-échange Canada-Pérou (ALECP)
*Accord de libre-échange Canada-Corée
*Accord de libre-échange Canada-Chili (ALECC)
*Accord de continuité commerciale Canada–Royaume-Uni (ACC Canada-Royaume-Uni)
*Accord économique et commercial global (AECG) entre le Canada et l’Union européenne (UE)
*Accord de libre-échange Canada-Ukraine (ALECU)
*Accord de Partenariat transpacifique global et progressiste (PTPGP)","*Alberta
*National Capital Region (NCR)
*Manitoba
*Northwest Territories
*British Columbia
*Ontario (except NCR)
*New Brunswick
*Yukon
*Prince Edward Island
*Newfoundland and Labrador
*Nova Scotia
*Quebec (except NCR)
*Saskatchewan","*Alberta
*Région de la capitale nationale (RCN)
*Manitoba
*Territoires du Nord-Ouest
*Colombie-Britannique
*Ontario (sauf RCN)
*Nouveau-Brunswick
*Yukon
*Île-du-Prince-Édouard
*Terre-Neuve-et-Labrador
*Nouvelle-Écosse
*Québec (sauf RCN)
*Saskatchewan","SUNCOR ENERGY PRODUCTS PARTNERSHIP","SUNCOR ENERGY PRODUCTS PARTNERSHIP","","","","","","","PO Box 2844 STN M","PO Box 2844 STN M","Calgary","Calgary","Alberta","Alberta","T2P 3E3","CA","CA","Department of Public Works and Government Services (PSPC)"," Ministère des Travaux publics et des Services gouvernementaux (SPAC)","11 Laurier St, Phase III, Place du Portage","11, rue Laurier, Phase III, Place du Portage","Gatineau","Gatineau","Quebec","Québec","K1A 0S5","Canada","Canada","Department of Public Works and Government Services (PSPC)"," Ministère des Travaux publics et des Services gouvernementaux (SPAC)","","","11 Laurier St, Phase III, Place du Portage,Gatineau,Quebec,K1A 0S5,Canada","11, rue Laurier, Phase III, Place du Portage,Gatineau,Québec,K1A 0S5,Canada","Lacelle, Ann (SPAC/PSPC)","ann.lacelle@tpsgc-pwgsc.gc.ca","","","","","","","","","","","","","National Master Standing Offers (NMSO) for Diesel Fuel, Automotive Gasoline, and Heating Fuel Oil in accordance with Canadian General Standards Board standards, as applicable.  Delivery to various locations in Canada on an as-and-when-requested basis from September 1, 2025 up to and including August 31, 2027.","Offre à commandes national et principale (OCPN) pour du carburant diesel, essence automobile, et de mazout de chauffage conformément aux normes de l'Office des normes générales du Canada, s'il ya lieu.  Livraison à divers emplacements au Canada, sur demande, du 1er Septembre 2025 jusqu'au 31 août 2027, inclusivement."
"E60HL-250020 - Diesel Fuel, Automotive Gasoline, and Heating Fuel","E60HL-250020 - Carburant diesel, l'essence automobile, et mazout de chauffage","CW2413999","000","WS5122680510","WS5122680510","CW2413999","2","2025-09-01","2025-08-12","","2025-09-01","2027-08-31","5219916.50","5219916.50","CAD","Active","Actif","Standing Offer","Offre à commandes","Original","Original","","","","*15101505
*15101506
*15101513
*15101701
*15101801
*15101802
*83101602","*Diesel fuel
*Gasoline or Petrol
*Diesel fuel off road
*#2 Heating fuel oil
*Biodiesel
*Ethanol
*Supply of fuel oil","*Diesel
*Essence ou super
*Carburant diesel utilisé hors route
*Mazout de chauffage n°2
*Biodiesel
*Éthanol
*Distribution de fioul","*GD","Request for Standing Offer","Demande d’offre à commandes","Competitive - Open bidding","Concurrentielle - Invitation ouverte à soumissionner","Lowest Price","Prix le plus bas","None","Aucune","*Canada-Honduras Free Trade Agreement
*Canadian Free Trade Agreement (CFTA)
*Canada-Panama Free Trade Agreement
*Canada-Colombia Free Trade Agreement
*Canada-Korea Free Trade Agreement (CKFTA)
*Canada-Chile Free Trade Agreement (CCFTA)
*Canada-UK Trade Continuity Agreement (Canada-UK TCA)
*World Trade Organization Agreement on Government Procurement (WTO GPA)
*Canada-Ukraine Free Trade Agreement (CUFTA)
*Canada-European Union Comprehensive Economic and Trade Agreement (CETA)
*Canada-Peru Free Trade Agreement (CPFTA)
*Comprehensive and Progressive Agreement for Trans-Pacific Partnership (CPTPP)","*Accord de libre-échange Canada-Honduras
*Accord de libre-échange canadien (ALEC)
*Accord de libre-échange Canada-Panama
*Accord de libre-échange Canada-Colombie
*Accord de libre-échange Canada-Corée
*Accord de libre-échange Canada-Chili (ALECC)
*Accord de continuité commerciale Canada–Royaume-Uni (ACC Canada-Royaume-Uni)
*Accord sur les marchés publics de l'Organisation mondiale du commerce (AMP-OMC)
*Accord de libre-échange Canada-Ukraine (ALECU)
*Accord économique et commercial global (AECG) entre le Canada et l’Union européenne (UE)
*Accord de libre-échange Canada-Pérou (ALECP)
*Accord de Partenariat transpacifique global et progressiste (PTPGP)","*Ontario (except NCR)
*New Brunswick
*National Capital Region (NCR)
*Alberta
*Yukon
*Nova Scotia
*Northwest Territories
*British Columbia
*Quebec (except NCR)
*Manitoba
*Saskatchewan
*Newfoundland and Labrador
*Prince Edward Island","*Ontario (sauf RCN)
*Nouveau-Brunswick
*Région de la capitale nationale (RCN)
*Alberta
*Yukon
*Nouvelle-Écosse
*Territoires du Nord-Ouest
*Colombie-Britannique
*Québec (sauf RCN)
*Manitoba
*Saskatchewan
*Terre-Neuve-et-Labrador
*Île-du-Prince-Édouard","WESTERN PETROLEUM NEWFOUNDLAND LIMITED","WESTERN PETROLEUM NEWFOUNDLAND LIMITED","","","","","40","40","PO Box 1167","PO Box 1167","Corner Brook","Corner Brook","NL","NL","A2H 6T2","CA","CA","Department of Public Works and Government Services (PSPC)"," Ministère des Travaux publics et des Services gouvernementaux (SPAC)","11 Laurier St, Phase III, Place du Portage","11, rue Laurier, Phase III, Place du Portage","Gatineau","Gatineau","Quebec","Québec","K1A 0S5","Canada","Canada","Department of Public Works and Government Services (PSPC)"," Ministère des Travaux publics et des Services gouvernementaux (SPAC)","","","11 Laurier St, Phase III, Place du Portage,Gatineau,Quebec,K1A 0S5,Canada","11, rue Laurier, Phase III, Place du Portage,Gatineau,Québec,K1A 0S5,Canada","Lacelle, Ann (SPAC/PSPC)","ann.lacelle@tpsgc-pwgsc.gc.ca","","","","","","","","","","","","","National Master Standing Offers (NMSO) for Diesel Fuel, Automotive Gasoline, and Heating Fuel Oil in accordance with Canadian General Standards Board standards, as applicable.  Delivery to various locations in Canada on an as-and-when-requested basis from September 1, 2025 up to and including August 31, 2027.","Offre à commandes national et principale (OCPN) pour du carburant diesel, essence automobile, et de mazout de chauffage conformément aux normes de l'Office des normes générales du Canada, s'il ya lieu.  Livraison à divers emplacements au Canada, sur demande, du 1er Septembre 2025 jusqu'au 31 août 2027, inclusivement."
"F1818-256000 Marine Fuel for CCG in Japan","F1818-256000 Carburant marin pour ls GCC à Japon","CW2401992","000","WS5146987345","WS5146987345","CW2401992","1","2025-07-01","2025-06-18","","2025-07-01","2026-06-30","905873.34","905873.34","CAD","Active","Actif","Standing Offer","Offre à commandes","Original","Original","","","","*15101509","*Marine fuel","*Carburant marin","*GD","Request for Standing Offer","Demande d’offre à commandes","Competitive - Open bidding","Concurrentielle - Invitation ouverte à soumissionner","Lowest Price","Prix le plus bas","None","Aucune","*Canada-Panama Free Trade Agreement
*Canadian Free Trade Agreement (CFTA)
*Canada-Colombia Free Trade Agreement
*Canada-Chile Free Trade Agreement (CCFTA)
*Comprehensive and Progressive Agreement for Trans-Pacific Partnership (CPTPP)
*Canada-Honduras Free Trade Agreement
*Canada-Peru Free Trade Agreement (CPFTA)
*Canada-European Union Comprehensive Economic and Trade Agreement (CETA)
*Canada-Ukraine Free Trade Agreement (CUFTA)
*World Trade Organization Agreement on Government Procurement (WTO GPA)
*Canada-Korea Free Trade Agreement (CKFTA)
*Canada-UK Trade Continuity Agreement (Canada-UK TCA)","*Accord de libre-échange Canada-Panama
*Accord de libre-échange canadien (ALEC)
*Accord de libre-échange Canada-Colombie
*Accord de libre-échange Canada-Chili (ALECC)
*Accord de Partenariat transpacifique global et progressiste (PTPGP)
*Accord de libre-échange Canada-Honduras
*Accord de libre-échange Canada-Pérou (ALECP)
*Accord économique et commercial global (AECG) entre le Canada et l’Union européenne (UE)
*Accord de libre-échange Canada-Ukraine (ALECU)
*Accord sur les marchés publics de l'Organisation mondiale du commerce (AMP-OMC)
*Accord de libre-échange Canada-Corée
*Accord de continuité commerciale Canada–Royaume-Uni (ACC Canada-Royaume-Uni)","*Japan","*Japon","S.C.A. - Shipping Consultants Associated LTD","S.C.A. - Shipping Consultants Associated LTD","","","","","23","23","25 Military Road","25 Military Road","CHATHAM","CHATHAM","Kent","Kent","ME4 4JG","GB","GB","Department of Public Works and Government Services (PSPC)"," Ministère des Travaux publics et des Services gouvernementaux (SPAC)","11 Laurier St, Phase III, Place du Portage","11, rue Laurier, Phase III, Place du Portage","Gatineau","Gatineau","Quebec","Québec","K1A 0S5","Canada","Canada","Canadian Coast Guard (CCG)"," Garde côtière canadienne (GCC)","","","200 Kent St. Station 13E228,Ottawa,Ontario,K1A0E6,Canada","200, rue Kent, Station 13E228,Ottawa,Ontario,K1A0E6,Canada","MacLeod, Bobbi (SPAC/PSPC)","bobbi.macleod@tpsgc-pwgsc.gc.ca","","","","","","","","","","","","","This requirement is for the supply of marine fuel at Tokyo, Yokohama, Osaka and Hakodate, Japan, as and when call-up by the Canadian Coast Guard (identified user), from July 1, 2025 up to and including June 30, 2026 with two one year option periods .  The specifications for the fuel shall be in accordance with ISO 8217-2024, DMA.  The estimated quantity is 750,000 liters per year.","Ce besoin est pour la fourniture de carburant marin à Tokyo, Yokohama, Osaka et Hakodate, au Japon, au fur et à mesure des commandes subséquentes de la Garde côtière canadienne (utilisateur identifié), du 1er juillet 2025 au 30 juin 2026 inclusivement, avec deux périodes d'option d'un an. Les spécifications du carburant doivent être conformes à la norme ISO 8217-2024, DMA. La quantité estimée est de 750 000 litres par an."
"W0103-259934 Naval Distillate Fuel with Synthesized Paraffinic Diesel for DND","W0103-259934 Mazout léger marine avec diesel paraffinique de synthèse pour le MDN","CW2408465","000","WS5245851887","WS5245851887","CW2408465","1","2025-11-15","2025-09-22","","2025-09-22","2027-03-31","30475305.00","30475305.00","CAD","Active","Actif","Standing Offer","Offre à commandes","Original","Original","","","","*15101509","*Marine fuel","*Carburant marin","*GD","Request for Standing Offer","Demande d’offre à commandes","Competitive - Open bidding","Concurrentielle - Invitation ouverte à soumissionner","Lowest Price","Prix le plus bas","None","Aucune","*Canada-Colombia Free Trade Agreement
*Canada-Honduras Free Trade Agreement
*World Trade Organization Agreement on Government Procurement (WTO GPA)
*Canadian Free Trade Agreement (CFTA)
*Canada-European Union Comprehensive Economic and Trade Agreement (CETA)
*Canada-Ukraine Free Trade Agreement (CUFTA)
*Canada-Panama Free Trade Agreement
*Canada-Chile Free Trade Agreement (CCFTA)
*Canada-Peru Free Trade Agreement (CPFTA)
*Canada-Korea Free Trade Agreement (CKFTA)
*Canada-UK Trade Continuity Agreement (Canada-UK TCA)
*Comprehensive and Progressive Agreement for Trans-Pacific Partnership (CPTPP)","*Accord de libre-échange Canada-Colombie
*Accord de libre-échange Canada-Honduras
*Accord sur les marchés publics de l'Organisation mondiale du commerce (AMP-OMC)
*Accord de libre-échange canadien (ALEC)
*Accord économique et commercial global (AECG) entre le Canada et l’Union européenne (UE)
*Accord de libre-échange Canada-Ukraine (ALECU)
*Accord de libre-échange Canada-Panama
*Accord de libre-échange Canada-Chili (ALECC)
*Accord de libre-échange Canada-Pérou (ALECP)
*Accord de libre-échange Canada-Corée
*Accord de continuité commerciale Canada–Royaume-Uni (ACC Canada-Royaume-Uni)
*Accord de Partenariat transpacifique global et progressiste (PTPGP)","*British Columbia","*Colombie-Britannique","PARKLAND CORPORATION/CORPORATION PARKLAND","PARKLAND CORPORATION/CORPORATION PARKLAND","Bluewave Energy, Ultramar, Columbia Fuels","Bluewave Energy, Ultramar, Columbia Fuels","","","6600","6600","Suite 1800,  240 - 4th Ave SW","Suite 1800,  240 - 4th Ave SW","Calgary","Calgary","Alberta","Alberta","T2P 4H4","CA","CA","Department of Public Works and Government Services (PSPC)"," Ministère des Travaux publics et des Services gouvernementaux (SPAC)","11 Laurier St, Phase III, Place du Portage","11, rue Laurier, Phase III, Place du Portage","Gatineau","Gatineau","Quebec","Québec","K1A 0S5","Canada","Canada","Department of National Defence (DND)"," Ministère de la Défense nationale (MDN)","","","101 Colonel By Dr,Ottawa,Ontario,K1A0K2,Canada","101, promenade Colonel By,Ottawa,Ontario,K1A0K2,Canada","MacLeod, Bobbi (SPAC/PSPC)","bobbi.macleod@tpsgc-pwgsc.gc.ca","","","","","","","","","","","","","The Department of National Defence (DND) has a requirement for the supply and delivery of an estimated to 8 million litres of finished, blended naval distillate fuel containing 50% by volume of synthesized paraffinic diesel by barge to CFB Esquimalt and an estimated to 9 million litres of finished, blended naval distillate fuel containing 50% by volume of synthesized paraffinic diesel by barge into DND vessels at Vancouver Seaspan Shipyards.  The period of the standing offer is from date of issuance of the standing offer until 31 March 2027.","Le ministère de la Défense nationale (MDN) a besoin de fournir et de livrer une quantité estimée de 8 millions de litres de mazout léger marine fini et mélangé contenant 50 % en volume de diesel paraffinique de synthèse par chaland à la BFC Esquimalt et une quantité estimée de 9 millions de litres de mazout léger marine fini et mélangé contenant 50 % en volume de diesel paraffinique de synthèse par chaland au navire à Vancouver Seaspan Shipyards.  La période de l’offre à commandes et de la date de l’émission de l’offre à commandes jusqu’au 31 mars 2027."
"E60HL-25K201 Bulk Coloured Diesel Fuel","E60HL-25K201 Carburant diesel coloré en vrac","CW2408025","000","WS5079997164","WS5079997164","CW2408025","1","2025-06-29","2025-06-17","","2025-06-17","2025-06-29","869809.44","869809.44","CAD","Active","Actif","Contract","Contrat","Original","Original","","","","*15101505
*15101513","*Diesel fuel
*Diesel fuel off road","*Diesel
*Carburant diesel utilisé hors route","*GD","Request for Proposal","Demande de propositions","Competitive - Open bidding","Concurrentielle - Invitation ouverte à soumissionner","Lowest Price","Prix le plus bas","None","Aucune","*Canada-Panama Free Trade Agreement
*Canadian Free Trade Agreement (CFTA)
*Canada-Honduras Free Trade Agreement
*Canada-Colombia Free Trade Agreement
*Canada-UK Trade Continuity Agreement (Canada-UK TCA)
*Canada-Chile Free Trade Agreement (CCFTA)
*Canada-Korea Free Trade Agreement (CKFTA)
*Canada-European Union Comprehensive Economic and Trade Agreement (CETA)
*Canada-Ukraine Free Trade Agreement (CUFTA)
*Comprehensive and Progressive Agreement for Trans-Pacific Partnership (CPTPP)
*World Trade Organization Agreement on Government Procurement (WTO GPA)
*North American Free Trade Agreement (NAFTA)
*Canada-Peru Free Trade Agreement (CPFTA)","*Accord de libre-échange Canada-Panama
*Accord de libre-échange canadien (ALEC)
*Accord de libre-échange Canada-Honduras
*Accord de libre-échange Canada-Colombie
*Accord de continuité commerciale Canada–Royaume-Uni (ACC Canada-Royaume-Uni)
*Accord de libre-échange Canada-Chili (ALECC)
*Accord de libre-échange Canada-Corée
*Accord économique et commercial global (AECG) entre le Canada et l’Union européenne (UE)
*Accord de libre-échange Canada-Ukraine (ALECU)
*Accord de Partenariat transpacifique global et progressiste (PTPGP)
*Accord sur les marchés publics de l'Organisation mondiale du commerce (AMP-OMC)
*Accord de libre-échange nord-américain (ALENA)
*Accord de libre-échange Canada-Pérou (ALECP)","*Quebec (except NCR)","*Québec (sauf RCN)","Groupe Énergie BDL Inc","Groupe Énergie BDL Inc","","","","","","","10390 boul Louis-H.-la Fontaine","10390 boul Louis-H.-la Fontaine","Anjou","Anjou","Québec","Québec","H1J 2T3","CA","CA","Department of Public Works and Government Services (PSPC)"," Ministère des Travaux publics et des Services gouvernementaux (SPAC)","11 Laurier St, Phase III, Place du Portage","11, rue Laurier, Phase III, Place du Portage","Gatineau","Gatineau","Quebec","Québec","K1A 0S5","Canada","Canada","Department of National Defence (DND) / Department of the Environment (ECCC )"," Ministère de l’Environnement (ECCC) /  Ministère de la Défense nationale (MDN)"," / "," / ","101 Colonel By Dr,Ottawa,Ontario,K1A0K2,Canada / 200 Boulevard Sacré-Coeur,Gatineau,Quebec,J8X4C6,Canada","200, boulevard Sacré-Coeur,Gatineau,Quebec,J8X4C6,Canada / 101, promenade Colonel By,Ottawa,Ontario,K1A0K2,Canada","MacLeod, Bobbi (SPAC/PSPC)","bobbi.macleod@tpsgc-pwgsc.gc.ca","","","","","","","","","","","","","Diesel fuel delivered DDP Port of Quebec City:
 
 Bulk Colored Diesel Fuel (B0) in accordance with CAN/CGSB 3.517-2025 (Latest Issue), Type A (P-50), Maximum Operability Cloud Point -43°C; Except minimum Flash Point of 43°C. Additive is permitted should it be required to obtain the fuel specification. 
 The total quantity of fuel is to be delivered by tank wagon to the port of Quebec City, Quebec, and loaded onto a Canadian Coast Guard vessel CCGS Des Groseilliers for furtherance to Eureka, NU. Delivery is tentatively scheduled between June 16 and 29, 2025. 
Quantity: 550,000 litres (Item 1), 95,000 litres (Item 2)
 
 The following Comprehensive Land Claim Agreement applies to this procurement: 
 Nunavut Land Claim Agreement (NLCA) for deliveries to* Eureka, Nunavut 
 *where ""deliveries to"" means goods delivered to, and services performed in.","Veuillez noter que les soumissions tardives ne seront ni prises en compte ni acceptées. 
 Le carburant diesel livré rendu droits acquittés au port de la ville de Québec (Québec) : Carburant diesel coloré en vrac (B0) en conformité avec la norme Carburant diesel CAN/CGSB-3.517-2025 (dernière version), le type A (P-50). Température maximale de service – point de trouble -43°C; sauf point d’éclair d’un minimum de 43°C. Il est permis d'additifs devrait-il être requis pour obtenir les spécifications du carburant. La quantité totale de carburant doit être livrée par camion-citerne au port de la ville de Québec (Québec), et chargé dans un navire de la Garde Côtière Canadienne MGCC Des Groseilliers pour acheminement ultérieur à Eureka (Nunavut). La livraison est prévue provisoirement prévue entre le 16 et le 29 juin 2025. Quantité : 550,000 litres (article 1), 95,000 litres (article 2) L’Entente sur les revendications territoriales globales (ERTG) suivante s’applique : Entente sur les revendications territoriales des Inuit du Nunavut(ERTIN) pour livraisons* à Eureka, Nunavut où « livraisons à » signifie « biens livrés à, et services rendus dans »."
"E60HL-25K201 Bulk Coloured Diesel Fuel","E60HL-25K201 Carburant diesel coloré en vrac","CW2398049","000","WS5079997164","WS5079997164","CW2398049","2","2025-06-12","2025-06-12","","2025-06-12","2026-08-31","920271.40","920271.40","CAD","Active","Actif","Contract","Contrat","Original","Original","","","","*15101505
*15101513","*Diesel fuel
*Diesel fuel off road","*Diesel
*Carburant diesel utilisé hors route","*GD","Request for Proposal","Demande de propositions","Competitive - Open bidding","Concurrentielle - Invitation ouverte à soumissionner","Variations or combinations of the above methods","Variations ou combinaisons des méthodes susmentionnées","None","Aucune","*Canadian Free Trade Agreement (CFTA)
*Canada-Chile Free Trade Agreement (CCFTA)
*Canada-Colombia Free Trade Agreement
*Canada-European Union Comprehensive Economic and Trade Agreement (CETA)
*Canada-Peru Free Trade Agreement (CPFTA)
*North American Free Trade Agreement (NAFTA)
*World Trade Organization Agreement on Government Procurement (WTO GPA)
*Comprehensive and Progressive Agreement for Trans-Pacific Partnership (CPTPP)
*Canada-Honduras Free Trade Agreement
*Canada-Korea Free Trade Agreement (CKFTA)
*Canada-Panama Free Trade Agreement
*Canada-Ukraine Free Trade Agreement (CUFTA)
*Canada-UK Trade Continuity Agreement (Canada-UK TCA)","*Accord de libre-échange canadien (ALEC)
*Accord de libre-échange Canada-Chili (ALECC)
*Accord de libre-échange Canada-Colombie
*Accord économique et commercial global (AECG) entre le Canada et l’Union européenne (UE)
*Accord de libre-échange Canada-Pérou (ALECP)
*Accord de libre-échange nord-américain (ALENA)
*Accord sur les marchés publics de l'Organisation mondiale du commerce (AMP-OMC)
*Accord de Partenariat transpacifique global et progressiste (PTPGP)
*Accord de libre-échange Canada-Honduras
*Accord de libre-échange Canada-Corée
*Accord de libre-échange Canada-Panama
*Accord de libre-échange Canada-Ukraine (ALECU)
*Accord de continuité commerciale Canada–Royaume-Uni (ACC Canada-Royaume-Uni)","*Canada","*Canada","C3 Fuel Nunavik Inc.","C3 Fuel Nunavik Inc.","","","","","99","99","211 Uvilulik RD 
P.O. Box 60","211 Uvilulik RD 
P.O. Box 60","Kangiqsujuaq","Kangiqsujuaq","Québec","Québec","J0M 1K0","CA","CA","Department of Public Works and Government Services (PSPC)"," Ministère des Travaux publics et des Services gouvernementaux (SPAC)","11 Laurier St, Phase III, Place du Portage","11, rue Laurier, Phase III, Place du Portage","Gatineau","Gatineau","Quebec","Québec","K1A 0S5","Canada","Canada","Department of the Environment (ECCC ) / Department of National Defence (DND)"," Ministère de l’Environnement (ECCC) /  Ministère de la Défense nationale (MDN)"," / "," / ","200 Boulevard Sacré-Coeur,Gatineau,Quebec,J8X4C6,Canada / 101 Colonel By Dr,Ottawa,Ontario,K1A0K2,Canada","200, boulevard Sacré-Coeur,Gatineau,Quebec,J8X4C6,Canada / 101, promenade Colonel By,Ottawa,Ontario,K1A0K2,Canada","O'Neill, Erin (SPAC/PSPC) (elle-la / she-her)","erin.oneill@tpsgc-pwgsc.gc.ca","","","","","","","","","","","","","Diesel fuel delivered DDP Port of Quebec City:
 
 Bulk Colored Diesel Fuel (B0) in accordance with CAN/CGSB 3.517-2025 (Latest Issue), Type A (P-50), Maximum Operability Cloud Point -43°C; Except minimum Flash Point of 43°C. Additive is permitted should it be required to obtain the fuel specification. 
 The total quantity of fuel is to be delivered by tank wagon to the port of Quebec City, Quebec, and loaded onto a Canadian Coast Guard vessel CCGS Des Groseilliers for furtherance to Eureka, NU. Delivery is tentatively scheduled between June 16 and 29, 2025. 
Quantity: 550,000 litres (Item 1), 95,000 litres (Item 2)
 
 The following Comprehensive Land Claim Agreement applies to this procurement: 
 Nunavut Land Claim Agreement (NLCA) for deliveries to* Eureka, Nunavut 
 *where ""deliveries to"" means goods delivered to, and services performed in.","Veuillez noter que les soumissions tardives ne seront ni prises en compte ni acceptées. 
 Le carburant diesel livré rendu droits acquittés au port de la ville de Québec (Québec) : Carburant diesel coloré en vrac (B0) en conformité avec la norme Carburant diesel CAN/CGSB-3.517-2025 (dernière version), le type A (P-50). Température maximale de service – point de trouble -43°C; sauf point d’éclair d’un minimum de 43°C. Il est permis d'additifs devrait-il être requis pour obtenir les spécifications du carburant. La quantité totale de carburant doit être livrée par camion-citerne au port de la ville de Québec (Québec), et chargé dans un navire de la Garde Côtière Canadienne MGCC Des Groseilliers pour acheminement ultérieur à Eureka (Nunavut). La livraison est prévue provisoirement prévue entre le 16 et le 29 juin 2025. Quantité : 550,000 litres (article 1), 95,000 litres (article 2) L’Entente sur les revendications territoriales globales (ERTG) suivante s’applique : Entente sur les revendications territoriales des Inuit du Nunavut(ERTIN) pour livraisons* à Eureka, Nunavut où « livraisons à » signifie « biens livrés à, et services rendus dans »."
"E60HL-250051 NMSO Marine Fuel 2025-2027","E60HL-250051 OCPN Carburant marin 2025-2027","CW2409152","000","WS5054542893","WS5054542893","CW2409152","1","2025-07-16","2025-05-21","","2025-06-01","2027-05-31","3902617.20","3902617.20","CAD","Active","Actif","Standing Offer","Offre à commandes","Original","Original","","","","*15101509","*Marine fuel","*Carburant marin","*GD","Request for Standing Offer","Demande d’offre à commandes","Competitive - Open bidding","Concurrentielle - Invitation ouverte à soumissionner","Lowest Price","Prix le plus bas","None","Aucune","*Canada-Colombia Free Trade Agreement
*Canada-Panama Free Trade Agreement
*Canadian Free Trade Agreement (CFTA)
*World Trade Organization Agreement on Government Procurement (WTO GPA)
*Canada-Peru Free Trade Agreement (CPFTA)
*Canada-UK Trade Continuity Agreement (Canada-UK TCA)
*Canada-Chile Free Trade Agreement (CCFTA)
*Canada-Honduras Free Trade Agreement
*Canada-European Union Comprehensive Economic and Trade Agreement (CETA)
*Canada-Korea Free Trade Agreement (CKFTA)
*Comprehensive and Progressive Agreement for Trans-Pacific Partnership (CPTPP)
*Canada-Ukraine Free Trade Agreement (CUFTA)","*Accord de libre-échange Canada-Colombie
*Accord de libre-échange Canada-Panama
*Accord de libre-échange canadien (ALEC)
*Accord sur les marchés publics de l'Organisation mondiale du commerce (AMP-OMC)
*Accord de libre-échange Canada-Pérou (ALECP)
*Accord de continuité commerciale Canada–Royaume-Uni (ACC Canada-Royaume-Uni)
*Accord de libre-échange Canada-Chili (ALECC)
*Accord de libre-échange Canada-Honduras
*Accord économique et commercial global (AECG) entre le Canada et l’Union européenne (UE)
*Accord de libre-échange Canada-Corée
*Accord de Partenariat transpacifique global et progressiste (PTPGP)
*Accord de libre-échange Canada-Ukraine (ALECU)","*Nova Scotia
*British Columbia
*Northwest Territories
*New Brunswick
*Nunavut Territory
*Newfoundland and Labrador
*Ontario (except NCR)
*Quebec (except NCR)","*Nouvelle-Écosse
*Colombie-Britannique
*Territoires du Nord-Ouest
*Nouveau-Brunswick
*Territoire du Nunavut
*Terre-Neuve-et-Labrador
*Ontario (sauf RCN)
*Québec (sauf RCN)","Groupe Énergie BDL Inc","Groupe Énergie BDL Inc","","","","","","","10390 boul Louis-H.-la Fontaine","10390 boul Louis-H.-la Fontaine","Anjou","Anjou","Québec","Québec","H1J 2T3","CA","CA","Department of Public Works and Government Services (PSPC)"," Ministère des Travaux publics et des Services gouvernementaux (SPAC)","11 Laurier St, Phase III, Place du Portage","11, rue Laurier, Phase III, Place du Portage","Gatineau","Gatineau","Quebec","Québec","K1A 0S5","Canada","Canada","Department of National Defence (DND) / Department of Fisheries and Oceans (DFO)"," Ministère de la Défense nationale (MDN) /  Ministère des Pêches et des Océans (MPO)"," / "," / ","101 Colonel By Dr,Ottawa,Ontario,K1A0K2,Canada / 200 Kent Street,Ottawa,Ontario,K1A 0E6,Canada","101, promenade Colonel By,Ottawa,Ontario,K1A0K2,Canada / 200, rue Kent,Ottawa,Ontario,K1A 0E6,Canada","O'Neill, Erin (SPAC/PSPC) (elle-la / she-her)","erin.oneill@tpsgc-pwgsc.gc.ca","","","","","","","","","","","","","National Master Standing Offers for marine fuels.
 
Delivery to various locations in Canada as required during the period of June 1, 2025 up to and including May 31, 2027.","Offres à commandes principales et nationales pour du carburant marin.
 
Livraison à divers endroits au Canada, selon la demande, durant la période du 1 juin 2025 jusqu’au 31 mai 2027 inclusivement."
"E60HL-250015 Arctic Naval Distillate Fuel","E60HL-250015 Mazout léger marin pour l'arctique","CW2405741","000","WS5202533907","WS5202533907","CW2405741","4","2025-06-25","2025-06-25","","2025-06-25","2025-11-30","11713884.00","10419341.09","CAD","Active","Actif","Contract","Contrat","Original","Original","","","","*15101509","*Marine fuel","*Carburant marin","*GD","Request for Proposal","Demande de propositions","Competitive - Open bidding","Concurrentielle - Invitation ouverte à soumissionner","Variations or combinations of the above methods","Variations ou combinaisons des méthodes susmentionnées","None","Aucune","*Canada-Chile Free Trade Agreement (CCFTA)
*World Trade Organization Agreement on Government Procurement (WTO GPA)
*Canadian Free Trade Agreement (CFTA)
*Canada-Honduras Free Trade Agreement
*Canada-European Union Comprehensive Economic and Trade Agreement (CETA)
*Canada-Ukraine Free Trade Agreement (CUFTA)
*Canada-Colombia Free Trade Agreement
*Canada-Korea Free Trade Agreement (CKFTA)
*Comprehensive and Progressive Agreement for Trans-Pacific Partnership (CPTPP)
*Canada-Panama Free Trade Agreement
*Canada-Peru Free Trade Agreement (CPFTA)
*Canada-UK Trade Continuity Agreement (Canada-UK TCA)","*Accord de libre-échange Canada-Chili (ALECC)
*Accord sur les marchés publics de l'Organisation mondiale du commerce (AMP-OMC)
*Accord de libre-échange canadien (ALEC)
*Accord de libre-échange Canada-Honduras
*Accord économique et commercial global (AECG) entre le Canada et l’Union européenne (UE)
*Accord de libre-échange Canada-Ukraine (ALECU)
*Accord de libre-échange Canada-Colombie
*Accord de libre-échange Canada-Corée
*Accord de Partenariat transpacifique global et progressiste (PTPGP)
*Accord de libre-échange Canada-Panama
*Accord de libre-échange Canada-Pérou (ALECP)
*Accord de continuité commerciale Canada–Royaume-Uni (ACC Canada-Royaume-Uni)","*Nunavut Territory","*Territoire du Nunavut","AV Nunavut Fuels Inc.","AV Nunavut Fuels Inc.","","","","","","","234 Manirak Street 
P.O. Box 732","234 Manirak Street 
P.O. Box 732","Rankin Inlet","Rankin Inlet","Nunavut","Nunavut","X0C 0G0","CA","CA","Department of Public Works and Government Services (PSPC)"," Ministère des Travaux publics et des Services gouvernementaux (SPAC)","11 Laurier St, Phase III, Place du Portage","11, rue Laurier, Phase III, Place du Portage","Gatineau","Gatineau","Quebec","Québec","K1A 0S5","Canada","Canada","Canadian Coast Guard (CCG)"," Garde côtière canadienne (GCC)","","","200 Kent St. Station 13E228,Ottawa,Ontario,K1A0E6,Canada","200, rue Kent, Station 13E228,Ottawa,Ontario,K1A0E6,Canada","MacLeod, Bobbi (SPAC/PSPC)","bobbi.macleod@tpsgc-pwgsc.gc.ca","","","","","","","","","","","","","This Canadian Coast Guard requirement is for the supply of a total potential quantity of 9,700,000 litres of Naval Distillate Fuel as follows: a total firm quantity of 6,800,000 litres and a total optional quantity of 2,900,000 litres.

The product is required between July 1 and November 3, 2025 over eleven deliveries via ship to ship at several locations in the Arctic.

COMPREHENSIVE LAND CLAIM AGREEMENTS: For deliveries to* Coral Harbour; Iqaluit; Cambridge Bay; Kugaaruk, Kugluktuk, Hudson Strait and Resolute, NU; the Nunavut Land Claims Agreement applies. * where ""deliveries to"" means ""goods delivered to, and services performed in"".","Cette exigence de la Garde côtière canadienne est pour la fourniture d'une quantité potentielle totale de 9 700 000 litres de Mazout léger marin comme suit: une quantité ferme totale de 6 800 000 litres et une quantité totale optionnelle de 2 900 000 litres.

Le produit est requis entre le 1 juillet et le 3 novembre, 2025 sur onze livraisons par l'intermédiaire de navire à navire à plusieurs endroits dans l'Arctique.

ENTENTES SUR LES REVENDICATIONS TERRITORIALES GLOBALES: Entente sur la revendication territoriale des Inuit du Nunavut (ERTIN) s’applique pour livraisons* à Iqaluit, Resolute, Coral Harbour; Cambridge Bay; Kugaaruk, Kugluktuk et Hudson Strait (Nunavut). *où « Livraisons à » s’entend des « biens livrés à, et des services rendus dans »."
"E60HL-250051 NMSO Marine Fuel 2025-2027","E60HL-250051 OCPN Carburant marin 2025-2027","CW2409764","000","WS5054542893","WS5054542893","CW2409764","1","2025-07-17","2025-05-20","","2025-07-01","2027-05-31","492420.00","492420.00","CAD","Active","Actif","Standing Offer","Offre à commandes","Original","Original","","","","*15101509","*Marine fuel","*Carburant marin","*GD","Request for Standing Offer","Demande d’offre à commandes","Competitive - Open bidding","Concurrentielle - Invitation ouverte à soumissionner","Lowest Price","Prix le plus bas","None","Aucune","*Canada-Honduras Free Trade Agreement
*Canada-European Union Comprehensive Economic and Trade Agreement (CETA)
*Canada-Chile Free Trade Agreement (CCFTA)
*Canadian Free Trade Agreement (CFTA)
*Canada-Ukraine Free Trade Agreement (CUFTA)
*Canada-Colombia Free Trade Agreement
*World Trade Organization Agreement on Government Procurement (WTO GPA)
*Canada-Peru Free Trade Agreement (CPFTA)
*Canada-Korea Free Trade Agreement (CKFTA)
*Comprehensive and Progressive Agreement for Trans-Pacific Partnership (CPTPP)
*Canada-Panama Free Trade Agreement
*Canada-UK Trade Continuity Agreement (Canada-UK TCA)","*Accord de libre-échange Canada-Honduras
*Accord économique et commercial global (AECG) entre le Canada et l’Union européenne (UE)
*Accord de libre-échange Canada-Chili (ALECC)
*Accord de libre-échange canadien (ALEC)
*Accord de libre-échange Canada-Ukraine (ALECU)
*Accord de libre-échange Canada-Colombie
*Accord sur les marchés publics de l'Organisation mondiale du commerce (AMP-OMC)
*Accord de libre-échange Canada-Pérou (ALECP)
*Accord de libre-échange Canada-Corée
*Accord de Partenariat transpacifique global et progressiste (PTPGP)
*Accord de libre-échange Canada-Panama
*Accord de continuité commerciale Canada–Royaume-Uni (ACC Canada-Royaume-Uni)","*Northwest Territories
*British Columbia
*Nunavut Territory
*New Brunswick
*Ontario (except NCR)
*Newfoundland and Labrador
*Nova Scotia
*Quebec (except NCR)","*Territoires du Nord-Ouest
*Colombie-Britannique
*Territoire du Nunavut
*Nouveau-Brunswick
*Ontario (sauf RCN)
*Terre-Neuve-et-Labrador
*Nouvelle-Écosse
*Québec (sauf RCN)","ARCTIC PETROLEUM SERVICES LTD","ARCTIC PETROLEUM SERVICES LTD","","","","","15","15","Suite 1 52111 Range Road 270","Suite 1 52111 Range Road 270","Spruce Grove","Spruce Grove","Alberta","Alberta","T7X 3L7","CA","CA","Department of Public Works and Government Services (PSPC)"," Ministère des Travaux publics et des Services gouvernementaux (SPAC)","11 Laurier St, Phase III, Place du Portage","11, rue Laurier, Phase III, Place du Portage","Gatineau","Gatineau","Quebec","Québec","K1A 0S5","Canada","Canada","Department of National Defence (DND) / Department of Fisheries and Oceans (DFO)"," Ministère des Pêches et des Océans (MPO) /  Ministère de la Défense nationale (MDN)"," / "," / ","101 Colonel By Dr,Ottawa,Ontario,K1A0K2,Canada / 200 Kent Street,Ottawa,Ontario,K1A 0E6,Canada","200, rue Kent,Ottawa,Ontario,K1A 0E6,Canada / 101, promenade Colonel By,Ottawa,Ontario,K1A0K2,Canada","O'Neill, Erin (SPAC/PSPC) (elle-la / she-her)","erin.oneill@tpsgc-pwgsc.gc.ca","","","","","","","","","","","","","National Master Standing Offers for marine fuels.
 
Delivery to various locations in Canada as required during the period of June 1, 2025 up to and including May 31, 2027.","Offres à commandes principales et nationales pour du carburant marin.
 
Livraison à divers endroits au Canada, selon la demande, durant la période du 1 juin 2025 jusqu’au 31 mai 2027 inclusivement."
"E60HL-250051 NMSO Marine Fuel 2025-2027","E60HL-250051 OCPN Carburant marin 2025-2027","CW2409808","000","WS5054542893","WS5054542893","CW2409808","1","2025-07-17","2025-05-26","","2025-06-01","2027-05-31","24783195.50","24783195.50","CAD","Active","Actif","Standing Offer","Offre à commandes","Original","Original","","","","*15101509","*Marine fuel","*Carburant marin","*GD","Request for Standing Offer","Demande d’offre à commandes","Competitive - Open bidding","Concurrentielle - Invitation ouverte à soumissionner","Lowest Price","Prix le plus bas","None","Aucune","*Canada-Colombia Free Trade Agreement
*Canadian Free Trade Agreement (CFTA)
*Canada-Chile Free Trade Agreement (CCFTA)
*Canada-European Union Comprehensive Economic and Trade Agreement (CETA)
*World Trade Organization Agreement on Government Procurement (WTO GPA)
*Canada-Peru Free Trade Agreement (CPFTA)
*Canada-Honduras Free Trade Agreement
*Canada-Ukraine Free Trade Agreement (CUFTA)
*Canada-Korea Free Trade Agreement (CKFTA)
*Canada-UK Trade Continuity Agreement (Canada-UK TCA)
*Canada-Panama Free Trade Agreement
*Comprehensive and Progressive Agreement for Trans-Pacific Partnership (CPTPP)","*Accord de libre-échange Canada-Colombie
*Accord de libre-échange canadien (ALEC)
*Accord de libre-échange Canada-Chili (ALECC)
*Accord économique et commercial global (AECG) entre le Canada et l’Union européenne (UE)
*Accord sur les marchés publics de l'Organisation mondiale du commerce (AMP-OMC)
*Accord de libre-échange Canada-Pérou (ALECP)
*Accord de libre-échange Canada-Honduras
*Accord de libre-échange Canada-Ukraine (ALECU)
*Accord de libre-échange Canada-Corée
*Accord de continuité commerciale Canada–Royaume-Uni (ACC Canada-Royaume-Uni)
*Accord de libre-échange Canada-Panama
*Accord de Partenariat transpacifique global et progressiste (PTPGP)","*Northwest Territories
*British Columbia
*Nunavut Territory
*New Brunswick
*Ontario (except NCR)
*Newfoundland and Labrador
*Nova Scotia
*Quebec (except NCR)","*Territoires du Nord-Ouest
*Colombie-Britannique
*Territoire du Nunavut
*Nouveau-Brunswick
*Ontario (sauf RCN)
*Terre-Neuve-et-Labrador
*Nouvelle-Écosse
*Québec (sauf RCN)","PetroValue Products","PetroValue Products","PetroValue","PetroValue","PV","PV","12","12","102- 9930 197 st Langley","102- 9930 197 st Langley","Langley","Langley","British Columbia","British Columbia","V1M 3G5","CA","CA","Department of Public Works and Government Services (PSPC)"," Ministère des Travaux publics et des Services gouvernementaux (SPAC)","11 Laurier St, Phase III, Place du Portage","11, rue Laurier, Phase III, Place du Portage","Gatineau","Gatineau","Quebec","Québec","K1A 0S5","Canada","Canada","Department of National Defence (DND) / Department of Fisheries and Oceans (DFO)"," Ministère de la Défense nationale (MDN) /  Ministère des Pêches et des Océans (MPO)"," / "," / ","101 Colonel By Dr,Ottawa,Ontario,K1A0K2,Canada / 200 Kent Street,Ottawa,Ontario,K1A 0E6,Canada","101, promenade Colonel By,Ottawa,Ontario,K1A0K2,Canada / 200, rue Kent,Ottawa,Ontario,K1A 0E6,Canada","O'Neill, Erin (SPAC/PSPC) (elle-la / she-her)","erin.oneill@tpsgc-pwgsc.gc.ca","","","","","","","","","","","","","National Master Standing Offers for marine fuels.
 
Delivery to various locations in Canada as required during the period of June 1, 2025 up to and including May 31, 2027.","Offres à commandes principales et nationales pour du carburant marin.
 
Livraison à divers endroits au Canada, selon la demande, durant la période du 1 juin 2025 jusqu’au 31 mai 2027 inclusivement."
"E60HL-250051 NMSO Marine Fuel 2025-2027","E60HL-250051 OCPN Carburant marin 2025-2027","CW2409811","000","WS5054542893","WS5054542893","CW2409811","1","2025-07-23","2025-06-03","","2025-06-01","2027-05-31","450882.00","450882.00","CAD","Active","Actif","Standing Offer","Offre à commandes","Original","Original","","","","*15101509","*Marine fuel","*Carburant marin","*GD","Request for Standing Offer","Demande d’offre à commandes","Competitive - Open bidding","Concurrentielle - Invitation ouverte à soumissionner","Lowest Price","Prix le plus bas","None","Aucune","*Canada-European Union Comprehensive Economic and Trade Agreement (CETA)
*Canada-Honduras Free Trade Agreement
*Canadian Free Trade Agreement (CFTA)
*Comprehensive and Progressive Agreement for Trans-Pacific Partnership (CPTPP)
*Canada-Chile Free Trade Agreement (CCFTA)
*Canada-Colombia Free Trade Agreement
*Canada-Ukraine Free Trade Agreement (CUFTA)
*Canada-Peru Free Trade Agreement (CPFTA)
*World Trade Organization Agreement on Government Procurement (WTO GPA)
*Canada-UK Trade Continuity Agreement (Canada-UK TCA)
*Canada-Korea Free Trade Agreement (CKFTA)
*Canada-Panama Free Trade Agreement","*Accord économique et commercial global (AECG) entre le Canada et l’Union européenne (UE)
*Accord de libre-échange Canada-Honduras
*Accord de libre-échange canadien (ALEC)
*Accord de Partenariat transpacifique global et progressiste (PTPGP)
*Accord de libre-échange Canada-Chili (ALECC)
*Accord de libre-échange Canada-Colombie
*Accord de libre-échange Canada-Ukraine (ALECU)
*Accord de libre-échange Canada-Pérou (ALECP)
*Accord sur les marchés publics de l'Organisation mondiale du commerce (AMP-OMC)
*Accord de continuité commerciale Canada–Royaume-Uni (ACC Canada-Royaume-Uni)
*Accord de libre-échange Canada-Corée
*Accord de libre-échange Canada-Panama","*Nova Scotia
*British Columbia
*Northwest Territories
*New Brunswick
*Nunavut Territory
*Newfoundland and Labrador
*Ontario (except NCR)
*Quebec (except NCR)","*Nouvelle-Écosse
*Colombie-Britannique
*Territoires du Nord-Ouest
*Nouveau-Brunswick
*Territoire du Nunavut
*Terre-Neuve-et-Labrador
*Ontario (sauf RCN)
*Québec (sauf RCN)","S.R.P. NORTH VENTURES LTD.","S.R.P. NORTH VENTURES LTD.","","","S.R.P. PETROLEUM LTD.","S.R.P. PETROLEUM LTD.","7","7","5 RAVEN ROAD","5 RAVEN ROAD","NORMAN WELLS","NORMAN WELLS","Northwest Territories","Northwest Territories","X0E 0V0","CA","CA","Department of Public Works and Government Services (PSPC)"," Ministère des Travaux publics et des Services gouvernementaux (SPAC)","11 Laurier St, Phase III, Place du Portage","11, rue Laurier, Phase III, Place du Portage","Gatineau","Gatineau","Quebec","Québec","K1A 0S5","Canada","Canada","Department of National Defence (DND) / Department of Fisheries and Oceans (DFO)"," Ministère des Pêches et des Océans (MPO) /  Ministère de la Défense nationale (MDN)"," / "," / ","101 Colonel By Dr,Ottawa,Ontario,K1A0K2,Canada / 200 Kent Street,Ottawa,Ontario,K1A 0E6,Canada","200, rue Kent,Ottawa,Ontario,K1A 0E6,Canada / 101, promenade Colonel By,Ottawa,Ontario,K1A0K2,Canada","O'Neill, Erin (SPAC/PSPC) (elle-la / she-her)","erin.oneill@tpsgc-pwgsc.gc.ca","","","","","","","","","","","","","National Master Standing Offers for marine fuels.
 
Delivery to various locations in Canada as required during the period of June 1, 2025 up to and including May 31, 2027.","Offres à commandes principales et nationales pour du carburant marin.
 
Livraison à divers endroits au Canada, selon la demande, durant la période du 1 juin 2025 jusqu’au 31 mai 2027 inclusivement."
"E60HL-250051 NMSO Marine Fuel 2025-2027","E60HL-250051 OCPN Carburant marin 2025-2027","CW2409826","000","WS5054542893","WS5054542893","CW2409826","1","2025-07-29","2025-05-23","","2025-06-01","2027-05-31","134347.13","134347.13","CAD","Active","Actif","Standing Offer","Offre à commandes","Original","Original","","","","*15101509","*Marine fuel","*Carburant marin","*GD","Request for Standing Offer","Demande d’offre à commandes","Competitive - Open bidding","Concurrentielle - Invitation ouverte à soumissionner","Lowest Price","Prix le plus bas","None","Aucune","*World Trade Organization Agreement on Government Procurement (WTO GPA)
*Canada-Chile Free Trade Agreement (CCFTA)
*Canadian Free Trade Agreement (CFTA)
*Canada-Colombia Free Trade Agreement
*Canada-Honduras Free Trade Agreement
*Canada-Panama Free Trade Agreement
*Canada-Peru Free Trade Agreement (CPFTA)
*Canada-European Union Comprehensive Economic and Trade Agreement (CETA)
*Canada-Korea Free Trade Agreement (CKFTA)
*Canada-UK Trade Continuity Agreement (Canada-UK TCA)
*Comprehensive and Progressive Agreement for Trans-Pacific Partnership (CPTPP)
*Canada-Ukraine Free Trade Agreement (CUFTA)","*Accord sur les marchés publics de l'Organisation mondiale du commerce (AMP-OMC)
*Accord de libre-échange Canada-Chili (ALECC)
*Accord de libre-échange canadien (ALEC)
*Accord de libre-échange Canada-Colombie
*Accord de libre-échange Canada-Honduras
*Accord de libre-échange Canada-Panama
*Accord de libre-échange Canada-Pérou (ALECP)
*Accord économique et commercial global (AECG) entre le Canada et l’Union européenne (UE)
*Accord de libre-échange Canada-Corée
*Accord de continuité commerciale Canada–Royaume-Uni (ACC Canada-Royaume-Uni)
*Accord de Partenariat transpacifique global et progressiste (PTPGP)
*Accord de libre-échange Canada-Ukraine (ALECU)","*Northwest Territories
*Newfoundland and Labrador
*British Columbia
*Nunavut Territory
*New Brunswick
*Ontario (except NCR)
*Nova Scotia
*Quebec (except NCR)","*Territoires du Nord-Ouest
*Terre-Neuve-et-Labrador
*Colombie-Britannique
*Territoire du Nunavut
*Nouveau-Brunswick
*Ontario (sauf RCN)
*Nouvelle-Écosse
*Québec (sauf RCN)","North Arm Transportation Ltd.","North Arm Transportation Ltd.","","","","","68","68","2582 Kent  Avenue South E.","2582 Kent  Avenue South E.","Vancouver","Vancouver","British Columbia","British Columbia","V5S 2H8","CA","CA","Department of Public Works and Government Services (PSPC)"," Ministère des Travaux publics et des Services gouvernementaux (SPAC)","11 Laurier St, Phase III, Place du Portage","11, rue Laurier, Phase III, Place du Portage","Gatineau","Gatineau","Quebec","Québec","K1A 0S5","Canada","Canada","Department of National Defence (DND) / Department of Fisheries and Oceans (DFO)"," Ministère de la Défense nationale (MDN) /  Ministère des Pêches et des Océans (MPO)"," / "," / ","101 Colonel By Dr,Ottawa,Ontario,K1A0K2,Canada / 200 Kent Street,Ottawa,Ontario,K1A 0E6,Canada","101, promenade Colonel By,Ottawa,Ontario,K1A0K2,Canada / 200, rue Kent,Ottawa,Ontario,K1A 0E6,Canada","O'Neill, Erin (SPAC/PSPC) (elle-la / she-her)","erin.oneill@tpsgc-pwgsc.gc.ca","","","","","","","","","","","","","National Master Standing Offers for marine fuels.
 
Delivery to various locations in Canada as required during the period of June 1, 2025 up to and including May 31, 2027.","Offres à commandes principales et nationales pour du carburant marin.
 
Livraison à divers endroits au Canada, selon la demande, durant la période du 1 juin 2025 jusqu’au 31 mai 2027 inclusivement."
"E60HL-250051 NMSO Marine Fuel 2025-2027","E60HL-250051 OCPN Carburant marin 2025-2027","CW2409858","000","WS5054542893","WS5054542893","CW2409858","1","2025-07-29","2025-06-05","","2025-06-01","2027-05-31","343239.38","343239.38","CAD","Active","Actif","Standing Offer","Offre à commandes","Original","Original","","","","*15101509","*Marine fuel","*Carburant marin","*GD","Request for Standing Offer","Demande d’offre à commandes","Competitive - Open bidding","Concurrentielle - Invitation ouverte à soumissionner","Lowest Price","Prix le plus bas","None","Aucune","*Canada-Chile Free Trade Agreement (CCFTA)
*Canada-Colombia Free Trade Agreement
*Canada-Panama Free Trade Agreement
*Canadian Free Trade Agreement (CFTA)
*Canada-European Union Comprehensive Economic and Trade Agreement (CETA)
*Canada-Peru Free Trade Agreement (CPFTA)
*Canada-UK Trade Continuity Agreement (Canada-UK TCA)
*Canada-Honduras Free Trade Agreement
*World Trade Organization Agreement on Government Procurement (WTO GPA)
*Comprehensive and Progressive Agreement for Trans-Pacific Partnership (CPTPP)
*Canada-Korea Free Trade Agreement (CKFTA)
*Canada-Ukraine Free Trade Agreement (CUFTA)","*Accord de libre-échange Canada-Chili (ALECC)
*Accord de libre-échange Canada-Colombie
*Accord de libre-échange Canada-Panama
*Accord de libre-échange canadien (ALEC)
*Accord économique et commercial global (AECG) entre le Canada et l’Union européenne (UE)
*Accord de libre-échange Canada-Pérou (ALECP)
*Accord de continuité commerciale Canada–Royaume-Uni (ACC Canada-Royaume-Uni)
*Accord de libre-échange Canada-Honduras
*Accord sur les marchés publics de l'Organisation mondiale du commerce (AMP-OMC)
*Accord de Partenariat transpacifique global et progressiste (PTPGP)
*Accord de libre-échange Canada-Corée
*Accord de libre-échange Canada-Ukraine (ALECU)","*Northwest Territories
*Newfoundland and Labrador
*British Columbia
*New Brunswick
*Nunavut Territory
*Ontario (except NCR)
*Nova Scotia
*Quebec (except NCR)","*Territoires du Nord-Ouest
*Terre-Neuve-et-Labrador
*Colombie-Britannique
*Nouveau-Brunswick
*Territoire du Nunavut
*Ontario (sauf RCN)
*Nouvelle-Écosse
*Québec (sauf RCN)","Gitgaat Marine Services LP","Gitgaat Marine Services LP","","","","","4","4","320Hayimiisaxaa Way","320Hayimiisaxaa Way","Hartley Bay","Hartley Bay","British Columbia","British Columbia","V0V 1A0","CA","CA","Department of Public Works and Government Services (PSPC)"," Ministère des Travaux publics et des Services gouvernementaux (SPAC)","11 Laurier St, Phase III, Place du Portage","11, rue Laurier, Phase III, Place du Portage","Gatineau","Gatineau","Quebec","Québec","K1A 0S5","Canada","Canada","Department of National Defence (DND) / Department of Fisheries and Oceans (DFO)"," Ministère de la Défense nationale (MDN) /  Ministère des Pêches et des Océans (MPO)"," / "," / ","101 Colonel By Dr,Ottawa,Ontario,K1A0K2,Canada / 200 Kent Street,Ottawa,Ontario,K1A 0E6,Canada","101, promenade Colonel By,Ottawa,Ontario,K1A0K2,Canada / 200, rue Kent,Ottawa,Ontario,K1A 0E6,Canada","O'Neill, Erin (SPAC/PSPC) (elle-la / she-her)","erin.oneill@tpsgc-pwgsc.gc.ca","","","","","","","","","","","","","National Master Standing Offers for marine fuels.
 
Delivery to various locations in Canada as required during the period of June 1, 2025 up to and including May 31, 2027.","Offres à commandes principales et nationales pour du carburant marin.
 
Livraison à divers endroits au Canada, selon la demande, durant la période du 1 juin 2025 jusqu’au 31 mai 2027 inclusivement."
"E60HL-250051 NMSO Marine Fuel 2025-2027","E60HL-250051 OCPN Carburant marin 2025-2027","CW2409592","000","WS5054542893","WS5054542893","CW2409592","1","2025-07-16","2025-06-20","","2025-06-01","2027-05-31","705025.70","705025.70","CAD","Active","Actif","Standing Offer","Offre à commandes","Original","Original","","","","*15101509","*Marine fuel","*Carburant marin","*GD","Request for Standing Offer","Demande d’offre à commandes","Competitive - Open bidding","Concurrentielle - Invitation ouverte à soumissionner","Lowest Price","Prix le plus bas","None","Aucune","*Canada-Honduras Free Trade Agreement
*Canadian Free Trade Agreement (CFTA)
*Canada-Chile Free Trade Agreement (CCFTA)
*Canada-European Union Comprehensive Economic and Trade Agreement (CETA)
*Canada-Ukraine Free Trade Agreement (CUFTA)
*Canada-Colombia Free Trade Agreement
*World Trade Organization Agreement on Government Procurement (WTO GPA)
*Comprehensive and Progressive Agreement for Trans-Pacific Partnership (CPTPP)
*Canada-UK Trade Continuity Agreement (Canada-UK TCA)
*Canada-Peru Free Trade Agreement (CPFTA)
*Canada-Korea Free Trade Agreement (CKFTA)
*Canada-Panama Free Trade Agreement","*Accord de libre-échange Canada-Honduras
*Accord de libre-échange canadien (ALEC)
*Accord de libre-échange Canada-Chili (ALECC)
*Accord économique et commercial global (AECG) entre le Canada et l’Union européenne (UE)
*Accord de libre-échange Canada-Ukraine (ALECU)
*Accord de libre-échange Canada-Colombie
*Accord sur les marchés publics de l'Organisation mondiale du commerce (AMP-OMC)
*Accord de Partenariat transpacifique global et progressiste (PTPGP)
*Accord de continuité commerciale Canada–Royaume-Uni (ACC Canada-Royaume-Uni)
*Accord de libre-échange Canada-Pérou (ALECP)
*Accord de libre-échange Canada-Corée
*Accord de libre-échange Canada-Panama","*Northwest Territories
*New Brunswick
*Nunavut Territory
*British Columbia
*Ontario (except NCR)
*Newfoundland and Labrador
*Nova Scotia
*Quebec (except NCR)","*Territoires du Nord-Ouest
*Nouveau-Brunswick
*Territoire du Nunavut
*Colombie-Britannique
*Ontario (sauf RCN)
*Terre-Neuve-et-Labrador
*Nouvelle-Écosse
*Québec (sauf RCN)","Woodward's Oil Limited","Woodward's Oil Limited","","","","","","","PO BOX 300, STN. C 
16 LORING DRIVE","PO BOX 300, STN. C 
16 LORING DRIVE","HAPPY VALLEY-GOOSE BAY","HAPPY VALLEY-GOOSE BAY","Newfoundland and Labrador","Newfoundland and Labrador","A0P 1C0","CA","CA","Department of Public Works and Government Services (PSPC)"," Ministère des Travaux publics et des Services gouvernementaux (SPAC)","11 Laurier St, Phase III, Place du Portage","11, rue Laurier, Phase III, Place du Portage","Gatineau","Gatineau","Quebec","Québec","K1A 0S5","Canada","Canada","Department of National Defence (DND) / Department of Fisheries and Oceans (DFO)"," Ministère de la Défense nationale (MDN) /  Ministère des Pêches et des Océans (MPO)"," / "," / ","101 Colonel By Dr,Ottawa,Ontario,K1A0K2,Canada / 200 Kent Street,Ottawa,Ontario,K1A 0E6,Canada","101, promenade Colonel By,Ottawa,Ontario,K1A0K2,Canada / 200, rue Kent,Ottawa,Ontario,K1A 0E6,Canada","O'Neill, Erin (SPAC/PSPC) (elle-la / she-her)","erin.oneill@tpsgc-pwgsc.gc.ca","","","","","","","","","","","","","National Master Standing Offers for marine fuels.
 
Delivery to various locations in Canada as required during the period of June 1, 2025 up to and including May 31, 2027.","Offres à commandes principales et nationales pour du carburant marin.
 
Livraison à divers endroits au Canada, selon la demande, durant la période du 1 juin 2025 jusqu’au 31 mai 2027 inclusivement."
"E60HL-250051 NMSO Marine Fuel 2025-2027","E60HL-250051 OCPN Carburant marin 2025-2027","CW2409603","000","WS5054542893","WS5054542893","CW2409603","3","2025-07-16","2025-05-21","","2025-06-01","2027-05-31","31675045.00","31740772.00","CAD","Active","Actif","Standing Offer","Offre à commandes","Original","Original","","","","*15101509","*Marine fuel","*Carburant marin","*GD","Request for Standing Offer","Demande d’offre à commandes","Competitive - Open bidding","Concurrentielle - Invitation ouverte à soumissionner","Lowest Price","Prix le plus bas","None","Aucune","*World Trade Organization Agreement on Government Procurement (WTO GPA)
*Canada-Chile Free Trade Agreement (CCFTA)
*Canadian Free Trade Agreement (CFTA)
*Canada-Colombia Free Trade Agreement
*Canada-Honduras Free Trade Agreement
*Canada-Panama Free Trade Agreement
*Comprehensive and Progressive Agreement for Trans-Pacific Partnership (CPTPP)
*Canada-European Union Comprehensive Economic and Trade Agreement (CETA)
*Canada-Korea Free Trade Agreement (CKFTA)
*Canada-UK Trade Continuity Agreement (Canada-UK TCA)
*Canada-Ukraine Free Trade Agreement (CUFTA)
*Canada-Peru Free Trade Agreement (CPFTA)","*Accord sur les marchés publics de l'Organisation mondiale du commerce (AMP-OMC)
*Accord de libre-échange Canada-Chili (ALECC)
*Accord de libre-échange canadien (ALEC)
*Accord de libre-échange Canada-Colombie
*Accord de libre-échange Canada-Honduras
*Accord de libre-échange Canada-Panama
*Accord de Partenariat transpacifique global et progressiste (PTPGP)
*Accord économique et commercial global (AECG) entre le Canada et l’Union européenne (UE)
*Accord de libre-échange Canada-Corée
*Accord de continuité commerciale Canada–Royaume-Uni (ACC Canada-Royaume-Uni)
*Accord de libre-échange Canada-Ukraine (ALECU)
*Accord de libre-échange Canada-Pérou (ALECP)","*British Columbia
*Nunavut Territory
*New Brunswick
*Northwest Territories
*Newfoundland and Labrador
*Ontario (except NCR)
*Nova Scotia
*Quebec (except NCR)","*Colombie-Britannique
*Territoire du Nunavut
*Nouveau-Brunswick
*Territoires du Nord-Ouest
*Terre-Neuve-et-Labrador
*Ontario (sauf RCN)
*Nouvelle-Écosse
*Québec (sauf RCN)","HARNOIS ÉNERGIES INC.","HARNOIS ÉNERGIES INC.","Harnois Énergies inc.","Harnois Énergies inc.","","","1000","1000","80 route 158","80 route 158","St-Thomas","St-Thomas","Québec","Québec","J0K 3L0","CA","CA","Department of Public Works and Government Services (PSPC)"," Ministère des Travaux publics et des Services gouvernementaux (SPAC)","11 Laurier St, Phase III, Place du Portage","11, rue Laurier, Phase III, Place du Portage","Gatineau","Gatineau","Quebec","Québec","K1A 0S5","Canada","Canada","Department of National Defence (DND) / Department of Fisheries and Oceans (DFO)"," Ministère des Pêches et des Océans (MPO) /  Ministère de la Défense nationale (MDN)"," / "," / ","101 Colonel By Dr,Ottawa,Ontario,K1A0K2,Canada / 200 Kent Street,Ottawa,Ontario,K1A 0E6,Canada","200, rue Kent,Ottawa,Ontario,K1A 0E6,Canada / 101, promenade Colonel By,Ottawa,Ontario,K1A0K2,Canada","O'Neill, Erin (SPAC/PSPC) (elle-la / she-her)","erin.oneill@tpsgc-pwgsc.gc.ca","","","","","","","","","","","","","National Master Standing Offers for marine fuels.
 
Delivery to various locations in Canada as required during the period of June 1, 2025 up to and including May 31, 2027.","Offres à commandes principales et nationales pour du carburant marin.
 
Livraison à divers endroits au Canada, selon la demande, durant la période du 1 juin 2025 jusqu’au 31 mai 2027 inclusivement."
"E60HL-250051 NMSO Marine Fuel 2025-2027","E60HL-250051 OCPN Carburant marin 2025-2027","CW2409266","000","WS5054542893","WS5054542893","CW2409266","1","2025-07-15","2025-05-21","","2025-06-01","2027-05-31","20154791.05","20154791.05","CAD","Active","Actif","Standing Offer","Offre à commandes","Original","Original","","","","*15101509","*Marine fuel","*Carburant marin","*GD","Request for Standing Offer","Demande d’offre à commandes","Competitive - Open bidding","Concurrentielle - Invitation ouverte à soumissionner","Lowest Price","Prix le plus bas","None","Aucune","*Canada-Honduras Free Trade Agreement
*Canada-European Union Comprehensive Economic and Trade Agreement (CETA)
*Canada-Colombia Free Trade Agreement
*Canadian Free Trade Agreement (CFTA)
*Comprehensive and Progressive Agreement for Trans-Pacific Partnership (CPTPP)
*Canada-Panama Free Trade Agreement
*World Trade Organization Agreement on Government Procurement (WTO GPA)
*Canada-Chile Free Trade Agreement (CCFTA)
*Canada-Peru Free Trade Agreement (CPFTA)
*Canada-UK Trade Continuity Agreement (Canada-UK TCA)
*Canada-Korea Free Trade Agreement (CKFTA)
*Canada-Ukraine Free Trade Agreement (CUFTA)","*Accord de libre-échange Canada-Honduras
*Accord économique et commercial global (AECG) entre le Canada et l’Union européenne (UE)
*Accord de libre-échange Canada-Colombie
*Accord de libre-échange canadien (ALEC)
*Accord de Partenariat transpacifique global et progressiste (PTPGP)
*Accord de libre-échange Canada-Panama
*Accord sur les marchés publics de l'Organisation mondiale du commerce (AMP-OMC)
*Accord de libre-échange Canada-Chili (ALECC)
*Accord de libre-échange Canada-Pérou (ALECP)
*Accord de continuité commerciale Canada–Royaume-Uni (ACC Canada-Royaume-Uni)
*Accord de libre-échange Canada-Corée
*Accord de libre-échange Canada-Ukraine (ALECU)","*British Columbia
*Nova Scotia
*Northwest Territories
*New Brunswick
*Nunavut Territory
*Newfoundland and Labrador
*Ontario (except NCR)
*Quebec (except NCR)","*Colombie-Britannique
*Nouvelle-Écosse
*Territoires du Nord-Ouest
*Nouveau-Brunswick
*Territoire du Nunavut
*Terre-Neuve-et-Labrador
*Ontario (sauf RCN)
*Québec (sauf RCN)","NARL Marketing Inc., NORTH ATLANTIC REFINING CORP., in Joint Venture","NARL Marketing Inc., NORTH ATLANTIC REFINING CORP., in Joint Venture","","","","","","","29 Pippy Place","29 Pippy Place","St. John's","St. John's","Newfoundland and Labrador","Newfoundland and Labrador","A1B 3X2","CA","CA","Department of Public Works and Government Services (PSPC)"," Ministère des Travaux publics et des Services gouvernementaux (SPAC)","11 Laurier St, Phase III, Place du Portage","11, rue Laurier, Phase III, Place du Portage","Gatineau","Gatineau","Quebec","Québec","K1A 0S5","Canada","Canada","Department of National Defence (DND) / Department of Fisheries and Oceans (DFO)"," Ministère de la Défense nationale (MDN) /  Ministère des Pêches et des Océans (MPO)"," / "," / ","101 Colonel By Dr,Ottawa,Ontario,K1A0K2,Canada / 200 Kent Street,Ottawa,Ontario,K1A 0E6,Canada","101, promenade Colonel By,Ottawa,Ontario,K1A0K2,Canada / 200, rue Kent,Ottawa,Ontario,K1A 0E6,Canada","O'Neill, Erin (SPAC/PSPC) (elle-la / she-her)","erin.oneill@tpsgc-pwgsc.gc.ca","","","","","","","","","","","","","National Master Standing Offers for marine fuels.
 
Delivery to various locations in Canada as required during the period of June 1, 2025 up to and including May 31, 2027.","Offres à commandes principales et nationales pour du carburant marin.
 
Livraison à divers endroits au Canada, selon la demande, durant la période du 1 juin 2025 jusqu’au 31 mai 2027 inclusivement."
"E60HL-250051 NMSO Marine Fuel 2025-2027","E60HL-250051 OCPN Carburant marin 2025-2027","CW2404634","000","WS5054542893","WS5054542893","CW2404634","1","2025-07-16","2025-05-21","","2025-06-01","2027-05-31","1988207.00","1988207.00","CAD","Active","Actif","Standing Offer","Offre à commandes","Original","Original","","","","*15101509","*Marine fuel","*Carburant marin","*GD","Request for Standing Offer","Demande d’offre à commandes","Competitive - Open bidding","Concurrentielle - Invitation ouverte à soumissionner","Lowest Price","Prix le plus bas","None","Aucune","*World Trade Organization Agreement on Government Procurement (WTO GPA)
*Canada-Colombia Free Trade Agreement
*Canada-Panama Free Trade Agreement
*Canadian Free Trade Agreement (CFTA)
*Canada-Honduras Free Trade Agreement
*Canada-Peru Free Trade Agreement (CPFTA)
*Canada-UK Trade Continuity Agreement (Canada-UK TCA)
*Canada-Chile Free Trade Agreement (CCFTA)
*Canada-Korea Free Trade Agreement (CKFTA)
*Canada-European Union Comprehensive Economic and Trade Agreement (CETA)
*Canada-Ukraine Free Trade Agreement (CUFTA)
*Comprehensive and Progressive Agreement for Trans-Pacific Partnership (CPTPP)","*Accord sur les marchés publics de l'Organisation mondiale du commerce (AMP-OMC)
*Accord de libre-échange Canada-Colombie
*Accord de libre-échange Canada-Panama
*Accord de libre-échange canadien (ALEC)
*Accord de libre-échange Canada-Honduras
*Accord de libre-échange Canada-Pérou (ALECP)
*Accord de continuité commerciale Canada–Royaume-Uni (ACC Canada-Royaume-Uni)
*Accord de libre-échange Canada-Chili (ALECC)
*Accord de libre-échange Canada-Corée
*Accord économique et commercial global (AECG) entre le Canada et l’Union européenne (UE)
*Accord de libre-échange Canada-Ukraine (ALECU)
*Accord de Partenariat transpacifique global et progressiste (PTPGP)","*British Columbia
*Northwest Territories
*New Brunswick
*Nunavut Territory
*Newfoundland and Labrador
*Ontario (except NCR)
*Nova Scotia
*Quebec (except NCR)","*Colombie-Britannique
*Territoires du Nord-Ouest
*Nouveau-Brunswick
*Territoire du Nunavut
*Terre-Neuve-et-Labrador
*Ontario (sauf RCN)
*Nouvelle-Écosse
*Québec (sauf RCN)","WESTERN PETROLEUM NEWFOUNDLAND LIMITED","WESTERN PETROLEUM NEWFOUNDLAND LIMITED","","","","","40","40","PO Box 1167","PO Box 1167","Corner Brook","Corner Brook","NL","NL","A2H 6T2","CA","CA","Department of Public Works and Government Services (PSPC)"," Ministère des Travaux publics et des Services gouvernementaux (SPAC)","11 Laurier St, Phase III, Place du Portage","11, rue Laurier, Phase III, Place du Portage","Gatineau","Gatineau","Quebec","Québec","K1A 0S5","Canada","Canada","Department of National Defence (DND) / Department of Fisheries and Oceans (DFO)"," Ministère de la Défense nationale (MDN) /  Ministère des Pêches et des Océans (MPO)"," / "," / ","101 Colonel By Dr,Ottawa,Ontario,K1A0K2,Canada / 200 Kent Street,Ottawa,Ontario,K1A 0E6,Canada","101, promenade Colonel By,Ottawa,Ontario,K1A0K2,Canada / 200, rue Kent,Ottawa,Ontario,K1A 0E6,Canada","O'Neill, Erin (SPAC/PSPC) (elle-la / she-her)","erin.oneill@tpsgc-pwgsc.gc.ca","","","","","","","","","","","","","National Master Standing Offers for marine fuels.
 
Delivery to various locations in Canada as required during the period of June 1, 2025 up to and including May 31, 2027.","Offres à commandes principales et nationales pour du carburant marin.
 
Livraison à divers endroits au Canada, selon la demande, durant la période du 1 juin 2025 jusqu’au 31 mai 2027 inclusivement."
"5P424-250503 Firewood","5P424-250503 Bois de chauffage","CW2392931","000","WS4994309402","WS4994309402","CW2392931","2","2025-04-11","2025-04-11","","2025-04-11","2027-07-30","379050.00","391912.50","CAD","Active","Actif","Contract","Contrat","Original","Original","","","","*15101615","*Wood chip fuel","*Carburant de copeaux de bois","*GD","Request for Proposal","Demande de propositions","Competitive - Open bidding","Concurrentielle - Invitation ouverte à soumissionner","Lowest Price","Prix le plus bas","None","Aucune","*Canadian Free Trade Agreement (CFTA)
*Canada-Chile Free Trade Agreement (CCFTA)
*World Trade Organization Agreement on Government Procurement (WTO GPA)
*Canada-European Union Comprehensive Economic and Trade Agreement (CETA)
*Canada-Colombia Free Trade Agreement
*Canada-Korea Free Trade Agreement (CKFTA)
*Canada-Honduras Free Trade Agreement
*Canada-Panama Free Trade Agreement
*Canada-Peru Free Trade Agreement (CPFTA)
*Canada-UK Trade Continuity Agreement (Canada-UK TCA)
*Canada-Ukraine Free Trade Agreement (CUFTA)
*Comprehensive and Progressive Agreement for Trans-Pacific Partnership (CPTPP)","*Accord de libre-échange canadien (ALEC)
*Accord de libre-échange Canada-Chili (ALECC)
*Accord sur les marchés publics de l'Organisation mondiale du commerce (AMP-OMC)
*Accord économique et commercial global (AECG) entre le Canada et l’Union européenne (UE)
*Accord de libre-échange Canada-Colombie
*Accord de libre-échange Canada-Corée
*Accord de libre-échange Canada-Honduras
*Accord de libre-échange Canada-Panama
*Accord de libre-échange Canada-Pérou (ALECP)
*Accord de continuité commerciale Canada–Royaume-Uni (ACC Canada-Royaume-Uni)
*Accord de libre-échange Canada-Ukraine (ALECU)
*Accord de Partenariat transpacifique global et progressiste (PTPGP)","*Alberta","*Alberta","F MCKINNON & SONS LTD.","F MCKINNON & SONS LTD.","","","","","","","29472 RANGE ROAD 50","29472 RANGE ROAD 50","MOUNTAIN VIEW COUNTY","MOUNTAIN VIEW COUNTY","Alberta","Alberta","T0M 2E0","CA","CA","Department of Public Works and Government Services (PSPC)"," Ministère des Travaux publics et des Services gouvernementaux (SPAC)","11 Laurier St, Phase III, Place du Portage","11, rue Laurier, Phase III, Place du Portage","Gatineau","Gatineau","Quebec","Québec","K1A 0S5","Canada","Canada","Parks Canada Agency (PC)"," Agence Parcs Canada (PC)","","","30 Victoria Street,Gatineau,Quebec,J8X 0B3,Canada","30, rue Victoria,Gatineau,Quebec,J8X 0B3,Canada","Elaiho, Precious (SPAC/PSPC) (elle-la / she-her)","precious.elaiho@tpsgc-pwgsc.gc.ca","","","","","","","","","","","","","",""
"W6895-230101 Propane Delivery and Tank Rental","W6895-230101 Livraison de propane et location de réservoirs","CW2371963","000","WS4710310212","WS4710310212","CW2371963","1","2025-10-21","2025-07-01","","2025-07-01","2028-06-30","1050000.00","1050000.00","CAD","Active","Actif","Standing Offer","Offre à commandes","Original","Original","","","","*15111501","*Propane","*Propane","*GD","Request for Standing Offer","Demande d’offre à commandes","Competitive - Open bidding","Concurrentielle - Invitation ouverte à soumissionner","Lowest Price","Prix le plus bas","None","Aucune","*Canadian Free Trade Agreement (CFTA)
*Canada-Chile Free Trade Agreement (CCFTA)
*World Trade Organization Agreement on Government Procurement (WTO GPA)
*Canada-Colombia Free Trade Agreement
*Comprehensive and Progressive Agreement for Trans-Pacific Partnership (CPTPP)
*Canada-Panama Free Trade Agreement
*Canada-Honduras Free Trade Agreement
*Canada-European Union Comprehensive Economic and Trade Agreement (CETA)
*Canada-Ukraine Free Trade Agreement (CUFTA)
*Canada-Peru Free Trade Agreement (CPFTA)","*Accord de libre-échange canadien (ALEC)
*Accord de libre-échange Canada-Chili (ALECC)
*Accord sur les marchés publics de l'Organisation mondiale du commerce (AMP-OMC)
*Accord de libre-échange Canada-Colombie
*Accord de Partenariat transpacifique global et progressiste (PTPGP)
*Accord de libre-échange Canada-Panama
*Accord de libre-échange Canada-Honduras
*Accord économique et commercial global (AECG) entre le Canada et l’Union européenne (UE)
*Accord de libre-échange Canada-Ukraine (ALECU)
*Accord de libre-échange Canada-Pérou (ALECP)","*Wainwright
*Canada
*Alberta
*Edmonton
*Cold Lake","*Wainwright
*Canada
*Alberta
*Edmonton
*Cold Lake","Mutual Propane Ltd","Mutual Propane Ltd","","","","","32","32","16203 114 ave","16203 114 ave","Edmonton","Edmonton","Alberta","Alberta","T5M 2Z3","CA","CA","Department of Public Works and Government Services (PSPC)"," Ministère des Travaux publics et des Services gouvernementaux (SPAC)","11 Laurier St, Phase III, Place du Portage","11, rue Laurier, Phase III, Place du Portage","Gatineau","Gatineau","Quebec","Québec","K1A 0S5","Canada","Canada","Department of National Defence (DND)"," Ministère de la Défense nationale (MDN)","","","101 Colonel By Dr,Ottawa,Ontario,K1A0K2,Canada","101, promenade Colonel By,Ottawa,Ontario,K1A0K2,Canada","Myhre, Jackson (SPAC/PSPC) (il-lui / he-him)","jackson.myhre@tpsgc-pwgsc.gc.ca","","","","","","","","","","","","","W6895-230101 Propane Delivery and Tank Rental","W6895-230101 Livraison de propane et location de réservoirs"
"RMSO - Propane - E6HAL-240007","OCPR - Propane - E6HAL-240007","CW2401848","000","WS5027417578","WS5027417578","CW2401848","2","2025-12-09","2025-06-01","","2025-06-16","2028-06-15","0.00","0.00","CAD","Active","Actif","Standing Offer","Offre à commandes","Original","Original","","","","*15111501","*Propane","*Propane","*GD","Request for Standing Offer","Demande d’offre à commandes","Competitive - Open bidding","Concurrentielle - Invitation ouverte à soumissionner","Lowest Price","Prix le plus bas","None","Aucune","*Canadian Free Trade Agreement (CFTA)
*Comprehensive and Progressive Agreement for Trans-Pacific Partnership (CPTPP)
*Canada-European Union Comprehensive Economic and Trade Agreement (CETA)
*Canada-Colombia Free Trade Agreement
*Canada-Chile Free Trade Agreement (CCFTA)
*World Trade Organization Agreement on Government Procurement (WTO GPA)
*Canada-Honduras Free Trade Agreement
*Canada-Panama Free Trade Agreement
*Canada-Korea Free Trade Agreement (CKFTA)
*Canada-Peru Free Trade Agreement (CPFTA)
*Canada-Ukraine Free Trade Agreement (CUFTA)
*Canada-UK Trade Continuity Agreement (Canada-UK TCA)","*Accord de libre-échange canadien (ALEC)
*Accord de Partenariat transpacifique global et progressiste (PTPGP)
*Accord économique et commercial global (AECG) entre le Canada et l’Union européenne (UE)
*Accord de libre-échange Canada-Colombie
*Accord de libre-échange Canada-Chili (ALECC)
*Accord sur les marchés publics de l'Organisation mondiale du commerce (AMP-OMC)
*Accord de libre-échange Canada-Honduras
*Accord de libre-échange Canada-Panama
*Accord de libre-échange Canada-Corée
*Accord de libre-échange Canada-Pérou (ALECP)
*Accord de libre-échange Canada-Ukraine (ALECU)
*Accord de continuité commerciale Canada–Royaume-Uni (ACC Canada-Royaume-Uni)","*Nova Scotia","*Nouvelle-Écosse","Superior Propane a Division of Superior Plus LP","Superior Propane a Division of Superior Plus LP","","","","","","","700 Jamieson Pwky 
Suite 102","700 Jamieson Pwky 
Suite 102","Cambridge","Cambridge","Ontario","Ontario","N3C 4N6","CA","CA","Department of Public Works and Government Services (PSPC)"," Ministère des Travaux publics et des Services gouvernementaux (SPAC)","11 Laurier St, Phase III, Place du Portage","11, rue Laurier, Phase III, Place du Portage","Gatineau","Gatineau","Quebec","Québec","K1A 0S5","Canada","Canada","Department of Public Works and Government Services (PSPC)"," Ministère des Travaux publics et des Services gouvernementaux (SPAC)","","","11 Laurier St, Phase III, Place du Portage,Gatineau,Quebec,K1A 0S5,Canada","11, rue Laurier, Phase III, Place du Portage,Gatineau,Québec,K1A 0S5,Canada","Trahan, Shawn (SPAC/PSPC)","shawn.trahan@tpsgc-pwgsc.gc.ca","","","","","","","","","","","","","Federal departments, throughout Nova Scotia, require bulk delivery of Liquefied Petroleum Gas (Propane) on an as-and-when requested basis, during the period of the Standing Offer.","Les ministères fédéraux de toute la Nouvelle-Écosse exigent une livraison en vrac de gaz de pétrole liquéfié (propane), au fur et à mesure des besoins, pendant la période de l'offre à commandes."
"W6895-230101 Propane Delivery and Tank Rental","W6895-230101 Livraison de propane et location de réservoirs","CW2406815","000","WS4710310212","WS4710310212","CW2406815","1","2025-11-07","2025-07-01","","2025-07-01","2028-06-30","0.00","0.00","CAD","Active","Actif","Standing Offer","Offre à commandes","Original","Original","","","","*15111501","*Propane","*Propane","*GD","Request for Standing Offer","Demande d’offre à commandes","Competitive - Open bidding","Concurrentielle - Invitation ouverte à soumissionner","Lowest Price","Prix le plus bas","None","Aucune","*Comprehensive and Progressive Agreement for Trans-Pacific Partnership (CPTPP)
*Canadian Free Trade Agreement (CFTA)
*Canada-Chile Free Trade Agreement (CCFTA)
*Canada-Colombia Free Trade Agreement
*Canada-European Union Comprehensive Economic and Trade Agreement (CETA)
*Canada-Honduras Free Trade Agreement
*World Trade Organization Agreement on Government Procurement (WTO GPA)
*Canada-Peru Free Trade Agreement (CPFTA)
*Canada-Panama Free Trade Agreement
*Canada-Ukraine Free Trade Agreement (CUFTA)","*Accord de Partenariat transpacifique global et progressiste (PTPGP)
*Accord de libre-échange canadien (ALEC)
*Accord de libre-échange Canada-Chili (ALECC)
*Accord de libre-échange Canada-Colombie
*Accord économique et commercial global (AECG) entre le Canada et l’Union européenne (UE)
*Accord de libre-échange Canada-Honduras
*Accord sur les marchés publics de l'Organisation mondiale du commerce (AMP-OMC)
*Accord de libre-échange Canada-Pérou (ALECP)
*Accord de libre-échange Canada-Panama
*Accord de libre-échange Canada-Ukraine (ALECU)","*Edmonton","*Edmonton","Mutual Propane Ltd","Mutual Propane Ltd","","","","","32","32","16203 114 ave","16203 114 ave","Edmonton","Edmonton","Alberta","Alberta","T5M 2Z3","CA","CA","Department of Public Works and Government Services (PSPC)"," Ministère des Travaux publics et des Services gouvernementaux (SPAC)","11 Laurier St, Phase III, Place du Portage","11, rue Laurier, Phase III, Place du Portage","Gatineau","Gatineau","Quebec","Québec","K1A 0S5","Canada","Canada","Department of National Defence (DND)"," Ministère de la Défense nationale (MDN)","","","101 Colonel By Dr,Ottawa,Ontario,K1A0K2,Canada","101, promenade Colonel By,Ottawa,Ontario,K1A0K2,Canada","Myhre, Jackson (SPAC/PSPC) (il-lui / he-him)","jackson.myhre@tpsgc-pwgsc.gc.ca","","","","","","","","","","","","","W6895-230101 Propane Delivery and Tank Rental","W6895-230101 Livraison de propane et location de réservoirs"
"W6895-230101 Propane Delivery and Tank Rental","W6895-230101 Livraison de propane et location de réservoirs","CW2407032","000","WS4710310212","WS4710310212","CW2407032","1","2025-11-07","2025-07-01","","2025-07-01","2028-06-30","0.00","0.00","CAD","Active","Actif","Standing Offer","Offre à commandes","Original","Original","","","","*15111501","*Propane","*Propane","*GD","Request for Standing Offer","Demande d’offre à commandes","Competitive - Open bidding","Concurrentielle - Invitation ouverte à soumissionner","Lowest Price","Prix le plus bas","None","Aucune","*Canada-Honduras Free Trade Agreement
*Canadian Free Trade Agreement (CFTA)
*Canada-Chile Free Trade Agreement (CCFTA)
*Canada-Colombia Free Trade Agreement
*Canada-Ukraine Free Trade Agreement (CUFTA)
*Comprehensive and Progressive Agreement for Trans-Pacific Partnership (CPTPP)
*World Trade Organization Agreement on Government Procurement (WTO GPA)
*Canada-European Union Comprehensive Economic and Trade Agreement (CETA)
*Canada-Panama Free Trade Agreement
*Canada-Peru Free Trade Agreement (CPFTA)","*Accord de libre-échange Canada-Honduras
*Accord de libre-échange canadien (ALEC)
*Accord de libre-échange Canada-Chili (ALECC)
*Accord de libre-échange Canada-Colombie
*Accord de libre-échange Canada-Ukraine (ALECU)
*Accord de Partenariat transpacifique global et progressiste (PTPGP)
*Accord sur les marchés publics de l'Organisation mondiale du commerce (AMP-OMC)
*Accord économique et commercial global (AECG) entre le Canada et l’Union européenne (UE)
*Accord de libre-échange Canada-Panama
*Accord de libre-échange Canada-Pérou (ALECP)","*Alberta
*Canada
*Wainwright
*Edmonton
*Cold Lake","*Alberta
*Canada
*Wainwright
*Edmonton
*Cold Lake","Mutual Propane Ltd","Mutual Propane Ltd","","","","","32","32","16203 114 ave","16203 114 ave","Edmonton","Edmonton","Alberta","Alberta","T5M 2Z3","CA","CA","Department of Public Works and Government Services (PSPC)"," Ministère des Travaux publics et des Services gouvernementaux (SPAC)","11 Laurier St, Phase III, Place du Portage","11, rue Laurier, Phase III, Place du Portage","Gatineau","Gatineau","Quebec","Québec","K1A 0S5","Canada","Canada","Department of National Defence (DND)"," Ministère de la Défense nationale (MDN)","","","101 Colonel By Dr,Ottawa,Ontario,K1A0K2,Canada","101, promenade Colonel By,Ottawa,Ontario,K1A0K2,Canada","Myhre, Jackson (SPAC/PSPC) (il-lui / he-him)","jackson.myhre@tpsgc-pwgsc.gc.ca","","","","","","","","","","","","","W6895-230101 Propane Delivery and Tank Rental","W6895-230101 Livraison de propane et location de réservoirs"
"W6895-230101 Propane Delivery and Tank Rental","W6895-230101 Livraison de propane et location de réservoirs","CW2424052","000","WS4710310212","WS4710310212","CW2424052","1","2025-11-07","2025-11-01","","2025-11-01","2028-06-30","1050000.00","1050000.00","CAD","Active","Actif","Standing Offer","Offre à commandes","Original","Original","","","","*15111501","*Propane","*Propane","*GD","Request for Standing Offer","Demande d’offre à commandes","Competitive - Open bidding","Concurrentielle - Invitation ouverte à soumissionner","Lowest Price","Prix le plus bas","None","Aucune","*Canada-Honduras Free Trade Agreement
*Canada-Colombia Free Trade Agreement
*World Trade Organization Agreement on Government Procurement (WTO GPA)
*Canadian Free Trade Agreement (CFTA)
*Canada-Ukraine Free Trade Agreement (CUFTA)
*Canada-European Union Comprehensive Economic and Trade Agreement (CETA)
*Canada-Panama Free Trade Agreement
*Canada-Chile Free Trade Agreement (CCFTA)
*Canada-Peru Free Trade Agreement (CPFTA)
*Comprehensive and Progressive Agreement for Trans-Pacific Partnership (CPTPP)","*Accord de libre-échange Canada-Honduras
*Accord de libre-échange Canada-Colombie
*Accord sur les marchés publics de l'Organisation mondiale du commerce (AMP-OMC)
*Accord de libre-échange canadien (ALEC)
*Accord de libre-échange Canada-Ukraine (ALECU)
*Accord économique et commercial global (AECG) entre le Canada et l’Union européenne (UE)
*Accord de libre-échange Canada-Panama
*Accord de libre-échange Canada-Chili (ALECC)
*Accord de libre-échange Canada-Pérou (ALECP)
*Accord de Partenariat transpacifique global et progressiste (PTPGP)","*Alberta
*Canada
*Cold Lake
*Edmonton
*Wainwright","*Alberta
*Canada
*Cold Lake
*Edmonton
*Wainwright","Mutual Propane Ltd","Mutual Propane Ltd","","","","","32","32","16203 114 ave","16203 114 ave","Edmonton","Edmonton","Alberta","Alberta","T5M 2Z3","CA","CA","Department of Public Works and Government Services (PSPC)"," Ministère des Travaux publics et des Services gouvernementaux (SPAC)","11 Laurier St, Phase III, Place du Portage","11, rue Laurier, Phase III, Place du Portage","Gatineau","Gatineau","Quebec","Québec","K1A 0S5","Canada","Canada","Department of National Defence (DND)"," Ministère de la Défense nationale (MDN)","","","101 Colonel By Dr,Ottawa,Ontario,K1A0K2,Canada","101, promenade Colonel By,Ottawa,Ontario,K1A0K2,Canada","Myhre, Jackson (SPAC/PSPC) (il-lui / he-him)","jackson.myhre@tpsgc-pwgsc.gc.ca","","","","","","","","","","","","","W6895-230101 Propane Delivery and Tank Rental","W6895-230101 Livraison de propane et location de réservoirs"
"E6TOR-24RM03- Propane Master Standing Offer","E6TOR-24RM03- Offre à commandes principale relative au propane","CW2426044","000","WS5271762662","WS5271762662","CW2426044","2","2025-11-06","2025-10-29","","2025-10-29","2028-09-30","0.00","0.00","CAD","Active","Actif","Standing Offer","Offre à commandes","Original","Original","","","","*15111501","*Propane","*Propane","*GD","Request for Standing Offer","Demande d’offre à commandes","Competitive - Open bidding","Concurrentielle - Invitation ouverte à soumissionner","Lowest Price","Prix le plus bas","","","*Canadian Free Trade Agreement (CFTA)
*World Trade Organization Agreement on Government Procurement (WTO GPA)
*Canada-Colombia Free Trade Agreement
*Canada-Panama Free Trade Agreement
*Canada-European Union Comprehensive Economic and Trade Agreement (CETA)
*Canada-Korea Free Trade Agreement (CKFTA)
*Canada-Peru Free Trade Agreement (CPFTA)
*Canada-UK Trade Continuity Agreement (Canada-UK TCA)","*Accord de libre-échange canadien (ALEC)
*Accord sur les marchés publics de l'Organisation mondiale du commerce (AMP-OMC)
*Accord de libre-échange Canada-Colombie
*Accord de libre-échange Canada-Panama
*Accord économique et commercial global (AECG) entre le Canada et l’Union européenne (UE)
*Accord de libre-échange Canada-Corée
*Accord de libre-échange Canada-Pérou (ALECP)
*Accord de continuité commerciale Canada–Royaume-Uni (ACC Canada-Royaume-Uni)","*Ontario (except NCR)","*Ontario (sauf RCN)","SUPERIOR PLUS LP","SUPERIOR PLUS LP","","","","","","","700 Jamieson Pwky 
Suite 102","700 Jamieson Pwky 
Suite 102","Cambridge","Cambridge","Ontario","Ontario","N3C 4N6","CA","CA","Department of Public Works and Government Services (PSPC)"," Ministère des Travaux publics et des Services gouvernementaux (SPAC)","11 Laurier St, Phase III, Place du Portage","11, rue Laurier, Phase III, Place du Portage","Gatineau","Gatineau","Quebec","Québec","K1A 0S5","Canada","Canada","Department of Public Works and Government Services (PSPC)"," Ministère des Travaux publics et des Services gouvernementaux (SPAC)","","","11 Laurier St, Phase III, Place du Portage,Gatineau,Quebec,K1A 0S5,Canada","11, rue Laurier, Phase III, Place du Portage,Gatineau,Québec,K1A 0S5,Canada","Canas, Jessica (SPAC/PSPC) (elle-la / she-her)","jessica.canas@tpsgc-pwgsc.gc.ca","","","","","","","","","","","","","E6TOR-24RM03- Propane Master Standing Offer","E6TOR-24RM03- Offre à commandes principale relative au propane"
"W0106-25L011 - Standing Offer for Propane in Bulk","W0106-25L011 -  Demande d'offre à commandes pour propane en vrac","CW2441650","000","WS5405306544","WS5405306544","CW2441650","1","2026-02-24","2026-02-23","","2026-02-23","2027-05-31","0.00","0.00","CAD","Active","Actif","Standing Offer","Offre à commandes","Original","Original","","","","*15111501","*Propane","*Propane","*GD","Request for Standing Offer","Demande d’offre à commandes","Competitive - Open bidding","Concurrentielle - Invitation ouverte à soumissionner","Lowest Price","Prix le plus bas","None","Aucune","*Canada-Honduras Free Trade Agreement
*Canada-Colombia Free Trade Agreement
*Canadian Free Trade Agreement (CFTA)
*Canada-Panama Free Trade Agreement
*Canada-Korea Free Trade Agreement (CKFTA)
*Canada-Peru Free Trade Agreement (CPFTA)
*Canada-Chile Free Trade Agreement (CCFTA)","*Accord de libre-échange Canada-Honduras
*Accord de libre-échange Canada-Colombie
*Accord de libre-échange canadien (ALEC)
*Accord de libre-échange Canada-Panama
*Accord de libre-échange Canada-Corée
*Accord de libre-échange Canada-Pérou (ALECP)
*Accord de libre-échange Canada-Chili (ALECC)","*Québec","*Québec","Capital Propane Inc.","Capital Propane Inc.","","","","","35","35","2700 boul Wilfrid-Hamel","2700 boul Wilfrid-Hamel","Québec","Québec","Québec","Québec","G1P 2J1","CA","CA","Department of Public Works and Government Services (PSPC)"," Ministère des Travaux publics et des Services gouvernementaux (SPAC)","11 Laurier St, Phase III, Place du Portage","11, rue Laurier, Phase III, Place du Portage","Gatineau","Gatineau","Quebec","Québec","K1A 0S5","Canada","Canada","Department of National Defence (DND)"," Ministère de la Défense nationale (MDN)","","","101 Colonel By Dr,Ottawa,Ontario,K1A0K2,Canada","101, promenade Colonel By,Ottawa,Ontario,K1A0K2,Canada","Lavoie, Corine (SPAC/PSPC) (elle-la / she-her)","corine.lavoie@tpsgc-pwgsc.gc.ca","","","","","","","","","","","","","",""
"Industrial oils and lubricants for the Canadian Armed Forces","Huiles et lubrifiants industriels pour les Forces armées canadiennes","CW2412225","000","WS5113507411","WS5113507411","CW2412225","3","2025-08-21","2025-08-21","","2025-08-21","2026-03-31","0.00","0.00","CAD","Active","Actif","Standing Offer","Offre à commandes","Original","Original","","","","*15120000","*Lubricants and oils and greases and anti corrosives","*Lubrifiants, huiles, graisses et agents anti-corrosion","*GD","Request for Standing Offer","Demande d’offre à commandes","Competitive - Open bidding","Concurrentielle - Invitation ouverte à soumissionner","Highest Combined Rating of Technical Merit and Price","Cote combinée la plus élevée pour le mérite technique et le prix","None","Aucune","*Canada-Colombia Free Trade Agreement
*Canada-European Union Comprehensive Economic and Trade Agreement (CETA)
*Canada-Honduras Free Trade Agreement
*Canadian Free Trade Agreement (CFTA)
*World Trade Organization Agreement on Government Procurement (WTO GPA)
*North American Free Trade Agreement (NAFTA)
*Comprehensive and Progressive Agreement for Trans-Pacific Partnership (CPTPP)
*Canada-Chile Free Trade Agreement (CCFTA)
*Canada-Panama Free Trade Agreement
*Canada-UK Trade Continuity Agreement (Canada-UK TCA)
*Canada-Peru Free Trade Agreement (CPFTA)
*Canada-Korea Free Trade Agreement (CKFTA)
*Canada-Ukraine Free Trade Agreement (CUFTA)","*Accord de libre-échange Canada-Colombie
*Accord économique et commercial global (AECG) entre le Canada et l’Union européenne (UE)
*Accord de libre-échange Canada-Honduras
*Accord de libre-échange canadien (ALEC)
*Accord sur les marchés publics de l'Organisation mondiale du commerce (AMP-OMC)
*Accord de libre-échange nord-américain (ALENA)
*Accord de Partenariat transpacifique global et progressiste (PTPGP)
*Accord de libre-échange Canada-Chili (ALECC)
*Accord de libre-échange Canada-Panama
*Accord de continuité commerciale Canada–Royaume-Uni (ACC Canada-Royaume-Uni)
*Accord de libre-échange Canada-Pérou (ALECP)
*Accord de libre-échange Canada-Corée
*Accord de libre-échange Canada-Ukraine (ALECU)","*Canada","*Canada","Felix Technology Inc.","Felix Technology Inc.","","","","","6","6","6-270 Drumlin Circle","6-270 Drumlin Circle","Concord","Concord","Ontario","Ontario","L4K 3E2","CA","CA","Department of Public Works and Government Services (PSPC)"," Ministère des Travaux publics et des Services gouvernementaux (SPAC)","11 Laurier St, Phase III, Place du Portage","11, rue Laurier, Phase III, Place du Portage","Gatineau","Gatineau","Quebec","Québec","K1A 0S5","Canada","Canada","Department of National Defence (DND)"," Ministère de la Défense nationale (MDN)","","","101 Colonel By Dr,Ottawa,Ontario,K1A0K2,Canada","101, promenade Colonel By,Ottawa,Ontario,K1A0K2,Canada","Wolszczan, Caroline (SPAC/PSPC)","caroline.wolszczan@tpsgc-pwgsc.gc.ca","","","","","","","","","","","","","The Department of National Defence (DND) has a requirement for the supply and delivery of various packaged oils and lubricants to the Canadian Armed Forces (CAF), as and when requested by the Identified Users located across Canada.","Le ministère de la Défense nationale (MDN) a un besoin pour la fourniture et la livraison de divers huiles et lubrifiants emballés, pour les Forces armées canadiennes (FAC), à la demande des utilisateurs désignés situés à travers le Canada."
"W0106-25E001 – Standing Offer for bulk oils and lubricants","W0106-25E001 – Offre à commandes pour huiles et lubrifiants en vrac","CW2415295","000","WS5217197226","WS5217197226","CW2415295","1","2025-08-25","2025-08-22","","2025-08-22","2027-08-21","0.00","0.00","CAD","Active","Actif","Standing Offer","Offre à commandes","Original","Original","","","","*15120000","*Lubricants and oils and greases and anti corrosives","*Lubrifiants, huiles, graisses et agents anti-corrosion","*GD","Request for Standing Offer","Demande d’offre à commandes","Competitive - Open bidding","Concurrentielle - Invitation ouverte à soumissionner","Lowest Price","Prix le plus bas","None","Aucune","*Canadian Free Trade Agreement (CFTA)
*Canada-Chile Free Trade Agreement (CCFTA)
*Canada-Colombia Free Trade Agreement
*Canada-Honduras Free Trade Agreement
*Comprehensive and Progressive Agreement for Trans-Pacific Partnership (CPTPP)
*World Trade Organization Agreement on Government Procurement (WTO GPA)
*Canada-European Union Comprehensive Economic and Trade Agreement (CETA)
*Canada-Korea Free Trade Agreement (CKFTA)
*Canada-Peru Free Trade Agreement (CPFTA)
*Canada-Panama Free Trade Agreement
*Canada-Ukraine Free Trade Agreement (CUFTA)
*Canada-UK Trade Continuity Agreement (Canada-UK TCA)","*Accord de libre-échange canadien (ALEC)
*Accord de libre-échange Canada-Chili (ALECC)
*Accord de libre-échange Canada-Colombie
*Accord de libre-échange Canada-Honduras
*Accord de Partenariat transpacifique global et progressiste (PTPGP)
*Accord sur les marchés publics de l'Organisation mondiale du commerce (AMP-OMC)
*Accord économique et commercial global (AECG) entre le Canada et l’Union européenne (UE)
*Accord de libre-échange Canada-Corée
*Accord de libre-échange Canada-Pérou (ALECP)
*Accord de libre-échange Canada-Panama
*Accord de libre-échange Canada-Ukraine (ALECU)
*Accord de continuité commerciale Canada–Royaume-Uni (ACC Canada-Royaume-Uni)","*Québec","*Québec","Paquet & Fils Ltée","Paquet & Fils Ltée","","","","","","","4, rue du Terroir","4, rue du Terroir","Lévis","Lévis","Québec","Québec","G6V 9J3","CA","CA","Department of Public Works and Government Services (PSPC)"," Ministère des Travaux publics et des Services gouvernementaux (SPAC)","11 Laurier St, Phase III, Place du Portage","11, rue Laurier, Phase III, Place du Portage","Gatineau","Gatineau","Quebec","Québec","K1A 0S5","Canada","Canada","Department of National Defence (DND)"," Ministère de la Défense nationale (MDN)","","","101 Colonel By Dr,Ottawa,Ontario,K1A0K2,Canada","101, promenade Colonel By,Ottawa,Ontario,K1A0K2,Canada","Godin2, Joanne (SPAC/PSPC)","joanne.godin2@tpsgc-pwgsc.gc.ca","","","","","","","","","","","","","W0106-25E001 – Standing Offer for bulk oils and lubricants","W0106-25E001 – Offre à commandes pour huiles et lubrifiants en vrac"
"W684H-25A022 - Syncrolift Grease","W684H-25A022 - Graisse Syncrolift","CW2426612","000","WS5381068171","WS5381068171","CW2426612","1","2026-02-27","2025-11-06","","2025-11-06","2026-02-27","56166.80","56166.80","CAD","Active","Actif","Contract","Contrat","Original","Original","","","","*15120000
*15121900","*Lubricants and oils and greases and anti corrosives
*Greases","*Lubrifiants, huiles, graisses et agents anti-corrosion
*Graisses","*GD","Request for Proposal","Demande de propositions","Competitive - Open bidding","Concurrentielle - Invitation ouverte à soumissionner","Lowest Price","Prix le plus bas","None","Aucune","*Canadian Free Trade Agreement (CFTA)","*Accord de libre-échange canadien (ALEC)","*Nova Scotia","*Nouvelle-Écosse","DISTRIBUTION FASCOR INC./ FASCOR DISTRIBUTION INC.","DISTRIBUTION FASCOR INC./ FASCOR DISTRIBUTION INC.","","","","","10","10","5773 av Wolseley","5773 av Wolseley","Côte Saint-Luc","Côte Saint-Luc","Quebec","Quebec","H4W 2L8","CA","CA","Department of Public Works and Government Services (PSPC)"," Ministère des Travaux publics et des Services gouvernementaux (SPAC)","11 Laurier St, Phase III, Place du Portage","11, rue Laurier, Phase III, Place du Portage","Gatineau","Gatineau","Quebec","Québec","K1A 0S5","Canada","Canada","Department of National Defence (DND)"," Ministère de la Défense nationale (MDN)","","","101 Colonel By Dr,Ottawa,Ontario,K1A0K2,Canada","101, promenade Colonel By,Ottawa,Ontario,K1A0K2,Canada","LeBlanc, Kristelle (SPAC/PSPC) (elle-la / she-her)","kristelle.leblanc@tpsgc-pwgsc.gc.ca","","","","","","","","","","","","","Public Services and Procurement Canada has a requirement, on behalf of The Department of National Defence to purchase Syncrolift Grease as per the stated mandatory requirements in the attached Request for Proposal document.","Services Publics et Approvisionnement Canada souhaite établir un marché, au nom du ministère de la défense nationale d’acheter de la graisse Syncrolift, conformément aux exigences obligatoires indiquées dans la Demande Soumission attaché."
"F6854-240124 Lubricants and oils for the Canadian Coast Guard","F6854-240124 Lubrifiants et huiles pour la Garde côtière canadienne","CW2408439","000","WS5066659902","WS5066659902","CW2408439","6","2025-07-08","2025-07-07","","2025-07-07","2026-03-31","1732853.75","1865582.03","CAD","Active","Actif","Standing Offer","Offre à commandes","Original","Original","","","","*15121501
*15121503
*15121504
*15121508","*Engine oil
*Gear oil
*Hydraulic oil
*Transmission oil","*Huile de moteur
*Huile pour engrenages
*Huile hydraulique
*Huile de transmission","*GD","Request for Standing Offer","Demande d’offre à commandes","Non-competitive","Non concurrentielle","Lowest Price","Prix le plus bas","Exclusive Rights","Droits exclusifs","*Canada-Honduras Free Trade Agreement
*Canada-Colombia Free Trade Agreement
*Canada-Chile Free Trade Agreement (CCFTA)
*Canadian Free Trade Agreement (CFTA)
*Canada-Panama Free Trade Agreement
*World Trade Organization Agreement on Government Procurement (WTO GPA)
*Canada-European Union Comprehensive Economic and Trade Agreement (CETA)
*Canada-Peru Free Trade Agreement (CPFTA)
*Comprehensive and Progressive Agreement for Trans-Pacific Partnership (CPTPP)
*Canada-UK Trade Continuity Agreement (Canada-UK TCA)
*Canada-Korea Free Trade Agreement (CKFTA)
*Canada-Ukraine Free Trade Agreement (CUFTA)
*North American Free Trade Agreement (NAFTA)","*Accord de libre-échange Canada-Honduras
*Accord de libre-échange Canada-Colombie
*Accord de libre-échange Canada-Chili (ALECC)
*Accord de libre-échange canadien (ALEC)
*Accord de libre-échange Canada-Panama
*Accord sur les marchés publics de l'Organisation mondiale du commerce (AMP-OMC)
*Accord économique et commercial global (AECG) entre le Canada et l’Union européenne (UE)
*Accord de libre-échange Canada-Pérou (ALECP)
*Accord de Partenariat transpacifique global et progressiste (PTPGP)
*Accord de continuité commerciale Canada–Royaume-Uni (ACC Canada-Royaume-Uni)
*Accord de libre-échange Canada-Corée
*Accord de libre-échange Canada-Ukraine (ALECU)
*Accord de libre-échange nord-américain (ALENA)","*Canada","*Canada","PETRO-CANADA LUBRICANTS INC. LUBRIFIANTS PETRO-CANADA INC.","PETRO-CANADA LUBRICANTS INC. LUBRIFIANTS PETRO-CANADA INC.","HF Sinclair","HF Sinclair","HF Sinclair","HF Sinclair","700","700","2310 Lakeshore Road West","2310 Lakeshore Road West","Mississauga","Mississauga","Ontario","Ontario","L5J 1K2","CA","CA","Department of Public Works and Government Services (PSPC)"," Ministère des Travaux publics et des Services gouvernementaux (SPAC)","11 Laurier St, Phase III, Place du Portage","11, rue Laurier, Phase III, Place du Portage","Gatineau","Gatineau","Quebec","Québec","K1A 0S5","Canada","Canada","Canadian Coast Guard (CCG)"," Garde côtière canadienne (GCC)","","","200 Kent St. Station 13E228,Ottawa,Ontario,K1A0E6,Canada","200, rue Kent, Station 13E228,Ottawa,Ontario,K1A0E6,Canada","Wolszczan, Caroline (SPAC/PSPC)","caroline.wolszczan@tpsgc-pwgsc.gc.ca","","","","","","","","","","","","","Fisheries and Oceans Canada, Canadian Coast Guard, has a requirement for the supply and delivery of lubricants and oils on an as and when requested basis, as detailed in Annex Statement of Requirement.","Pêches et Océans Canada, la Garde côtière canadienne, requiert la fourniture et la livraison de lubrifiants et de huiles, au fur et à mesure que les commandes sont placées par l’utilisateur désigné, tel qu'indiqué dans l'annexe énoncé des besoins."
"PR19867 _T8493-250015_ RFP for Helicopter Work Stand","DDP pour un poste de travail pour hélicoptère","CW2416865","000","WS5263292084","WS5263292084","CW2416865","2","2025-11-21","2025-11-21","","2025-11-21","2027-02-28","33617.50","38634.14","CAD","Active","Actif","Contract","Contrat","Original","Original","","","","*20101800","*Mechanized ground support systems","*Systèmes mécanisés de soutènement","*GD","Request for Proposal","Demande de propositions","Competitive - Open bidding","Concurrentielle - Invitation ouverte à soumissionner","Lowest Price","Prix le plus bas","None","Aucune","*Canadian Free Trade Agreement (CFTA)","*Accord de libre-échange canadien (ALEC)","*Canada","*Canada","BRGP Management Services Inc","BRGP Management Services Inc","BRGP","BRGP","","","4","4","227-35 Southshore Cres","227-35 Southshore Cres","Stoney Creek","Stoney Creek","Ontario","Ontario","L8E 0J2","CA","CA","Department of Public Works and Government Services (PSPC)"," Ministère des Travaux publics et des Services gouvernementaux (SPAC)","11 Laurier St, Phase III, Place du Portage","11, rue Laurier, Phase III, Place du Portage","Gatineau","Gatineau","Quebec","Québec","K1A 0S5","Canada","Canada","Department of Transport (TC)"," Ministère des Transports (TC)","","","330 Sparks Street,Ottawa,Ontario,K1A0N8,Canada","330, rue Sparks,Ottawa,Ontario,K1A0N8,Canada","Vengerov, Natalia (SPAC/PSPC) (elle-la / she-her)","natalia.vengerov@tpsgc-pwgsc.gc.ca","","","","","","","","","","","","","Transport Canada, Aircraft Services Directorate has a requirement for the purchase ground support equipment in support of fleet of aircraft.","La Direction générale des services des aéronefs de Transports Canada a besoin d’acheter de l’équipement de soutien au sol à l’appui de la flotte d’aéronefs."
"Short time overcurrent test set","ensemble d’essai de surintensité de courte durée","CW2401648","000","WS4942727815","WS4942727815","CW2401648","1","2025-12-12","2025-05-21","","2025-05-21","2025-12-12","70365.10","70365.10","CAD","Active","Actif","Contract","Contrat","Original","Original","","","","*20122000","*Fixturing and test equipment","*Équipements de fixation et d'essai","*GD","Request for Proposal","Demande de propositions","Competitive - Open bidding","Concurrentielle - Invitation ouverte à soumissionner","Lowest Price","Prix le plus bas","None","Aucune","*Canadian Free Trade Agreement (CFTA)","*Accord de libre-échange canadien (ALEC)","*National Capital Region (NCR)","*Région de la capitale nationale (RCN)","Megger Limited","Megger Limited","HDW; Seba; States; PowerDB; Foster;","HDW; Seba; States; PowerDB; Foster;","MEGGER LIMITED","MEGGER LIMITED","35","35","550 ALDEN ROAD, UNIT 106","550 ALDEN ROAD, UNIT 106","Markham","Markham","Ontario","Ontario","L3R 6A8","CA","CA","Department of Public Works and Government Services (PSPC)"," Ministère des Travaux publics et des Services gouvernementaux (SPAC)","11 Laurier St, Phase III, Place du Portage","11, rue Laurier, Phase III, Place du Portage","Gatineau","Gatineau","Quebec","Québec","K1A 0S5","Canada","Canada","Measurement Canada (MC)"," Mesures Canada (MC)","","","151 Tunney's Pasture Driveway,Ottawa,Ontario,K1Y 1G9,Canada","151, promenade Tunney's Pasture,Ottawa,Ontario,K1Y 1G9,Canada","Turner, Louie (SPAC/PSPC)","louie.turner@tpsgc-pwgsc.gc.ca","","","","","","","","","","","","","Short time overcurrent test set","ensemble d’essai de surintensité de courte durée"
"W0113-26CS17 (D) Sandbag Filling Machines","W0113-26CS17 (D) Machines de remplissage de sacs de sable","CW2432682","000","WS5454472360","WS5454472360","CW2432682","3","2025-12-16","2025-12-15","","2025-12-15","2027-04-30","178432.22","246163.25","CAD","Active","Actif","Contract","Contrat","Original","Original","","","","*20121300","*Sand control equipment","*Équipements de contrôle du sable","*GD","Request for Proposal","Demande de propositions","Competitive - Open bidding","Concurrentielle - Invitation ouverte à soumissionner","Lowest Price","Prix le plus bas","","","*Canada-Chile Free Trade Agreement (CCFTA)
*Canadian Free Trade Agreement (CFTA)
*Comprehensive and Progressive Agreement for Trans-Pacific Partnership (CPTPP)
*Canada-Colombia Free Trade Agreement
*Canada-European Union Comprehensive Economic and Trade Agreement (CETA)
*World Trade Organization Agreement on Government Procurement (WTO GPA)
*Canada-Ukraine Free Trade Agreement (CUFTA)
*Canada-Panama Free Trade Agreement
*Canada-Honduras Free Trade Agreement
*Canada-Peru Free Trade Agreement (CPFTA)
*Canada-Korea Free Trade Agreement (CKFTA)
*Canada-UK Trade Continuity Agreement (Canada-UK TCA)","*Accord de libre-échange Canada-Chili (ALECC)
*Accord de libre-échange canadien (ALEC)
*Accord de Partenariat transpacifique global et progressiste (PTPGP)
*Accord de libre-échange Canada-Colombie
*Accord économique et commercial global (AECG) entre le Canada et l’Union européenne (UE)
*Accord sur les marchés publics de l'Organisation mondiale du commerce (AMP-OMC)
*Accord de libre-échange Canada-Ukraine (ALECU)
*Accord de libre-échange Canada-Panama
*Accord de libre-échange Canada-Honduras
*Accord de libre-échange Canada-Pérou (ALECP)
*Accord de libre-échange Canada-Corée
*Accord de continuité commerciale Canada–Royaume-Uni (ACC Canada-Royaume-Uni)","*Barrie","*Barrie","GLOBAL SOLUTION SRL","GLOBAL SOLUTION SRL","","","","","","","VIA DEL MARE 48 INT.1","VIA DEL MARE 48 INT.1","LANCIANO","LANCIANO","Chieti","Chieti","66034","IT","IT","Department of Public Works and Government Services (PSPC)"," Ministère des Travaux publics et des Services gouvernementaux (SPAC)","11 Laurier St, Phase III, Place du Portage","11, rue Laurier, Phase III, Place du Portage","Gatineau","Gatineau","Quebec","Québec","K1A 0S5","Canada","Canada","Department of National Defence (DND)"," Ministère de la Défense nationale (MDN)","","","101 Colonel By Dr,Ottawa,Ontario,K1A0K2,Canada","101, promenade Colonel By,Ottawa,Ontario,K1A0K2,Canada","Barltrop, David (SPAC/PSPC)","david.barltrop@tpsgc-pwgsc.gc.ca","","","","","","","","","","","","","Canada is seeking offers from Offerors for the supply and delivery of Sandbag Filling Machines to the Department of National Defence, CFB Borden.  All the deliverables from the Firm Requirement must be received on or before 2026-03-30.  All the deliverables from the Optional Requirement must be received within 15 weeks of the Option being exercised.","Le Canada est à la recherche d’offrants pour la fourniture et la livraison de machines de remplissage de sacs de sable au ministère de la Défense nationale, BFC Borden. Tous les biens livrables doivent être reçus au plus tard le 2026-03-30.  Tous les produits livrables liés au besoin optionnel doivent être reçus dans les 15 semaines suivant l'exercice de l'option."
"5P427-250112 Industrial electric zero-turn mower","5P427-250112 Tondeuse électrique industrielle à rayon de braquage zéro","CW2415133","000","WS5314766770","WS5314766770","CW2415133","1","2026-02-06","2025-11-04","","2025-11-04","2026-01-05","34860.00","34860.00","CAD","Active","Actif","Contract","Contrat","Original","Original","","","","*21000000","*Farming and Fishing and Forestry and Wildlife Machinery and Accessories","*Machines et accessoires pour l'agriculture, la pêche, l'exploitation forestière, la faune et la flore.","*GD","Request for Proposal","Demande de propositions","Competitive - Open bidding","Concurrentielle - Invitation ouverte à soumissionner","Lowest Price","Prix le plus bas","None","Aucune","*Canadian Free Trade Agreement (CFTA)","*Accord de libre-échange canadien (ALEC)","*Alberta","*Alberta","Brandt Tractor Ltd.","Brandt Tractor Ltd.","","","","","","","10121 Barlow Trail NE","10121 Barlow Trail NE","Calgary","Calgary","Alberta","Alberta","T3J 3C6","CA","CA","Department of Public Works and Government Services (PSPC)"," Ministère des Travaux publics et des Services gouvernementaux (SPAC)","11 Laurier St, Phase III, Place du Portage","11, rue Laurier, Phase III, Place du Portage","Gatineau","Gatineau","Quebec","Québec","K1A 0S5","Canada","Canada","Parks Canada Agency (PC)"," Agence Parcs Canada (PC)","","","30 Victoria Street,Gatineau,Quebec,J8X 0B3,Canada","30, rue Victoria,Gatineau,Quebec,J8X 0B3,Canada","Van Hereweghe, Amy (SPAC/PSPC) (elle-la / she-her)","amy.vanhereweghe@tpsgc-pwgsc.gc.ca","","","","","","","","","","","","","",""
"01634-260002 - Liquid Manure Applicator","01634-260002 - épandeur de fumier liquide","CW2415262","000","WS5320209096","WS5320209096","CW2415262","2","2026-01-06","2025-12-08","","2025-12-08","2026-06-30","140475.70","140475.70","CAD","Active","Actif","Contract","Contrat","Original","Original","","","","*21000000","*Farming and Fishing and Forestry and Wildlife Machinery and Accessories","*Machines et accessoires pour l'agriculture, la pêche, l'exploitation forestière, la faune et la flore.","*GD","Request for Proposal","Demande de propositions","Competitive - Open bidding","Concurrentielle - Invitation ouverte à soumissionner","Lowest Price","Prix le plus bas","None","Aucune","*Canadian Free Trade Agreement (CFTA)","*Accord de libre-échange canadien (ALEC)","*Morden","*Morden","GMAK Global Inc.","GMAK Global Inc.","GMAK Global Inc.","GMAK Global Inc.","GMAK Global Inc.","GMAK Global Inc.","1","1","TH3 - 500 Doris Avenue","TH3 - 500 Doris Avenue","North York","North York","Ontario","Ontario","M2N 0C1","CA","CA","Department of Public Works and Government Services (PSPC)"," Ministère des Travaux publics et des Services gouvernementaux (SPAC)","11 Laurier St, Phase III, Place du Portage","11, rue Laurier, Phase III, Place du Portage","Gatineau","Gatineau","Quebec","Québec","K1A 0S5","Canada","Canada","Department of Agriculture and Agri-Food (AAFC)"," Ministère de l’Agriculture et de l’Agroalimentaire (AAC)","","","K.W. Neatby Bldg, 960 Carling Ave,Ottawa,Ontario,K1Y4X2,Canada","Édifice K.W. Neatby, 960, avenue Carling,Ottawa,Ontario,K1Y4X2,Canada","Myhre, Jackson (SPAC/PSPC) (il-lui / he-him)","jackson.myhre@tpsgc-pwgsc.gc.ca","","","","","","","","","","","","","This request is to procure a liquid manure applicator to support ecological water management program at AAFC-MRDC. The equipment will be used for the application of liquid manure in field work associated with establishing long-term, public-good manure plot sites. It will support at least three current projects from Dr. Xu's program funded from STB A-base, Organic Science cluster, and ACS Living Lab.","La présente demande concerne l'acquisition d'un épandeur de fumier liquide pour soutenir le programme de gestion écologique de l'eau au Centre de recherche et de développement (CRD) de Morden. Le matériel sera utilisé pour l'épandage de fumier liquide dans le cadre des travaux sur le terrain liés à l'établissement de sites de parcelles de fumier à long terme pour le bien public. Il contribuera à la réalisation d’au moins trois projets en cours du programme de M. Xu (Ph. D.) financés à partir des services votés de la DGST, de la grappe scientifique de la production biologique et de l'initiative des laboratoires vivants du programme SAC."
"01587-260336 - Combine Harvester","01587-260336 - Moissonneuse-batteuse","CW2416570","000","WS5303848338","WS5303848338","CW2416570","1","2026-03-20","2026-03-18","","2026-03-18","2027-03-31","92400.00","92400.00","CAD","Active","Actif","Contract","Contrat","Original","Original","","","","*21000000
*21101700","*Farming and Fishing and Forestry and Wildlife Machinery and Accessories
*Agricultural machinery for harvesting","*Machines et accessoires pour l'agriculture, la pêche, l'exploitation forestière, la faune et la flore.
*Machines agricoles pour la récolte","*GD","Request for Proposal","Demande de propositions","Competitive - Open bidding","Concurrentielle - Invitation ouverte à soumissionner","Lowest Price","Prix le plus bas","None","Aucune","*Canadian Free Trade Agreement (CFTA)
*Canada-Korea Free Trade Agreement (CKFTA)","*Accord de libre-échange canadien (ALEC)
*Accord de libre-échange Canada-Corée","*Beaverlodge
*Alberta","*Beaverlodge
*Alberta","Foster's Agri World","Foster's Agri World","","","","","50","50","1101 11 St","1101 11 St","Beaverlodge","Beaverlodge","Alberta","Alberta","T0H 0C0","CA","CA","Department of Public Works and Government Services (PSPC)"," Ministère des Travaux publics et des Services gouvernementaux (SPAC)","11 Laurier St, Phase III, Place du Portage","11, rue Laurier, Phase III, Place du Portage","Gatineau","Gatineau","Quebec","Québec","K1A 0S5","Canada","Canada","Department of Agriculture and Agri-Food (AAFC)"," Ministère de l’Agriculture et de l’Agroalimentaire (AAC)","","","K.W. Neatby Bldg, 960 Carling Ave,Ottawa,Ontario,K1Y4X2,Canada","Édifice K.W. Neatby, 960, avenue Carling,Ottawa,Ontario,K1Y4X2,Canada","McDonald, Shannon (SPAC/PSPC)","shannon.mcdonald@tpsgc-pwgsc.gc.ca","","","","","","","","","","","","","Agriculture and Agri-Food Canada (AAFC) Beaverlodge Research Farm would like to procure a new (used) combine harvester to harvest the grain crops grown as part of our land and rotation management practices. Supplier will be required to deliver, unload and train staff for the purposes of proper maintenance and safe operation.","La Ferme expérimentale Beaverlodge d’Agriculture et Agroalimentaire Canada (AAC) souhaite faire l’acquisition d’une moissonneuse-batteuse neuve (d’occasion) pour récolter les céréales cultivées dans le cadre de ses pratiques de gestion des terres et de la rotation. Le fournisseur devra livrer, décharger et former le personnel aux fins d’un entretien adéquat et d’une utilisation sécuritaire."
"01755-260299 Pull-type forage harvester featuring a windrow pickup and a rotary corn head","01755-260299 Ensileuse tractée (Fourragère) avec ramasseur d’andains et tête rotative à maïs","CW2422511","000","WS5329663725","WS5329663725","CW2422511","1","2026-02-10","2026-02-10","","2026-02-10","2027-02-10","208047.26","208047.26","CAD","Active","Actif","Contract","Contrat","Original","Original","","","","*21000000
*21101700","*Farming and Fishing and Forestry and Wildlife Machinery and Accessories
*Agricultural machinery for harvesting","*Machines et accessoires pour l'agriculture, la pêche, l'exploitation forestière, la faune et la flore.
*Machines agricoles pour la récolte","*GD","Request for Proposal","Demande de propositions","Competitive - Open bidding","Concurrentielle - Invitation ouverte à soumissionner","Lowest Price","Prix le plus bas","None","Aucune","*Canadian Free Trade Agreement (CFTA)
*Canada-Korea Free Trade Agreement (CKFTA)
*Canada-Chile Free Trade Agreement (CCFTA)
*Canada-Honduras Free Trade Agreement
*Canada-Colombia Free Trade Agreement
*Canada-Panama Free Trade Agreement
*Canada-Peru Free Trade Agreement (CPFTA)","*Accord de libre-échange canadien (ALEC)
*Accord de libre-échange Canada-Corée
*Accord de libre-échange Canada-Chili (ALECC)
*Accord de libre-échange Canada-Honduras
*Accord de libre-échange Canada-Colombie
*Accord de libre-échange Canada-Panama
*Accord de libre-échange Canada-Pérou (ALECP)","*Sherbrooke","*Sherbrooke","CENTRE AGRICOLE COATICOOK INC.","CENTRE AGRICOLE COATICOOK INC.","","","","","","","525 Rue Main Ouest","525 Rue Main Ouest","Coaticook","Coaticook","Québec","Québec","J1A 1R2","CA","CA","Department of Public Works and Government Services (PSPC)"," Ministère des Travaux publics et des Services gouvernementaux (SPAC)","11 Laurier St, Phase III, Place du Portage","11, rue Laurier, Phase III, Place du Portage","Gatineau","Gatineau","Quebec","Québec","K1A 0S5","Canada","Canada","Department of Agriculture and Agri-Food (AAFC)"," Ministère de l’Agriculture et de l’Agroalimentaire (AAC)","","","K.W. Neatby Bldg, 960 Carling Ave,Ottawa,Ontario,K1Y4X2,Canada","Édifice K.W. Neatby, 960, avenue Carling,Ottawa,Ontario,K1Y4X2,Canada","Caruso, Anna (SPAC/PSPC)","anna.caruso@tpsgc-pwgsc.gc.ca","","","","","","","","","","","","","PWGSC, on behalf of Department of Agriculture and Agri-Food Canada is issuing this Request for Proposal (RFP) for the acquisition of a pull-type forage harvester featuring a windrow pickup and a rotary corn head, including delivery and training, located in Sherbrooke, Quebec, Canada, as detailed in Annex Statement of Requirement.","TPSGC, au nom du Ministère d’Agriculture et Agroalimentaire Canada publie cette Demande de proposition (DDP) pour l’achat d’une ensileuse tractée (Fourragère) avec ramasseur d’andains et tête rotative à maïs, incluant la livraison et la formation situé à Sherbrooke, Québec, Canada, selon les modalités figurant à l’annexe Annexe Énoncé des besoins."
"EA003-260594 - Lower Fishway Reconstruction Terra Nova River NL","EA003-260594 - Reconstruction de la passe à poissons inférieure de la rivière Terra Nova, Terre-Neuve-et-Labrador","CW2418752","000","WS5314215057","WS5314215057","CW2418752","1","2025-10-20","2025-09-18","","2025-09-18","2027-08-18","3592657.50","3592657.50","CAD","Active","Actif","Contract","Contrat","Original","Original","","","","*21000000
*30000000
*30121718
*30131500
*72000000
*72141503
*95122500","*Farming and Fishing and Forestry and Wildlife Machinery and Accessories
*Structures and Building and Construction and Manufacturing Components and Supplies
*Safety fence and net for rock drop
*Blocks
*Building and Facility Construction and Maintenance Services
*Rock removal service
*Agricultural and farming and fishing buildings and structures","*Machines et accessoires pour l'agriculture, la pêche, l'exploitation forestière, la faune et la flore.
*Constituants et provisions de Structures et bâtiment et construction et fabrication
*Clôture de sécurité et filet pour chute de pierre
*Blocs
*Services de construction et d'entretien de bâtiment
*Service d'enlèvement de roches
*Structures et bâtiments pour l'agriculture et la pêche","*SRV","Request for Proposal","Demande de propositions","Competitive - Open bidding","Concurrentielle - Invitation ouverte à soumissionner","Lowest Price","Prix le plus bas","None","Aucune","*Canadian Free Trade Agreement (CFTA)","*Accord de libre-échange canadien (ALEC)","*Newfoundland and Labrador","*Terre-Neuve-et-Labrador","R.J.G. Construction Limited","R.J.G. Construction Limited","","","","","85","85","PO Box 8421 STN A 
162 Duckworth Street, Suite 300","PO Box 8421 STN A 
162 Duckworth Street, Suite 300","St. John's","St. John's","Newfoundland and Labrador","Newfoundland and Labrador","A1B 3N9","CA","CA","Department of Public Works and Government Services (PSPC)"," Ministère des Travaux publics et des Services gouvernementaux (SPAC)","11 Laurier St, Phase III, Place du Portage","11, rue Laurier, Phase III, Place du Portage","Gatineau","Gatineau","Quebec","Québec","K1A 0S5","Canada","Canada","Department of Public Works and Government Services (PSPC)"," Ministère des Travaux publics et des Services gouvernementaux (SPAC)","","","11 Laurier St, Phase III, Place du Portage,Gatineau,Quebec,K1A 0S5,Canada","11, rue Laurier, Phase III, Place du Portage,Gatineau,Québec,K1A 0S5,Canada","Marshall, Hannah (SPAC/PSPC) (elle-la / she-her)","hannah.marshall@tpsgc-pwgsc.gc.ca","","","","","","","","","","","","","The work covered under this project consists of the furnishing of all plant, labour,equipment, hardware, and materials; complete, and in strict accordance with specifications and accompanying drawings, and subject to all terms and conditions of the contract. Bidders are advised that opportunities and requirements may arise that could
warrant changes to the work that are in keeping with this general scope. Such changes will be made through the change order processes as outlined in the contract documents.","Les travaux couverts par ce projet comprennent la fourniture de toutes les installations, de la main-d'œuvre, de l'équipement, du matériel et des matériaux, conformément aux spécifications et aux plans joints, et sous réserve de toutes les conditions générales du contrat. Les soumissionnaires sont informés que des opportunités et des exigences peuvent survenir qui pourraient justifier des modifications aux travaux conformément à la portée générale du projet. Ces modifications seront apportées conformément aux procédures de modification décrites dans les documents contractuels."
"01R11-260464 - Hydraulic Soil Sampler","01R11-260464 – Sonde Pédologique Hydraulique","CW2423281","000","WS5387378560","WS5387378560","CW2423281","1","2026-04-02","2026-01-09","","2026-01-09","2027-01-09","56037.50","56037.50","CAD","Active","Actif","Contract","Contrat","Original","Original","","","","*21100000","*Agricultural and forestry and landscape machinery and equipment","*Machines et équipement pour l'agriculture, l'exploitation forestière et le paysage","*GD","Request for Proposal","Demande de propositions","Competitive - Open bidding","Concurrentielle - Invitation ouverte à soumissionner","Lowest Price","Prix le plus bas","None","Aucune","*Canadian Free Trade Agreement (CFTA)","*Accord de libre-échange canadien (ALEC)","*Saskatoon","*Saskatoon","Ag Business & Crop Inc","Ag Business & Crop Inc","","","Wintex Agro Canada","Wintex Agro Canada","5","5","1-131 Frank Lambier Crt RR 2 
RR#2","1-131 Frank Lambier Crt RR 2 
RR#2","Palmerston","Palmerston","Ontario","Ontario","N0G 2P0","CA","CA","Department of Public Works and Government Services (PSPC)"," Ministère des Travaux publics et des Services gouvernementaux (SPAC)","11 Laurier St, Phase III, Place du Portage","11, rue Laurier, Phase III, Place du Portage","Gatineau","Gatineau","Quebec","Québec","K1A 0S5","Canada","Canada","Department of Agriculture and Agri-Food (AAFC)"," Ministère de l’Agriculture et de l’Agroalimentaire (AAC)","","","K.W. Neatby Bldg, 960 Carling Ave,Ottawa,Ontario,K1Y4X2,Canada","Édifice K.W. Neatby, 960, avenue Carling,Ottawa,Ontario,K1Y4X2,Canada","Olivos, Elsa (SPAC/PSPC) (elle-la / she-her)","elsa.olivos@tpsgc-pwgsc.gc.ca","","","","","","","","","","","","","Agriculture and Agri-Food Canada (AAFC) requires the supply and delivery of a hydraulic soil sampler for the Saskatoon Research Farm to support annual soil sampling in rugged terrain. The equipment must collect intact soil cores to a depth of at least 2 metres, be compatible with existing John Deere tractors, and operate using the tractor’s hydraulic system.","Agriculture et Agroalimentaire Canada (AAC) a besoin de la fourniture et de la livraison d’une sonde pédologique hydraulique pour la Ferme expérimentale de Saskatoon afin d’appuyer l’échantillonnage annuel du sol en terrain accidenté. L’équipement doit recueillir les carottes de sol intactes jusqu’à une profondeur d’au moins 2 mètres, être compatible avec les tracteurs John Deere existants et fonctionner au moyen du système hydraulique du tracteur."
"W6842-260012 - Rear Flail Mower and Rear Offset Breaking Disc Attachment","W6842-260012 - Faucheuse à fléaux et un pulvériseur déporté à disques","CW2417369","000","WS5346292274","WS5346292274","CW2417369","1","2025-12-10","2025-12-09","","2025-12-09","2026-09-30","191083.03","191083.03","CAD","Active","Actif","Contract","Contrat","Original","Original","","","","*21000000","*Farming and Fishing and Forestry and Wildlife Machinery and Accessories","*Machines et accessoires pour l'agriculture, la pêche, l'exploitation forestière, la faune et la flore.","*GD","Request for Proposal","Demande de propositions","Competitive - Open bidding","Concurrentielle - Invitation ouverte à soumissionner","Lowest Price","Prix le plus bas","None","Aucune","*Canadian Free Trade Agreement (CFTA)
*Canada-Colombia Free Trade Agreement
*Canada-Chile Free Trade Agreement (CCFTA)
*Canada-Honduras Free Trade Agreement
*Canada-Korea Free Trade Agreement (CKFTA)
*Canada-Panama Free Trade Agreement
*Canada-Peru Free Trade Agreement (CPFTA)","*Accord de libre-échange canadien (ALEC)
*Accord de libre-échange Canada-Colombie
*Accord de libre-échange Canada-Chili (ALECC)
*Accord de libre-échange Canada-Honduras
*Accord de libre-échange Canada-Corée
*Accord de libre-échange Canada-Panama
*Accord de libre-échange Canada-Pérou (ALECP)","*Alberta","*Alberta","HORIZON AG & TURF LTD.","HORIZON AG & TURF LTD.","","","","","","","17104-118 Ave","17104-118 Ave","Edmonton","Edmonton","Alberta","Alberta","T5S 2L7","CA","CA","Department of Public Works and Government Services (PSPC)"," Ministère des Travaux publics et des Services gouvernementaux (SPAC)","11 Laurier St, Phase III, Place du Portage","11, rue Laurier, Phase III, Place du Portage","Gatineau","Gatineau","Quebec","Québec","K1A 0S5","Canada","Canada","Department of National Defence (DND)"," Ministère de la Défense nationale (MDN)","","","101 Colonel By Dr,Ottawa,Ontario,K1A0K2,Canada","101, promenade Colonel By,Ottawa,Ontario,K1A0K2,Canada","Elgallab, Mohamed Shawky (SPAC/PSPC) (il-lui / he-him)","mohamedshawky.elgallab@tpsgc-pwgsc.gc.ca","","","","","","","","","","","","","",""
"K2E50-260332 - Supply and Installation of Tractor Transmission","K2E50-260332-Fourniture et installation d’une transmission pour tracteur","CW2416414","000","WS5336612114","WS5336612114","CW2416414","2","2025-12-09","2025-12-01","","2025-12-01","2026-12-01","88052.15","88052.15","CAD","Active","Actif","Contract","Contrat","Original","Original","","","","*21000000","*Farming and Fishing and Forestry and Wildlife Machinery and Accessories","*Machines et accessoires pour l'agriculture, la pêche, l'exploitation forestière, la faune et la flore.","*GD","Request for Proposal","Demande de propositions","Competitive - Open bidding","Concurrentielle - Invitation ouverte à soumissionner","Lowest Price","Prix le plus bas","None","Aucune","*Canadian Free Trade Agreement (CFTA)","*Accord de libre-échange canadien (ALEC)","*Saskatchewan","*Saskatchewan","SQUIRES INDUSTRIAL SERVICES LTD.","SQUIRES INDUSTRIAL SERVICES LTD.","Squires HD","Squires HD","","","37","37","19 Ellesmere Dr","19 Ellesmere Dr","Yellowknife","Yellowknife","Northwest Territories","Northwest Territories","X1A 0G1","CA","CA","Department of Public Works and Government Services (PSPC)"," Ministère des Travaux publics et des Services gouvernementaux (SPAC)","11 Laurier St, Phase III, Place du Portage","11, rue Laurier, Phase III, Place du Portage","Gatineau","Gatineau","Qu