"title-titre-eng","title-titre-fra","referenceNumber-numeroReference","amendmentNumber-numeroModification","procurementNumber-numeroApprovisionnement","solicitationNumber-numeroSollicitation","contractNumber-numeroContrat","numberOfRecords-nombreEnregistrements","publicationDate-datePublication","contractAwardDate-dateAttributionContrat","amendmentDate-dateModification","contractStartDate-contratDateDebut","contractEndDate-dateFinContrat","contractAmount-montantContrat","totalContractValue-valeurTotaleContrat","contractCurrency-contratMonnaie","contractStatus-statutContrat-eng","contractStatus-statutContrat-fra","instrumentType-typeInstrument-eng","instrumentType-typeInstrument-fra","amendmentType-typeModification-eng","amendmentType-typeModification-fra","gsin-nibs","gsinDescription-nibsDescription-eng","gsinDescription-nibsDescription-fra","unspsc","unspscDescription-eng","unspscDescription-fra","procurementCategory-categorieApprovisionnement","noticeType-avisType-eng","noticeType-avisType-fra","procurementMethod-methodeApprovisionnement-eng","procurementMethod-methodeApprovisionnement-fra","selectionCriteria-criteresSelection-eng","selectionCriteria-criteresSelection-fra","limitedTenderingReason-raisonAppelOffresLimite-eng","limitedTenderingReason-raisonAppelOffresLimite-fra","tradeAgreements-accordsCommerciaux-eng","tradeAgreements-accordsCommerciaux-fra","regionsOfDelivery-regionsLivraison-eng","regionsOfDelivery-regionsLivraison-fra","supplierLegalName-nomLegalFournisseur-eng","supplierLegalName-nomLegalFournisseur-fra","supplierStandardizedName-nomNormaliseFournisseur-eng","supplierStandardizedName-nomNormaliseFournisseur-fra","supplierOperatingName-nomCommercialFournisseur-eng","supplierOperatingName-nomCommercialFournisseur-fra","supplierEmployeeCount-fournisseurNombreEmployes-eng","supplierEmployeeCount-fournisseurNombreEmployes-fra","supplierAddressLine-ligneAdresseFournisseur-eng","supplierAddressLine-ligneAdresseFournisseur-fra","supplierAddressCity-fournisseurAdresseVille-eng","supplierAddressCity-fournisseurAdresseVille-fra","supplierAddressProvince-fournisseurAdresseProvince-eng","supplierAddressProvince-fournisseurAdresseProvince-fra","supplierAddressPostalCode-fournisseurAdresseCodePostal","supplierAddressCountry-fournisseurAdressePays-eng","supplierAddressCountry-fournisseurAdressePays-fra","contractingEntityName-nomEntitContractante-eng","contractingEntityName-nomEntitContractante-fra","contractingEntityAddressLine-ligneAdresseEntiteContractante-eng","contractingEntityAddressLine-ligneAdresseEntiteContractante-fra","contractingEntityAddressCity-entiteContractanteAdresseVille-eng","contractingEntityAddressCity-entiteContractanteAdresseVille-fra","contractingEntityAddressProvince-entiteContractanteAdresseProvince-eng","contractingEntityAddressProvince-entiteContractanteAdresseProvince-fra","contractingEntityAddressPostalCode-entiteContractanteAdresseCodePostal","contractingEntityAddressCountry-entiteContractanteAdressePays-eng","contractingEntityAddressCountry-entiteContractanteAdressePays-fra","endUserEntitiesName-nomEntitesUtilisateurFinal-eng","endUserEntitiesName-nomEntitesUtilisateurFinal-fra","endUserEntitiesOfficeName-bureauNomEntitesUtilisateurFinal-eng","endUserEntitiesOfficeName-bureauNomEntitesUtilisateurFinal-fra","endUserEntitiesAddress-adresseEntitesUtilisateurFinal-eng","endUserEntitiesAddress-adresseEntitesUtilisateurFinal-fra","contactInfoName-informationsContactNom","contactInfoEmail-informationsContactCourriel","contactInfoPhone-contactInfoTelephone","contactInfoFax","contactInfoAddressLine-contactInfoAdresseLigne-eng","contactInfoAddressLine-contactInfoAdresseLigne-fra","contactInfoCity-contacterInfoVille-eng","contactInfoCity-contacterInfoVille-fra","contactInfoProvince-contacterInfoProvince-eng","contactInfoProvince-contacterInfoProvince-fra","contactInfoPostalcode","contactInfoCountry-contactInfoPays-eng","contactInfoCountry-contactInfoPays-fra","percentageOfGoodsByCountry-pourcentageDeBiensParPays","tenderDescription-descriptionAppelOffres-eng","tenderDescription-descriptionAppelOffres-fra"
"Supply and Storage of Scandium","Approvisionnement et gestion du stockage du scandium","CW2450657","000","WS5654601435","WS5654601435","CW2450657","1","2026-08-31","2026-08-27","","2026-08-27","2044-08-26","248677717.15","248677717.15","CAD","Active","Actif","Contract","Contrat","Original","Original","","","","*11100000","*Minerals and ores and metals","*Minéraux, minerais et métaux","*GD","Directed Contract","Contrat prescrit","Non-competitive","Non concurrentielle","Not applicable","Sans objet","Exclusive Rights","Droits exclusifs","*None","*Aucun","*Quebec (except NCR)","*Québec (sauf RCN)","Rio Tinto Fer et Titane","Rio Tinto Fer et Titane","","","","","","","1655 route Marie-Victorin","1655 route Marie-Victorin","Sorel-Tracy","Sorel-Tracy","Quebec","Quebec","J3R 4R4","CA","CA","Department of Public Works and Government Services (PSPC)"," Ministère des Travaux publics et des Services gouvernementaux (SPAC)","11 Laurier St, Phase III, Place du Portage","11, rue Laurier, Phase III, Place du Portage","Gatineau","Gatineau","Quebec","Québec","K1A 0S5","Canada","Canada","Department of Natural Resources  (NRCan)"," Ministère des Ressources naturelles (RNCan)","","","580 Booth Street,Ottawa,Ontario,K1A0E4,Canada","580, rue Booth,Ottawa,Ontario,K1A0E4,Canada","Mignault, Danielle (SPAC/PSPC) (elle-la / she-her)","danielle.mignault@tpsgc-pwgsc.gc.ca","","","","","","","","","","","","","",""
"23240-261180 Supply and Storage of Graphite","23240-261180 Approvisionnement et gestion du stockage de graphite","CW2451599","000","WS5672955639","WS5672955639","CW2451599","1","2026-05-15","2026-05-13","","2026-05-13","2036-05-13","469896667.16","469896667.16","CAD","Active","Actif","Contract","Contrat","Original","Original","","","","*11100000","*Minerals and ores and metals","*Minéraux, minerais et métaux","*GD","Directed Contract","Contrat prescrit","Non-competitive","Non concurrentielle","Not applicable","Sans objet","Exclusive Rights","Droits exclusifs","*None","*Aucun","*Quebec (except NCR)","*Québec (sauf RCN)","NMG Matawinie Inc.","NMG Matawinie Inc.","","","","","1","1","481 rue Brassard","481 rue Brassard","Saint-Michel-des-Saints","Saint-Michel-des-Saints","Québec","Québec","J0K 3B0","CA","CA","Department of Public Works and Government Services (PSPC)"," Ministère des Travaux publics et des Services gouvernementaux (SPAC)","11 Laurier St, Phase III, Place du Portage","11, rue Laurier, Phase III, Place du Portage","Gatineau","Gatineau","Quebec","Québec","K1A 0S5","Canada","Canada","Department of Natural Resources  (NRCan)"," Ministère des Ressources naturelles (RNCan)","","","580 Booth Street,Ottawa,Ontario,K1A0E4,Canada","580, rue Booth,Ottawa,Ontario,K1A0E4,Canada","Mignault, Danielle (SPAC/PSPC) (elle-la / she-her)","danielle.mignault@tpsgc-pwgsc.gc.ca","","","","","","","","","","","","","",""
"23240-261180-002 Marketing of Graphite","23240-261180-002 Commercialisation de graphite","CW2451677","000","WS5672955639","WS5672955639","CW2451677","1","2026-05-15","2026-05-13","","2026-05-13","2036-05-13","19144292.09","19144292.09","CAD","Active","Actif","Contract","Contrat","Original","Original","","","","*11100000","*Minerals and ores and metals","*Minéraux, minerais et métaux","*GD","Directed Contract","Contrat prescrit","Non-competitive","Non concurrentielle","Not applicable","Sans objet","Exclusive Rights","Droits exclusifs","*None","*Aucun","*Quebec (except NCR)","*Québec (sauf RCN)","NMG Matawinie Inc.","NMG Matawinie Inc.","","","","","1","1","481 rue Brassard","481 rue Brassard","Saint-Michel-des-Saints","Saint-Michel-des-Saints","Québec","Québec","J0K 3B0","CA","CA","Department of Public Works and Government Services (PSPC)"," Ministère des Travaux publics et des Services gouvernementaux (SPAC)","11 Laurier St, Phase III, Place du Portage","11, rue Laurier, Phase III, Place du Portage","Gatineau","Gatineau","Quebec","Québec","K1A 0S5","Canada","Canada","Department of Natural Resources  (NRCan)"," Ministère des Ressources naturelles (RNCan)","","","580 Booth Street,Ottawa,Ontario,K1A0E4,Canada","580, rue Booth,Ottawa,Ontario,K1A0E4,Canada","Mignault, Danielle (SPAC/PSPC) (elle-la / she-her)","danielle.mignault@tpsgc-pwgsc.gc.ca","","","","","","","","","","","","","",""
"23240-260980-002 Marketing of Scandium","23240-261180-002 Commercialisation du scandium","CW2453376","000","WS5654601435","WS5654601435","CW2453376","1","2026-08-31","2026-08-27","","2026-08-27","2044-08-26","7177561.57","7177561.57","CAD","Active","Actif","Contract","Contrat","Original","Original","","","","*11100000","*Minerals and ores and metals","*Minéraux, minerais et métaux","*SRV","Directed Contract","Contrat prescrit","Non-competitive","Non concurrentielle","Not applicable","Sans objet","Exclusive Rights","Droits exclusifs","*None","*Aucun","*Quebec (except NCR)","*Québec (sauf RCN)","Rio Tinto Fer et Titane","Rio Tinto Fer et Titane","","","","","","","1655 route Marie-Victorin","1655 route Marie-Victorin","Sorel-Tracy","Sorel-Tracy","Quebec","Quebec","J3R 4R4","CA","CA","Department of Public Works and Government Services (PSPC)"," Ministère des Travaux publics et des Services gouvernementaux (SPAC)","11 Laurier St, Phase III, Place du Portage","11, rue Laurier, Phase III, Place du Portage","Gatineau","Gatineau","Quebec","Québec","K1A 0S5","Canada","Canada","Department of Natural Resources  (NRCan)"," Ministère des Ressources naturelles (RNCan)","","","580 Booth Street,Ottawa,Ontario,K1A0E4,Canada","580, rue Booth,Ottawa,Ontario,K1A0E4,Canada","Mignault, Danielle (SPAC/PSPC) (elle-la / she-her)","danielle.mignault@tpsgc-pwgsc.gc.ca","","","","","","","","","","","","","",""
"PR24452_5P115-260061_Road Salt for Terra Nova National Park","Le sel de déglacement  pour le parc national Terra-Nova","CW2458925","000","WS5755823236","WS5755823236","CW2458925","1","2026-08-12","2026-08-11","","2026-08-11","2027-03-31","397049.00","397049.00","CAD","Active","Actif","Contract","Contrat","Original","Original","","","","*11101700","*Minerals","*Métaux communs","*GD","Request for Proposal","Demande de propositions","Competitive - Open bidding","Concurrentielle - Invitation ouverte à soumissionner","Lowest Price","Prix le plus bas","None","Aucune","*Canada-European Union Comprehensive Economic and Trade Agreement (CETA)
*Canadian Free Trade Agreement (CFTA)
*Canada-Colombia Free Trade Agreement
*Canada-Honduras Free Trade Agreement
*World Trade Organization Agreement on Government Procurement (WTO GPA)
*Canada-Chile Free Trade Agreement (CCFTA)
*Canada-Panama Free Trade Agreement
*Canada-Ukraine Free Trade Agreement (CUFTA)
*Canada-Peru Free Trade Agreement (CPFTA)
*Canada-Korea Free Trade Agreement (CKFTA)
*Canada-UK Trade Continuity Agreement (Canada-UK TCA)
*Comprehensive and Progressive Agreement for Trans-Pacific Partnership (CPTPP)","*Accord économique et commercial global (AECG) entre le Canada et l’Union européenne (UE)
*Accord de libre-échange canadien (ALEC)
*Accord de libre-échange Canada-Colombie
*Accord de libre-échange Canada-Honduras
*Accord sur les marchés publics de l'Organisation mondiale du commerce (AMP-OMC)
*Accord de libre-échange Canada-Chili (ALECC)
*Accord de libre-échange Canada-Panama
*Accord de libre-échange Canada-Ukraine (ALECU)
*Accord de libre-échange Canada-Pérou (ALECP)
*Accord de libre-échange Canada-Corée
*Accord de continuité commerciale Canada–Royaume-Uni (ACC Canada-Royaume-Uni)
*Accord de Partenariat transpacifique global et progressiste (PTPGP)","*Canada","*Canada","Avalon Coal Salt and Oil Limited","Avalon Coal Salt and Oil Limited","","","","","","","69 George Mercer Drive 
PO Box 309","69 George Mercer Drive 
PO Box 309","Bay Roberts","Bay Roberts","Newfoundland and Labrador","Newfoundland and Labrador","A0A 1G0","CA","CA","Department of Public Works and Government Services (PSPC)"," Ministère des Travaux publics et des Services gouvernementaux (SPAC)","11 Laurier St, Phase III, Place du Portage","11, rue Laurier, Phase III, Place du Portage","Gatineau","Gatineau","Quebec","Québec","K1A 0S5","Canada","Canada","Parks Canada Agency (PC)"," Agence Parcs Canada (PC)","","","30 Victoria Street,Gatineau,Quebec,J8X 0B3,Canada","30, rue Victoria,Gatineau,Quebec,J8X 0B3,Canada","Vengerov, Natalia (SPAC/PSPC) (elle-la / she-her)","natalia.vengerov@tpsgc-pwgsc.gc.ca","","","","","","","","","","","","","Parks Canada Agency has a requirement for the supply, delivery and unloading (including stockpiling inside storage facilities) of sodium chloride for use as a road deicer for Terra Nova National Park.","L’Agence Parcs Canada a l'exigence d'approvisionnement, la livraison et le déchargement (y compris l’empilage dans des installations d’entreposage) du chlorure de sodium servant au déglaçage routier du parc national Terra-Nova."
"5P132-250371- Winter Road Sand","5P132-250371-Sable pour les routes en hiver","CW2462486","000","WS5745738386","WS5745738386","CW2462486","1","2026-07-29","2026-07-29","","2026-08-14","2027-08-31","22701.00","22701.00","CAD","Active","Actif","Contract","Contrat","Original","Original","","","","*11111700","*Sand","*Sables","*GD","Request for Proposal","Demande de propositions","Competitive - Open bidding","Concurrentielle - Invitation ouverte à soumissionner","Lowest Price","Prix le plus bas","None","Aucune","*Canadian Free Trade Agreement (CFTA)","*Accord de libre-échange canadien (ALEC)","*New Brunswick","*Nouveau-Brunswick","D&S Butland Ltd","D&S Butland Ltd","","","","","","","P.O. Box 1022","P.O. Box 1022","Alma","Alma","New Brunswick","New Brunswick","E4H 1B4","CA","CA","Department of Public Works and Government Services (PSPC)"," Ministère des Travaux publics et des Services gouvernementaux (SPAC)","11 Laurier St, Phase III, Place du Portage","11, rue Laurier, Phase III, Place du Portage","Gatineau","Gatineau","Quebec","Québec","K1A 0S5","Canada","Canada","Parks Canada Agency (PC)"," Agence Parcs Canada (PC)","","","30 Victoria Street,Gatineau,Quebec,J8X 0B3,Canada","30, rue Victoria,Gatineau,Quebec,J8X 0B3,Canada","Surette, Erin (SPAC/PSPC) (elle-la / she-her)","erin.surette@tpsgc-pwgsc.gc.ca","","","","","","","","","","","","","",""
"5P119-250293 P.E.I Firewood","5P119-250293 Î.-P.-É Bois De Chauffage","CW2450616","000","WS5585308454","WS5585308454","CW2450616","1","2026-04-27","2026-04-16","","2026-05-01","2027-04-30","0.00","0.00","CAD","Active","Actif","Standing Offer","Offre à commandes","Original","Original","","","","*11121603
*11121604
*11121610","*Logs
*Soft timber
*Hardwoods","*Bille ou grume
*Bois de résineux
*Bois dur - bois franc","*GD","Request for Standing Offer","Demande d’offre à commandes","Competitive - Open bidding","Concurrentielle - Invitation ouverte à soumissionner","Not applicable","Sans objet","No response to bid solicitation","Aucune réponse à une invitation à soumissionner","*Canada-Chile Free Trade Agreement (CCFTA)
*World Trade Organization Agreement on Government Procurement (WTO GPA)
*Canada-European Union Comprehensive Economic and Trade Agreement (CETA)
*Canadian Free Trade Agreement (CFTA)
*Canada-Korea Free Trade Agreement (CKFTA)
*Canada-Honduras Free Trade Agreement
*Comprehensive and Progressive Agreement for Trans-Pacific Partnership (CPTPP)
*Canada-Colombia Free Trade Agreement
*Canada-Panama Free Trade Agreement
*Canada-Ukraine Free Trade Agreement (CUFTA)
*Canada-UK Trade Continuity Agreement (Canada-UK TCA)
*Canada-Peru Free Trade Agreement (CPFTA)","*Accord de libre-échange Canada-Chili (ALECC)
*Accord sur les marchés publics de l'Organisation mondiale du commerce (AMP-OMC)
*Accord économique et commercial global (AECG) entre le Canada et l’Union européenne (UE)
*Accord de libre-échange canadien (ALEC)
*Accord de libre-échange Canada-Corée
*Accord de libre-échange Canada-Honduras
*Accord de Partenariat transpacifique global et progressiste (PTPGP)
*Accord de libre-échange Canada-Colombie
*Accord de libre-échange Canada-Panama
*Accord de libre-échange Canada-Ukraine (ALECU)
*Accord de continuité commerciale Canada–Royaume-Uni (ACC Canada-Royaume-Uni)
*Accord de libre-échange Canada-Pérou (ALECP)","*Canada
*Prince Edward Island","*Canada
*Île-du-Prince-Édouard","Fiready Inc","Fiready Inc","","","","","23","23","23 Rue du Reservoir","23 Rue du Reservoir","Clair","Clair","New Brunswick","New Brunswick","E7A 2K6","CA","CA","Department of Public Works and Government Services (PSPC)"," Ministère des Travaux publics et des Services gouvernementaux (SPAC)","11 Laurier St, Phase III, Place du Portage","11, rue Laurier, Phase III, Place du Portage","Gatineau","Gatineau","Quebec","Québec","K1A 0S5","Canada","Canada","Parks Canada Agency (PC)"," Agence Parcs Canada (PC)","","","30 Victoria Street,Gatineau,Quebec,J8X 0B3,Canada","30, rue Victoria,Gatineau,Quebec,J8X 0B3,Canada","Shave, Lucas (SPAC/PSPC)","lucas.shave@tpsgc-pwgsc.gc.ca","","","","","","","","","","","","","Parks Canada Requires supply, delivery and unloading of firewood to two locations in the Prince Edward Island National Park as or when requested starting May 1 2026. There will be an option to extend for additional periods.","Parcs Canada a besoin de la fourniture, de la livraison et du déchargement de bois de chauffage à deux endroits dans le parc national de l’Île-du-Prince-Édouard, au fur et à mesure des besoins, à partir du 1er mai 2026. Il y aura une option de prolongation pour des périodes supplémentaires."
"5P114-250241 N.L Firewood","5P114-250241 T-N-L Bois De Chauffage","CW2449872","000","WS5607304466","WS5607304466","CW2449872","1","2026-04-23","2026-04-20","","2026-05-01","2027-04-30","0.00","0.00","CAD","Active","Actif","Standing Offer","Offre à commandes","Original","Original","","","","*11121603
*11121604
*11121610","*Logs
*Soft timber
*Hardwoods","*Bille ou grume
*Bois de résineux
*Bois dur - bois franc","*GD","Request for Standing Offer","Demande d’offre à commandes","Competitive - Open bidding","Concurrentielle - Invitation ouverte à soumissionner","Lowest Price","Prix le plus bas","None","Aucune","*Canada-Colombia Free Trade Agreement
*Canada-Chile Free Trade Agreement (CCFTA)
*Canadian Free Trade Agreement (CFTA)
*Canada-UK Trade Continuity Agreement (Canada-UK TCA)
*Canada-Honduras Free Trade Agreement
*Canada-European Union Comprehensive Economic and Trade Agreement (CETA)
*World Trade Organization Agreement on Government Procurement (WTO GPA)
*Canada-Korea Free Trade Agreement (CKFTA)
*North American Free Trade Agreement (NAFTA)
*Canada-Panama Free Trade Agreement
*Canada-Peru Free Trade Agreement (CPFTA)
*Comprehensive and Progressive Agreement for Trans-Pacific Partnership (CPTPP)
*Canada-Ukraine Free Trade Agreement (CUFTA)","*Accord de libre-échange Canada-Colombie
*Accord de libre-échange Canada-Chili (ALECC)
*Accord de libre-échange canadien (ALEC)
*Accord de continuité commerciale Canada–Royaume-Uni (ACC Canada-Royaume-Uni)
*Accord de libre-échange Canada-Honduras
*Accord économique et commercial global (AECG) entre le Canada et l’Union européenne (UE)
*Accord sur les marchés publics de l'Organisation mondiale du commerce (AMP-OMC)
*Accord de libre-échange Canada-Corée
*Accord de libre-échange nord-américain (ALENA)
*Accord de libre-échange Canada-Panama
*Accord de libre-échange Canada-Pérou (ALECP)
*Accord de Partenariat transpacifique global et progressiste (PTPGP)
*Accord de libre-échange Canada-Ukraine (ALECU)","*Canada","*Canada","B & S TRUCKING LTD.","B & S TRUCKING LTD.","","","","","","","SUITE 3, 20 WELLON DRIVE","SUITE 3, 20 WELLON DRIVE","DEER LAKE","DEER LAKE","Newfoundland and Labrador","Newfoundland and Labrador","A8A 2G5","CA","CA","Department of Public Works and Government Services (PSPC)"," Ministère des Travaux publics et des Services gouvernementaux (SPAC)","11 Laurier St, Phase III, Place du Portage","11, rue Laurier, Phase III, Place du Portage","Gatineau","Gatineau","Quebec","Québec","K1A 0S5","Canada","Canada","Parks Canada Agency (PC)"," Agence Parcs Canada (PC)","","","30 Victoria Street,Gatineau,Quebec,J8X 0B3,Canada","30, rue Victoria,Gatineau,Quebec,J8X 0B3,Canada","Shave, Lucas (SPAC/PSPC)","lucas.shave@tpsgc-pwgsc.gc.ca","","","","","","","","","","","","","Parks Canada Requires supply, delivery and unloading of firewood to Gros Morne National Park as or when requested starting May 1 2026.","Parcs Canada a besoin de la fourniture, de la livraison et du déchargement de bois de chauffage au parc national du Gros-Morne au fur et à mesure des besoins à compter du 1er mai 2026."
"5P132-260056 Fundy National Park Fire Wood","5P132-260056 Bois De Chauffage Du Parc National Fundy","CW2464324","000","WS5676646483","WS5676646483","CW2464324","1","2026-09-02","2026-08-28","","2026-09-01","2027-08-31","0.00","0.00","CAD","Active","Actif","Standing Offer","Offre à commandes","Original","Original","","","","*11121603
*11121610","*Logs
*Hardwoods","*Bille ou grume
*Bois dur - bois franc","*GD","Request for Standing Offer","Demande d’offre à commandes","Non-competitive","Non concurrentielle","Lowest Price","Prix le plus bas","No response to bid solicitation","Aucune réponse à une invitation à soumissionner","*Canada-Honduras Free Trade Agreement
*Canada-Colombia Free Trade Agreement
*Canadian Free Trade Agreement (CFTA)
*Canada-European Union Comprehensive Economic and Trade Agreement (CETA)
*Canada-Chile Free Trade Agreement (CCFTA)
*World Trade Organization Agreement on Government Procurement (WTO GPA)
*Canada-Korea Free Trade Agreement (CKFTA)
*Canada-Panama Free Trade Agreement
*Canada-Peru Free Trade Agreement (CPFTA)","*Accord de libre-échange Canada-Honduras
*Accord de libre-échange Canada-Colombie
*Accord de libre-échange canadien (ALEC)
*Accord économique et commercial global (AECG) entre le Canada et l’Union européenne (UE)
*Accord de libre-échange Canada-Chili (ALECC)
*Accord sur les marchés publics de l'Organisation mondiale du commerce (AMP-OMC)
*Accord de libre-échange Canada-Corée
*Accord de libre-échange Canada-Panama
*Accord de libre-échange Canada-Pérou (ALECP)","*New Brunswick
*Canada","*Nouveau-Brunswick
*Canada","WALLY WOOD FIREWOOD LTD.","WALLY WOOD FIREWOOD LTD.","","","","","10","10","282 parlee brook rd","282 parlee brook rd","parlee brook","parlee brook","New Brunswick","New Brunswick","E4E 4Z1","CA","CA","Department of Public Works and Government Services (PSPC)"," Ministère des Travaux publics et des Services gouvernementaux (SPAC)","11 Laurier St, Phase III, Place du Portage","11, rue Laurier, Phase III, Place du Portage","Gatineau","Gatineau","Quebec","Québec","K1A 0S5","Canada","Canada","Parks Canada Agency (PC)"," Agence Parcs Canada (PC)","","","30 Victoria Street,Gatineau,Quebec,J8X 0B3,Canada","30, rue Victoria,Gatineau,Quebec,J8X 0B3,Canada","Shave, Lucas (SPAC/PSPC)","lucas.shave@tpsgc-pwgsc.gc.ca","","","","","","","","","","","","","The response time deadline is 14:00 EST
Parks Canada requires supply and delivery of firewood to Fundy National Park in New Brunswick. It will be a standing offer for 1 year with an option to extend for 2 1-year periods.
This solicitation of offers is open only to Canadian suppliers and to Suppliers of an applicable trading partner.
Offerors may request a debriefing on the results of the solicitation of offers process.
Reference the solicitation for further details.","L'heure limite de réponse est fixée à 14h00 HNE
Parcs Canada a besoin de la fourniture et de la livraison de bois de chauffage au parc national Fundy, au Nouveau-Brunswick. Il s’agira d’une offre à commandes d’un an avec une option de prolongation de deux périodes d’un an.
Le présent appel d’offres est ouvert uniquement aux fournisseurs canadiens et aux fournisseurs d’un partenaire commercial applicable.
Les soumissionnaires peuvent demander un compte rendu des résultats du processus d’appel d’offres.
Pour plus de détails, veuillez-vous référer à l'appel d'offres."
"SO - 21C31-255912 - Fleece Fabric","OC - 21C31-255912 - Tissu polaire","CW2450151","000","WS5370452219","WS5370452219","CW2450151","1","2026-04-21","2026-04-13","","2026-04-13","2027-04-12","0.00","0.00","CAD","Active","Actif","Standing Offer","Offre à commandes","Original","Original","","","","*11160000","*Fabrics and leather materials","*Tissus et cuirs","*GD","Request for Standing Offer","Demande d’offre à commandes","Competitive - Open bidding","Concurrentielle - Invitation ouverte à soumissionner","Lowest Price","Prix le plus bas","None","Aucune","*Canadian Free Trade Agreement (CFTA)","*Accord de libre-échange canadien (ALEC)","*Quebec (except NCR)","*Québec (sauf RCN)","Fine Cotton Factory, inc.","Fine Cotton Factory, inc.","","","","","","","110 Belfield Road","110 Belfield Road","Etobicoke","Etobicoke","Ontario","Ontario","M9W 1G1","CA","CA","Department of Public Works and Government Services (PSPC)"," Ministère des Travaux publics et des Services gouvernementaux (SPAC)","11 Laurier St, Phase III, Place du Portage","11, rue Laurier, Phase III, Place du Portage","Gatineau","Gatineau","Quebec","Québec","K1A 0S5","Canada","Canada","Correctional Service of Canada (CSC)"," Service correctionnel du Canada (SCC)","","","340 Laurier Ave W,Ottawa,Ontario,K1P0P9,Canada","340, avenue Laurier Ouest,Ottawa,Ontario,K1P0P9,Canada","Roppo-Valente, Julian (SPAC/PSPC)","julian.roppo-valente@tpsgc-pwgsc.gc.ca","","","","","","","","","","","","","Fleece Fabric","Tissu polaire"
"Contract - Cloth, Wool Barathea and Cloth, Wool, Doeskin","Contrat - Tissu barathéa de laine et tissu suédine de laine","CW2457107","000","WS5689282210","WS5689282210","CW2457107","1","2026-07-07","2026-06-17","","2026-07-07","2030-06-17","106072.00","106072.00","CAD","Active","Actif","Contract","Contrat","Original","Original","","","","*11161600","*Wool fabrics","*Tissus de laine","*GD","Request for Proposal","Demande de propositions","Competitive - Open bidding","Concurrentielle - Invitation ouverte à soumissionner","Lowest Price","Prix le plus bas","None","Aucune","*Canadian Free Trade Agreement (CFTA)","*Accord de libre-échange canadien (ALEC)","*National Capital Region (NCR)","*Région de la capitale nationale (RCN)","A W Hainsworth and Sons Ltd","A W Hainsworth and Sons Ltd","","","","","160","160","Spring Valley Mills 
Stanningley","Spring Valley Mills 
Stanningley","Pudsey","Pudsey","Leeds","Leeds","LS28 6DW","GB","GB","Department of Public Works and Government Services (PSPC)"," Ministère des Travaux publics et des Services gouvernementaux (SPAC)","11 Laurier St, Phase III, Place du Portage","11, rue Laurier, Phase III, Place du Portage","Gatineau","Gatineau","Quebec","Québec","K1A 0S5","Canada","Canada","Royal Canadian Mounted Police (RCMP)"," Gendarmerie royale du Canada (GRC)","","","73 Leikin Dr,Ottawa,Ontario,K1AOR2,Canada","73, promenade Leikin,Ottawa,Ontario,K1AOR2,Canada","Powell, Julia (SPAC/PSPC)","julia.powell@tpsgc-pwgsc.gc.ca","","","","","","","","","","","","","",""
"SO Sub Agreement 21C31-255707-B White Thermal Fabric","OC Accord-accessoire 21C31-255707-B Tissu Thermal Blanc","CW2457729","000","WS5396268168","WS5396268168","CW2457729","2","2026-07-03","2026-06-24","","2026-06-26","2027-06-25","0.00","0.00","CAD","Active","Actif","Standing Offer","Offre à commandes","Original","Original","","","","*11161700
*11161800","*Cotton fabrics
*Synthetic fabrics","*Tissus de coton
*Tissus synthétiques","*GD","Request for Standing Offer","Demande d’offre à commandes","Competitive - Open bidding","Concurrentielle - Invitation ouverte à soumissionner","Lowest Price","Prix le plus bas","None","Aucune","*Canadian Free Trade Agreement (CFTA)","*Accord de libre-échange canadien (ALEC)","*Abbotsford
*Drummondville","*Abbotsford
*Drummondville","LES SOUS-VETEMENTS U.M. INC.","LES SOUS-VETEMENTS U.M. INC.","","","","","46","46","9200 BOUL. ST. LAURENT","9200 BOUL. ST. LAURENT","MONTREAL","MONTREAL","Quebec","Quebec","H2N 1M9","CA","CA","Department of Public Works and Government Services (PSPC)"," Ministère des Travaux publics et des Services gouvernementaux (SPAC)","11 Laurier St, Phase III, Place du Portage","11, rue Laurier, Phase III, Place du Portage","Gatineau","Gatineau","Quebec","Québec","K1A 0S5","Canada","Canada","Correctional Service of Canada (CSC)"," Service correctionnel du Canada (SCC)","","","340 Laurier Ave W,Ottawa,Ontario,K1P0P9,Canada","340, avenue Laurier Ouest,Ottawa,Ontario,K1P0P9,Canada","Lafleur, Mario (SPAC/PSPC)","mario.lafleur@tpsgc-pwgsc.gc.ca","","","","","","","","","","","","","",""
"Sub Agreement - 21C31-252341 Fabric for sheets (Muslin), light blue","Accord subsidiaire - 21C31-252341 Tissu pour draps (mousseline), bleu pâle","CW2445296","000","WS5272015630","WS5272015630","CW2445296","1","2026-07-15","2026-06-05","","2026-06-05","2030-06-04","0.00","0.00","CAD","Active","Actif","Standing Offer","Offre à commandes","Original","Original","","","","*11161700
*11161800","*Cotton fabrics
*Synthetic fabrics","*Tissus de coton
*Tissus synthétiques","*GD","Request for Standing Offer","Demande d’offre à commandes","Competitive - Open bidding","Concurrentielle - Invitation ouverte à soumissionner","Lowest Price","Prix le plus bas","","","*Canadian Free Trade Agreement (CFTA)","*Accord de libre-échange canadien (ALEC)","*Drummondville","*Drummondville","GOVBUY INC","GOVBUY INC","","","","","1","1","3400-10180 101 St NW","3400-10180 101 St NW","Edmonton","Edmonton","Alberta","Alberta","T5J 3S4","CA","CA","Department of Public Works and Government Services (PSPC)"," Ministère des Travaux publics et des Services gouvernementaux (SPAC)","11 Laurier St, Phase III, Place du Portage","11, rue Laurier, Phase III, Place du Portage","Gatineau","Gatineau","Quebec","Québec","K1A 0S5","Canada","Canada","Correctional Service of Canada (CSC)"," Service correctionnel du Canada (SCC)","","","340 Laurier Ave W,Ottawa,Ontario,K1P0P9,Canada","340, avenue Laurier Ouest,Ottawa,Ontario,K1P0P9,Canada","Lafleur, Mario (SPAC/PSPC)","mario.lafleur@tpsgc-pwgsc.gc.ca","","","","","","","","","","","","","Fabric for sheets (Muslin), light blue","Tissu pour draps (mousseline), bleu pâle"
"NISO Sub Agreement 21C41-259995 Seating and workstation dividers fabrics","OCIN Accord-subsidiaire 21C41-259995 Tissu pour sièges et cloisons des postes de travail","CW2464811","000","WS5683209549","WS5683209549","CW2464811","1","2026-09-15","2026-09-01","","2026-09-01","2027-08-31","0.00","0.00","CAD","Active","Actif","Standing Offer","Offre à commandes","Original","Original","","","","*11161800","*Synthetic fabrics","*Tissus synthétiques","*GD","Request for Standing Offer","Demande d’offre à commandes","Competitive - Open bidding","Concurrentielle - Invitation ouverte à soumissionner","Lowest Price","Prix le plus bas","None","Aucune","*Canadian Free Trade Agreement (CFTA)
*Canada-European Union Comprehensive Economic and Trade Agreement (CETA)
*World Trade Organization Agreement on Government Procurement (WTO GPA)
*Canada-Korea Free Trade Agreement (CKFTA)","*Accord de libre-échange canadien (ALEC)
*Accord économique et commercial global (AECG) entre le Canada et l’Union européenne (UE)
*Accord sur les marchés publics de l'Organisation mondiale du commerce (AMP-OMC)
*Accord de libre-échange Canada-Corée","*Canada","*Canada","Duvaltex (Canada) Inc","Duvaltex (Canada) Inc","","","","","","","1035 av Wilfrid-Pelletier # 310","1035 av Wilfrid-Pelletier # 310","Québec","Québec","Québec","Québec","G1W 0C5","CA","CA","Department of Public Works and Government Services (PSPC)"," Ministère des Travaux publics et des Services gouvernementaux (SPAC)","11 Laurier St, Phase III, Place du Portage","11, rue Laurier, Phase III, Place du Portage","Gatineau","Gatineau","Quebec","Québec","K1A 0S5","Canada","Canada","Correctional Service of Canada (CSC)"," Service correctionnel du Canada (SCC)","","","340 Laurier Ave W,Ottawa,Ontario,K1P0P9,Canada","340, avenue Laurier Ouest,Ottawa,Ontario,K1P0P9,Canada","Coronado, Agustin (SPAC/PSPC) (il-lui / he-him)","agustin.coronado@tpsgc-pwgsc.gc.ca","","","","","","","","","","","","","To supply and deliver “Seating” as well as “Panel & Acoustic” fabrics on an as-and-when requested basis, at various CORCAN facilities across Canada","Fournir et livrer de tissu pour sièges  et cloisons des postes de travail, sur demande, dans diverses installations de CORCAN partout au Canada"
"W8486-250159_002_BK Submarine Smoke Illumination Marker Contract Quantities","W8486-250159_002_BK Quantité contractuelle des marqueurs lumineux fumigènes sous-marins","CW2400183","000","WS5108613936","WS5108613936","CW2400183","1","2026-09-18","2026-09-11","","2026-09-11","2028-12-01","5365866.00","5365866.00","CAD","Active","Actif","Contract","Contrat","Original","Original","","","","*12131600","*Pyrotechnics","*Produits pyrotechniques","*GD","Request for Proposal","Demande de propositions","Competitive - Open bidding","Concurrentielle - Invitation ouverte à soumissionner","Lowest Price","Prix le plus bas","None","Aucune","*Canada-European Union Comprehensive Economic and Trade Agreement (CETA)
*World Trade Organization Agreement on Government Procurement (WTO GPA)
*Canadian Free Trade Agreement (CFTA)
*Canada-Chile Free Trade Agreement (CCFTA)
*North American Free Trade Agreement (NAFTA)
*Canada-Honduras Free Trade Agreement
*Canada-Colombia Free Trade Agreement
*Canada-Korea Free Trade Agreement (CKFTA)
*Canada-Peru Free Trade Agreement (CPFTA)
*Canada-Ukraine Free Trade Agreement (CUFTA)
*Comprehensive and Progressive Agreement for Trans-Pacific Partnership (CPTPP)
*Canada-Panama Free Trade Agreement
*Canada-UK Trade Continuity Agreement (Canada-UK TCA)","*Accord économique et commercial global (AECG) entre le Canada et l’Union européenne (UE)
*Accord sur les marchés publics de l'Organisation mondiale du commerce (AMP-OMC)
*Accord de libre-échange canadien (ALEC)
*Accord de libre-échange Canada-Chili (ALECC)
*Accord de libre-échange nord-américain (ALENA)
*Accord de libre-échange Canada-Honduras
*Accord de libre-échange Canada-Colombie
*Accord de libre-échange Canada-Corée
*Accord de libre-échange Canada-Pérou (ALECP)
*Accord de libre-échange Canada-Ukraine (ALECU)
*Accord de Partenariat transpacifique global et progressiste (PTPGP)
*Accord de libre-échange Canada-Panama
*Accord de continuité commerciale Canada–Royaume-Uni (ACC Canada-Royaume-Uni)","*Nova Scotia
*Québec
*Canada","*Nouvelle-Écosse
*Québec
*Canada","HFI Pyrotechnics Inc.","HFI Pyrotechnics Inc.","","","","","135","135","3322 Hands Road RR 4","3322 Hands Road RR 4","Prescott","Prescott","Ontario","Ontario","K0E 1T0","CA","CA","Department of Public Works and Government Services (PSPC)"," Ministère des Travaux publics et des Services gouvernementaux (SPAC)","11 Laurier St, Phase III, Place du Portage","11, rue Laurier, Phase III, Place du Portage","Gatineau","Gatineau","Quebec","Québec","K1A 0S5","Canada","Canada","Department of National Defence (DND)"," Ministère de la Défense nationale (MDN)","","","101 Colonel By Dr,Ottawa,Ontario,K1A0K2,Canada","101, promenade Colonel By,Ottawa,Ontario,K1A0K2,Canada","Finnigan, Christopher (SPAC/PSPC) (il-lui / he-him)","christopher.finnigan@tpsgc-pwgsc.gc.ca","","","","","","","","","","","","","W8486-250159 Submarine Smoke Illumination Marker Contract Quantities","W8486-250159 Quantité contractuelle des marqueurs lumineux fumigènes sous-marins"
"W0134-26R016 - Aviator’s Breathing Oxygen and Liquid Nitrogen with Storage Tank Rental","W0134-26R016 - Oxygène respirable d’aviation et azote liquide y compris location de réservoirs de stockage","CW2446091","000","WS5614688388","WS5614688388","CW2446091","3","2026-06-26","2026-06-03","","2026-06-03","2029-06-02","0.00","0.00","CAD","Active","Actif","Standing Offer","Offre à commandes","Original","Original","","","","*12141903
*12141904
*24111802
*24111816","*Nitrogen N
*Oxygen O
*Air or gas tanks or cylinders
*Liquified gas tank or cylinder","*Nitrogène N
*Oxygène O
*Bouteilles ou réservoirs d'air ou de gaz
*Cylindre ou réservoir à gaz liquéfié","*SRV","Request for Standing Offer","Demande d’offre à commandes","Competitive - Open bidding","Concurrentielle - Invitation ouverte à soumissionner","Lowest Price","Prix le plus bas","None","Aucune","*Canada-Honduras Free Trade Agreement
*Canadian Free Trade Agreement (CFTA)
*Canada-Colombia Free Trade Agreement
*Canada-European Union Comprehensive Economic and Trade Agreement (CETA)
*Comprehensive and Progressive Agreement for Trans-Pacific Partnership (CPTPP)
*Canada-Chile Free Trade Agreement (CCFTA)
*World Trade Organization Agreement on Government Procurement (WTO GPA)
*Canada-UK Trade Continuity Agreement (Canada-UK TCA)
*Canada-Ukraine Free Trade Agreement (CUFTA)
*Canada-Korea Free Trade Agreement (CKFTA)
*Canada-Panama Free Trade Agreement
*Canada-Peru Free Trade Agreement (CPFTA)","*Accord de libre-échange Canada-Honduras
*Accord de libre-échange canadien (ALEC)
*Accord de libre-échange Canada-Colombie
*Accord économique et commercial global (AECG) entre le Canada et l’Union européenne (UE)
*Accord de Partenariat transpacifique global et progressiste (PTPGP)
*Accord de libre-échange Canada-Chili (ALECC)
*Accord sur les marchés publics de l'Organisation mondiale du commerce (AMP-OMC)
*Accord de continuité commerciale Canada–Royaume-Uni (ACC Canada-Royaume-Uni)
*Accord de libre-échange Canada-Ukraine (ALECU)
*Accord de libre-échange Canada-Corée
*Accord de libre-échange Canada-Panama
*Accord de libre-échange Canada-Pérou (ALECP)","*Cold Lake","*Cold Lake","AIR LIQUIDE CANADA INC","AIR LIQUIDE CANADA INC","","","","","","","1250 René-Lévesque Blvd W","1250 René-Lévesque Blvd W","MONTREAL","MONTREAL","Quebec","Quebec","H3B 5E6","CA","CA","Department of Public Works and Government Services (PSPC)"," Ministère des Travaux publics et des Services gouvernementaux (SPAC)","11 Laurier St, Phase III, Place du Portage","11, rue Laurier, Phase III, Place du Portage","Gatineau","Gatineau","Quebec","Québec","K1A 0S5","Canada","Canada","Department of National Defence (DND)"," Ministère de la Défense nationale (MDN)","","","101 Colonel By Dr,Ottawa,Ontario,K1A0K2,Canada","101, promenade Colonel By,Ottawa,Ontario,K1A0K2,Canada","Song, Carmen (SPAC/PSPC)","carmen.song@tpsgc-pwgsc.gc.ca","","","","","","","","","","","","","",""
"SUB - RISO K3E33-240032 - Helium for the aerological programs","OCIR - K3E33-240032 Hélium pour les programmes aérologiques","CW2458518","000","WS5572755694","WS5572755694","CW2458518","1","2026-06-29","2026-06-25","","2026-06-25","2028-03-31","0.00","0.00","CAD","Active","Actif","Standing Offer","Offre à commandes","Original","Original","","","","*12142005","*Helium gas He","*Gaz hélium He","*GD","Request for Standing Offer","Demande d’offre à commandes","Competitive - Open bidding","Concurrentielle - Invitation ouverte à soumissionner","Lowest Price","Prix le plus bas","None","Aucune","*Canada-Colombia Free Trade Agreement
*Canadian Free Trade Agreement (CFTA)
*Canada-Honduras Free Trade Agreement
*Canada-European Union Comprehensive Economic and Trade Agreement (CETA)
*World Trade Organization Agreement on Government Procurement (WTO GPA)
*Canada-Chile Free Trade Agreement (CCFTA)
*Comprehensive and Progressive Agreement for Trans-Pacific Partnership (CPTPP)
*Canada-UK Trade Continuity Agreement (Canada-UK TCA)
*Canada-Panama Free Trade Agreement
*Canada-Korea Free Trade Agreement (CKFTA)
*Canada-Peru Free Trade Agreement (CPFTA)
*Canada-Ukraine Free Trade Agreement (CUFTA)","*Accord de libre-échange Canada-Colombie
*Accord de libre-échange canadien (ALEC)
*Accord de libre-échange Canada-Honduras
*Accord économique et commercial global (AECG) entre le Canada et l’Union européenne (UE)
*Accord sur les marchés publics de l'Organisation mondiale du commerce (AMP-OMC)
*Accord de libre-échange Canada-Chili (ALECC)
*Accord de Partenariat transpacifique global et progressiste (PTPGP)
*Accord de continuité commerciale Canada–Royaume-Uni (ACC Canada-Royaume-Uni)
*Accord de libre-échange Canada-Panama
*Accord de libre-échange Canada-Corée
*Accord de libre-échange Canada-Pérou (ALECP)
*Accord de libre-échange Canada-Ukraine (ALECU)","*British Columbia","*Colombie-Britannique","Messer Canada Inc.","Messer Canada Inc.","","","","","","","5555 des Grandes-Prairies","5555 des Grandes-Prairies","St-Léonard","St-Léonard","Québec","Québec","H1R 1B4","CA","CA","Department of Public Works and Government Services (PSPC)"," Ministère des Travaux publics et des Services gouvernementaux (SPAC)","11 Laurier St, Phase III, Place du Portage","11, rue Laurier, Phase III, Place du Portage","Gatineau","Gatineau","Quebec","Québec","K1A 0S5","Canada","Canada","Department of the Environment (ECCC )"," Ministère de l’Environnement (ECCC)","","","200 Boulevard Sacré-Coeur,Gatineau,Quebec,J8X4C6,Canada","200, boulevard Sacré-Coeur,Gatineau,Quebec,J8X4C6,Canada","Yu, Daphne (SPAC/PSPC)","daphne.yu@tpsgc-pwgsc.gc.ca","","","","","","","","","","","","","Canada is seeking offers from Offerors to provide compressed helium gas (99.998% purity or higher) to Environment and Climate Change Canada (ECCC) for the following locations: Whitehorse, YT, Fort Nelson, BC, Port Hardy, BC, Prince George, BC, Vernon, BC","Le Canada sollicite des offres d’offrants pour fournir de l’hélium comprimé (pureté de 99,998% ou plus) à Environnement et Changement climatique Canada (ECCC) pour les emplacements suivants : Whitehorse (Yukon), Fort Nelson (Colombie-Britannique), Port Hardy (Colombie-Britannique), Prince George (Colombie-Britannique), Vernon (Colombie-Britannique)"
"K3E32-260873 - Helium Bulk Packs (RISO)","K3E32-260873 - Emballages en vrac d’hélium (OCIR)","CW2452246","000","WS5526313903","WS5526313903","CW2452246","1","2026-05-13","2026-05-11","","2026-05-11","2029-03-31","0.00","0.00","CAD","Active","Actif","Standing Offer","Offre à commandes","Original","Original","","","","*12142005","*Helium gas He","*Gaz hélium He","*GD","Request for Standing Offer","Demande d’offre à commandes","Competitive - Open bidding","Concurrentielle - Invitation ouverte à soumissionner","Lowest Price","Prix le plus bas","None","Aucune","*Canada-Honduras Free Trade Agreement
*Canadian Free Trade Agreement (CFTA)
*World Trade Organization Agreement on Government Procurement (WTO GPA)
*Canada-Chile Free Trade Agreement (CCFTA)
*Canada-Korea Free Trade Agreement (CKFTA)
*Canada-Colombia Free Trade Agreement
*Canada-Panama Free Trade Agreement
*Canada-European Union Comprehensive Economic and Trade Agreement (CETA)
*Canada-Ukraine Free Trade Agreement (CUFTA)
*Canada-Peru Free Trade Agreement (CPFTA)
*Canada-UK Trade Continuity Agreement (Canada-UK TCA)
*Comprehensive and Progressive Agreement for Trans-Pacific Partnership (CPTPP)","*Accord de libre-échange Canada-Honduras
*Accord de libre-échange canadien (ALEC)
*Accord sur les marchés publics de l'Organisation mondiale du commerce (AMP-OMC)
*Accord de libre-échange Canada-Chili (ALECC)
*Accord de libre-échange Canada-Corée
*Accord de libre-échange Canada-Colombie
*Accord de libre-échange Canada-Panama
*Accord économique et commercial global (AECG) entre le Canada et l’Union européenne (UE)
*Accord de libre-échange Canada-Ukraine (ALECU)
*Accord de libre-échange Canada-Pérou (ALECP)
*Accord de continuité commerciale Canada–Royaume-Uni (ACC Canada-Royaume-Uni)
*Accord de Partenariat transpacifique global et progressiste (PTPGP)","*Alberta
*Manitoba","*Alberta
*Manitoba","Messer Canada inc.","Messer Canada inc.","Messer","Messer","","","850","850","5860 Chedworth Way","5860 Chedworth Way","Mississauga","Mississauga","Ontario","Ontario","L5R 0A2","CA","CA","Department of Public Works and Government Services (PSPC)"," Ministère des Travaux publics et des Services gouvernementaux (SPAC)","11 Laurier St, Phase III, Place du Portage","11, rue Laurier, Phase III, Place du Portage","Gatineau","Gatineau","Quebec","Québec","K1A 0S5","Canada","Canada","Department of the Environment (ECCC )"," Ministère de l’Environnement (ECCC)","","","200 Boulevard Sacré-Coeur,Gatineau,Quebec,J8X4C6,Canada","200, boulevard Sacré-Coeur,Gatineau,Quebec,J8X4C6,Canada","Elaiho, Precious (SPAC/PSPC) (elle-la / she-her)","precious.elaiho@tpsgc-pwgsc.gc.ca","","","","","","","","","","","","","",""
"CW 39903-251039 Supply of Carbon Dioxide (CO2)","CW 39903-251039 Supply of Carbon Dioxide (CO2) [DP Approvisionnement en dioxide de carbone (CO2)","CW2408789","000","WS5250164057","WS5250164057","CW2408789","1","2026-04-23","2026-04-22","","2026-04-22","2027-03-31","1575000.00","1575000.00","CAD","Active","Actif","Task Authorization Based Contract","Contrat reposant sur des autorisations de tâches","Original","Original","","","","*12142104","*Carbon dioxide gas CO2","*Gaz carbonique CO2","*GD","Request for Proposal","Demande de propositions","Competitive - Open bidding","Concurrentielle - Invitation ouverte à soumissionner","Lowest Price","Prix le plus bas","None","Aucune","*Canada-European Union Comprehensive Economic and Trade Agreement (CETA)
*Canada-Ukraine Free Trade Agreement (CUFTA)
*Canada-Panama Free Trade Agreement
*Canada-Korea Free Trade Agreement (CKFTA)
*Canada-Peru Free Trade Agreement (CPFTA)
*Comprehensive and Progressive Agreement for Trans-Pacific Partnership (CPTPP)
*Canada-UK Trade Continuity Agreement (Canada-UK TCA)","*Accord économique et commercial global (AECG) entre le Canada et l’Union européenne (UE)
*Accord de libre-échange Canada-Ukraine (ALECU)
*Accord de libre-échange Canada-Panama
*Accord de libre-échange Canada-Corée
*Accord de libre-échange Canada-Pérou (ALECP)
*Accord de Partenariat transpacifique global et progressiste (PTPGP)
*Accord de continuité commerciale Canada–Royaume-Uni (ACC Canada-Royaume-Uni)","*Regina
*British Columbia
*Manitoba
*Alberta
*Saskatchewan","*Regina
*Colombie-Britannique
*Manitoba
*Alberta
*Saskatchewan","Ferus Inc","Ferus Inc","","","Ferus Inc","Ferus Inc","40","40","201, 438-11 Ave SE","201, 438-11 Ave SE","Calgary","Calgary","Alberta","Alberta","T2G 0Y4","CA","CA","Department of Public Works and Government Services (PSPC)"," Ministère des Travaux publics et des Services gouvernementaux (SPAC)","11 Laurier St, Phase III, Place du Portage","11, rue Laurier, Phase III, Place du Portage","Gatineau","Gatineau","Quebec","Québec","K1A 0S5","Canada","Canada","Canadian Food Inspection Agency (CFIA)"," Agence canadienne d’inspection des aliments (ACIA)","","","1400 Merivale Road,Ottawa,Ontario,K1A 0Y9,Canada","1400, chemin Merivale,Ottawa,Ontario,K1A 0Y9,Canada","Hemy, Andrew (SPAC/PSPC)","andrew.hemy@tpsgc-pwgsc.gc.ca","","","","","","","","","","","","","",""
"W7702-266459 SYNTHESIS OF MOLECULES OF INTEREST","W7702-266459 SYNTHÈSE DE MOLÉCULES D’INTÉRÊT","CW2457866","000","WS5762399690","WS5762399690","CW2457866","1","2026-08-18","2026-08-14","","2026-08-14","2027-03-31","525000.00","525000.00","CAD","Active","Actif","Task Authorization Based Contract","Contrat reposant sur des autorisations de tâches","Original","Original","","","","*12350000
*12360000
*81000000","*Compounds and mixtures
*Pharmaceutical drug precursors
*Engineering and Research and Technology Based Services","*Composés et mélanges
*Précurseurs de médicaments pharmaceutiques
*Services d'ingénierie et de recherche et services technologiques","*SRV","Request for Proposal","Demande de propositions","Competitive - Open bidding","Concurrentielle - Invitation ouverte à soumissionner","Lowest Price","Prix le plus bas","","","*Canada-Chile Free Trade Agreement (CCFTA)
*World Trade Organization Agreement on Government Procurement (WTO GPA)
*Canada-Colombia Free Trade Agreement
*Canadian Free Trade Agreement (CFTA)
*Canada-Panama Free Trade Agreement
*Canada-Honduras Free Trade Agreement
*Canada-European Union Comprehensive Economic and Trade Agreement (CETA)
*Comprehensive and Progressive Agreement for Trans-Pacific Partnership (CPTPP)
*Canada-UK Trade Continuity Agreement (Canada-UK TCA)
*Canada-Korea Free Trade Agreement (CKFTA)
*Canada-Peru Free Trade Agreement (CPFTA)
*Canada-Ukraine Free Trade Agreement (CUFTA)","*Accord de libre-échange Canada-Chili (ALECC)
*Accord sur les marchés publics de l'Organisation mondiale du commerce (AMP-OMC)
*Accord de libre-échange Canada-Colombie
*Accord de libre-échange canadien (ALEC)
*Accord de libre-échange Canada-Panama
*Accord de libre-échange Canada-Honduras
*Accord économique et commercial global (AECG) entre le Canada et l’Union européenne (UE)
*Accord de Partenariat transpacifique global et progressiste (PTPGP)
*Accord de continuité commerciale Canada–Royaume-Uni (ACC Canada-Royaume-Uni)
*Accord de libre-échange Canada-Corée
*Accord de libre-échange Canada-Pérou (ALECP)
*Accord de libre-échange Canada-Ukraine (ALECU)","*Alberta","*Alberta","SV CHEMBIOTECH INC","SV CHEMBIOTECH INC","","","","","60","60","849, 112B Street 
NW 9Ave","849, 112B Street 
NW 9Ave","Edmonton","Edmonton","Alberta","Alberta","T6J 6W2","CA","CA","Department of Public Works and Government Services (PSPC)"," Ministère des Travaux publics et des Services gouvernementaux (SPAC)","11 Laurier St, Phase III, Place du Portage","11, rue Laurier, Phase III, Place du Portage","Gatineau","Gatineau","Quebec","Québec","K1A 0S5","Canada","Canada","Defence Research and Development Canada (DRDC)"," Recherche et développement pour la défense Canada (RDDC)","","","400 Cumberland Street,Ottawa,Ontario,K1N 1J8,Canada","400, rue Cumberland,Ottawa,Ontario,K1N 1J8,Canada","Havrilenko, Matthew (SPAC/PSPC)","matthew.havrilenko@tpsgc-pwgsc.gc.ca","","","","","","","","","","","","","",""
"E60HL-260050-003-HL NMSO Into-plane Aviation Fuel 2026-2028","E60HL-260050-003-HL OCPN Carburant d’aviation mise à bord 2026-2028","CW2453340","000","WS5548295643","WS5548295643","CW2453340","1","2026-06-05","2026-05-25","","2026-06-01","2028-05-31","38544003.10","38544003.10","CAD","Active","Actif","Standing Offer","Offre à commandes","Original","Original","","","","*15101504","*Aviation fuel","*Carburants d'aviation","*GD","Request for Standing Offer","Demande d’offre à commandes","Competitive - Open bidding","Concurrentielle - Invitation ouverte à soumissionner","Lowest Price","Prix le plus bas","None","Aucune","*Canada-European Union Comprehensive Economic and Trade Agreement (CETA)
*Comprehensive and Progressive Agreement for Trans-Pacific Partnership (CPTPP)
*Canada-Colombia Free Trade Agreement
*Canadian Free Trade Agreement (CFTA)
*North American Free Trade Agreement (NAFTA)
*Canada-Chile Free Trade Agreement (CCFTA)
*World Trade Organization Agreement on Government Procurement (WTO GPA)
*Canada-Honduras Free Trade Agreement
*Canada-Panama Free Trade Agreement
*Canada-Korea Free Trade Agreement (CKFTA)
*Canada-Peru Free Trade Agreement (CPFTA)
*Canada-Ukraine Free Trade Agreement (CUFTA)
*Canada-UK Trade Continuity Agreement (Canada-UK TCA)","*Accord économique et commercial global (AECG) entre le Canada et l’Union européenne (UE)
*Accord de Partenariat transpacifique global et progressiste (PTPGP)
*Accord de libre-échange Canada-Colombie
*Accord de libre-échange canadien (ALEC)
*Accord de libre-échange nord-américain (ALENA)
*Accord de libre-échange Canada-Chili (ALECC)
*Accord sur les marchés publics de l'Organisation mondiale du commerce (AMP-OMC)
*Accord de libre-échange Canada-Honduras
*Accord de libre-échange Canada-Panama
*Accord de libre-échange Canada-Corée
*Accord de libre-échange Canada-Pérou (ALECP)
*Accord de libre-échange Canada-Ukraine (ALECU)
*Accord de continuité commerciale Canada–Royaume-Uni (ACC Canada-Royaume-Uni)","*Manitoba
*Alberta
*Northwest Territories
*British Columbia
*Nova Scotia
*New Brunswick
*Ontario (except NCR)
*National Capital Region (NCR)
*Saskatchewan
*Newfoundland and Labrador
*Prince Edward Island
*Quebec (except NCR)
*Yukon","*Manitoba
*Alberta
*Territoires du Nord-Ouest
*Colombie-Britannique
*Nouvelle-Écosse
*Nouveau-Brunswick
*Ontario (sauf RCN)
*Région de la capitale nationale (RCN)
*Saskatchewan
*Terre-Neuve-et-Labrador
*Île-du-Prince-Édouard
*Québec (sauf RCN)
*Yukon","Woodward's Oil Limited","Woodward's Oil Limited","","","","","","","PO BOX 300, STN. C 
16 LORING DRIVE","PO BOX 300, STN. C 
16 LORING DRIVE","HAPPY VALLEY-GOOSE BAY","HAPPY VALLEY-GOOSE BAY","Newfoundland and Labrador","Newfoundland and Labrador","A0P 1C0","CA","CA","Department of Public Works and Government Services (PSPC)"," Ministère des Travaux publics et des Services gouvernementaux (SPAC)","11 Laurier St, Phase III, Place du Portage","11, rue Laurier, Phase III, Place du Portage","Gatineau","Gatineau","Quebec","Québec","K1A 0S5","Canada","Canada","Royal Canadian Mounted Police (RCMP) / Department of Public Works and Government Services (PSPC) / Department of National Defence (DND) / National Research Council of Canada (NRC) / Department of Transport (TC)"," Gendarmerie royale du Canada (GRC) /  Ministère de la Défense nationale (MDN) /  Conseil national de recherches du Canada (CNRC) /  Ministère des Transports (TC) /  Ministère des Travaux publics et des Services gouvernementaux (SPAC)"," /  /  /  / "," /  /  /  / ","73 Leikin Dr,Ottawa,Ontario,K1AOR2,Canada / 11 Laurier St, Phase III, Place du Portage,Gatineau,Quebec,K1A 0S5,Canada / 101 Colonel By Dr,Ottawa,Ontario,K1A0K2,Canada / 100 Sussex Dr,Ottawa,Ontario,K1A0R6,Canada / 330 Sparks Street,Ottawa,Ontario,K1A0N8,Canada","73, promenade Leikin,Ottawa,Ontario,K1AOR2,Canada / 101, promenade Colonel By,Ottawa,Ontario,K1A0K2,Canada / 100, promenade Sussex,Ottawa,Ontario,K1A0R6,Canada / 330, rue Sparks,Ottawa,Ontario,K1A0N8,Canada / 11, rue Laurier, Phase III, Place du Portage,Gatineau,Québec,K1A 0S5,Canada","MacLeod, Bobbi (SPAC/PSPC)","bobbi.macleod@tpsgc-pwgsc.gc.ca","","","","","","","","","","","","","National Master Standing Offers for aviation fuels (Into-Plane) in accordance with Canadian General Standards Board standards or ASTM International Standard, as applicable. Delivery to various locations in Canada or ASTM International Standard, on an as-and when-requested basis, from June 1, 2026 up to and including May 31, 2028","Offres à commandes principales et nationales pour des carburants aviation (à bord) conformément aux normes de l'Office des normes générales du Canada ou de la norme de ASTM International Standard, selon le cas.   Le produit doit être livré à divers emplacements au Canada, selon la demande, du 1er juin 2026 au 31 mai 2028 inclusivement."
"E60HL-260050-009-HL NMSO Into-plane Aviation Fuel 2026-2028","E60HL-260050-009-HL OCPN Carburant d’aviation mise à bord 2026-2028","CW2453718","000","WS5548295643","WS5548295643","CW2453718","1","2026-06-05","2026-05-26","","2026-06-01","2028-05-31","2857743.68","2857743.68","CAD","Active","Actif","Standing Offer","Offre à commandes","Original","Original","","","","*15101504","*Aviation fuel","*Carburants d'aviation","*GD","Request for Standing Offer","Demande d’offre à commandes","Competitive - Open bidding","Concurrentielle - Invitation ouverte à soumissionner","Lowest Price","Prix le plus bas","None","Aucune","*Canadian Free Trade Agreement (CFTA)
*World Trade Organization Agreement on Government Procurement (WTO GPA)
*Canada-Chile Free Trade Agreement (CCFTA)
*Canada-Honduras Free Trade Agreement
*Canada-Colombia Free Trade Agreement
*Canada-Panama Free Trade Agreement
*Canada-European Union Comprehensive Economic and Trade Agreement (CETA)
*Canada-Korea Free Trade Agreement (CKFTA)
*Canada-Peru Free Trade Agreement (CPFTA)
*Canada-Ukraine Free Trade Agreement (CUFTA)
*North American Free Trade Agreement (NAFTA)
*Canada-UK Trade Continuity Agreement (Canada-UK TCA)
*Comprehensive and Progressive Agreement for Trans-Pacific Partnership (CPTPP)","*Accord de libre-échange canadien (ALEC)
*Accord sur les marchés publics de l'Organisation mondiale du commerce (AMP-OMC)
*Accord de libre-échange Canada-Chili (ALECC)
*Accord de libre-échange Canada-Honduras
*Accord de libre-échange Canada-Colombie
*Accord de libre-échange Canada-Panama
*Accord économique et commercial global (AECG) entre le Canada et l’Union européenne (UE)
*Accord de libre-échange Canada-Corée
*Accord de libre-échange Canada-Pérou (ALECP)
*Accord de libre-échange Canada-Ukraine (ALECU)
*Accord de libre-échange nord-américain (ALENA)
*Accord de continuité commerciale Canada–Royaume-Uni (ACC Canada-Royaume-Uni)
*Accord de Partenariat transpacifique global et progressiste (PTPGP)","*Alberta
*Manitoba
*National Capital Region (NCR)
*British Columbia
*Ontario (except NCR)
*Nova Scotia
*Northwest Territories
*New Brunswick
*Yukon
*Newfoundland and Labrador
*Prince Edward Island
*Quebec (except NCR)
*Saskatchewan","*Alberta
*Manitoba
*Région de la capitale nationale (RCN)
*Colombie-Britannique
*Ontario (sauf RCN)
*Nouvelle-Écosse
*Territoires du Nord-Ouest
*Nouveau-Brunswick
*Yukon
*Terre-Neuve-et-Labrador
*Île-du-Prince-Édouard
*Québec (sauf RCN)
*Saskatchewan","Air North Partnership","Air North Partnership","","","","","","","150 Condor Rd","150 Condor Rd","Whitehorse","Whitehorse","Yukon","Yukon","Y1A 6E6","CA","CA","Department of Public Works and Government Services (PSPC)"," Ministère des Travaux publics et des Services gouvernementaux (SPAC)","11 Laurier St, Phase III, Place du Portage","11, rue Laurier, Phase III, Place du Portage","Gatineau","Gatineau","Quebec","Québec","K1A 0S5","Canada","Canada","Royal Canadian Mounted Police (RCMP) / Department of Public Works and Government Services (PSPC) / National Research Council of Canada (NRC) / Department of National Defence (DND) / Department of Transport (TC)"," Ministère des Travaux publics et des Services gouvernementaux (SPAC) /  Ministère de la Défense nationale (MDN) /  Ministère des Transports (TC) /  Conseil national de recherches du Canada (CNRC) /  Gendarmerie royale du Canada (GRC)"," /  /  /  / "," /  /  /  / ","73 Leikin Dr,Ottawa,Ontario,K1AOR2,Canada / 11 Laurier St, Phase III, Place du Portage,Gatineau,Quebec,K1A 0S5,Canada / 100 Sussex Dr,Ottawa,Ontario,K1A0R6,Canada / 101 Colonel By Dr,Ottawa,Ontario,K1A0K2,Canada / 330 Sparks Street,Ottawa,Ontario,K1A0N8,Canada","11, rue Laurier, Phase III, Place du Portage,Gatineau,Québec,K1A 0S5,Canada / 101, promenade Colonel By,Ottawa,Ontario,K1A0K2,Canada / 330, rue Sparks,Ottawa,Ontario,K1A0N8,Canada / 100, promenade Sussex,Ottawa,Ontario,K1A0R6,Canada / 73, promenade Leikin,Ottawa,Ontario,K1AOR2,Canada","MacLeod, Bobbi (SPAC/PSPC)","bobbi.macleod@tpsgc-pwgsc.gc.ca","","","","","","","","","","","","","National Master Standing Offers for aviation fuels (Into-Plane) in accordance with Canadian General Standards Board standards or ASTM International Standard, as applicable. Delivery to various locations in Canada or ASTM International Standard, on an as-and when-requested basis, from June 1, 2026 up to and including May 31, 2028","Offres à commandes principales et nationales pour des carburants aviation (à bord) conformément aux normes de l'Office des normes générales du Canada ou de la norme de ASTM International Standard, selon le cas.   Le produit doit être livré à divers emplacements au Canada, selon la demande, du 1er juin 2026 au 31 mai 2028 inclusivement."
"E60HL-260050-002-HL NMSO Into-plane Aviation Fuel 2026-2028","E60HL-260050-002-HL OCPN Carburant d’aviation mise à bord 2026-2028","CW2454202","000","WS5548295643","WS5548295643","CW2454202","1","2026-06-05","2026-05-25","","2026-06-01","2028-05-31","43205340.53","43205340.53","CAD","Active","Actif","Standing Offer","Offre à commandes","Original","Original","","","","*15101504","*Aviation fuel","*Carburants d'aviation","*GD","Request for Standing Offer","Demande d’offre à commandes","Competitive - Open bidding","Concurrentielle - Invitation ouverte à soumissionner","Lowest Price","Prix le plus bas","None","Aucune","*Canada-Honduras Free Trade Agreement
*Canada-Colombia Free Trade Agreement
*Canada-Chile Free Trade Agreement (CCFTA)
*Canadian Free Trade Agreement (CFTA)
*Canada-Korea Free Trade Agreement (CKFTA)
*World Trade Organization Agreement on Government Procurement (WTO GPA)
*Canada-European Union Comprehensive Economic and Trade Agreement (CETA)
*Comprehensive and Progressive Agreement for Trans-Pacific Partnership (CPTPP)
*Canada-Ukraine Free Trade Agreement (CUFTA)
*North American Free Trade Agreement (NAFTA)
*Canada-Panama Free Trade Agreement
*Canada-Peru Free Trade Agreement (CPFTA)
*Canada-UK Trade Continuity Agreement (Canada-UK TCA)","*Accord de libre-échange Canada-Honduras
*Accord de libre-échange Canada-Colombie
*Accord de libre-échange Canada-Chili (ALECC)
*Accord de libre-échange canadien (ALEC)
*Accord de libre-échange Canada-Corée
*Accord sur les marchés publics de l'Organisation mondiale du commerce (AMP-OMC)
*Accord économique et commercial global (AECG) entre le Canada et l’Union européenne (UE)
*Accord de Partenariat transpacifique global et progressiste (PTPGP)
*Accord de libre-échange Canada-Ukraine (ALECU)
*Accord de libre-échange nord-américain (ALENA)
*Accord de libre-échange Canada-Panama
*Accord de libre-échange Canada-Pérou (ALECP)
*Accord de continuité commerciale Canada–Royaume-Uni (ACC Canada-Royaume-Uni)","*Northwest Territories
*Manitoba
*British Columbia
*Alberta
*Ontario (except NCR)
*New Brunswick
*National Capital Region (NCR)
*Newfoundland and Labrador
*Saskatchewan
*Nova Scotia
*Prince Edward Island
*Quebec (except NCR)
*Yukon","*Territoires du Nord-Ouest
*Manitoba
*Colombie-Britannique
*Alberta
*Ontario (sauf RCN)
*Nouveau-Brunswick
*Région de la capitale nationale (RCN)
*Terre-Neuve-et-Labrador
*Saskatchewan
*Nouvelle-Écosse
*Île-du-Prince-Édouard
*Québec (sauf RCN)
*Yukon","Shell Canada Products","Shell Canada Products","","","","","","","400 4th Avenue SW","400 4th Avenue SW","Calgary","Calgary","Alberta","Alberta","T2P 2H5","CA","CA","Department of Public Works and Government Services (PSPC)"," Ministère des Travaux publics et des Services gouvernementaux (SPAC)","11 Laurier St, Phase III, Place du Portage","11, rue Laurier, Phase III, Place du Portage","Gatineau","Gatineau","Quebec","Québec","K1A 0S5","Canada","Canada","Department of Transport (TC) / Royal Canadian Mounted Police (RCMP) / National Research Council of Canada (NRC) / Department of National Defence (DND) / Department of Public Works and Government Services (PSPC)"," Gendarmerie royale du Canada (GRC) /  Ministère des Transports (TC) /  Ministère des Travaux publics et des Services gouvernementaux (SPAC) /  Conseil national de recherches du Canada (CNRC) /  Ministère de la Défense nationale (MDN)"," /  /  /  / "," /  /  /  / ","330 Sparks Street,Ottawa,Ontario,K1A0N8,Canada / 73 Leikin Dr,Ottawa,Ontario,K1AOR2,Canada / 100 Sussex Dr,Ottawa,Ontario,K1A0R6,Canada / 101 Colonel By Dr,Ottawa,Ontario,K1A0K2,Canada / 11 Laurier St, Phase III, Place du Portage,Gatineau,Quebec,K1A 0S5,Canada","73, promenade Leikin,Ottawa,Ontario,K1AOR2,Canada / 330, rue Sparks,Ottawa,Ontario,K1A0N8,Canada / 11, rue Laurier, Phase III, Place du Portage,Gatineau,Québec,K1A 0S5,Canada / 100, promenade Sussex,Ottawa,Ontario,K1A0R6,Canada / 101, promenade Colonel By,Ottawa,Ontario,K1A0K2,Canada","MacLeod, Bobbi (SPAC/PSPC)","bobbi.macleod@tpsgc-pwgsc.gc.ca","","","","","","","","","","","","","National Master Standing Offers for aviation fuels (Into-Plane) in accordance with Canadian General Standards Board standards or ASTM International Standard, as applicable. Delivery to various locations in Canada or ASTM International Standard, on an as-and when-requested basis, from June 1, 2026 up to and including May 31, 2028","Offres à commandes principales et nationales pour des carburants aviation (à bord) conformément aux normes de l'Office des normes générales du Canada ou de la norme de ASTM International Standard, selon le cas.   Le produit doit être livré à divers emplacements au Canada, selon la demande, du 1er juin 2026 au 31 mai 2028 inclusivement."
"E60HL-260050-005-HL NMSO Into-plane Aviation Fuel 2026-2028","E60HL-260050-005-HL OCPN Carburant d’aviation mise à bord 2026-2028","CW2454491","000","WS5548295643","WS5548295643","CW2454491","1","2026-06-05","2026-05-27","","2026-06-01","2028-05-31","8439443.49","8439443.49","CAD","Active","Actif","Standing Offer","Offre à commandes","Original","Original","","","","*15101504","*Aviation fuel","*Carburants d'aviation","*GD","Request for Standing Offer","Demande d’offre à commandes","Competitive - Open bidding","Concurrentielle - Invitation ouverte à soumissionner","Lowest Price","Prix le plus bas","None","Aucune","*Canadian Free Trade Agreement (CFTA)
*World Trade Organization Agreement on Government Procurement (WTO GPA)
*Canada-Colombia Free Trade Agreement
*Canada-Honduras Free Trade Agreement
*Canada-Chile Free Trade Agreement (CCFTA)
*Canada-Panama Free Trade Agreement
*North American Free Trade Agreement (NAFTA)
*Canada-Korea Free Trade Agreement (CKFTA)
*Canada-European Union Comprehensive Economic and Trade Agreement (CETA)
*Canada-UK Trade Continuity Agreement (Canada-UK TCA)
*Canada-Peru Free Trade Agreement (CPFTA)
*Canada-Ukraine Free Trade Agreement (CUFTA)
*Comprehensive and Progressive Agreement for Trans-Pacific Partnership (CPTPP)","*Accord de libre-échange canadien (ALEC)
*Accord sur les marchés publics de l'Organisation mondiale du commerce (AMP-OMC)
*Accord de libre-échange Canada-Colombie
*Accord de libre-échange Canada-Honduras
*Accord de libre-échange Canada-Chili (ALECC)
*Accord de libre-échange Canada-Panama
*Accord de libre-échange nord-américain (ALENA)
*Accord de libre-échange Canada-Corée
*Accord économique et commercial global (AECG) entre le Canada et l’Union européenne (UE)
*Accord de continuité commerciale Canada–Royaume-Uni (ACC Canada-Royaume-Uni)
*Accord de libre-échange Canada-Pérou (ALECP)
*Accord de libre-échange Canada-Ukraine (ALECU)
*Accord de Partenariat transpacifique global et progressiste (PTPGP)","*National Capital Region (NCR)
*New Brunswick
*Northwest Territories
*Alberta
*Ontario (except NCR)
*Newfoundland and Labrador
*Yukon
*British Columbia
*Nova Scotia
*Manitoba
*Quebec (except NCR)
*Prince Edward Island
*Saskatchewan","*Région de la capitale nationale (RCN)
*Nouveau-Brunswick
*Territoires du Nord-Ouest
*Alberta
*Ontario (sauf RCN)
*Terre-Neuve-et-Labrador
*Yukon
*Colombie-Britannique
*Nouvelle-Écosse
*Manitoba
*Québec (sauf RCN)
*Île-du-Prince-Édouard
*Saskatchewan","Executive Flight Centre Aviation Ltd.","Executive Flight Centre Aviation Ltd.","","","","","","","200, 680 Palmer Road NE","200, 680 Palmer Road NE","Calgary","Calgary","Alberta","Alberta","T2E 7R3","CA","CA","Department of Public Works and Government Services (PSPC)"," Ministère des Travaux publics et des Services gouvernementaux (SPAC)","11 Laurier St, Phase III, Place du Portage","11, rue Laurier, Phase III, Place du Portage","Gatineau","Gatineau","Quebec","Québec","K1A 0S5","Canada","Canada","Department of National Defence (DND) / National Research Council of Canada (NRC) / Department of Transport (TC) / Royal Canadian Mounted Police (RCMP) / Department of Public Works and Government Services (PSPC)"," Ministère de la Défense nationale (MDN) /  Conseil national de recherches du Canada (CNRC) /  Ministère des Transports (TC) /  Gendarmerie royale du Canada (GRC) /  Ministère des Travaux publics et des Services gouvernementaux (SPAC)"," /  /  /  / "," /  /  /  / ","101 Colonel By Dr,Ottawa,Ontario,K1A0K2,Canada / 100 Sussex Dr,Ottawa,Ontario,K1A0R6,Canada / 330 Sparks Street,Ottawa,Ontario,K1A0N8,Canada / 73 Leikin Dr,Ottawa,Ontario,K1AOR2,Canada / 11 Laurier St, Phase III, Place du Portage,Gatineau,Quebec,K1A 0S5,Canada","101, promenade Colonel By,Ottawa,Ontario,K1A0K2,Canada / 100, promenade Sussex,Ottawa,Ontario,K1A0R6,Canada / 330, rue Sparks,Ottawa,Ontario,K1A0N8,Canada / 73, promenade Leikin,Ottawa,Ontario,K1AOR2,Canada / 11, rue Laurier, Phase III, Place du Portage,Gatineau,Québec,K1A 0S5,Canada","MacLeod, Bobbi (SPAC/PSPC)","bobbi.macleod@tpsgc-pwgsc.gc.ca","","","","","","","","","","","","","National Master Standing Offers for aviation fuels (Into-Plane) in accordance with Canadian General Standards Board standards or ASTM International Standard, as applicable. Delivery to various locations in Canada or ASTM International Standard, on an as-and when-requested basis, from June 1, 2026 up to and including May 31, 2028","Offres à commandes principales et nationales pour des carburants aviation (à bord) conformément aux normes de l'Office des normes générales du Canada ou de la norme de ASTM International Standard, selon le cas.   Le produit doit être livré à divers emplacements au Canada, selon la demande, du 1er juin 2026 au 31 mai 2028 inclusivement."
"E60HL-260050-010-HL NMSO Into-plane Aviation Fuel 2026-2028","E60HL-260050-010-HL OCPN Carburant d’aviation mise à bord 2026-2028","CW2453568","000","WS5548295643","WS5548295643","CW2453568","1","2026-06-05","2026-05-20","","2026-06-01","2028-05-31","282889.80","282889.80","CAD","Active","Actif","Standing Offer","Offre à commandes","Original","Original","","","","*15101504","*Aviation fuel","*Carburants d'aviation","*GD","Request for Standing Offer","Demande d’offre à commandes","Competitive - Open bidding","Concurrentielle - Invitation ouverte à soumissionner","Lowest Price","Prix le plus bas","None","Aucune","*Canadian Free Trade Agreement (CFTA)
*World Trade Organization Agreement on Government Procurement (WTO GPA)
*Canada-Chile Free Trade Agreement (CCFTA)
*Canada-Honduras Free Trade Agreement
*Canada-Colombia Free Trade Agreement
*Canada-Peru Free Trade Agreement (CPFTA)
*Canada-European Union Comprehensive Economic and Trade Agreement (CETA)
*Canada-Panama Free Trade Agreement
*Canada-Korea Free Trade Agreement (CKFTA)
*Canada-Ukraine Free Trade Agreement (CUFTA)
*North American Free Trade Agreement (NAFTA)
*Canada-UK Trade Continuity Agreement (Canada-UK TCA)
*Comprehensive and Progressive Agreement for Trans-Pacific Partnership (CPTPP)","*Accord de libre-échange canadien (ALEC)
*Accord sur les marchés publics de l'Organisation mondiale du commerce (AMP-OMC)
*Accord de libre-échange Canada-Chili (ALECC)
*Accord de libre-échange Canada-Honduras
*Accord de libre-échange Canada-Colombie
*Accord de libre-échange Canada-Pérou (ALECP)
*Accord économique et commercial global (AECG) entre le Canada et l’Union européenne (UE)
*Accord de libre-échange Canada-Panama
*Accord de libre-échange Canada-Corée
*Accord de libre-échange Canada-Ukraine (ALECU)
*Accord de libre-échange nord-américain (ALENA)
*Accord de continuité commerciale Canada–Royaume-Uni (ACC Canada-Royaume-Uni)
*Accord de Partenariat transpacifique global et progressiste (PTPGP)","*Alberta
*Northwest Territories
*Manitoba
*Yukon
*British Columbia
*New Brunswick
*Newfoundland and Labrador
*National Capital Region (NCR)
*Ontario (except NCR)
*Nova Scotia
*Prince Edward Island
*Quebec (except NCR)
*Saskatchewan","*Alberta
*Territoires du Nord-Ouest
*Manitoba
*Yukon
*Colombie-Britannique
*Nouveau-Brunswick
*Terre-Neuve-et-Labrador
*Région de la capitale nationale (RCN)
*Ontario (sauf RCN)
*Nouvelle-Écosse
*Île-du-Prince-Édouard
*Québec (sauf RCN)
*Saskatchewan","FLIGHT FUELS LIMITED PARTNERSHIP","FLIGHT FUELS LIMITED PARTNERSHIP","","","Flight Fuels LP","Flight Fuels LP","26","26","#1 52111 Range Road 270","#1 52111 Range Road 270","Parkland County","Parkland County","Alberta","Alberta","T7X 3L7","CA","CA","Department of Public Works and Government Services (PSPC)"," Ministère des Travaux publics et des Services gouvernementaux (SPAC)","11 Laurier St, Phase III, Place du Portage","11, rue Laurier, Phase III, Place du Portage","Gatineau","Gatineau","Quebec","Québec","K1A 0S5","Canada","Canada","Department of Transport (TC) / National Research Council of Canada (NRC) / Department of National Defence (DND) / Department of Public Works and Government Services (PSPC) / Royal Canadian Mounted Police (RCMP)"," Ministère des Transports (TC) /  Conseil national de recherches du Canada (CNRC) /  Ministère de la Défense nationale (MDN) /  Ministère des Travaux publics et des Services gouvernementaux (SPAC) /  Gendarmerie royale du Canada (GRC)"," /  /  /  / "," /  /  /  / ","330 Sparks Street,Ottawa,Ontario,K1A0N8,Canada / 100 Sussex Dr,Ottawa,Ontario,K1A0R6,Canada / 101 Colonel By Dr,Ottawa,Ontario,K1A0K2,Canada / 11 Laurier St, Phase III, Place du Portage,Gatineau,Quebec,K1A 0S5,Canada / 73 Leikin Dr,Ottawa,Ontario,K1AOR2,Canada","330, rue Sparks,Ottawa,Ontario,K1A0N8,Canada / 100, promenade Sussex,Ottawa,Ontario,K1A0R6,Canada / 101, promenade Colonel By,Ottawa,Ontario,K1A0K2,Canada / 11, rue Laurier, Phase III, Place du Portage,Gatineau,Québec,K1A 0S5,Canada / 73, promenade Leikin,Ottawa,Ontario,K1AOR2,Canada","MacLeod, Bobbi (SPAC/PSPC)","bobbi.macleod@tpsgc-pwgsc.gc.ca","","","","","","","","","","","","","National Master Standing Offers for aviation fuels (Into-Plane) in accordance with Canadian General Standards Board standards or ASTM International Standard, as applicable. Delivery to various locations in Canada or ASTM International Standard, on an as-and when-requested basis, from June 1, 2026 up to and including May 31, 2028","Offres à commandes principales et nationales pour des carburants aviation (à bord) conformément aux normes de l'Office des normes générales du Canada ou de la norme de ASTM International Standard, selon le cas.   Le produit doit être livré à divers emplacements au Canada, selon la demande, du 1er juin 2026 au 31 mai 2028 inclusivement."
"E60HL-260050-011-HL NMSO Into-plane Aviation Fuel 2026-2028","E60HL-260050-011-HL OCPN Carburant d’aviation mise à bord 2026-2028","CW2453583","000","WS5548295643","WS5548295643","CW2453583","1","2026-06-05","2026-05-26","","2026-06-01","2028-05-31","5303475.00","5303475.00","CAD","Active","Actif","Standing Offer","Offre à commandes","Original","Original","","","","*15101504","*Aviation fuel","*Carburants d'aviation","*GD","Request for Standing Offer","Demande d’offre à commandes","Competitive - Open bidding","Concurrentielle - Invitation ouverte à soumissionner","Lowest Price","Prix le plus bas","None","Aucune","*Canadian Free Trade Agreement (CFTA)
*Canada-Chile Free Trade Agreement (CCFTA)
*Canada-Honduras Free Trade Agreement
*Canada-Colombia Free Trade Agreement
*Comprehensive and Progressive Agreement for Trans-Pacific Partnership (CPTPP)
*World Trade Organization Agreement on Government Procurement (WTO GPA)
*Canada-Korea Free Trade Agreement (CKFTA)
*Canada-European Union Comprehensive Economic and Trade Agreement (CETA)
*Canada-Ukraine Free Trade Agreement (CUFTA)
*Canada-Panama Free Trade Agreement
*North American Free Trade Agreement (NAFTA)
*Canada-UK Trade Continuity Agreement (Canada-UK TCA)
*Canada-Peru Free Trade Agreement (CPFTA)","*Accord de libre-échange canadien (ALEC)
*Accord de libre-échange Canada-Chili (ALECC)
*Accord de libre-échange Canada-Honduras
*Accord de libre-échange Canada-Colombie
*Accord de Partenariat transpacifique global et progressiste (PTPGP)
*Accord sur les marchés publics de l'Organisation mondiale du commerce (AMP-OMC)
*Accord de libre-échange Canada-Corée
*Accord économique et commercial global (AECG) entre le Canada et l’Union européenne (UE)
*Accord de libre-échange Canada-Ukraine (ALECU)
*Accord de libre-échange Canada-Panama
*Accord de libre-échange nord-américain (ALENA)
*Accord de continuité commerciale Canada–Royaume-Uni (ACC Canada-Royaume-Uni)
*Accord de libre-échange Canada-Pérou (ALECP)","*New Brunswick
*Northwest Territories
*British Columbia
*Alberta
*Newfoundland and Labrador
*Ontario (except NCR)
*Manitoba
*Saskatchewan
*Nova Scotia
*National Capital Region (NCR)
*Quebec (except NCR)
*Prince Edward Island
*Yukon","*Nouveau-Brunswick
*Territoires du Nord-Ouest
*Colombie-Britannique
*Alberta
*Terre-Neuve-et-Labrador
*Ontario (sauf RCN)
*Manitoba
*Saskatchewan
*Nouvelle-Écosse
*Région de la capitale nationale (RCN)
*Québec (sauf RCN)
*Île-du-Prince-Édouard
*Yukon","ARCTIC PETROLEUM SERVICES LTD","ARCTIC PETROLEUM SERVICES LTD","","","","","15","15","Suite 1 52111 Range Road 270","Suite 1 52111 Range Road 270","Spruce Grove","Spruce Grove","Alberta","Alberta","T7X 3L7","CA","CA","Department of Public Works and Government Services (PSPC)"," Ministère des Travaux publics et des Services gouvernementaux (SPAC)","11 Laurier St, Phase III, Place du Portage","11, rue Laurier, Phase III, Place du Portage","Gatineau","Gatineau","Quebec","Québec","K1A 0S5","Canada","Canada","Department of Transport (TC) / National Research Council of Canada (NRC) / Royal Canadian Mounted Police (RCMP) / Department of National Defence (DND) / Department of Public Works and Government Services (PSPC)"," Ministère de la Défense nationale (MDN) /  Ministère des Travaux publics et des Services gouvernementaux (SPAC) /  Ministère des Transports (TC) /  Conseil national de recherches du Canada (CNRC) /  Gendarmerie royale du Canada (GRC)"," /  /  /  / "," /  /  /  / ","330 Sparks Street,Ottawa,Ontario,K1A0N8,Canada / 100 Sussex Dr,Ottawa,Ontario,K1A0R6,Canada / 73 Leikin Dr,Ottawa,Ontario,K1AOR2,Canada / 101 Colonel By Dr,Ottawa,Ontario,K1A0K2,Canada / 11 Laurier St, Phase III, Place du Portage,Gatineau,Quebec,K1A 0S5,Canada","101, promenade Colonel By,Ottawa,Ontario,K1A0K2,Canada / 11, rue Laurier, Phase III, Place du Portage,Gatineau,Québec,K1A 0S5,Canada / 330, rue Sparks,Ottawa,Ontario,K1A0N8,Canada / 100, promenade Sussex,Ottawa,Ontario,K1A0R6,Canada / 73, promenade Leikin,Ottawa,Ontario,K1AOR2,Canada","MacLeod, Bobbi (SPAC/PSPC)","bobbi.macleod@tpsgc-pwgsc.gc.ca","","","","","","","","","","","","","National Master Standing Offers for aviation fuels (Into-Plane) in accordance with Canadian General Standards Board standards or ASTM International Standard, as applicable. Delivery to various locations in Canada or ASTM International Standard, on an as-and when-requested basis, from June 1, 2026 up to and including May 31, 2028","Offres à commandes principales et nationales pour des carburants aviation (à bord) conformément aux normes de l'Office des normes générales du Canada ou de la norme de ASTM International Standard, selon le cas.   Le produit doit être livré à divers emplacements au Canada, selon la demande, du 1er juin 2026 au 31 mai 2028 inclusivement."
"E60HL-260050-007-HL NMSO Into-plane Aviation Fuel 2026-2028","E60HL-260050-007-HL OCPN Carburant d’aviation mise à bord 2026-2028","CW2453588","000","WS5548295643","WS5548295643","CW2453588","2","2026-06-05","2026-05-26","","2026-06-01","2028-05-31","24203256.09","23097945.84","CAD","Active","Actif","Standing Offer","Offre à commandes","Original","Original","","","","*15101504","*Aviation fuel","*Carburants d'aviation","*GD","Request for Standing Offer","Demande d’offre à commandes","Competitive - Open bidding","Concurrentielle - Invitation ouverte à soumissionner","Lowest Price","Prix le plus bas","None","Aucune","*Canadian Free Trade Agreement (CFTA)
*Canada-Chile Free Trade Agreement (CCFTA)
*World Trade Organization Agreement on Government Procurement (WTO GPA)
*Canada-Colombia Free Trade Agreement
*Canada-Korea Free Trade Agreement (CKFTA)
*Canada-Honduras Free Trade Agreement
*Canada-Ukraine Free Trade Agreement (CUFTA)
*Canada-European Union Comprehensive Economic and Trade Agreement (CETA)
*Canada-Panama Free Trade Agreement
*North American Free Trade Agreement (NAFTA)
*Canada-UK Trade Continuity Agreement (Canada-UK TCA)
*Canada-Peru Free Trade Agreement (CPFTA)
*Comprehensive and Progressive Agreement for Trans-Pacific Partnership (CPTPP)","*Accord de libre-échange canadien (ALEC)
*Accord de libre-échange Canada-Chili (ALECC)
*Accord sur les marchés publics de l'Organisation mondiale du commerce (AMP-OMC)
*Accord de libre-échange Canada-Colombie
*Accord de libre-échange Canada-Corée
*Accord de libre-échange Canada-Honduras
*Accord de libre-échange Canada-Ukraine (ALECU)
*Accord économique et commercial global (AECG) entre le Canada et l’Union européenne (UE)
*Accord de libre-échange Canada-Panama
*Accord de libre-échange nord-américain (ALENA)
*Accord de continuité commerciale Canada–Royaume-Uni (ACC Canada-Royaume-Uni)
*Accord de libre-échange Canada-Pérou (ALECP)
*Accord de Partenariat transpacifique global et progressiste (PTPGP)","*Alberta
*British Columbia
*Ontario (except NCR)
*New Brunswick
*Northwest Territories
*Manitoba
*Saskatchewan
*Nova Scotia
*National Capital Region (NCR)
*Quebec (except NCR)
*Newfoundland and Labrador
*Yukon
*Prince Edward Island","*Alberta
*Colombie-Britannique
*Ontario (sauf RCN)
*Nouveau-Brunswick
*Territoires du Nord-Ouest
*Manitoba
*Saskatchewan
*Nouvelle-Écosse
*Région de la capitale nationale (RCN)
*Québec (sauf RCN)
*Terre-Neuve-et-Labrador
*Yukon
*Île-du-Prince-Édouard","AVJET HOLDING INC.","AVJET HOLDING INC.","","","","","","","900 LEMIRE BOULEVARD","900 LEMIRE BOULEVARD","DRUMMONDVILLE","DRUMMONDVILLE","Québec","Québec","J2C 7W8","CA","CA","Department of Public Works and Government Services (PSPC)"," Ministère des Travaux publics et des Services gouvernementaux (SPAC)","11 Laurier St, Phase III, Place du Portage","11, rue Laurier, Phase III, Place du Portage","Gatineau","Gatineau","Quebec","Québec","K1A 0S5","Canada","Canada","Department of Transport (TC) / Royal Canadian Mounted Police (RCMP) / Department of Public Works and Government Services (PSPC) / National Research Council of Canada (NRC) / Department of National Defence (DND)"," Gendarmerie royale du Canada (GRC) /  Ministère des Transports (TC) /  Conseil national de recherches du Canada (CNRC) /  Ministère de la Défense nationale (MDN) /  Ministère des Travaux publics et des Services gouvernementaux (SPAC)"," /  /  /  / "," /  /  /  / ","330 Sparks Street,Ottawa,Ontario,K1A0N8,Canada / 73 Leikin Dr,Ottawa,Ontario,K1AOR2,Canada / 11 Laurier St, Phase III, Place du Portage,Gatineau,Quebec,K1A 0S5,Canada / 100 Sussex Dr,Ottawa,Ontario,K1A0R6,Canada / 101 Colonel By Dr,Ottawa,Ontario,K1A0K2,Canada","73, promenade Leikin,Ottawa,Ontario,K1AOR2,Canada / 330, rue Sparks,Ottawa,Ontario,K1A0N8,Canada / 100, promenade Sussex,Ottawa,Ontario,K1A0R6,Canada / 101, promenade Colonel By,Ottawa,Ontario,K1A0K2,Canada / 11, rue Laurier, Phase III, Place du Portage,Gatineau,Québec,K1A 0S5,Canada","MacLeod, Bobbi (SPAC/PSPC)","bobbi.macleod@tpsgc-pwgsc.gc.ca","","","","","","","","","","","","","National Master Standing Offers for aviation fuels (Into-Plane) in accordance with Canadian General Standards Board standards or ASTM International Standard, as applicable. Delivery to various locations in Canada or ASTM International Standard, on an as-and when-requested basis, from June 1, 2026 up to and including May 31, 2028","Offres à commandes principales et nationales pour des carburants aviation (à bord) conformément aux normes de l'Office des normes générales du Canada ou de la norme de ASTM International Standard, selon le cas.   Le produit doit être livré à divers emplacements au Canada, selon la demande, du 1er juin 2026 au 31 mai 2028 inclusivement."
"K8A21-260731 - Specialized Test-Grade Fuel for Emissions Testing of Vehicles and Engines","K8A21-260731 - Carburants Spécialisés de Qualité Essai pour Évaluer les Émissions de Véhicules et de Moteurs","CW2433926","000","WS5492141675","WS5492141675","CW2433926","1","2026-04-21","2026-04-21","","2026-04-21","2027-05-31","187302.01","187302.01","CAD","Active","Actif","Contract","Contrat","Original","Original","","","","*15000000","*Fuels and Fuel Additives and Lubricants and Anti corrosive Materials","*Combustibles, additifs de combustibles, lubrifiants et agents anti-corrosion","*GD","Request for Proposal","Demande de propositions","Competitive - Open bidding","Concurrentielle - Invitation ouverte à soumissionner","Lowest Price","Prix le plus bas","No response to bid solicitation","Aucune réponse à une invitation à soumissionner","*Canada-Peru Free Trade Agreement (CPFTA)
*Canada-Chile Free Trade Agreement (CCFTA)
*Canadian Free Trade Agreement (CFTA)
*Canada-Colombia Free Trade Agreement
*Comprehensive and Progressive Agreement for Trans-Pacific Partnership (CPTPP)
*Canada-European Union Comprehensive Economic and Trade Agreement (CETA)
*Canada-Honduras Free Trade Agreement
*Canada-Panama Free Trade Agreement
*Canada-Ukraine Free Trade Agreement (CUFTA)
*World Trade Organization Agreement on Government Procurement (WTO GPA)
*Canada-UK Trade Continuity Agreement (Canada-UK TCA)
*Canada-Korea Free Trade Agreement (CKFTA)","*Accord de libre-échange Canada-Pérou (ALECP)
*Accord de libre-échange Canada-Chili (ALECC)
*Accord de libre-échange canadien (ALEC)
*Accord de libre-échange Canada-Colombie
*Accord de Partenariat transpacifique global et progressiste (PTPGP)
*Accord économique et commercial global (AECG) entre le Canada et l’Union européenne (UE)
*Accord de libre-échange Canada-Honduras
*Accord de libre-échange Canada-Panama
*Accord de libre-échange Canada-Ukraine (ALECU)
*Accord sur les marchés publics de l'Organisation mondiale du commerce (AMP-OMC)
*Accord de continuité commerciale Canada–Royaume-Uni (ACC Canada-Royaume-Uni)
*Accord de libre-échange Canada-Corée","*National Capital Region (NCR)","*Région de la capitale nationale (RCN)","Gage Products Company","Gage Products Company","","","","","","","821 Wanda","821 Wanda","Ferndale","Ferndale","Michigan","Michigan","48220","US","US","Department of Public Works and Government Services (PSPC)"," Ministère des Travaux publics et des Services gouvernementaux (SPAC)","11 Laurier St, Phase III, Place du Portage","11, rue Laurier, Phase III, Place du Portage","Gatineau","Gatineau","Quebec","Québec","K1A 0S5","Canada","Canada","Department of the Environment (ECCC )"," Ministère de l’Environnement (ECCC)","","","200 Boulevard Sacré-Coeur,Gatineau,Quebec,J8X4C6,Canada","200, boulevard Sacré-Coeur,Gatineau,Quebec,J8X4C6,Canada","Lacelle, Ann (SPAC/PSPC)","ann.lacelle@tpsgc-pwgsc.gc.ca","","","","","","","","","","","","","Contract for specialized test-grade fuel used for emissions testing of vehicles and engines in accordance with precise specifications as specified in the regulations listed under the Canadian Environmental Protection Act, 1999, as applicable.  Delivery to Environment and Climate Change Canada (ECCC) Transportation Emissions & Electrification Laboratory Facility in Ottawa.","Contrat pour carburants spécialisés de qualité essai, qui serviront à évaluer les émissions de véhicules et de moteurs conformément aux spécifications précises, comme l’énoncent les règlements pris en vertu de la Loi canadienne sur la protection de l’environnement (1999) (LCPE).  Livraison à Environnement et Changement Climatique Canada (ECCC), Laboratoire des ?émissions et de l’électrification des transports, en Ottawa."
"E60HL-260050-008-HL NMSO Into-plane Aviation Fuel 2026-2028","E60HL-260050-008-HL OCPN Carburant d’aviation mise à bord 2026-2028","CW2454505","000","WS5548295643","WS5548295643","CW2454505","1","2026-06-05","2026-05-26","","2026-06-01","2028-05-31","70222.88","70222.88","CAD","Active","Actif","Standing Offer","Offre à commandes","Original","Original","","","","*15101504","*Aviation fuel","*Carburants d'aviation","*GD","Request for Standing Offer","Demande d’offre à commandes","Competitive - Open bidding","Concurrentielle - Invitation ouverte à soumissionner","Lowest Price","Prix le plus bas","None","Aucune","*Canada-Colombia Free Trade Agreement
*Canadian Free Trade Agreement (CFTA)
*Canada-Honduras Free Trade Agreement
*Canada-European Union Comprehensive Economic and Trade Agreement (CETA)
*World Trade Organization Agreement on Government Procurement (WTO GPA)
*Canada-Chile Free Trade Agreement (CCFTA)
*Comprehensive and Progressive Agreement for Trans-Pacific Partnership (CPTPP)
*North American Free Trade Agreement (NAFTA)
*Canada-Peru Free Trade Agreement (CPFTA)
*Canada-Korea Free Trade Agreement (CKFTA)
*Canada-Panama Free Trade Agreement
*Canada-Ukraine Free Trade Agreement (CUFTA)
*Canada-UK Trade Continuity Agreement (Canada-UK TCA)","*Accord de libre-échange Canada-Colombie
*Accord de libre-échange canadien (ALEC)
*Accord de libre-échange Canada-Honduras
*Accord économique et commercial global (AECG) entre le Canada et l’Union européenne (UE)
*Accord sur les marchés publics de l'Organisation mondiale du commerce (AMP-OMC)
*Accord de libre-échange Canada-Chili (ALECC)
*Accord de Partenariat transpacifique global et progressiste (PTPGP)
*Accord de libre-échange nord-américain (ALENA)
*Accord de libre-échange Canada-Pérou (ALECP)
*Accord de libre-échange Canada-Corée
*Accord de libre-échange Canada-Panama
*Accord de libre-échange Canada-Ukraine (ALECU)
*Accord de continuité commerciale Canada–Royaume-Uni (ACC Canada-Royaume-Uni)","*New Brunswick
*British Columbia
*Alberta
*National Capital Region (NCR)
*Newfoundland and Labrador
*Prince Edward Island
*Manitoba
*Northwest Territories
*Quebec (except NCR)
*Ontario (except NCR)
*Nova Scotia
*Yukon
*Saskatchewan","*Nouveau-Brunswick
*Colombie-Britannique
*Alberta
*Région de la capitale nationale (RCN)
*Terre-Neuve-et-Labrador
*Île-du-Prince-Édouard
*Manitoba
*Territoires du Nord-Ouest
*Québec (sauf RCN)
*Ontario (sauf RCN)
*Nouvelle-Écosse
*Yukon
*Saskatchewan","Apron Fuel Services Inc.","Apron Fuel Services Inc.","","","","","6","6","301-455 boul Fénelon","301-455 boul Fénelon","Dorval","Dorval","Quebec","Quebec","H9S 5T8","CA","CA","Department of Public Works and Government Services (PSPC)"," Ministère des Travaux publics et des Services gouvernementaux (SPAC)","11 Laurier St, Phase III, Place du Portage","11, rue Laurier, Phase III, Place du Portage","Gatineau","Gatineau","Quebec","Québec","K1A 0S5","Canada","Canada","Department of National Defence (DND) / Department of Transport (TC) / National Research Council of Canada (NRC) / Royal Canadian Mounted Police (RCMP) / Department of Public Works and Government Services (PSPC)"," Ministère de la Défense nationale (MDN) /  Gendarmerie royale du Canada (GRC) /  Ministère des Transports (TC) /  Conseil national de recherches du Canada (CNRC) /  Ministère des Travaux publics et des Services gouvernementaux (SPAC)"," /  /  /  / "," /  /  /  / ","101 Colonel By Dr,Ottawa,Ontario,K1A0K2,Canada / 330 Sparks Street,Ottawa,Ontario,K1A0N8,Canada / 100 Sussex Dr,Ottawa,Ontario,K1A0R6,Canada / 73 Leikin Dr,Ottawa,Ontario,K1AOR2,Canada / 11 Laurier St, Phase III, Place du Portage,Gatineau,Quebec,K1A 0S5,Canada","101, promenade Colonel By,Ottawa,Ontario,K1A0K2,Canada / 73, promenade Leikin,Ottawa,Ontario,K1AOR2,Canada / 330, rue Sparks,Ottawa,Ontario,K1A0N8,Canada / 100, promenade Sussex,Ottawa,Ontario,K1A0R6,Canada / 11, rue Laurier, Phase III, Place du Portage,Gatineau,Québec,K1A 0S5,Canada","MacLeod, Bobbi (SPAC/PSPC)","bobbi.macleod@tpsgc-pwgsc.gc.ca","","","","","","","","","","","","","National Master Standing Offers for aviation fuels (Into-Plane) in accordance with Canadian General Standards Board standards or ASTM International Standard, as applicable. Delivery to various locations in Canada or ASTM International Standard, on an as-and when-requested basis, from June 1, 2026 up to and including May 31, 2028","Offres à commandes principales et nationales pour des carburants aviation (à bord) conformément aux normes de l'Office des normes générales du Canada ou de la norme de ASTM International Standard, selon le cas.   Le produit doit être livré à divers emplacements au Canada, selon la demande, du 1er juin 2026 au 31 mai 2028 inclusivement."
"E60HL-260050-006-HL NMSO Into-plane Aviation Fuel 2026-2028","E60HL-260050-006-HL OCPN Carburant d’aviation mise à bord 2026-2028","CW2452945","000","WS5548295643","WS5548295643","CW2452945","3","2026-06-05","2026-05-25","","2026-06-01","2028-05-31","14255885.06","14643201.00","CAD","Active","Actif","Standing Offer","Offre à commandes","Original","Original","","","","*15101504","*Aviation fuel","*Carburants d'aviation","*GD","Request for Standing Offer","Demande d’offre à commandes","Competitive - Open bidding","Concurrentielle - Invitation ouverte à soumissionner","Lowest Price","Prix le plus bas","None","Aucune","*Canada-Colombia Free Trade Agreement
*Canada-Honduras Free Trade Agreement
*Canadian Free Trade Agreement (CFTA)
*World Trade Organization Agreement on Government Procurement (WTO GPA)
*Canada-European Union Comprehensive Economic and Trade Agreement (CETA)
*Canada-Korea Free Trade Agreement (CKFTA)
*Canada-Chile Free Trade Agreement (CCFTA)
*Canada-Panama Free Trade Agreement
*Canada-Peru Free Trade Agreement (CPFTA)
*Canada-Ukraine Free Trade Agreement (CUFTA)
*North American Free Trade Agreement (NAFTA)
*Canada-UK Trade Continuity Agreement (Canada-UK TCA)
*Comprehensive and Progressive Agreement for Trans-Pacific Partnership (CPTPP)","*Accord de libre-échange Canada-Colombie
*Accord de libre-échange Canada-Honduras
*Accord de libre-échange canadien (ALEC)
*Accord sur les marchés publics de l'Organisation mondiale du commerce (AMP-OMC)
*Accord économique et commercial global (AECG) entre le Canada et l’Union européenne (UE)
*Accord de libre-échange Canada-Corée
*Accord de libre-échange Canada-Chili (ALECC)
*Accord de libre-échange Canada-Panama
*Accord de libre-échange Canada-Pérou (ALECP)
*Accord de libre-échange Canada-Ukraine (ALECU)
*Accord de libre-échange nord-américain (ALENA)
*Accord de continuité commerciale Canada–Royaume-Uni (ACC Canada-Royaume-Uni)
*Accord de Partenariat transpacifique global et progressiste (PTPGP)","*Manitoba
*National Capital Region (NCR)
*British Columbia
*Alberta
*New Brunswick
*Nova Scotia
*Prince Edward Island
*Northwest Territories
*Newfoundland and Labrador
*Yukon
*Saskatchewan
*Ontario (except NCR)
*Quebec (except NCR)","*Manitoba
*Région de la capitale nationale (RCN)
*Colombie-Britannique
*Alberta
*Nouveau-Brunswick
*Nouvelle-Écosse
*Île-du-Prince-Édouard
*Territoires du Nord-Ouest
*Terre-Neuve-et-Labrador
*Yukon
*Saskatchewan
*Ontario (sauf RCN)
*Québec (sauf RCN)","Irving Oil Limited","Irving Oil Limited","","","DBA Irving Energy","DBA Irving Energy","","","PO BOX/CP 12331, Station A","PO BOX/CP 12331, Station A","Toronto","Toronto","Ontario","Ontario","M5W 0K5","CA","CA","Department of Public Works and Government Services (PSPC)"," Ministère des Travaux publics et des Services gouvernementaux (SPAC)","11 Laurier St, Phase III, Place du Portage","11, rue Laurier, Phase III, Place du Portage","Gatineau","Gatineau","Quebec","Québec","K1A 0S5","Canada","Canada","Royal Canadian Mounted Police (RCMP) / Department of Public Works and Government Services (PSPC) / Department of National Defence (DND) / National Research Council of Canada (NRC) / Department of Transport (TC)"," Gendarmerie royale du Canada (GRC) /  Ministère des Travaux publics et des Services gouvernementaux (SPAC) /  Ministère de la Défense nationale (MDN) /  Conseil national de recherches du Canada (CNRC) /  Ministère des Transports (TC)"," /  /  /  / "," /  /  /  / ","73 Leikin Dr,Ottawa,Ontario,K1AOR2,Canada / 11 Laurier St, Phase III, Place du Portage,Gatineau,Quebec,K1A 0S5,Canada / 101 Colonel By Dr,Ottawa,Ontario,K1A0K2,Canada / 100 Sussex Dr,Ottawa,Ontario,K1A0R6,Canada / 330 Sparks Street,Ottawa,Ontario,K1A0N8,Canada","73, promenade Leikin,Ottawa,Ontario,K1AOR2,Canada / 11, rue Laurier, Phase III, Place du Portage,Gatineau,Québec,K1A 0S5,Canada / 101, promenade Colonel By,Ottawa,Ontario,K1A0K2,Canada / 100, promenade Sussex,Ottawa,Ontario,K1A0R6,Canada / 330, rue Sparks,Ottawa,Ontario,K1A0N8,Canada","MacLeod, Bobbi (SPAC/PSPC)","bobbi.macleod@tpsgc-pwgsc.gc.ca","","","","","","","","","","","","","National Master Standing Offers for aviation fuels (Into-Plane) in accordance with Canadian General Standards Board standards or ASTM International Standard, as applicable. Delivery to various locations in Canada or ASTM International Standard, on an as-and when-requested basis, from June 1, 2026 up to and including May 31, 2028","Offres à commandes principales et nationales pour des carburants aviation (à bord) conformément aux normes de l'Office des normes générales du Canada ou de la norme de ASTM International Standard, selon le cas.   Le produit doit être livré à divers emplacements au Canada, selon la demande, du 1er juin 2026 au 31 mai 2028 inclusivement."
"W3371-255138-007-HL Stonewin","W3371-255138-007-HL Stonewin","CW2466175","000","WS4926221653","WS4926221653","CW2466175","1","2026-09-03","2026-09-03","","2026-09-03","2027-08-31","56750.91","56750.91","CAD","Active","Actif","Standing Offer","Offre à commandes","Original","Original","","","","*15101504
*15101509","*Aviation fuel
*Marine fuel","*Carburants d'aviation
*Carburant marin","*GD","Request for Standing Offer","Demande d’offre à commandes","Competitive - Open bidding","Concurrentielle - Invitation ouverte à soumissionner","Lowest Price","Prix le plus bas","None","Aucune","*Canada-Panama Free Trade Agreement
*Canadian Free Trade Agreement (CFTA)
*Canada-Colombia Free Trade Agreement
*Canada-Chile Free Trade Agreement (CCFTA)
*Comprehensive and Progressive Agreement for Trans-Pacific Partnership (CPTPP)
*Canada-Honduras Free Trade Agreement
*Canada-Peru Free Trade Agreement (CPFTA)
*Canada-European Union Comprehensive Economic and Trade Agreement (CETA)
*Canada-Ukraine Free Trade Agreement (CUFTA)
*World Trade Organization Agreement on Government Procurement (WTO GPA)
*Canada-Korea Free Trade Agreement (CKFTA)
*North American Free Trade Agreement (NAFTA)
*Canada-UK Trade Continuity Agreement (Canada-UK TCA)","*Accord de libre-échange Canada-Panama
*Accord de libre-échange canadien (ALEC)
*Accord de libre-échange Canada-Colombie
*Accord de libre-échange Canada-Chili (ALECC)
*Accord de Partenariat transpacifique global et progressiste (PTPGP)
*Accord de libre-échange Canada-Honduras
*Accord de libre-échange Canada-Pérou (ALECP)
*Accord économique et commercial global (AECG) entre le Canada et l’Union européenne (UE)
*Accord de libre-échange Canada-Ukraine (ALECU)
*Accord sur les marchés publics de l'Organisation mondiale du commerce (AMP-OMC)
*Accord de libre-échange Canada-Corée
*Accord de libre-échange nord-américain (ALENA)
*Accord de continuité commerciale Canada–Royaume-Uni (ACC Canada-Royaume-Uni)","*New Zealand","*Nouvelle-Zélande","SIA ""STONEWIN""","SIA ""STONEWIN""","","","","","18","18","KRISJANA VALDEMARA STREET 41A 1","KRISJANA VALDEMARA STREET 41A 1","RIGA","RIGA","Rīga","Rīga","LV-1010","LV","LV","Department of Public Works and Government Services (PSPC)"," Ministère des Travaux publics et des Services gouvernementaux (SPAC)","11 Laurier St, Phase III, Place du Portage","11, rue Laurier, Phase III, Place du Portage","Gatineau","Gatineau","Quebec","Québec","K1A 0S5","Canada","Canada","Department of National Defence (DND) / Canadian Coast Guard (CCG)"," Ministère de la Défense nationale (MDN) /  Garde côtière canadienne (GCC)"," / "," / ","101 Colonel By Dr,Ottawa,Ontario,K1A0K2,Canada / 200 Kent St. Station 13E228,Ottawa,Ontario,K1A0E6,Canada","101, promenade Colonel By,Ottawa,Ontario,K1A0K2,Canada / 200, rue Kent, Station 13E228,Ottawa,Ontario,K1A0E6,Canada","Wolszczan, Caroline (SPAC/PSPC)","caroline.wolszczan@tpsgc-pwgsc.gc.ca","","","","","","","","","","","","","",""
"W3371-255138-002-HL Clipper Oil","W3371-255138-002-HL Clipper Oil","CW2463815","000","WS4926221653","WS4926221653","CW2463815","3","2026-08-25","2026-08-24","","2026-09-01","2027-08-31","1883569.01","717237.83","CAD","Active","Actif","Standing Offer","Offre à commandes","Original","Original","","","","*15101504
*15101509","*Aviation fuel
*Marine fuel","*Carburants d'aviation
*Carburant marin","*GD","Request for Standing Offer","Demande d’offre à commandes","Competitive - Open bidding","Concurrentielle - Invitation ouverte à soumissionner","Lowest Price","Prix le plus bas","None","Aucune","*Canadian Free Trade Agreement (CFTA)
*World Trade Organization Agreement on Government Procurement (WTO GPA)
*Canada-Colombia Free Trade Agreement
*Canada-Honduras Free Trade Agreement
*Canada-Chile Free Trade Agreement (CCFTA)
*Canada-Panama Free Trade Agreement
*North American Free Trade Agreement (NAFTA)
*Canada-Korea Free Trade Agreement (CKFTA)
*Canada-European Union Comprehensive Economic and Trade Agreement (CETA)
*Canada-UK Trade Continuity Agreement (Canada-UK TCA)
*Canada-Peru Free Trade Agreement (CPFTA)
*Canada-Ukraine Free Trade Agreement (CUFTA)
*Comprehensive and Progressive Agreement for Trans-Pacific Partnership (CPTPP)","*Accord de libre-échange canadien (ALEC)
*Accord sur les marchés publics de l'Organisation mondiale du commerce (AMP-OMC)
*Accord de libre-échange Canada-Colombie
*Accord de libre-échange Canada-Honduras
*Accord de libre-échange Canada-Chili (ALECC)
*Accord de libre-échange Canada-Panama
*Accord de libre-échange nord-américain (ALENA)
*Accord de libre-échange Canada-Corée
*Accord économique et commercial global (AECG) entre le Canada et l’Union européenne (UE)
*Accord de continuité commerciale Canada–Royaume-Uni (ACC Canada-Royaume-Uni)
*Accord de libre-échange Canada-Pérou (ALECP)
*Accord de libre-échange Canada-Ukraine (ALECU)
*Accord de Partenariat transpacifique global et progressiste (PTPGP)","*Ecuador
*United Arab Emirates
*Australia
*Colombia
*Panama
*Cape Verde
*Uruguay
*South Korea
*New Zealand","*Équateur
*Émirats arabes unis
*Australie
*Colombie
*Panama
*Cabo Verde
*Uruguay
*Corée du Sud
*Nouvelle-Zélande","Clipper Oil, Inc.","Clipper Oil, Inc.","","","","","15","15","2040 Harbor Island Dr Ste 203","2040 Harbor Island Dr Ste 203","San Diego","San Diego","California","California","92101-1018","US","US","Department of Public Works and Government Services (PSPC)"," Ministère des Travaux publics et des Services gouvernementaux (SPAC)","11 Laurier St, Phase III, Place du Portage","11, rue Laurier, Phase III, Place du Portage","Gatineau","Gatineau","Quebec","Québec","K1A 0S5","Canada","Canada","Department of National Defence (DND) / Canadian Coast Guard (CCG)"," Garde côtière canadienne (GCC) /  Ministère de la Défense nationale (MDN)"," / "," / ","101 Colonel By Dr,Ottawa,Ontario,K1A0K2,Canada / 200 Kent St. Station 13E228,Ottawa,Ontario,K1A0E6,Canada","200, rue Kent, Station 13E228,Ottawa,Ontario,K1A0E6,Canada / 101, promenade Colonel By,Ottawa,Ontario,K1A0K2,Canada","Wolszczan, Caroline (SPAC/PSPC)","caroline.wolszczan@tpsgc-pwgsc.gc.ca","","","","","","","","","","","","","",""
"W3371-255138-005-HL Prime Global Logistics","W3371-255138-005-HL Prime Global Logistics","CW2463835","000","WS4926221653","WS4926221653","CW2463835","1","2026-08-25","2026-08-24","","2026-09-01","2027-08-31","49684.03","49684.03","CAD","Active","Actif","Standing Offer","Offre à commandes","Original","Original","","","","*15101504
*15101509","*Aviation fuel
*Marine fuel","*Carburants d'aviation
*Carburant marin","*GD","Request for Standing Offer","Demande d’offre à commandes","Competitive - Open bidding","Concurrentielle - Invitation ouverte à soumissionner","Lowest Price","Prix le plus bas","None","Aucune","*Canada-European Union Comprehensive Economic and Trade Agreement (CETA)
*World Trade Organization Agreement on Government Procurement (WTO GPA)
*Canada-Chile Free Trade Agreement (CCFTA)
*Canadian Free Trade Agreement (CFTA)
*North American Free Trade Agreement (NAFTA)
*Canada-Honduras Free Trade Agreement
*Canada-Korea Free Trade Agreement (CKFTA)
*Canada-Colombia Free Trade Agreement
*Canada-Panama Free Trade Agreement
*Canada-Ukraine Free Trade Agreement (CUFTA)
*Canada-UK Trade Continuity Agreement (Canada-UK TCA)
*Canada-Peru Free Trade Agreement (CPFTA)
*Comprehensive and Progressive Agreement for Trans-Pacific Partnership (CPTPP)","*Accord économique et commercial global (AECG) entre le Canada et l’Union européenne (UE)
*Accord sur les marchés publics de l'Organisation mondiale du commerce (AMP-OMC)
*Accord de libre-échange Canada-Chili (ALECC)
*Accord de libre-échange canadien (ALEC)
*Accord de libre-échange nord-américain (ALENA)
*Accord de libre-échange Canada-Honduras
*Accord de libre-échange Canada-Corée
*Accord de libre-échange Canada-Colombie
*Accord de libre-échange Canada-Panama
*Accord de libre-échange Canada-Ukraine (ALECU)
*Accord de continuité commerciale Canada–Royaume-Uni (ACC Canada-Royaume-Uni)
*Accord de libre-échange Canada-Pérou (ALECP)
*Accord de Partenariat transpacifique global et progressiste (PTPGP)","*South Africa
*Qatar","*Afrique du Sud
*Qatar","PRIME GLOBAL LOGISTICS SRL","PRIME GLOBAL LOGISTICS SRL","","","","","10","10","ROMTRANS BULIDING , FLOOR 1, ROOM 128","ROMTRANS BULIDING , FLOOR 1, ROOM 128","CONSTANTA","CONSTANTA","Constanţa","Constanţa","900900","RO","RO","Department of Public Works and Government Services (PSPC)"," Ministère des Travaux publics et des Services gouvernementaux (SPAC)","11 Laurier St, Phase III, Place du Portage","11, rue Laurier, Phase III, Place du Portage","Gatineau","Gatineau","Quebec","Québec","K1A 0S5","Canada","Canada","Department of National Defence (DND) / Canadian Coast Guard (CCG)"," Garde côtière canadienne (GCC) /  Ministère de la Défense nationale (MDN)"," / "," / ","101 Colonel By Dr,Ottawa,Ontario,K1A0K2,Canada / 200 Kent St. Station 13E228,Ottawa,Ontario,K1A0E6,Canada","200, rue Kent, Station 13E228,Ottawa,Ontario,K1A0E6,Canada / 101, promenade Colonel By,Ottawa,Ontario,K1A0K2,Canada","Wolszczan, Caroline (SPAC/PSPC)","caroline.wolszczan@tpsgc-pwgsc.gc.ca","","","","","","","","","","","","","",""
"W3371-255138-006-HL Shipping Consultants Associated","W3371-255138-006-HL Shipping Consultants Associated","CW2463837","000","WS4926221653","WS4926221653","CW2463837","3","2026-08-25","2026-08-24","","2026-09-01","2027-08-31","1683649.64","2697225.65","CAD","Active","Actif","Standing Offer","Offre à commandes","Original","Original","","","","*15101504
*15101509","*Aviation fuel
*Marine fuel","*Carburants d'aviation
*Carburant marin","*GD","Request for Standing Offer","Demande d’offre à commandes","Competitive - Open bidding","Concurrentielle - Invitation ouverte à soumissionner","Lowest Price","Prix le plus bas","None","Aucune","*Canada-UK Trade Continuity Agreement (Canada-UK TCA)
*Canadian Free Trade Agreement (CFTA)
*Canada-Chile Free Trade Agreement (CCFTA)
*Canada-Colombia Free Trade Agreement
*Canada-European Union Comprehensive Economic and Trade Agreement (CETA)
*Canada-Honduras Free Trade Agreement
*World Trade Organization Agreement on Government Procurement (WTO GPA)
*Canada-Peru Free Trade Agreement (CPFTA)
*Canada-Korea Free Trade Agreement (CKFTA)
*Canada-Ukraine Free Trade Agreement (CUFTA)
*North American Free Trade Agreement (NAFTA)
*Comprehensive and Progressive Agreement for Trans-Pacific Partnership (CPTPP)
*Canada-Panama Free Trade Agreement","*Accord de continuité commerciale Canada–Royaume-Uni (ACC Canada-Royaume-Uni)
*Accord de libre-échange canadien (ALEC)
*Accord de libre-échange Canada-Chili (ALECC)
*Accord de libre-échange Canada-Colombie
*Accord économique et commercial global (AECG) entre le Canada et l’Union européenne (UE)
*Accord de libre-échange Canada-Honduras
*Accord sur les marchés publics de l'Organisation mondiale du commerce (AMP-OMC)
*Accord de libre-échange Canada-Pérou (ALECP)
*Accord de libre-échange Canada-Corée
*Accord de libre-échange Canada-Ukraine (ALECU)
*Accord de libre-échange nord-américain (ALENA)
*Accord de Partenariat transpacifique global et progressiste (PTPGP)
*Accord de libre-échange Canada-Panama","*New Zealand
*Colombia
*Australia
*Iceland
*Brazil
*Peru
*Uruguay","*Nouvelle-Zélande
*Colombie
*Australie
*Islande
*Brésil
*Pérou
*Uruguay","S.C.A.-Shipping Consultants Associated Ltd.","S.C.A.-Shipping Consultants Associated Ltd.","","","","","23","23","25 Military Road","25 Military Road","CHATHAM","CHATHAM","Kent","Kent","ME4 4JG","GB","GB","Department of Public Works and Government Services (PSPC)"," Ministère des Travaux publics et des Services gouvernementaux (SPAC)","11 Laurier St, Phase III, Place du Portage","11, rue Laurier, Phase III, Place du Portage","Gatineau","Gatineau","Quebec","Québec","K1A 0S5","Canada","Canada","Department of National Defence (DND) / Canadian Coast Guard (CCG)"," Ministère de la Défense nationale (MDN) /  Garde côtière canadienne (GCC)"," / "," / ","101 Colonel By Dr,Ottawa,Ontario,K1A0K2,Canada / 200 Kent St. Station 13E228,Ottawa,Ontario,K1A0E6,Canada","101, promenade Colonel By,Ottawa,Ontario,K1A0K2,Canada / 200, rue Kent, Station 13E228,Ottawa,Ontario,K1A0E6,Canada","Wolszczan, Caroline (SPAC/PSPC)","caroline.wolszczan@tpsgc-pwgsc.gc.ca","","","","","","","","","","","","","",""
"W3371-255138-004-HL MSLUSA CORP","W3371-255138-004-HL MSLUSA CORP","CW2463830","000","WS4926221653","WS4926221653","CW2463830","2","2026-08-25","2026-08-24","","2026-09-01","2027-08-31","513197.69","522516.99","CAD","Active","Actif","Standing Offer","Offre à commandes","Original","Original","","","","*15101504
*15101509","*Aviation fuel
*Marine fuel","*Carburants d'aviation
*Carburant marin","*GD","Request for Standing Offer","Demande d’offre à commandes","Competitive - Open bidding","Concurrentielle - Invitation ouverte à soumissionner","Lowest Price","Prix le plus bas","None","Aucune","*Canada-European Union Comprehensive Economic and Trade Agreement (CETA)
*World Trade Organization Agreement on Government Procurement (WTO GPA)
*Canada-Chile Free Trade Agreement (CCFTA)
*Canadian Free Trade Agreement (CFTA)
*North American Free Trade Agreement (NAFTA)
*Canada-Honduras Free Trade Agreement
*Canada-Korea Free Trade Agreement (CKFTA)
*Canada-Colombia Free Trade Agreement
*Canada-Panama Free Trade Agreement
*Canada-Ukraine Free Trade Agreement (CUFTA)
*Canada-UK Trade Continuity Agreement (Canada-UK TCA)
*Canada-Peru Free Trade Agreement (CPFTA)
*Comprehensive and Progressive Agreement for Trans-Pacific Partnership (CPTPP)","*Accord économique et commercial global (AECG) entre le Canada et l’Union européenne (UE)
*Accord sur les marchés publics de l'Organisation mondiale du commerce (AMP-OMC)
*Accord de libre-échange Canada-Chili (ALECC)
*Accord de libre-échange canadien (ALEC)
*Accord de libre-échange nord-américain (ALENA)
*Accord de libre-échange Canada-Honduras
*Accord de libre-échange Canada-Corée
*Accord de libre-échange Canada-Colombie
*Accord de libre-échange Canada-Panama
*Accord de libre-échange Canada-Ukraine (ALECU)
*Accord de continuité commerciale Canada–Royaume-Uni (ACC Canada-Royaume-Uni)
*Accord de libre-échange Canada-Pérou (ALECP)
*Accord de Partenariat transpacifique global et progressiste (PTPGP)","*Côte d’Ivoire
*Chile
*Bulgaria
*Argentina
*Sri Lanka
*Iceland
*Senegal
*Israel","*Côte d’Ivoire
*Chili
*Bulgarie
*Argentine
*Sri Lanka
*Islande
*Sénégal
*Israël","MLSUSA Corp.","MLSUSA Corp.","","","","","","","10 Ramonas Way","10 Ramonas Way","East Longmeadow","East Longmeadow","Massachusetts","Massachusetts","01028-2687","US","US","Department of Public Works and Government Services (PSPC)"," Ministère des Travaux publics et des Services gouvernementaux (SPAC)","11 Laurier St, Phase III, Place du Portage","11, rue Laurier, Phase III, Place du Portage","Gatineau","Gatineau","Quebec","Québec","K1A 0S5","Canada","Canada","Department of National Defence (DND) / Canadian Coast Guard (CCG)"," Ministère de la Défense nationale (MDN) /  Garde côtière canadienne (GCC)"," / "," / ","101 Colonel By Dr,Ottawa,Ontario,K1A0K2,Canada / 200 Kent St. Station 13E228,Ottawa,Ontario,K1A0E6,Canada","101, promenade Colonel By,Ottawa,Ontario,K1A0K2,Canada / 200, rue Kent, Station 13E228,Ottawa,Ontario,K1A0E6,Canada","Wolszczan, Caroline (SPAC/PSPC)","caroline.wolszczan@tpsgc-pwgsc.gc.ca","","","","","","","","","","","","","",""
"W3371-255138-001-HL Black Bull Logistics","W3371-255138-001-HL Black Bull Logistics","CW2463713","000","WS4926221653","WS4926221653","CW2463713","2","2026-08-26","2026-08-26","","2026-09-01","2027-08-31","35383.51","305271.41","CAD","Active","Actif","Standing Offer","Offre à commandes","Original","Original","","","","*15101504
*15101509","*Aviation fuel
*Marine fuel","*Carburants d'aviation
*Carburant marin","*GD","Request for Standing Offer","Demande d’offre à commandes","Competitive - Open bidding","Concurrentielle - Invitation ouverte à soumissionner","Lowest Price","Prix le plus bas","None","Aucune","*Canadian Free Trade Agreement (CFTA)
*Canada-Colombia Free Trade Agreement
*Canada-Chile Free Trade Agreement (CCFTA)
*Canada-Honduras Free Trade Agreement
*Canada-Peru Free Trade Agreement (CPFTA)
*World Trade Organization Agreement on Government Procurement (WTO GPA)
*Canada-European Union Comprehensive Economic and Trade Agreement (CETA)
*Canada-Korea Free Trade Agreement (CKFTA)
*North American Free Trade Agreement (NAFTA)
*Canada-Ukraine Free Trade Agreement (CUFTA)
*Canada-Panama Free Trade Agreement
*Canada-UK Trade Continuity Agreement (Canada-UK TCA)
*Comprehensive and Progressive Agreement for Trans-Pacific Partnership (CPTPP)","*Accord de libre-échange canadien (ALEC)
*Accord de libre-échange Canada-Colombie
*Accord de libre-échange Canada-Chili (ALECC)
*Accord de libre-échange Canada-Honduras
*Accord de libre-échange Canada-Pérou (ALECP)
*Accord sur les marchés publics de l'Organisation mondiale du commerce (AMP-OMC)
*Accord économique et commercial global (AECG) entre le Canada et l’Union européenne (UE)
*Accord de libre-échange Canada-Corée
*Accord de libre-échange nord-américain (ALENA)
*Accord de libre-échange Canada-Ukraine (ALECU)
*Accord de libre-échange Canada-Panama
*Accord de continuité commerciale Canada–Royaume-Uni (ACC Canada-Royaume-Uni)
*Accord de Partenariat transpacifique global et progressiste (PTPGP)","*South Africa","*Afrique du Sud","BLACK BULL LOGISTICS S.L.","BLACK BULL LOGISTICS S.L.","","","","","","","Calle Boabdil 4, Edificio Vega 6, 2ª planta","Calle Boabdil 4, Edificio Vega 6, 2ª planta","Camas","Camas","Sevilla","Sevilla","41900","ES","ES","Department of Public Works and Government Services (PSPC)"," Ministère des Travaux publics et des Services gouvernementaux (SPAC)","11 Laurier St, Phase III, Place du Portage","11, rue Laurier, Phase III, Place du Portage","Gatineau","Gatineau","Quebec","Québec","K1A 0S5","Canada","Canada","Department of National Defence (DND) / Canadian Coast Guard (CCG)"," Ministère de la Défense nationale (MDN) /  Garde côtière canadienne (GCC)"," / "," / ","101 Colonel By Dr,Ottawa,Ontario,K1A0K2,Canada / 200 Kent St. Station 13E228,Ottawa,Ontario,K1A0E6,Canada","101, promenade Colonel By,Ottawa,Ontario,K1A0K2,Canada / 200, rue Kent, Station 13E228,Ottawa,Ontario,K1A0E6,Canada","Wolszczan, Caroline (SPAC/PSPC)","caroline.wolszczan@tpsgc-pwgsc.gc.ca","","","","","","","","","","","","","",""
"E60HL-26K201-001-HL Bulk Coloured Diesel Fuel","E60HL-26K201-001-HL Carburant diesel coloré en vrac","CW2401250","000","WS5133515609","WS5133515609","CW2401250","1","2026-06-03","2026-06-01","","2026-06-01","2026-06-30","1458817.50","1458817.50","CAD","Active","Actif","Contract","Contrat","Original","Original","","","","*15101505","*Diesel fuel","*Diesel","*GD","Request for Proposal","Demande de propositions","Competitive - Open bidding","Concurrentielle - Invitation ouverte à soumissionner","Variations or combinations of the above methods","Variations ou combinaisons des méthodes susmentionnées","None","Aucune","*Canada-Honduras Free Trade Agreement
*Canada-Colombia Free Trade Agreement
*Canadian Free Trade Agreement (CFTA)
*Canada-European Union Comprehensive Economic and Trade Agreement (CETA)
*Comprehensive and Progressive Agreement for Trans-Pacific Partnership (CPTPP)
*North American Free Trade Agreement (NAFTA)
*Canada-Chile Free Trade Agreement (CCFTA)
*World Trade Organization Agreement on Government Procurement (WTO GPA)
*Canada-Korea Free Trade Agreement (CKFTA)
*Canada-Panama Free Trade Agreement
*Canada-Ukraine Free Trade Agreement (CUFTA)
*Canada-UK Trade Continuity Agreement (Canada-UK TCA)
*Canada-Peru Free Trade Agreement (CPFTA)","*Accord de libre-échange Canada-Honduras
*Accord de libre-échange Canada-Colombie
*Accord de libre-échange canadien (ALEC)
*Accord économique et commercial global (AECG) entre le Canada et l’Union européenne (UE)
*Accord de Partenariat transpacifique global et progressiste (PTPGP)
*Accord de libre-échange nord-américain (ALENA)
*Accord de libre-échange Canada-Chili (ALECC)
*Accord sur les marchés publics de l'Organisation mondiale du commerce (AMP-OMC)
*Accord de libre-échange Canada-Corée
*Accord de libre-échange Canada-Panama
*Accord de libre-échange Canada-Ukraine (ALECU)
*Accord de continuité commerciale Canada–Royaume-Uni (ACC Canada-Royaume-Uni)
*Accord de libre-échange Canada-Pérou (ALECP)","*Quebec (except NCR)","*Québec (sauf RCN)","Groupe Énergie BDL Inc","Groupe Énergie BDL Inc","","","","","","","10390 boul Louis-H.-la Fontaine","10390 boul Louis-H.-la Fontaine","Anjou","Anjou","Québec","Québec","H1J 2T3","CA","CA","Department of Public Works and Government Services (PSPC)"," Ministère des Travaux publics et des Services gouvernementaux (SPAC)","11 Laurier St, Phase III, Place du Portage","11, rue Laurier, Phase III, Place du Portage","Gatineau","Gatineau","Quebec","Québec","K1A 0S5","Canada","Canada","Department of the Environment (ECCC ) / Department of National Defence (DND)"," Ministère de l’Environnement (ECCC) /  Ministère de la Défense nationale (MDN)"," / "," / ","200 Boulevard Sacré-Coeur,Gatineau,Quebec,J8X4C6,Canada / 101 Colonel By Dr,Ottawa,Ontario,K1A0K2,Canada","200, boulevard Sacré-Coeur,Gatineau,Quebec,J8X4C6,Canada / 101, promenade Colonel By,Ottawa,Ontario,K1A0K2,Canada","O'Neill, Erin (SPAC/PSPC) (elle-la / she-her)","erin.oneill@tpsgc-pwgsc.gc.ca","","","","","","","","","","","","","Diesel fuel delivered DDP Port of Quebec City:
  
  Bulk Colored Diesel Fuel (B0) in accordance with CAN/CGSB 3.517-2025 (Latest Issue), Type A (P-50), Maximum Operability Cloud Point -43°C; Except minimum Flash Point of 43°C. Additive is permitted should it be required to obtain the fuel specification. 
  The total quantity of fuel is to be delivered by tank wagon to the port of Quebec City, Quebec, and load
in onto a Canadian Coast Guard vessel CCGS Des Groseilliers for furtherance to Eureka, NU. Delivery is tentatively scheduled between June 7 and 17, 2026. 
 Quantity: 650,000 litres (Item 1), 90,000 litres (Item 2)
  
  The following Comprehensive Land Claim Agreement applies to this procurement: 
  Nunavut Land Claim Agreement (NLCA) for deliveries to* Eureka, Nunavut 
  *where ""deliveries to"" means goods delivered to, and services performed in.","Le carburant diesel livré rendu droits acquittés au port de la ville de Québec (Québec) : Carburant diesel coloré en vrac (B0) en conformité avec la norme Carburant diesel CAN/CGSB-3.517-2025 (dernière version), le type A (P-50). Température maximale de service – point de trouble -43°C; sauf point d’éclair d’un minimum de 43°C. Il est permis d'additifs devrait-il être requis pour obtenir les spécifications du carburant. La quantité totale de carburant doit être livrée par camion-citerne au port de la ville de Québec (Québec), et chargé dans un navire de la Garde Côtière Canadienne MGCC Des Groseilliers pour acheminement ultérieur à Eureka (Nunavut). La livraison est prévue provisoirement prévue entre le 7 et le 17 juin 2026. Quantité : 650,000 litres (article 1), 90,000 litres (article 2) L’Entente sur les revendications territoriales globales (ERTG) suivante s’applique : Entente sur les revendications territoriales des Inuit du Nunavut(ERTIN) pour livraisons* à Eureka, Nunavut où « livraisons à » signifie « biens livrés à, et services rendus dans »."
"E60HL-250020-021-HL - Irving Energy Inc.","E60HL-250020-021-HL - Irving Energy Inc.","CW2458035","000","WS5122680510","WS5122680510","CW2458035","1","2026-06-26","2026-06-26","","2026-07-01","2027-08-31","36959560.34","36959560.34","CAD","Active","Actif","Standing Offer","Offre à commandes","Original","Original","","","","*15101505
*15101506
*15101513
*15101701
*15101801
*15101802
*83101602","*Diesel fuel
*Gasoline or Petrol
*Diesel fuel off road
*#2 Heating fuel oil
*Biodiesel
*Ethanol
*Supply of fuel oil","*Diesel
*Essence ou super
*Carburant diesel utilisé hors route
*Mazout de chauffage n°2
*Biodiesel
*Éthanol
*Distribution de fioul","*GD","Request for Standing Offer","Demande d’offre à commandes","Competitive - Open bidding","Concurrentielle - Invitation ouverte à soumissionner","Lowest Price","Prix le plus bas","None","Aucune","*Canadian Free Trade Agreement (CFTA)
*World Trade Organization Agreement on Government Procurement (WTO GPA)
*Canada-Chile Free Trade Agreement (CCFTA)
*Canada-Honduras Free Trade Agreement
*Canada-Panama Free Trade Agreement
*Canada-Korea Free Trade Agreement (CKFTA)
*Canada-UK Trade Continuity Agreement (Canada-UK TCA)
*Canada-Ukraine Free Trade Agreement (CUFTA)
*Canada-Colombia Free Trade Agreement
*Canada-European Union Comprehensive Economic and Trade Agreement (CETA)
*Canada-Peru Free Trade Agreement (CPFTA)
*Comprehensive and Progressive Agreement for Trans-Pacific Partnership (CPTPP)","*Accord de libre-échange canadien (ALEC)
*Accord sur les marchés publics de l'Organisation mondiale du commerce (AMP-OMC)
*Accord de libre-échange Canada-Chili (ALECC)
*Accord de libre-échange Canada-Honduras
*Accord de libre-échange Canada-Panama
*Accord de libre-échange Canada-Corée
*Accord de continuité commerciale Canada–Royaume-Uni (ACC Canada-Royaume-Uni)
*Accord de libre-échange Canada-Ukraine (ALECU)
*Accord de libre-échange Canada-Colombie
*Accord économique et commercial global (AECG) entre le Canada et l’Union européenne (UE)
*Accord de libre-échange Canada-Pérou (ALECP)
*Accord de Partenariat transpacifique global et progressiste (PTPGP)","*Alberta
*Ontario (except NCR)
*New Brunswick
*British Columbia
*Northwest Territories
*Saskatchewan
*Nova Scotia
*Manitoba
*Quebec (except NCR)
*National Capital Region (NCR)
*Yukon
*Newfoundland and Labrador
*Prince Edward Island","*Alberta
*Ontario (sauf RCN)
*Nouveau-Brunswick
*Colombie-Britannique
*Territoires du Nord-Ouest
*Saskatchewan
*Nouvelle-Écosse
*Manitoba
*Québec (sauf RCN)
*Région de la capitale nationale (RCN)
*Yukon
*Terre-Neuve-et-Labrador
*Île-du-Prince-Édouard","Irving Energy Inc.","Irving Energy Inc.","","","","","4000","4000","10 King Sq S","10 King Sq S","Saint John","Saint John","New Brunswick","New Brunswick","E2L 0G3","CA","CA","Department of Public Works and Government Services (PSPC)"," Ministère des Travaux publics et des Services gouvernementaux (SPAC)","11 Laurier St, Phase III, Place du Portage","11, rue Laurier, Phase III, Place du Portage","Gatineau","Gatineau","Quebec","Québec","K1A 0S5","Canada","Canada","Department of Public Works and Government Services (PSPC)"," Ministère des Travaux publics et des Services gouvernementaux (SPAC)","","","11 Laurier St, Phase III, Place du Portage,Gatineau,Quebec,K1A 0S5,Canada","11, rue Laurier, Phase III, Place du Portage,Gatineau,Québec,K1A 0S5,Canada","Lacelle, Ann (SPAC/PSPC)","ann.lacelle@tpsgc-pwgsc.gc.ca","","","","","","","","","","","","","National Master Standing Offers (NMSO) for Diesel Fuel, Automotive Gasoline, and Heating Fuel Oil in accordance with Canadian General Standards Board standards, as applicable.  Delivery to various locations in Canada on an as-and-when-requested basis from September 1, 2025 up to and including August 31, 2027.","Offre à commandes national et principale (OCPN) pour du carburant diesel, essence automobile, et de mazout de chauffage conformément aux normes de l'Office des normes générales du Canada, s'il ya lieu.  Livraison à divers emplacements au Canada, sur demande, du 1er Septembre 2025 jusqu'au 31 août 2027, inclusivement."
"E60HL-250020-022-HL - West Nova Fuels Ltd","E60HL-250020-022-HL - West Nova Fuels Ltd.","CW2458039","000","WS5122680510","WS5122680510","CW2458039","1","2026-06-26","2026-06-26","","2026-07-01","2027-08-31","2950512.53","2950512.53","CAD","Active","Actif","Standing Offer","Offre à commandes","Original","Original","","","","*15101505
*15101506
*15101513
*15101701
*15101801
*15101802
*83101602","*Diesel fuel
*Gasoline or Petrol
*Diesel fuel off road
*#2 Heating fuel oil
*Biodiesel
*Ethanol
*Supply of fuel oil","*Diesel
*Essence ou super
*Carburant diesel utilisé hors route
*Mazout de chauffage n°2
*Biodiesel
*Éthanol
*Distribution de fioul","*GD","Request for Standing Offer","Demande d’offre à commandes","Competitive - Open bidding","Concurrentielle - Invitation ouverte à soumissionner","Lowest Price","Prix le plus bas","None","Aucune","*Canadian Free Trade Agreement (CFTA)
*Canada-Honduras Free Trade Agreement
*Canada-Colombia Free Trade Agreement
*Canada-Panama Free Trade Agreement
*Canada-Chile Free Trade Agreement (CCFTA)
*Canada-Korea Free Trade Agreement (CKFTA)
*Canada-European Union Comprehensive Economic and Trade Agreement (CETA)
*Canada-UK Trade Continuity Agreement (Canada-UK TCA)
*World Trade Organization Agreement on Government Procurement (WTO GPA)
*Comprehensive and Progressive Agreement for Trans-Pacific Partnership (CPTPP)
*Canada-Peru Free Trade Agreement (CPFTA)
*Canada-Ukraine Free Trade Agreement (CUFTA)","*Accord de libre-échange canadien (ALEC)
*Accord de libre-échange Canada-Honduras
*Accord de libre-échange Canada-Colombie
*Accord de libre-échange Canada-Panama
*Accord de libre-échange Canada-Chili (ALECC)
*Accord de libre-échange Canada-Corée
*Accord économique et commercial global (AECG) entre le Canada et l’Union européenne (UE)
*Accord de continuité commerciale Canada–Royaume-Uni (ACC Canada-Royaume-Uni)
*Accord sur les marchés publics de l'Organisation mondiale du commerce (AMP-OMC)
*Accord de Partenariat transpacifique global et progressiste (PTPGP)
*Accord de libre-échange Canada-Pérou (ALECP)
*Accord de libre-échange Canada-Ukraine (ALECU)","*Alberta
*Ontario (except NCR)
*New Brunswick
*National Capital Region (NCR)
*British Columbia
*Yukon
*Nova Scotia
*Northwest Territories
*Manitoba
*Quebec (except NCR)
*Newfoundland and Labrador
*Saskatchewan
*Prince Edward Island","*Alberta
*Ontario (sauf RCN)
*Nouveau-Brunswick
*Région de la capitale nationale (RCN)
*Colombie-Britannique
*Yukon
*Nouvelle-Écosse
*Territoires du Nord-Ouest
*Manitoba
*Québec (sauf RCN)
*Terre-Neuve-et-Labrador
*Saskatchewan
*Île-du-Prince-Édouard","West Nova Fuels Limited","West Nova Fuels Limited","","","Superline Fuels","Superline Fuels","","","73 Falkland Street","73 Falkland Street","Lunenburg","Lunenburg","Nova Scotia","Nova Scotia","B0J 2C0","CA","CA","Department of Public Works and Government Services (PSPC)"," Ministère des Travaux publics et des Services gouvernementaux (SPAC)","11 Laurier St, Phase III, Place du Portage","11, rue Laurier, Phase III, Place du Portage","Gatineau","Gatineau","Quebec","Québec","K1A 0S5","Canada","Canada","Department of Public Works and Government Services (PSPC)"," Ministère des Travaux publics et des Services gouvernementaux (SPAC)","","","11 Laurier St, Phase III, Place du Portage,Gatineau,Quebec,K1A 0S5,Canada","11, rue Laurier, Phase III, Place du Portage,Gatineau,Québec,K1A 0S5,Canada","Lacelle, Ann (SPAC/PSPC)","ann.lacelle@tpsgc-pwgsc.gc.ca","","","","","","","","","","","","","National Master Standing Offers (NMSO) for Diesel Fuel, Automotive Gasoline, and Heating Fuel Oil in accordance with Canadian General Standards Board standards, as applicable.  Delivery to various locations in Canada on an as-and-when-requested basis from September 1, 2025 up to and including August 31, 2027.","Offre à commandes national et principale (OCPN) pour du carburant diesel, essence automobile, et de mazout de chauffage conformément aux normes de l'Office des normes générales du Canada, s'il ya lieu.  Livraison à divers emplacements au Canada, sur demande, du 1er Septembre 2025 jusqu'au 31 août 2027, inclusivement."
"E60HL-260015-002-HL Arctic Naval Distillate Fuel","E60HL-260015-002-HL Mazout léger marin pour l'arctique","CW2458950","000","WS5671059395","WS5671059395","CW2458950","2","2026-07-06","2026-07-06","","2026-07-06","2026-11-30","16201458.00","23524714.50","CAD","Active","Actif","Contract","Contrat","Original","Original","","","","*15101509","*Marine fuel","*Carburant marin","*GD","Request for Proposal","Demande de propositions","Competitive - Open bidding","Concurrentielle - Invitation ouverte à soumissionner","Variations or combinations of the above methods","Variations ou combinaisons des méthodes susmentionnées","None","Aucune","*Canada-Colombia Free Trade Agreement
*World Trade Organization Agreement on Government Procurement (WTO GPA)
*Canada-Chile Free Trade Agreement (CCFTA)
*Canadian Free Trade Agreement (CFTA)
*Canada-European Union Comprehensive Economic and Trade Agreement (CETA)
*Canada-Honduras Free Trade Agreement
*Canada-Korea Free Trade Agreement (CKFTA)
*Canada-Peru Free Trade Agreement (CPFTA)
*Canada-Panama Free Trade Agreement
*Canada-Ukraine Free Trade Agreement (CUFTA)
*Canada-UK Trade Continuity Agreement (Canada-UK TCA)
*Comprehensive and Progressive Agreement for Trans-Pacific Partnership (CPTPP)","*Accord de libre-échange Canada-Colombie
*Accord sur les marchés publics de l'Organisation mondiale du commerce (AMP-OMC)
*Accord de libre-échange Canada-Chili (ALECC)
*Accord de libre-échange canadien (ALEC)
*Accord économique et commercial global (AECG) entre le Canada et l’Union européenne (UE)
*Accord de libre-échange Canada-Honduras
*Accord de libre-échange Canada-Corée
*Accord de libre-échange Canada-Pérou (ALECP)
*Accord de libre-échange Canada-Panama
*Accord de libre-échange Canada-Ukraine (ALECU)
*Accord de continuité commerciale Canada–Royaume-Uni (ACC Canada-Royaume-Uni)
*Accord de Partenariat transpacifique global et progressiste (PTPGP)","*Nunavut Territory","*Territoire du Nunavut","Unioil Supply A/S, Glander international Bunkering (Montreal) Ltd. in Joint venture","Unioil Supply A/S, Glander international Bunkering (Montreal) Ltd. in Joint venture","","","","","","","Oestre Havnegade 16","Oestre Havnegade 16","Aalborg","Aalborg","Nordjylland","Nordjylland","9000","DK","DK","Department of Public Works and Government Services (PSPC)"," Ministère des Travaux publics et des Services gouvernementaux (SPAC)","11 Laurier St, Phase III, Place du Portage","11, rue Laurier, Phase III, Place du Portage","Gatineau","Gatineau","Quebec","Québec","K1A 0S5","Canada","Canada","Canadian Coast Guard (CCG)"," Garde côtière canadienne (GCC)","","","200 Kent St. Station 13E228,Ottawa,Ontario,K1A0E6,Canada","200, rue Kent, Station 13E228,Ottawa,Ontario,K1A0E6,Canada","MacLeod, Bobbi (SPAC/PSPC)","bobbi.macleod@tpsgc-pwgsc.gc.ca","","","","","","","","","","","","","This Canadian Coast Guard requirement is for the supply of a total potential quantity of 5,450,000 litres of Naval Distillate Fuel as follows: a total firm quantity of 4,200,000 litres and a total optional quantity of 1,250,000 litres.

The product is required between August 23 and October 2, 2026 over six deliveries via ship to ship at several locations in the Arctic.","Cette exigence de la Garde côtière canadienne est pour la fourniture d'une quantité potentielle totale de 5 450 000 litres de Mazout léger marin comme suit: une quantité ferme totale de 4 200 000 litres et une quantité totale optionnelle de 1 250 000 litres.

Le produit est requis entre le 23 août et le 2 octobre, 2026 sur six livraisons par l'intermédiaire de navire à navire à plusieurs endroits dans l'Arctique."
"W307B-27A005-001-HL Arctic Naval Distillate Fuel","W307B-27A005-001-HL Mazout léger marin pour l'Arctique","CW2460603","000","WS5792428677","WS5792428677","CW2460603","1","2026-07-31","2026-07-31","","2026-07-31","2026-11-30","1341963.00","1341963.00","CAD","Active","Actif","Contract","Contrat","Original","Original","","","","*15101509","*Marine fuel","*Carburant marin","*GD","Request for Proposal","Demande de propositions","Competitive - Open bidding","Concurrentielle - Invitation ouverte à soumissionner","Variations or combinations of the above methods","Variations ou combinaisons des méthodes susmentionnées","None","Aucune","*Canada-Honduras Free Trade Agreement
*Canada-Chile Free Trade Agreement (CCFTA)
*Canada-Colombia Free Trade Agreement
*Canadian Free Trade Agreement (CFTA)
*Canada-Panama Free Trade Agreement
*Canada-European Union Comprehensive Economic and Trade Agreement (CETA)
*World Trade Organization Agreement on Government Procurement (WTO GPA)
*Canada-Korea Free Trade Agreement (CKFTA)
*Comprehensive and Progressive Agreement for Trans-Pacific Partnership (CPTPP)
*Canada-Peru Free Trade Agreement (CPFTA)
*Canada-Ukraine Free Trade Agreement (CUFTA)
*Canada-UK Trade Continuity Agreement (Canada-UK TCA)","*Accord de libre-échange Canada-Honduras
*Accord de libre-échange Canada-Chili (ALECC)
*Accord de libre-échange Canada-Colombie
*Accord de libre-échange canadien (ALEC)
*Accord de libre-échange Canada-Panama
*Accord économique et commercial global (AECG) entre le Canada et l’Union européenne (UE)
*Accord sur les marchés publics de l'Organisation mondiale du commerce (AMP-OMC)
*Accord de libre-échange Canada-Corée
*Accord de Partenariat transpacifique global et progressiste (PTPGP)
*Accord de libre-échange Canada-Pérou (ALECP)
*Accord de libre-échange Canada-Ukraine (ALECU)
*Accord de continuité commerciale Canada–Royaume-Uni (ACC Canada-Royaume-Uni)","*Nunavut Territory
*Cambridge Bay","*Territoire du Nunavut
*Cambridge Bay","Unioil Supply A/S, Soutage Glander International (Montréal) Ltée / Glander International Bunkering (Montréal) Ltd., IN JOINT VENTURE","Unioil Supply A/S, Soutage Glander International (Montréal) Ltée / Glander International Bunkering (Montréal) Ltd., IN JOINT VENTURE","","","","","","","Oestre Havnegade 16","Oestre Havnegade 16","Aalborg","Aalborg","Nordjylland","Nordjylland","9000","DK","DK","Department of Public Works and Government Services (PSPC)"," Ministère des Travaux publics et des Services gouvernementaux (SPAC)","11 Laurier St, Phase III, Place du Portage","11, rue Laurier, Phase III, Place du Portage","Gatineau","Gatineau","Quebec","Québec","K1A 0S5","Canada","Canada","Department of National Defence (DND)"," Ministère de la Défense nationale (MDN)","","","101 Colonel By Dr,Ottawa,Ontario,K1A0K2,Canada","101, promenade Colonel By,Ottawa,Ontario,K1A0K2,Canada","Hiltz, Jackson (SPAC/PSPC)","jackson.hiltz@tpsgc-pwgsc.gc.ca","","","","","","","","","","","","","This Department of National Defence requirement is for the supply of 350,000 litres of Naval Distillate Fuel, Type 11, in accordance with CGSB Standard 3.11-2022 (latest issue)","Cette exigence du ministère de la Défense nationale est pour la fourniture de 350 000 litres de Mazout léger marin, Type 11, conforme à la norme CGSB-3.11-2022 (dernière édition)."
"E60HL-260015-001-HL Arctic Naval Distillate Fuel","E60HL-260015-001-HL Mazout léger marin pour l'arctique","CW2451413","000","WS5671059395","WS5671059395","CW2451413","3","2026-06-25","2026-06-25","","2025-06-25","2026-11-30","9570960.00","8851179.98","CAD","Active","Actif","Contract","Contrat","Original","Original","","","","*15101509","*Marine fuel","*Carburant marin","*GD","Request for Proposal","Demande de propositions","Competitive - Open bidding","Concurrentielle - Invitation ouverte à soumissionner","Variations or combinations of the above methods","Variations ou combinaisons des méthodes susmentionnées","None","Aucune","*Canadian Free Trade Agreement (CFTA)
*Canada-Panama Free Trade Agreement
*Canada-Chile Free Trade Agreement (CCFTA)
*Canada-Colombia Free Trade Agreement
*Canada-Honduras Free Trade Agreement
*Comprehensive and Progressive Agreement for Trans-Pacific Partnership (CPTPP)
*Canada-European Union Comprehensive Economic and Trade Agreement (CETA)
*Canada-Peru Free Trade Agreement (CPFTA)
*Canada-Ukraine Free Trade Agreement (CUFTA)
*World Trade Organization Agreement on Government Procurement (WTO GPA)
*Canada-Korea Free Trade Agreement (CKFTA)
*Canada-UK Trade Continuity Agreement (Canada-UK TCA)","*Accord de libre-échange canadien (ALEC)
*Accord de libre-échange Canada-Panama
*Accord de libre-échange Canada-Chili (ALECC)
*Accord de libre-échange Canada-Colombie
*Accord de libre-échange Canada-Honduras
*Accord de Partenariat transpacifique global et progressiste (PTPGP)
*Accord économique et commercial global (AECG) entre le Canada et l’Union européenne (UE)
*Accord de libre-échange Canada-Pérou (ALECP)
*Accord de libre-échange Canada-Ukraine (ALECU)
*Accord sur les marchés publics de l'Organisation mondiale du commerce (AMP-OMC)
*Accord de libre-échange Canada-Corée
*Accord de continuité commerciale Canada–Royaume-Uni (ACC Canada-Royaume-Uni)","*Nunavut Territory","*Territoire du Nunavut","AV Nunavut Fuels Inc.","AV Nunavut Fuels Inc.","","","","","","","234 Manirak Street 
P.O. Box 732","234 Manirak Street 
P.O. Box 732","Rankin Inlet","Rankin Inlet","Nunavut","Nunavut","X0C 0G0","CA","CA","Department of Public Works and Government Services (PSPC)"," Ministère des Travaux publics et des Services gouvernementaux (SPAC)","11 Laurier St, Phase III, Place du Portage","11, rue Laurier, Phase III, Place du Portage","Gatineau","Gatineau","Quebec","Québec","K1A 0S5","Canada","Canada","Canadian Coast Guard (CCG)"," Garde côtière canadienne (GCC)","","","200 Kent St. Station 13E228,Ottawa,Ontario,K1A0E6,Canada","200, rue Kent, Station 13E228,Ottawa,Ontario,K1A0E6,Canada","MacLeod, Bobbi (SPAC/PSPC)","bobbi.macleod@tpsgc-pwgsc.gc.ca","","","","","","","","","","","","","This Canadian Coast Guard requirement is for the supply of a total potential quantity of 4,500,000 litres of Naval Distillate Fuel as follows: a total firm quantity of 4,000,000 litres and a total optional quantity of 500,000 litres.

The product is required between July 27 and November 1, 2026 over seven deliveries via ship to ship at several locations in the Arctic.","Cette exigence de la Garde côtière canadienne est pour la fourniture d'une quantité potentielle totale de 4 000 000 litres de Mazout léger marin comme suit: une quantité ferme totale de 4 500 000 litres et une quantité totale optionnelle de 500 000 litres.

Le produit est requis entre le 27 juillet et le 1 novembre, 2026 sur sept livraisons par l'intermédiaire de navire à navire à plusieurs endroits dans l'Arctique."
"W3371-26001 Urgent fuel to HMCS Regina in Philippines","W3371-26001 Carburant urgent pour HMCS Regina aux Philippines","CW2468585","000","WS5881015982","WS5881015982","CW2468585","1","2026-09-16","2026-09-13","","2026-09-13","2026-09-19","1234731.68","1234731.68","CAD","Active","Actif","Contract","Contrat","Original","Original","","","","*15101509","*Marine fuel","*Carburant marin","*GD","Request for Proposal","Demande de propositions","Non-competitive","Non concurrentielle","Lowest Price","Prix le plus bas","Extreme Urgency","Extrême urgence","*World Trade Organization Agreement on Government Procurement (WTO GPA)
*Canada-Colombia Free Trade Agreement
*Canada-Panama Free Trade Agreement
*Canadian Free Trade Agreement (CFTA)
*Canada-Honduras Free Trade Agreement
*Canada-Peru Free Trade Agreement (CPFTA)
*Canada-UK Trade Continuity Agreement (Canada-UK TCA)
*Canada-Chile Free Trade Agreement (CCFTA)
*Canada-Korea Free Trade Agreement (CKFTA)
*Canada-European Union Comprehensive Economic and Trade Agreement (CETA)
*Canada-Ukraine Free Trade Agreement (CUFTA)
*North American Free Trade Agreement (NAFTA)
*Comprehensive and Progressive Agreement for Trans-Pacific Partnership (CPTPP)","*Accord sur les marchés publics de l'Organisation mondiale du commerce (AMP-OMC)
*Accord de libre-échange Canada-Colombie
*Accord de libre-échange Canada-Panama
*Accord de libre-échange canadien (ALEC)
*Accord de libre-échange Canada-Honduras
*Accord de libre-échange Canada-Pérou (ALECP)
*Accord de continuité commerciale Canada–Royaume-Uni (ACC Canada-Royaume-Uni)
*Accord de libre-échange Canada-Chili (ALECC)
*Accord de libre-échange Canada-Corée
*Accord économique et commercial global (AECG) entre le Canada et l’Union européenne (UE)
*Accord de libre-échange Canada-Ukraine (ALECU)
*Accord de libre-échange nord-américain (ALENA)
*Accord de Partenariat transpacifique global et progressiste (PTPGP)","*Philippines","*Philippines","S.C.A.-Shipping Consultants Associated Ltd.","S.C.A.-Shipping Consultants Associated Ltd.","","","","","23","23","25 Military Road","25 Military Road","CHATHAM","CHATHAM","Kent","Kent","ME4 4JG","GB","GB","Department of Public Works and Government Services (PSPC)"," Ministère des Travaux publics et des Services gouvernementaux (SPAC)","11 Laurier St, Phase III, Place du Portage","11, rue Laurier, Phase III, Place du Portage","Gatineau","Gatineau","Quebec","Québec","K1A 0S5","Canada","Canada","Department of National Defence (DND)"," Ministère de la Défense nationale (MDN)","","","101 Colonel By Dr,Ottawa,Ontario,K1A0K2,Canada","101, promenade Colonel By,Ottawa,Ontario,K1A0K2,Canada","Wolszczan, Caroline (SPAC/PSPC)","caroline.wolszczan@tpsgc-pwgsc.gc.ca","","","","","","","","","","","","","",""
"5P420-250191 Propane Supply, Tank Replacement and Tank Refurbishment","5P420-250191 Approvisionnement en propane, remplacement et remise en état de réservoirs","CW2456486","000","WS5434839938","WS5434839938","CW2456486","1","2026-09-08","2026-09-01","","2026-09-01","2029-03-31","0.00","0.00","CAD","Active","Actif","Standing Offer","Offre à commandes","Original","Original","","","","*15111501","*Propane","*Propane","*GD","Request for Standing Offer","Demande d’offre à commandes","Competitive - Open bidding","Concurrentielle - Invitation ouverte à soumissionner","Lowest Price","Prix le plus bas","None","Aucune","*Canada-Chile Free Trade Agreement (CCFTA)
*Canadian Free Trade Agreement (CFTA)
*Canada-Colombia Free Trade Agreement
*Canada-Honduras Free Trade Agreement
*World Trade Organization Agreement on Government Procurement (WTO GPA)
*Comprehensive and Progressive Agreement for Trans-Pacific Partnership (CPTPP)
*Canada-European Union Comprehensive Economic and Trade Agreement (CETA)
*Canada-Korea Free Trade Agreement (CKFTA)
*Canada-Panama Free Trade Agreement
*Canada-Ukraine Free Trade Agreement (CUFTA)
*Canada-Peru Free Trade Agreement (CPFTA)
*Canada-UK Trade Continuity Agreement (Canada-UK TCA)","*Accord de libre-échange Canada-Chili (ALECC)
*Accord de libre-échange canadien (ALEC)
*Accord de libre-échange Canada-Colombie
*Accord de libre-échange Canada-Honduras
*Accord sur les marchés publics de l'Organisation mondiale du commerce (AMP-OMC)
*Accord de Partenariat transpacifique global et progressiste (PTPGP)
*Accord économique et commercial global (AECG) entre le Canada et l’Union européenne (UE)
*Accord de libre-échange Canada-Corée
*Accord de libre-échange Canada-Panama
*Accord de libre-échange Canada-Ukraine (ALECU)
*Accord de libre-échange Canada-Pérou (ALECP)
*Accord de continuité commerciale Canada–Royaume-Uni (ACC Canada-Royaume-Uni)","*Alberta","*Alberta","Avenir Energy Ltd.","Avenir Energy Ltd.","","","","","","","1235 Bay St 
7th Floor","1235 Bay St 
7th Floor","Toronto","Toronto","Ontario","Ontario","M5R 3K4","CA","CA","Department of Public Works and Government Services (PSPC)"," Ministère des Travaux publics et des Services gouvernementaux (SPAC)","11 Laurier St, Phase III, Place du Portage","11, rue Laurier, Phase III, Place du Portage","Gatineau","Gatineau","Quebec","Québec","K1A 0S5","Canada","Canada","Parks Canada Agency (PC)"," Agence Parcs Canada (PC)","","","30 Victoria Street,Gatineau,Quebec,J8X 0B3,Canada","30, rue Victoria,Gatineau,Quebec,J8X 0B3,Canada","Cao, Luke (SPAC/PSPC) (il-lui / he-him)","luke.cao@tpsgc-pwgsc.gc.ca","","","","","","","","","","","","","",""
"E60HL-250075-006-HL Fascor Distribution","E60HL-250075-006-HL Distribution Fascor","CW2445066","000","WS5113507411","WS5113507411","CW2445066","2","2026-03-19","2026-04-01","","2026-04-01","2027-03-31","0.00","0.00","CAD","Active","Actif","Standing Offer","Offre à commandes","Original","Original","","","","*15120000","*Lubricants and oils and greases and anti corrosives","*Lubrifiants, huiles, graisses et agents anti-corrosion","*GD","Request for Standing Offer","Demande d’offre à commandes","Competitive - Open bidding","Concurrentielle - Invitation ouverte à soumissionner","Highest Combined Rating of Technical Merit and Price","Cote combinée la plus élevée pour le mérite technique et le prix","None","Aucune","*Canada-Honduras Free Trade Agreement
*Canada-Chile Free Trade Agreement (CCFTA)
*Canada-Colombia Free Trade Agreement
*Canadian Free Trade Agreement (CFTA)
*Canada-Panama Free Trade Agreement
*Canada-European Union Comprehensive Economic and Trade Agreement (CETA)
*World Trade Organization Agreement on Government Procurement (WTO GPA)
*North American Free Trade Agreement (NAFTA)
*Comprehensive and Progressive Agreement for Trans-Pacific Partnership (CPTPP)
*Canada-Korea Free Trade Agreement (CKFTA)
*Canada-Peru Free Trade Agreement (CPFTA)
*Canada-Ukraine Free Trade Agreement (CUFTA)
*Canada-UK Trade Continuity Agreement (Canada-UK TCA)","*Accord de libre-échange Canada-Honduras
*Accord de libre-échange Canada-Chili (ALECC)
*Accord de libre-échange Canada-Colombie
*Accord de libre-échange canadien (ALEC)
*Accord de libre-échange Canada-Panama
*Accord économique et commercial global (AECG) entre le Canada et l’Union européenne (UE)
*Accord sur les marchés publics de l'Organisation mondiale du commerce (AMP-OMC)
*Accord de libre-échange nord-américain (ALENA)
*Accord de Partenariat transpacifique global et progressiste (PTPGP)
*Accord de libre-échange Canada-Corée
*Accord de libre-échange Canada-Pérou (ALECP)
*Accord de libre-échange Canada-Ukraine (ALECU)
*Accord de continuité commerciale Canada–Royaume-Uni (ACC Canada-Royaume-Uni)","*Canada","*Canada","DISTRIBUTION FASCOR INC./ FASCOR DISTRIBUTION INC.","DISTRIBUTION FASCOR INC./ FASCOR DISTRIBUTION INC.","","","","","10","10","5773 av Wolseley","5773 av Wolseley","Côte Saint-Luc","Côte Saint-Luc","Quebec","Quebec","H4W 2L8","CA","CA","Department of Public Works and Government Services (PSPC)"," Ministère des Travaux publics et des Services gouvernementaux (SPAC)","11 Laurier St, Phase III, Place du Portage","11, rue Laurier, Phase III, Place du Portage","Gatineau","Gatineau","Quebec","Québec","K1A 0S5","Canada","Canada","Department of National Defence (DND)"," Ministère de la Défense nationale (MDN)","","","101 Colonel By Dr,Ottawa,Ontario,K1A0K2,Canada","101, promenade Colonel By,Ottawa,Ontario,K1A0K2,Canada","Wolszczan, Caroline (SPAC/PSPC)","caroline.wolszczan@tpsgc-pwgsc.gc.ca","","","","","","","","","","","","","",""
"Contract - F7049-260085-001-ML - Bosch fuel pumps","Contrat- F7049-260085-001-ML - Pompe à Carburant Bosch","CW2464454","000","WS5840667684","WS5840667684","CW2464454","1","2026-08-19","2026-08-17","","2026-08-17","2027-08-17","679300.40","679300.40","CAD","Active","Actif","Contract","Contrat","Original","Original","","","","*15121521","*Pump lubricating oils","*Lubrifiants pour pompes","*GD","Request for Proposal","Demande de propositions","Non-competitive","Non concurrentielle","Not applicable","Sans objet","Exclusive Rights","Droits exclusifs","*Canadian Free Trade Agreement (CFTA)
*World Trade Organization Agreement on Government Procurement (WTO GPA)
*Canada-Colombia Free Trade Agreement
*Canada-Chile Free Trade Agreement (CCFTA)
*North American Free Trade Agreement (NAFTA)
*Canada-Honduras Free Trade Agreement
*Canada-Peru Free Trade Agreement (CPFTA)
*Canada-European Union Comprehensive Economic and Trade Agreement (CETA)
*Comprehensive and Progressive Agreement for Trans-Pacific Partnership (CPTPP)
*Canada-Korea Free Trade Agreement (CKFTA)
*Canada-Panama Free Trade Agreement
*Canada-Ukraine Free Trade Agreement (CUFTA)
*Canada-UK Trade Continuity Agreement (Canada-UK TCA)","*Accord de libre-échange canadien (ALEC)
*Accord sur les marchés publics de l'Organisation mondiale du commerce (AMP-OMC)
*Accord de libre-échange Canada-Colombie
*Accord de libre-échange Canada-Chili (ALECC)
*Accord de libre-échange nord-américain (ALENA)
*Accord de libre-échange Canada-Honduras
*Accord de libre-échange Canada-Pérou (ALECP)
*Accord économique et commercial global (AECG) entre le Canada et l’Union européenne (UE)
*Accord de Partenariat transpacifique global et progressiste (PTPGP)
*Accord de libre-échange Canada-Corée
*Accord de libre-échange Canada-Panama
*Accord de libre-échange Canada-Ukraine (ALECU)
*Accord de continuité commerciale Canada–Royaume-Uni (ACC Canada-Royaume-Uni)","*Newfoundland and Labrador","*Terre-Neuve-et-Labrador","Madsen Diesel & Turbine","Madsen Diesel & Turbine","","","","","60","60","141 Glencoe Drive","141 Glencoe Drive","Mount Pearl","Mount Pearl","Newfoundland and Labrador","Newfoundland and Labrador","A1N 4S7","CA","CA","Department of Public Works and Government Services (PSPC)"," Ministère des Travaux publics et des Services gouvernementaux (SPAC)","11 Laurier St, Phase III, Place du Portage","11, rue Laurier, Phase III, Place du Portage","Gatineau","Gatineau","Quebec","Québec","K1A 0S5","Canada","Canada","Canadian Coast Guard (CCG)"," Garde côtière canadienne (GCC)","","","200 Kent St. Station 13E228,Ottawa,Ontario,K1A0E6,Canada","200, rue Kent, Station 13E228,Ottawa,Ontario,K1A0E6,Canada","Bourque, Simon (SPAC/PSPC)","simon.bourque@tpsgc-pwgsc.gc.ca","","","","","","","","","","","","","",""
"23240-260605 Seismic Source Time Synchronization System","23240-260605 Système De Synchronisation Temporelle De La Source Sismique","CW2448186","000","WS5553887404","WS5553887404","CW2448186","1","2026-04-17","2026-04-17","","2026-04-17","2026-08-31","106875.13","106875.13","CAD","Active","Actif","Contract","Contrat","Original","Original","","","","*20122600","*Seismic equipment","*Équipements sismique","*GD","Directed Contract","Contrat prescrit","Non-competitive","Non concurrentielle","Not applicable","Sans objet","Exclusive Rights","Droits exclusifs","*Canadian Free Trade Agreement (CFTA)","*Accord de libre-échange canadien (ALEC)","*Canada","*Canada","Cobra Energy Services US, LLC","Cobra Energy Services US, LLC","","","","","","","5555 San Felipe St 
Ste 2100","5555 San Felipe St 
Ste 2100","Houston","Houston","Texas","Texas","77056-2722","US","US","Department of Public Works and Government Services (PSPC)"," Ministère des Travaux publics et des Services gouvernementaux (SPAC)","11 Laurier St, Phase III, Place du Portage","11, rue Laurier, Phase III, Place du Portage","Gatineau","Gatineau","Quebec","Québec","K1A 0S5","Canada","Canada","Department of Natural Resources  (NRCan)"," Ministère des Ressources naturelles (RNCan)","","","580 Booth Street,Ottawa,Ontario,K1A0E4,Canada","580, rue Booth,Ottawa,Ontario,K1A0E4,Canada","Shave, Lucas (SPAC/PSPC)","lucas.shave@tpsgc-pwgsc.gc.ca","","","","","","","","","","","","","Natural Resources Canada Requires a Seismic Source Time Synchronization System delivered before June 1, 2026.","Ressources naturelles Canada avait besoin d’un système de synchronisation temporelle des sources sismiques livré avant le 1er juin 2026."
"23420-260858 - Extreamer Seismic System","23420- 260858 - Système sismique Extreamer","CW2438423","000","WS5540198563","WS5540198563","CW2438423","1","2026-04-16","2026-04-17","","2026-04-17","2026-09-30","496766.69","496766.69","CAD","Active","Actif","Contract","Contrat","Original","Original","","","","*20122600","*Seismic equipment","*Équipements sismique","*GD","Directed Contract","Contrat prescrit","Non-competitive","Non concurrentielle","Not applicable","Sans objet","Exclusive Rights","Droits exclusifs","*Canada-Honduras Free Trade Agreement
*Canada-Colombia Free Trade Agreement
*Canada-Panama Free Trade Agreement
*Canadian Free Trade Agreement (CFTA)
*Canada-Korea Free Trade Agreement (CKFTA)
*Canada-European Union Comprehensive Economic and Trade Agreement (CETA)
*Canada-Peru Free Trade Agreement (CPFTA)
*Canada-Chile Free Trade Agreement (CCFTA)
*Canada-Ukraine Free Trade Agreement (CUFTA)
*World Trade Organization Agreement on Government Procurement (WTO GPA)
*Canada-UK Trade Continuity Agreement (Canada-UK TCA)
*Comprehensive and Progressive Agreement for Trans-Pacific Partnership (CPTPP)","*Accord de libre-échange Canada-Honduras
*Accord de libre-échange Canada-Colombie
*Accord de libre-échange Canada-Panama
*Accord de libre-échange canadien (ALEC)
*Accord de libre-échange Canada-Corée
*Accord économique et commercial global (AECG) entre le Canada et l’Union européenne (UE)
*Accord de libre-échange Canada-Pérou (ALECP)
*Accord de libre-échange Canada-Chili (ALECC)
*Accord de libre-échange Canada-Ukraine (ALECU)
*Accord sur les marchés publics de l'Organisation mondiale du commerce (AMP-OMC)
*Accord de continuité commerciale Canada–Royaume-Uni (ACC Canada-Royaume-Uni)
*Accord de Partenariat transpacifique global et progressiste (PTPGP)","*Nova Scotia","*Nouvelle-Écosse","Geometrics, Inc.","Geometrics, Inc.","","","","","","","2190 Fortune Drive","2190 Fortune Drive","San Jose","San Jose","California","California","95131","US","US","Department of Public Works and Government Services (PSPC)"," Ministère des Travaux publics et des Services gouvernementaux (SPAC)","11 Laurier St, Phase III, Place du Portage","11, rue Laurier, Phase III, Place du Portage","Gatineau","Gatineau","Quebec","Québec","K1A 0S5","Canada","Canada","Department of Natural Resources  (NRCan)"," Ministère des Ressources naturelles (RNCan)","","","580 Booth Street,Ottawa,Ontario,K1A0E4,Canada","580, rue Booth,Ottawa,Ontario,K1A0E4,Canada","O'leary, Rhonda (SPAC/PSPC) (elle-la / she-her)","rhonda.oleary@tpsgc-pwgsc.gc.ca","","","","","","","","","","","","","23420-260858 - Extreamer Seismic System - Natural Resources Canada (NR Can) has a requirement for the supply of 1 - 2D LH-16 16CH Extreamer System to ensure continuous operation ability to acquire seismic data to Natural Resources Canada Geological Survey of Canada, Dartmouth Nova Scotia.","23420- 260858 - Système sismique Extreamer Ressources naturelles Canada (RNCan) a besoin d’un système d’échappement 2D LH-16 16CH pour assurer une capacité opérationnelle continue d’acquérir des données sismiques à la Commission géologique du Canada de Ressources naturelles Canada, à Dartmouth (Nouvelle-Écosse)."
"F5290-250442 - Remotely Piloted Unmanned Aerial Vehicle - DFO","F5290-250442 - Véhicule aérien télépiloté sans pilote - MPO","CW2459625","000","WS5603550693","WS5603550693","CW2459625","1","2026-07-15","2026-07-09","","2026-07-09","2027-09-30","39483.18","39483.18","CAD","Active","Actif","Contract","Contrat","Original","Original","","","","*21100000
*25132101
*25132102
*25132103
*25132104","*Agricultural and forestry and landscape machinery and equipment
*Agricultural drone
*Military drone
*Recreational drone
*Law enforcement drone","*Machines et équipement pour l'agriculture, l'exploitation forestière et le paysage
*Drone agricole
*Drone militaire
*Drone récréatif
*Drone servant à des fins d'application de la loi","*GD","Request for Proposal","Demande de propositions","Competitive - Open bidding","Concurrentielle - Invitation ouverte à soumissionner","Lowest Price","Prix le plus bas","","","*Canada-European Union Comprehensive Economic and Trade Agreement (CETA)
*World Trade Organization Agreement on Government Procurement (WTO GPA)
*Canadian Free Trade Agreement (CFTA)
*Canada-Chile Free Trade Agreement (CCFTA)
*Canada-Colombia Free Trade Agreement
*Canada-UK Trade Continuity Agreement (Canada-UK TCA)
*Canada-Peru Free Trade Agreement (CPFTA)
*Canada-Honduras Free Trade Agreement
*Canada-Korea Free Trade Agreement (CKFTA)
*Canada-Panama Free Trade Agreement
*Comprehensive and Progressive Agreement for Trans-Pacific Partnership (CPTPP)
*Canada-Ukraine Free Trade Agreement (CUFTA)","*Accord économique et commercial global (AECG) entre le Canada et l’Union européenne (UE)
*Accord sur les marchés publics de l'Organisation mondiale du commerce (AMP-OMC)
*Accord de libre-échange canadien (ALEC)
*Accord de libre-échange Canada-Chili (ALECC)
*Accord de libre-échange Canada-Colombie
*Accord de continuité commerciale Canada–Royaume-Uni (ACC Canada-Royaume-Uni)
*Accord de libre-échange Canada-Pérou (ALECP)
*Accord de libre-échange Canada-Honduras
*Accord de libre-échange Canada-Corée
*Accord de libre-échange Canada-Panama
*Accord de Partenariat transpacifique global et progressiste (PTPGP)
*Accord de libre-échange Canada-Ukraine (ALECU)","*Nova Scotia","*Nouvelle-Écosse","Volatus Drones Canada","Volatus Drones Canada","Volatus Drones Canada","Volatus Drones Canada","","","180","180","6221 Highway 7 5 
Suite No 5","6221 Highway 7 5 
Suite No 5","Vaughan","Vaughan","Ontario","Ontario","L4H 0K8","CA","CA","Department of Public Works and Government Services (PSPC)"," Ministère des Travaux publics et des Services gouvernementaux (SPAC)","11 Laurier St, Phase III, Place du Portage","11, rue Laurier, Phase III, Place du Portage","Gatineau","Gatineau","Quebec","Québec","K1A 0S5","Canada","Canada","Department of Fisheries and Oceans (DFO)"," Ministère des Pêches et des Océans (MPO)","","","200 Kent Street,Ottawa,Ontario,K1A 0E6,Canada","200, rue Kent,Ottawa,Ontario,K1A 0E6,Canada","Petten, Genevieve (SPAC/PSPC) (elle-la / she-her)","genevieve.petten@tpsgc-pwgsc.gc.ca","","","","","","","","","","","","","The objective of this requirement is to provide Fisheries and Oceans Canada (DFO), Conservation and Protection – Maritimes Region with three (3) Remotely Piloted Aircraft Systems (RPAS) equivalent to the DJI Matrice 30T, including all required accessories necessary for operational deployment. The contract will also include an option to purchase up to fifteen (15) additional units within two (2) years from the date of contract award.","L’objectif de ce besoin est de fournir à Conservation et Protection – Région des Maritimes de Pêches et Océans Canada (MPO) trois (3) systèmes d’aéronef télépilotés (SATP) équivalents au DJI Matrice 30T, y compris tous les accessoires nécessaires au déploiement opérationnel. Le contrat comprendra également une option d’achat d’un maximum de quinze (15) unités supplémentaires dans les deux (2) ans suivant la date d’attribution du contrat."
"01799-270046 Four Row Crop Planter","01799-270046 Semoir à quatre rangs","CW2470158","000","WS5788361008","WS5788361008","CW2470158","1","2026-09-24","2026-09-24","","2026-09-24","2027-03-31","89125.00","89125.00","CAD","Active","Actif","Contract","Contrat","Original","Original","","","","*21101500","*Agricultural machinery for soil preparation","*Machines agricoles pour la préparation des sols","*GD","Request for Proposal","Demande de propositions","Competitive - Open bidding","Concurrentielle - Invitation ouverte à soumissionner","Lowest Price","Prix le plus bas","None","Aucune","*Canadian Free Trade Agreement (CFTA)","*Accord de libre-échange canadien (ALEC)","*Fredericton","*Fredericton","Green Diamond Equipment Ltd.","Green Diamond Equipment Ltd.","","","","","","","270 Horseshoe Lake Drive","270 Horseshoe Lake Drive","Halifax","Halifax","Nova Scotia","Nova Scotia","B3S 1A2","CA","CA","Department of Public Works and Government Services (PSPC)"," Ministère des Travaux publics et des Services gouvernementaux (SPAC)","11 Laurier St, Phase III, Place du Portage","11, rue Laurier, Phase III, Place du Portage","Gatineau","Gatineau","Quebec","Québec","K1A 0S5","Canada","Canada","Department of Agriculture and Agri-Food (AAFC)"," Ministère de l’Agriculture et de l’Agroalimentaire (AAC)","","","K.W. Neatby Bldg, 960 Carling Ave,Ottawa,Ontario,K1Y4X2,Canada","Édifice K.W. Neatby, 960, avenue Carling,Ottawa,Ontario,K1Y4X2,Canada","Leger2, Lyne (SPAC/PSPC) (elle-la / she-her)","lyne.leger2@tpsgc-pwgsc.gc.ca","","","","","","","","","","","","","Agriculture and Agri-Food Canada (AAFC), Fredericton Research and Development Centre (FRDC), requires the supply and delivery of one (1) four-row crop planter for agricultural research purposes.","Agriculture et Agroalimentaire Canada (AAC), le Centre de recherche et de développement de Fredericton (CRDF), a besoin de faire l’acquisition et livraison d’un (1) semoir à quatre rangsà des fins de recherche agricole."
"01R11-270223 - Uni-Flow 1.25M Wintersteiger header for a Classic Plus Combine","01R11-270223 - Barre de coupe Uni-Flow 1.25M Wintersteiger pour moissonneuse-batteuse Classic Plus","CW2464506","000","WS5842085643","WS5842085643","CW2464506","1","2026-09-22","2026-09-22","","2026-09-22","2027-09-22","66332.08","66332.08","CAD","Active","Actif","Contract","Contrat","Original","Original","","","","*21101700","*Agricultural machinery for harvesting","*Machines agricoles pour la récolte","*GD","Directed Contract","Contrat prescrit","Non-competitive","Non concurrentielle","Lowest Price","Prix le plus bas","Exclusive Rights","Droits exclusifs","*Canadian Free Trade Agreement (CFTA)","*Accord de libre-échange canadien (ALEC)","*Canada","*Canada","Wintersteiger Seedmech LLC","Wintersteiger Seedmech LLC","","","","","","","851 57 St E","851 57 St E","Saskatoon","Saskatoon","Saskatchewan","Saskatchewan","S7K 5Z2","CA","CA","Department of Public Works and Government Services (PSPC)"," Ministère des Travaux publics et des Services gouvernementaux (SPAC)","11 Laurier St, Phase III, Place du Portage","11, rue Laurier, Phase III, Place du Portage","Gatineau","Gatineau","Quebec","Québec","K1A 0S5","Canada","Canada","Department of Agriculture and Agri-Food (AAFC)"," Ministère de l’Agriculture et de l’Agroalimentaire (AAC)","","","K.W. Neatby Bldg, 960 Carling Ave,Ottawa,Ontario,K1Y4X2,Canada","Édifice K.W. Neatby, 960, avenue Carling,Ottawa,Ontario,K1Y4X2,Canada","Myhre, Jackson (SPAC/PSPC) (il-lui / he-him)","jackson.myhre@tpsgc-pwgsc.gc.ca","","","","","","","","","","","","","01R11-270223 - Uni-Flow 1.25M Wintersteiger header for a Classic Plus Combine","01R11-270223 - Barre de coupe Uni-Flow 1.25M Wintersteiger pour moissonneuse-batteuse Classic Plus"
"E6TOR-23RM03 020 (PSIB 004) Heavy Construction Equipment Rental","E6TOR-23RM03 020 (SAEA 004) Location d’équipement de construction lourd","CW2465445","000","WS4625503118","WS4625503118","CW2465445","1","2026-08-25","2026-08-25","","2026-08-25","2029-06-30","0.00","0.00","CAD","Active","Actif","Supply Arrangement","Arrangement en matière d’approvisionnement","Original","Original","","","","*22000000","*Building and Construction Machinery and Accessories","*Engins et accessoires de chantier et de construction","*SRV","Not Applicable","Sans objet","Competitive - Open bidding","Concurrentielle - Invitation ouverte à soumissionner","Not applicable","Sans objet","None","Aucune","*Canadian Free Trade Agreement (CFTA)
*Canada-Honduras Free Trade Agreement
*Canada-Colombia Free Trade Agreement
*Canada-Chile Free Trade Agreement (CCFTA)
*Comprehensive and Progressive Agreement for Trans-Pacific Partnership (CPTPP)
*Canada-Korea Free Trade Agreement (CKFTA)
*Canada-European Union Comprehensive Economic and Trade Agreement (CETA)
*World Trade Organization Agreement on Government Procurement (WTO GPA)
*Canada-Peru Free Trade Agreement (CPFTA)
*Canada-Ukraine Free Trade Agreement (CUFTA)
*Canada-Panama Free Trade Agreement
*Canada-UK Trade Continuity Agreement (Canada-UK TCA)","*Accord de libre-échange canadien (ALEC)
*Accord de libre-échange Canada-Honduras
*Accord de libre-échange Canada-Colombie
*Accord de libre-échange Canada-Chili (ALECC)
*Accord de Partenariat transpacifique global et progressiste (PTPGP)
*Accord de libre-échange Canada-Corée
*Accord économique et commercial global (AECG) entre le Canada et l’Union européenne (UE)
*Accord sur les marchés publics de l'Organisation mondiale du commerce (AMP-OMC)
*Accord de libre-échange Canada-Pérou (ALECP)
*Accord de libre-échange Canada-Ukraine (ALECU)
*Accord de libre-échange Canada-Panama
*Accord de continuité commerciale Canada–Royaume-Uni (ACC Canada-Royaume-Uni)","*Ontario (except NCR)","*Ontario (sauf RCN)","Proterra Equipment Rentals Inc","Proterra Equipment Rentals Inc","","","","","2","2","351 Ininatig Inamo St","351 Ininatig Inamo St","Pikwakanagan","Pikwakanagan","Ontario","Ontario","K0J 1X0","CA","CA","Department of Public Works and Government Services (PSPC)"," Ministère des Travaux publics et des Services gouvernementaux (SPAC)","11 Laurier St, Phase III, Place du Portage","11, rue Laurier, Phase III, Place du Portage","Gatineau","Gatineau","Quebec","Québec","K1A 0S5","Canada","Canada","Department of Public Works and Government Services (PSPC)"," Ministère des Travaux publics et des Services gouvernementaux (SPAC)","","","11 Laurier St, Phase III, Place du Portage,Gatineau,Quebec,K1A 0S5,Canada","11, rue Laurier, Phase III, Place du Portage,Gatineau,Québec,K1A 0S5,Canada","Barltrop, David (SPAC/PSPC)","david.barltrop@tpsgc-pwgsc.gc.ca","","","","","","","","","","","","","Canada is seeking to establish a list of qualified suppliers capable of providing various pieces of rental heavy construction equipment (without operator) to various Federal Departments located in Ontario (excluding National Capital Region).","Le Canada cherche à établir une liste de fournisseurs qualifiés capables de fournir diverses pièces d’équipement de construction lourd de location (sans opérateur) à divers ministères fédéraux situés en Ontario (à l’exception de la région de la capitale nationale)."
"E6TOR-23RM04 003 Light Construction Equipment Rental","E6TOR-23RM04 003 Location d’équipement de construction léger","CW2462549","000","WS4052927717","WS4052927717","CW2462549","1","2026-08-04","2026-08-04","","2026-08-04","2028-06-30","0.00","0.00","CAD","Active","Actif","Supply Arrangement","Arrangement en matière d’approvisionnement","Original","Original","","","","*22000000","*Building and Construction Machinery and Accessories","*Engins et accessoires de chantier et de construction","*SRV","Not Applicable","Sans objet","Competitive - Open bidding","Concurrentielle - Invitation ouverte à soumissionner","Not applicable","Sans objet","None","Aucune","*Canada-European Union Comprehensive Economic and Trade Agreement (CETA)
*Canada-Honduras Free Trade Agreement
*Canadian Free Trade Agreement (CFTA)
*Canada-Chile Free Trade Agreement (CCFTA)
*Comprehensive and Progressive Agreement for Trans-Pacific Partnership (CPTPP)
*Canada-UK Trade Continuity Agreement (Canada-UK TCA)
*Canada-Colombia Free Trade Agreement
*World Trade Organization Agreement on Government Procurement (WTO GPA)
*Canada-Peru Free Trade Agreement (CPFTA)
*Canada-Korea Free Trade Agreement (CKFTA)
*Canada-Panama Free Trade Agreement
*Canada-Ukraine Free Trade Agreement (CUFTA)","*Accord économique et commercial global (AECG) entre le Canada et l’Union européenne (UE)
*Accord de libre-échange Canada-Honduras
*Accord de libre-échange canadien (ALEC)
*Accord de libre-échange Canada-Chili (ALECC)
*Accord de Partenariat transpacifique global et progressiste (PTPGP)
*Accord de continuité commerciale Canada–Royaume-Uni (ACC Canada-Royaume-Uni)
*Accord de libre-échange Canada-Colombie
*Accord sur les marchés publics de l'Organisation mondiale du commerce (AMP-OMC)
*Accord de libre-échange Canada-Pérou (ALECP)
*Accord de libre-échange Canada-Corée
*Accord de libre-échange Canada-Panama
*Accord de libre-échange Canada-Ukraine (ALECU)","*Ontario (except NCR)","*Ontario (sauf RCN)","SUNBELT RENTALS OF CANADA INC.","SUNBELT RENTALS OF CANADA INC.","","","","","","","93 North Bend Street","93 North Bend Street","Coquitlam","Coquitlam","British Columbia","British Columbia","V3K 6N1","CA","CA","Department of Public Works and Government Services (PSPC)"," Ministère des Travaux publics et des Services gouvernementaux (SPAC)","11 Laurier St, Phase III, Place du Portage","11, rue Laurier, Phase III, Place du Portage","Gatineau","Gatineau","Quebec","Québec","K1A 0S5","Canada","Canada","Department of Public Works and Government Services (PSPC)"," Ministère des Travaux publics et des Services gouvernementaux (SPAC)","","","11 Laurier St, Phase III, Place du Portage,Gatineau,Quebec,K1A 0S5,Canada","11, rue Laurier, Phase III, Place du Portage,Gatineau,Québec,K1A 0S5,Canada","Barltrop, David (SPAC/PSPC)","david.barltrop@tpsgc-pwgsc.gc.ca","","","","","","","","","","","","","Canada is seeking offers from Offerors to provide rental of light construction equipment, on behalf of Federal Government Departments located in the Ontario Region. This equipment includes but is not be limited to: powered and non-powered hand tools, ladders, scaffolding, work platforms and walk behind grounds keeping equipment.","Le Canada cherche à obtenir des propositions portant sur la location d’équipement de construction léger pour le compte de ministères fédéraux situés en Ontario. L’équipement doit comprendre, entre autres : outils à main mécaniques et non mécaniques, échelles, échafaudages, plateformes de travail et équipement poussé d’entretien de terrains."
"E6TOR-23RM03 019 Heavy Construction Equipment Rental","E6TOR-23RM03 019 Location d’équipement de construction lourd","CW2458977","000","WS4625503118","WS4625503118","CW2458977","1","2026-07-07","2026-07-06","","2026-07-06","2029-06-30","0.00","0.00","CAD","Active","Actif","Supply Arrangement","Arrangement en matière d’approvisionnement","Original","Original","","","","*22000000","*Building and Construction Machinery and Accessories","*Engins et accessoires de chantier et de construction","*SRV","Not Applicable","Sans objet","Competitive - Open bidding","Concurrentielle - Invitation ouverte à soumissionner","Not applicable","Sans objet","","","*Canada-Chile Free Trade Agreement (CCFTA)
*Comprehensive and Progressive Agreement for Trans-Pacific Partnership (CPTPP)
*Canada-Colombia Free Trade Agreement
*Canadian Free Trade Agreement (CFTA)
*Canada-European Union Comprehensive Economic and Trade Agreement (CETA)
*Canada-Honduras Free Trade Agreement
*Canada-Panama Free Trade Agreement
*Canada-Korea Free Trade Agreement (CKFTA)
*World Trade Organization Agreement on Government Procurement (WTO GPA)
*Canada-Ukraine Free Trade Agreement (CUFTA)
*Canada-Peru Free Trade Agreement (CPFTA)
*Canada-UK Trade Continuity Agreement (Canada-UK TCA)","*Accord de libre-échange Canada-Chili (ALECC)
*Accord de Partenariat transpacifique global et progressiste (PTPGP)
*Accord de libre-échange Canada-Colombie
*Accord de libre-échange canadien (ALEC)
*Accord économique et commercial global (AECG) entre le Canada et l’Union européenne (UE)
*Accord de libre-échange Canada-Honduras
*Accord de libre-échange Canada-Panama
*Accord de libre-échange Canada-Corée
*Accord sur les marchés publics de l'Organisation mondiale du commerce (AMP-OMC)
*Accord de libre-échange Canada-Ukraine (ALECU)
*Accord de libre-échange Canada-Pérou (ALECP)
*Accord de continuité commerciale Canada–Royaume-Uni (ACC Canada-Royaume-Uni)","*Ontario (except NCR)","*Ontario (sauf RCN)","Powered Synergy Inc","Powered Synergy Inc","","","","","10","10","105-1671 Vimont Crt","105-1671 Vimont Crt","Ottawa","Ottawa","Ontario","Ontario","K4A 3M3","CA","CA","Department of Public Works and Government Services (PSPC)"," Ministère des Travaux publics et des Services gouvernementaux (SPAC)","11 Laurier St, Phase III, Place du Portage","11, rue Laurier, Phase III, Place du Portage","Gatineau","Gatineau","Quebec","Québec","K1A 0S5","Canada","Canada","Department of Public Works and Government Services (PSPC)"," Ministère des Travaux publics et des Services gouvernementaux (SPAC)","","","11 Laurier St, Phase III, Place du Portage,Gatineau,Quebec,K1A 0S5,Canada","11, rue Laurier, Phase III, Place du Portage,Gatineau,Québec,K1A 0S5,Canada","Barltrop, David (SPAC/PSPC)","david.barltrop@tpsgc-pwgsc.gc.ca","","","","","","","","","","","","","Canada is seeking to establish a list of qualified suppliers capable of providing various pieces of rental heavy construction equipment (without operator) to various Federal Departments located in Ontario (excluding National Capital Region).  There are 2 streams applicable to this requirement, Stream 1 All Suppliers and Stream 2 Indigenous Suppliers - Procurement Strategy for Indigenous Business.  The period of the Supply Arrangement is from Issuance to 2029-06-30 inclusive.","Le Canada cherche à établir une liste de fournisseurs qualifiés capables de fournir diverses pièces d’équipement de construction lourd de location (sans opérateur) à divers ministères fédéraux situés en Ontario (à l’exception de la région de la capitale nationale). Il y a 2 volets applicables à cette exigence, le volet 1 « Tous les fournisseurs » et le volet 2 « Fournisseurs autochtones – Stratégie d’approvisionnement auprès des entreprises autochtones ».  La période de l’arrangement en matière d’approvisionnement est de l'émission au 2029-06-30 inclusivement."
"W0113-27CS22 - CNC-Capable Vertical Milling Machine","W0113-27CS22 - Fraiseuse Verticale Compatible CNC","CW2468066","000","WS5801048823","WS5801048823","CW2468066","1","2026-09-14","2026-09-11","","2026-08-31","2027-05-01","99343.95","99343.95","CAD","Active","Actif","Contract","Contrat","Original","Original","","","","*22000000
*22101700
*23242500
*23291600
*73160000","*Building and Construction Machinery and Accessories
*Heavy equipment components
*Metal milling machines
*Industrial milling tools
*Machinery and transport equipment manufacture","*Engins et accessoires de chantier et de construction
*Composants d'engins lourds
*Machines à fraiser les métaux
*fraises industrielles
*Fabrication de machines et d'équipement de transport","*GD","Request for Proposal","Demande de propositions","Competitive - Open bidding","Concurrentielle - Invitation ouverte à soumissionner","Lowest Price","Prix le plus bas","None","Aucune","*Canadian Free Trade Agreement (CFTA)
*Canada-Korea Free Trade Agreement (CKFTA)","*Accord de libre-échange canadien (ALEC)
*Accord de libre-échange Canada-Corée","*Ontario (except NCR)","*Ontario (sauf RCN)","MITCHAM MACHINE TOOLS INC","MITCHAM MACHINE TOOLS INC","","","MMT","MMT","3","3","22 GUERNSEY DRIVE","22 GUERNSEY DRIVE","TORONTO","TORONTO","Ontario","Ontario","M9C 3A6","CA","CA","Department of Public Works and Government Services (PSPC)"," Ministère des Travaux publics et des Services gouvernementaux (SPAC)","11 Laurier St, Phase III, Place du Portage","11, rue Laurier, Phase III, Place du Portage","Gatineau","Gatineau","Quebec","Québec","K1A 0S5","Canada","Canada","Department of National Defence (DND)"," Ministère de la Défense nationale (MDN)","","","101 Colonel By Dr,Ottawa,Ontario,K1A0K2,Canada","101, promenade Colonel By,Ottawa,Ontario,K1A0K2,Canada","Kotsopoulos2, Victoria (SPAC/PSPC)","victoria.kotsopoulos2@tpsgc-pwgsc.gc.ca","","","","","","","","","","","","","Procurement of a CNC-capable vertical milling machine including delivery, unloading, placement, installation, operator training, standard tooling, accessories, and documentation for the Canadian Armed Forces (CAF) at CFB Borden, Ontario.","Acquisition d’une fraiseuse verticale à commande numérique comprenant la livraison, le déchargement, le placement, l’installation, la formation des opérateurs, l’outillage standard, les accessoires et la documentation pour les Forces armées canadiennes (FAC) à la BFC Borden, en Ontario."
"EA007-261787 - PFAS Water Treatment - Torbay, NL Westwood Enterprises","Traitement de l'eau contaminée par les PFAS - Torbay, NL Westwood Enterprises","CW2464519","000","WS5723492264","WS5723492264","CW2464519","1","2026-08-31","2026-08-24","","2026-08-24","2031-12-31","3419640.00","3419640.00","CAD","Active","Actif","Contract against SA","Contrat découlant d’un arrangement en matière d'approvisionnement","Original","Original","","","","*22000000
*30000000
*47100000
*47101500
*47101600
*72101510
*72110000
*72151100
*83101506","*Building and Construction Machinery and Accessories
*Structures and Building and Construction and Manufacturing Components and Supplies
*Water and wastewater treatment supply and disposal
*Water treatment and supply equipment
*Water treatment consumables
*Plumbing system maintenance or repair
*Residential building construction services
*Plumbing construction services
*Water treatment services","*Engins et accessoires de chantier et de construction
*Constituants et provisions de Structures et bâtiment et construction et fabrication
*Traitement, fournitures et élimination de l'eau et de l'eau usée
*Équipements de fourniture et de traitement d'eau
*Consommables pour le traitement de l'eau
*Entretien ou réparation de la plomberie
*Services de construction de bâtiments résidentiels
*Services de plomberie
*Services de traitement des eaux","*SRV","Request for Supply Arrangement","Demande pour un arrangement en matière d’approvisionnement","Competitive - Selective tendering","Concurrentielle - Appel d'offres sélectif","Lowest Price","Prix le plus bas","None","Aucune","*Canadian Free Trade Agreement (CFTA)","*Accord de libre-échange canadien (ALEC)","*Newfoundland and Labrador","*Terre-Neuve-et-Labrador","WESTWOOD ENTERPRISES LIMITED","WESTWOOD ENTERPRISES LIMITED","","","Culligan Water Store","Culligan Water Store","25","25","70 White Pine Drive (formerly 540 Logan Road, Wileville, NS, B4V 9C7)","70 White Pine Drive (formerly 540 Logan Road, Wileville, NS, B4V 9C7)","Wileville","Wileville","Nova Scotia","Nova Scotia","B4V 9J6","CA","CA","Department of Public Works and Government Services (PSPC)"," Ministère des Travaux publics et des Services gouvernementaux (SPAC)","11 Laurier St, Phase III, Place du Portage","11, rue Laurier, Phase III, Place du Portage","Gatineau","Gatineau","Quebec","Québec","K1A 0S5","Canada","Canada","Department of Transport (TC)"," Ministère des Transports (TC)","","","330 Sparks Street,Ottawa,Ontario,K1A0N8,Canada","330, rue Sparks,Ottawa,Ontario,K1A0N8,Canada","Sheppard, Tara (SPAC/PSPC) (elle-la-lui / she-her-hers)","tara.sheppard@tpsgc-pwgsc.gc.ca","","","","","","","","","","","","","This NPP is issued pursuant to PWGSC Supply Arrangement (SA) EB218-260220. 
 Public Services and Procurement Canada (PSPC) has a requirement for the supply and install of residential water treatment systems, on an as and when required basis, in Torbay and surrounding areas, Newfoundland and Labrador.   
 
There is a security requirement associated with this requirement.
 
 Only suppliers who are pre-qualified and have been issued a supply arrangement are eligible to bid. Non-Supply Arrangement (Non-SA) holders may submit a bid to the Identified User (IU) but must also submit an arrangement to the Supply Arrangement Authority (SAA) for evaluation.   The non-SA holders cannot be awarded a contract unless and until the SAA has issued an SA to that supplier for the products and services contained in the bid. The process to qualify for a SA is detailed in RFSA EB218-260220. Canada is not required to delay the award of a resulting contract pending the evaluation of an arrangement and issuance of a SA by the PWGSC Supply Arrangement Authority. If you wish to find out how you can be a pre-qualified SA holder, please contact tara.sheppard@tpsgc-pwgsc.gc.ca.
 
 Where to find amendments to the tender document: The event messages tab and/or the event contents section in the SAP Business Network event. It is important you regularly check both. Where to submit questions about the tender document: The event messages tab of this event. Do not use the Q&A section appearing on the SAP Business Network Discovery website. Ensure you are fully registered in CanadaBuys/SAP Ariba!","Le présent APM est publié conformément à l’arrangement en matière d’approvisionnement (AMA) EB218-260220 de TPSGC.   Services publics et Approvisionnement Canada (SPAC) souhaite établir un marché pour la fourniture et l’installation de systèmes résidentiels de traitement de l’eau, au fur et à mesure des besoins, à Torbay, Middle Cove, et Logy Bay (Terre-Neuve-et-Labrador).   Ce besoin comporte des exigences relatives à la sécurité.  
 
 Seuls les fournisseurs pré-qualifié et auxquels un arrangement en matière d’approvisionnement a été émis peuvent présenter une soumission. Les fournisseurs non titulaires d’un arrangement en matière d'approvisionnement (AMA) peuvent présenter une soumission à l’utilisateur désigné, mais doivent également soumettre un arrangement au responsable de l’AMA aux fins d’évaluations.    Les fournisseurs non titulaires d’un AMA ne peuvent pas obtenir de contrat à moins que le responsable de l’AMA n’ait attribué un AMA à ces fournisseurs pour les biens ou les services visés par la soumission. Le processus devant être suivi pour devenir admissible à un AMA est décrit dans la DAMA E60PQ-140003/D. Le Canada n'est pas tenu de retarder l'attribution d'un contrat subséquent pour accorder au responsable de l'arrangement en matière d'approvisionnement de TPSGC le temps nécessaire à l'évaluation d’un arrangement et à l’attribution d’un AMA. Si vous désirez savoir comment vous pouvez devenir un titulaire d’AMA qualifié, veuillez communiquer avec tara.sheppard@tpsgc-pwgsc.gc.ca.  
 
 Où trouver les modifications apportées au document d'appel d'offres : L'onglet messages de l'événement et/ou la section contenu de l'événement dans l'événement SAP Business Network. Il est important de vérifier régulièrement ces deux éléments. Où poser des questions sur le document d'appel d'offres : L'onglet des messages de l'événement. Ne pas utiliser la section Q&R du site SAP Business Network Discovery. Assurez-vous d'être pleinement inscrit dans AchatsCanada/SAP Ariba"
"T3033-2724M6_Motor graders","T3033-2724M6_Niveleuses","CW2441921","000","WS5574590334","WS5574590334","CW2441921","1","2026-05-05","2026-05-05","","2026-05-05","2027-05-05","1329111.00","1329111.00","CAD","Active","Actif","Contract","Contrat","Original","Original","","","","*22101500
*22101600","*Earth moving machinery
*Paving equipment","*Engins de terrassement
*Équipements de pavage","*GD","Request for Proposal","Demande de propositions","Competitive - Open bidding","Concurrentielle - Invitation ouverte à soumissionner","Lowest Price","Prix le plus bas","None","Aucune","*Canada-European Union Comprehensive Economic and Trade Agreement (CETA)
*Canada-Honduras Free Trade Agreement
*Canadian Free Trade Agreement (CFTA)
*Canada-Chile Free Trade Agreement (CCFTA)
*Canada-Colombia Free Trade Agreement
*Canada-Ukraine Free Trade Agreement (CUFTA)
*Canada-Peru Free Trade Agreement (CPFTA)
*World Trade Organization Agreement on Government Procurement (WTO GPA)
*Comprehensive and Progressive Agreement for Trans-Pacific Partnership (CPTPP)
*Canada-Korea Free Trade Agreement (CKFTA)
*Canada-Panama Free Trade Agreement
*Canada-UK Trade Continuity Agreement (Canada-UK TCA)","*Accord économique et commercial global (AECG) entre le Canada et l’Union européenne (UE)
*Accord de libre-échange Canada-Honduras
*Accord de libre-échange canadien (ALEC)
*Accord de libre-échange Canada-Chili (ALECC)
*Accord de libre-échange Canada-Colombie
*Accord de libre-échange Canada-Ukraine (ALECU)
*Accord de libre-échange Canada-Pérou (ALECP)
*Accord sur les marchés publics de l'Organisation mondiale du commerce (AMP-OMC)
*Accord de Partenariat transpacifique global et progressiste (PTPGP)
*Accord de libre-échange Canada-Corée
*Accord de libre-échange Canada-Panama
*Accord de continuité commerciale Canada–Royaume-Uni (ACC Canada-Royaume-Uni)","*Quebec (except NCR)","*Québec (sauf RCN)","Brandt Tractor Ltd","Brandt Tractor Ltd","","","","","1278","1278","Hwy#1 East 
Box 3856","Hwy#1 East 
Box 3856","Regina","Regina","Saskatchewan","Saskatchewan","S4P 3R8","CA","CA","Department of Public Works and Government Services (PSPC)"," Ministère des Travaux publics et des Services gouvernementaux (SPAC)","11 Laurier St, Phase III, Place du Portage","11, rue Laurier, Phase III, Place du Portage","Gatineau","Gatineau","Quebec","Québec","K1A 0S5","Canada","Canada","Department of Transport (TC)"," Ministère des Transports (TC)","","","330 Sparks Street,Ottawa,Ontario,K1A0N8,Canada","330, rue Sparks,Ottawa,Ontario,K1A0N8,Canada","Martineau, Francois S (SPAC/PSPC)","francois.s.martineau@tpsgc-pwgsc.gc.ca","","","","","","","","","","","","","T3033-2724M6_Motor graders","T3033-2724M6_Niveleuses"
"W6898-270816 Mini-Excavators","W6898-270816 Mini-Excavatrices","CW2458318","000","WS5679464437","WS5679464437","CW2458318","1","2026-06-26","2026-06-25","","2026-06-25","2027-03-31","358337.70","358337.70","CAD","Active","Actif","Contract","Contrat","Original","Original","","","","*22101500
*42293700","*Earth moving machinery
*Surgical crushers and excavators and morselizers and related products","*Engins de terrassement
*Broyeurs, excavateurs, outils de morcellement chirurgicaux et produits apparentés","*GD","Request for Proposal","Demande de propositions","Competitive - Open bidding","Concurrentielle - Invitation ouverte à soumissionner","Lowest Price","Prix le plus bas","None","Aucune","*Canada-European Union Comprehensive Economic and Trade Agreement (CETA)
*Canada-Ukraine Free Trade Agreement (CUFTA)
*Canadian Free Trade Agreement (CFTA)
*Canada-Colombia Free Trade Agreement
*World Trade Organization Agreement on Government Procurement (WTO GPA)
*Canada-Panama Free Trade Agreement
*Canada-Chile Free Trade Agreement (CCFTA)
*Canada-Peru Free Trade Agreement (CPFTA)
*North American Free Trade Agreement (NAFTA)
*Comprehensive and Progressive Agreement for Trans-Pacific Partnership (CPTPP)
*Canada-Honduras Free Trade Agreement
*Canada-UK Trade Continuity Agreement (Canada-UK TCA)
*Canada-Korea Free Trade Agreement (CKFTA)","*Accord économique et commercial global (AECG) entre le Canada et l’Union européenne (UE)
*Accord de libre-échange Canada-Ukraine (ALECU)
*Accord de libre-échange canadien (ALEC)
*Accord de libre-échange Canada-Colombie
*Accord sur les marchés publics de l'Organisation mondiale du commerce (AMP-OMC)
*Accord de libre-échange Canada-Panama
*Accord de libre-échange Canada-Chili (ALECC)
*Accord de libre-échange Canada-Pérou (ALECP)
*Accord de libre-échange nord-américain (ALENA)
*Accord de Partenariat transpacifique global et progressiste (PTPGP)
*Accord de libre-échange Canada-Honduras
*Accord de continuité commerciale Canada–Royaume-Uni (ACC Canada-Royaume-Uni)
*Accord de libre-échange Canada-Corée","*Oromocto","*Oromocto","Paul Equipment & Sons","Paul Equipment & Sons","","","","","","","230 Hodgson Road, Unit 2","230 Hodgson Road, Unit 2","FREDERICTON","FREDERICTON","New Brunswick","New Brunswick","E3C 2G4","CA","CA","Department of Public Works and Government Services (PSPC)"," Ministère des Travaux publics et des Services gouvernementaux (SPAC)","11 Laurier St, Phase III, Place du Portage","11, rue Laurier, Phase III, Place du Portage","Gatineau","Gatineau","Quebec","Québec","K1A 0S5","Canada","Canada","Department of National Defence (DND)"," Ministère de la Défense nationale (MDN)","","","101 Colonel By Dr,Ottawa,Ontario,K1A0K2,Canada","101, promenade Colonel By,Ottawa,Ontario,K1A0K2,Canada","Leger2, Lyne (SPAC/PSPC) (elle-la / she-her)","lyne.leger2@tpsgc-pwgsc.gc.ca","","","","","","","","","","","","","The Department of National Defence, Real Property Operations at Canadian Forces Base Gagetown, Oromocto, New Brunswick, has a requirement for the acquisition of two (2) mini -excavators and associated components.","Le ministère de la Défense nationale, par l’entremise des Opérations des biens immobiliers à la Base des Forces canadiennes Gagetown, à Oromocto (Nouveau-Brunswick), a une exigence pour l’acquisition de deux (2) mini-excavatrices et des composantes connexes."
"EZ113-261159 CFAD - Rocky Point Building RP-138 Remedial Excavation Program – Metchosin, BC","EZ113-261159 DMFC - Rocky Point, bâtiment RP-138, Programme d’excavation aux fins d’assainissement – Metchosin, C.-B.","CW2439844","000","WS5554332699","WS5554332699","CW2439844","1","2026-06-05","2026-06-05","","2026-06-05","2026-10-01","1446813.77","1446813.77","CAD","Active","Actif","Contract","Contrat","Original","Original","","","","*22101500
*72100000
*72140000
*72141505
*77000000
*77120000
*77121600
*81101522","*Earth moving machinery
*Building and facility maintenance and repair services
*Heavy construction services
*Earthmoving service
*Environmental Services
*Pollution tracking and monitoring and rehabilitation
*Soil pollution
*Earthworks engineering","*Engins de terrassement
*Services de construction, maintenance et réparation de bâtiment et services complémentaires
*Services de construction lourde
*Service de terrassement
*Services de l'environnement
*Recherche, surveillance et réhabilitation de la pollution
*Pollution des sols
*Ingénierie de terrassement","*SRV","Invitation to Qualify","Invitation à se qualifier","Competitive - Selective tendering","Concurrentielle - Appel d'offres sélectif","Lowest Price","Prix le plus bas","","","*Canadian Free Trade Agreement (CFTA)","*Accord de libre-échange canadien (ALEC)","*Canada
*Victoria
*British Columbia","*Canada
*Victoria
*Colombie-Britannique","KBL Projects Ltd","KBL Projects Ltd","","","","","","","13511 Vulcan Way","13511 Vulcan Way","Richmond","Richmond","British Columbia","British Columbia","V6V 1K4","CA","CA","Department of Public Works and Government Services (PSPC)"," Ministère des Travaux publics et des Services gouvernementaux (SPAC)","11 Laurier St, Phase III, Place du Portage","11, rue Laurier, Phase III, Place du Portage","Gatineau","Gatineau","Quebec","Québec","K1A 0S5","Canada","Canada","Department of Public Works and Government Services (PSPC)"," Ministère des Travaux publics et des Services gouvernementaux (SPAC)","","","11 Laurier St, Phase III, Place du Portage,Gatineau,Quebec,K1A 0S5,Canada","11, rue Laurier, Phase III, Place du Portage,Gatineau,Québec,K1A 0S5,Canada","Ngan, Ken (SPAC/PSPC) (il-lui / he-him)","ken.ngan@tpsgc-pwgsc.gc.ca","","","","","","","","","","","","","Public Services and Procurement Canada (PSPC), on behalf of the Department of National Defence (DND), is implementing a remediation project surrounding Building RP-138 at the operational Canadian Forces Ammunition Depot (CFAD) at Rocky Point, Metchosin, BC. Work must be performed during dry conditions (i.e., Summer 2026) and completed by October 1, 2026.","Services publics et Approvisionnement Canada (SPAC), au nom du ministère de la Défense nationale (MDN), met en œuvre un projet d’assainissement autour du bâtiment RP-138 du Dépôt de munitions des Forces canadiennes (DMFC) opérationnel de Rocky Point, à Metchosin (Colombie-Britannique). La demande de propositions liée à ce projet devrait être publiée au printemps 2026 et les travaux doivent être réalisés pendant des conditions sèches (c’est-à-dire à l’été 2026) et être terminés avant le 1er octobre 2026."
"W684H-260282-004 Asphalt Paving and Repair - CFB Halifax","W684H-260282-004 Asphaltage et réparation – BFC Halifax","CW2449762","000","WS5275945159","WS5275945159","CW2449762","1","2026-04-20","2026-04-20","","2026-04-20","2030-09-30","0.00","0.00","CAD","Active","Actif","Supply Arrangement","Arrangement en matière d’approvisionnement","Original","Original","","","","*22101600
*30121705
*72141103
*72141104
*72141105","*Paving equipment
*Paving slab
*Highway and road paving service
*Highway and road resurfacing service
*Sidewalk construction and repair service","*Équipements de pavage
*Dalle de pavage
*Service d'asphaltage d'autoroutes et de routes
*Service de resurfaçage des routes et des autoroutes
*Service de construction et de réparation de trottoirs","*SRV","Request for Supply Arrangement","Demande pour un arrangement en matière d’approvisionnement","Competitive - Open bidding","Concurrentielle - Invitation ouverte à soumissionner","Lowest Price","Prix le plus bas","None","Aucune","*Canada-Panama Free Trade Agreement
*Canada-Chile Free Trade Agreement (CCFTA)
*World Trade Organization Agreement on Government Procurement (WTO GPA)
*Canadian Free Trade Agreement (CFTA)
*Canada-UK Trade Continuity Agreement (Canada-UK TCA)
*Canada-European Union Comprehensive Economic and Trade Agreement (CETA)
*Canada-Honduras Free Trade Agreement
*Canada-Colombia Free Trade Agreement
*Canada-Korea Free Trade Agreement (CKFTA)
*Comprehensive and Progressive Agreement for Trans-Pacific Partnership (CPTPP)
*Canada-Ukraine Free Trade Agreement (CUFTA)
*Canada-Peru Free Trade Agreement (CPFTA)","*Accord de libre-échange Canada-Panama
*Accord de libre-échange Canada-Chili (ALECC)
*Accord sur les marchés publics de l'Organisation mondiale du commerce (AMP-OMC)
*Accord de libre-échange canadien (ALEC)
*Accord de continuité commerciale Canada–Royaume-Uni (ACC Canada-Royaume-Uni)
*Accord économique et commercial global (AECG) entre le Canada et l’Union européenne (UE)
*Accord de libre-échange Canada-Honduras
*Accord de libre-échange Canada-Colombie
*Accord de libre-échange Canada-Corée
*Accord de Partenariat transpacifique global et progressiste (PTPGP)
*Accord de libre-échange Canada-Ukraine (ALECU)
*Accord de libre-échange Canada-Pérou (ALECP)","*Nova Scotia","*Nouvelle-Écosse","T. J. Nolan Construction Limited","T. J. Nolan Construction Limited","","","","","6","6","PO Box 44113","PO Box 44113","Bedford","Bedford","Nova Scotia","Nova Scotia","B4A 3Z8","CA","CA","Department of Public Works and Government Services (PSPC)"," Ministère des Travaux publics et des Services gouvernementaux (SPAC)","11 Laurier St, Phase III, Place du Portage","11, rue Laurier, Phase III, Place du Portage","Gatineau","Gatineau","Quebec","Québec","K1A 0S5","Canada","Canada","Department of National Defence (DND)"," Ministère de la Défense nationale (MDN)","","","101 Colonel By Dr,Ottawa,Ontario,K1A0K2,Canada","101, promenade Colonel By,Ottawa,Ontario,K1A0K2,Canada","Parsons, Richard (SPAC/PSPC) (il-lui / he-him)","richard.parsons@tpsgc-pwgsc.gc.ca","","","","","","","","","","","","","",""
"W0113-27CS16 Snow Pushers","W0113-27CS16 Pousse-neige","CW2466487","000","WS5805990848","WS5805990848","CW2466487","1","2026-09-03","2026-09-03","","2026-09-03","2026-11-30","24467.71","24467.71","CAD","Active","Actif","Contract","Contrat","Original","Original","","","","*22101700","*Heavy equipment components","*Composants d'engins lourds","*GD","Request for Proposal","Demande de propositions","Competitive - Open bidding","Concurrentielle - Invitation ouverte à soumissionner","Lowest Price","Prix le plus bas","","","*Canadian Free Trade Agreement (CFTA)","*Accord de libre-échange canadien (ALEC)","*Barrie","*Barrie","Eastern Farm Machinery Ltd.","Eastern Farm Machinery Ltd.","","","","","","","RR3 
10 Nicholas Beaver Rd","RR3 
10 Nicholas Beaver Rd","Puslinch","Puslinch","Ontario","Ontario","N0B 2J0","CA","CA","Department of Public Works and Government Services (PSPC)"," Ministère des Travaux publics et des Services gouvernementaux (SPAC)","11 Laurier St, Phase III, Place du Portage","11, rue Laurier, Phase III, Place du Portage","Gatineau","Gatineau","Quebec","Québec","K1A 0S5","Canada","Canada","Department of National Defence (DND)"," Ministère de la Défense nationale (MDN)","","","101 Colonel By Dr,Ottawa,Ontario,K1A0K2,Canada","101, promenade Colonel By,Ottawa,Ontario,K1A0K2,Canada","Barltrop, David (SPAC/PSPC)","david.barltrop@tpsgc-pwgsc.gc.ca","","","","","","","","","","","","","Canada is seeking offers from Offerors for the supply and delivery of Snow Pushers to the Department of National Defence, CFB Borden, in Borden, ON.","Le Canada souhaite recueillir des offres de la part d’offrants pour la fourniture et la livraison de pousse-neige au ministère de la Défense nationale, BFC Borden, à Borden, en Ontario."
"W6899-260184 K945 S Table Saw","W6899-260184 K945 S Scie à table","CW2453665","000","WS5703747963","WS5703747963","CW2453665","1","2026-07-10","2026-06-04","","2026-06-04","2027-06-04","54150.00","54150.00","CAD","Active","Actif","Contract","Contrat","Original","Original","","","","*23101500","*Machinery for working wood and stone and ceramic and the like","*Machines pour le travail du bois, de la pierre, de la céramique et assimilés","*GD","Directed Contract","Contrat prescrit","Non-competitive","Non concurrentielle","Not applicable","Sans objet","Exclusive Rights","Droits exclusifs","*Canadian Free Trade Agreement (CFTA)","*Accord de libre-échange canadien (ALEC)","*Nova Scotia","*Nouvelle-Écosse","ASW Machinery","ASW Machinery","","","","","1600","1600","5600 Timberlea Blvd","5600 Timberlea Blvd","Mississauga","Mississauga","Ontario","Ontario","L4W 4M6","CA","CA","Department of Public Works and Government Services (PSPC)"," Ministère des Travaux publics et des Services gouvernementaux (SPAC)","11 Laurier St, Phase III, Place du Portage","11, rue Laurier, Phase III, Place du Portage","Gatineau","Gatineau","Quebec","Québec","K1A 0S5","Canada","Canada","Department of National Defence (DND)"," Ministère de la Défense nationale (MDN)","","","101 Colonel By Dr,Ottawa,Ontario,K1A0K2,Canada","101, promenade Colonel By,Ottawa,Ontario,K1A0K2,Canada","Doucette, Trisha (SPAC/PSPC)","trisha.doucette@tpsgc-pwgsc.gc.ca","","","","","","","","","","","","","The Contract is for the purchase of table saw, as described in the Statement of Requirement in Annex Statement of Requirement.","Le contrat porte sur l’achat d’une scie à table, comme il est décrit dans l’énoncé des besoins à l’annexe Énoncé des besoins."
"W0102-26011T - Contract - Industrial Shredder-","W0102-26011T- Contrat- Déchiqueteuse industrielle","CW2449446","000","WS5562746881","WS5562746881","CW2449446","2","2026-04-20","2026-04-17","","2026-04-17","2026-10-31","110269.01","110269.01","CAD","Active","Actif","Contract","Contrat","Original","Original","","","","*23121600","*Textile working machinery and equipment and accessories","*Machines, équipements et accessoires pour le travail du textile","*GD","Request for Proposal","Demande de propositions","Competitive - Open bidding","Concurrentielle - Invitation ouverte à soumissionner","Lowest Price","Prix le plus bas","None","Aucune","*Canadian Free Trade Agreement (CFTA)","*Accord de libre-échange canadien (ALEC)","*Nova Scotia
*Halifax","*Nouvelle-Écosse
*Halifax","Multishred Inc.","Multishred Inc.","","","","","20","20","Unit 1 - 2750 Stevenage Drive","Unit 1 - 2750 Stevenage Drive","Ottawa","Ottawa","Ontario","Ontario","K1G 3N2","CA","CA","Department of Public Works and Government Services (PSPC)"," Ministère des Travaux publics et des Services gouvernementaux (SPAC)","11 Laurier St, Phase III, Place du Portage","11, rue Laurier, Phase III, Place du Portage","Gatineau","Gatineau","Quebec","Québec","K1A 0S5","Canada","Canada","Department of National Defence (DND)"," Ministère de la Défense nationale (MDN)","","","101 Colonel By Dr,Ottawa,Ontario,K1A0K2,Canada","101, promenade Colonel By,Ottawa,Ontario,K1A0K2,Canada","Surette, Erin (SPAC/PSPC) (elle-la / she-her)","erin.surette@tpsgc-pwgsc.gc.ca","","","","","","","","","","","","","",""
"EC095-250011 - RMSO Atlantic Appliance Maintenance","EC095-250011 - OCPR Entretien des appareils ménagers de l’Atlantique","CW2441044","000","WS5561342759","WS5561342759","CW2441044","1","2026-07-22","2026-07-15","","2026-07-15","2028-07-31","2000000.00","2000000.00","CAD","Active","Actif","Standing Offer","Offre à commandes","Original","Original","","","","*23180000
*24131503
*47110000
*52141500
*52141600
*72101500
*72153609","*Industrial food and beverage equipment
*Walk in refrigerators
*Industrial laundry and dry cleaning equipment
*Domestic kitchen appliances
*Domestic laundry appliances and supplies
*Building maintenance and repair services
*Domestic or commercial appliance installation service","*Équipements pour l'industrie des aliments et boissons
*Chambres réfrigérantes
*Blanchisserie industrielle et équipement de nettoyage à sec
*Mobilier et appareils électroménagers domestiques pour la cuisine
*Mobilier et appareils électroménagers domestiques pour l'entretien des vêtements et fournitures
*Services complémentaires au bâtiment
*Service d'installation d'électroménagers résidentiels ou commerciaux","*SRV","Request for Standing Offer","Demande d’offre à commandes","Competitive - Open bidding","Concurrentielle - Invitation ouverte à soumissionner","Lowest Price","Prix le plus bas","None","Aucune","*Canada-Colombia Free Trade Agreement
*Canada-Peru Free Trade Agreement (CPFTA)
*Canada-Chile Free Trade Agreement (CCFTA)
*Canadian Free Trade Agreement (CFTA)
*Canada-Panama Free Trade Agreement
*Comprehensive and Progressive Agreement for Trans-Pacific Partnership (CPTPP)
*Canada-European Union Comprehensive Economic and Trade Agreement (CETA)
*Canada-Honduras Free Trade Agreement
*Canada-UK Trade Continuity Agreement (Canada-UK TCA)
*Canada-Ukraine Free Trade Agreement (CUFTA)
*World Trade Organization Agreement on Government Procurement (WTO GPA)
*Canada-Korea Free Trade Agreement (CKFTA)
*North American Free Trade Agreement (NAFTA)","*Accord de libre-échange Canada-Colombie
*Accord de libre-échange Canada-Pérou (ALECP)
*Accord de libre-échange Canada-Chili (ALECC)
*Accord de libre-échange canadien (ALEC)
*Accord de libre-échange Canada-Panama
*Accord de Partenariat transpacifique global et progressiste (PTPGP)
*Accord économique et commercial global (AECG) entre le Canada et l’Union européenne (UE)
*Accord de libre-échange Canada-Honduras
*Accord de continuité commerciale Canada–Royaume-Uni (ACC Canada-Royaume-Uni)
*Accord de libre-échange Canada-Ukraine (ALECU)
*Accord sur les marchés publics de l'Organisation mondiale du commerce (AMP-OMC)
*Accord de libre-échange Canada-Corée
*Accord de libre-échange nord-américain (ALENA)","*New Brunswick
*Newfoundland and Labrador
*Nova Scotia","*Nouveau-Brunswick
*Terre-Neuve-et-Labrador
*Nouvelle-Écosse","HERITAGE FOOD SERVICE GROUP OF CANADA LIMITED","HERITAGE FOOD SERVICE GROUP OF CANADA LIMITED","Key Equipment Services","Key Equipment Services","EnviroTech Mechanical Services","EnviroTech Mechanical Services","575","575","PO BOX 12597 SUCC D","PO BOX 12597 SUCC D","Montreal","Montreal","Quebec","Quebec","H3C 6R1","CA","CA","Department of Public Works and Government Services (PSPC)"," Ministère des Travaux publics et des Services gouvernementaux (SPAC)","11 Laurier St, Phase III, Place du Portage","11, rue Laurier, Phase III, Place du Portage","Gatineau","Gatineau","Quebec","Québec","K1A 0S5","Canada","Canada","Department of National Defence (DND)"," Ministère de la Défense nationale (MDN)","","","101 Colonel By Dr,Ottawa,Ontario,K1A0K2,Canada","101, promenade Colonel By,Ottawa,Ontario,K1A0K2,Canada","Sheppard, Tara (SPAC/PSPC) (elle-la-lui / she-her-hers)","tara.sheppard@tpsgc-pwgsc.gc.ca","","","","","","","","","","","","","",""
"EC095-250011 - RMSO Atlantic Appliance Maintenance Heritage Food Service Group","EC095-250011 - OCPR Entretien des appareils ménagers de l’Atlantique","CW2459402","000","WS5561342759","WS5561342759","CW2459402","1","2026-07-22","2026-07-15","","2026-07-15","2028-05-31","2000000.00","2000000.00","CAD","Active","Actif","Standing Offer","Offre à commandes","Original","Original","","","","*23180000
*24131503
*47110000
*52141500
*52141600
*72101500
*72153609","*Industrial food and beverage equipment
*Walk in refrigerators
*Industrial laundry and dry cleaning equipment
*Domestic kitchen appliances
*Domestic laundry appliances and supplies
*Building maintenance and repair services
*Domestic or commercial appliance installation service","*Équipements pour l'industrie des aliments et boissons
*Chambres réfrigérantes
*Blanchisserie industrielle et équipement de nettoyage à sec
*Mobilier et appareils électroménagers domestiques pour la cuisine
*Mobilier et appareils électroménagers domestiques pour l'entretien des vêtements et fournitures
*Services complémentaires au bâtiment
*Service d'installation d'électroménagers résidentiels ou commerciaux","*SRV","Request for Standing Offer","Demande d’offre à commandes","Competitive - Open bidding","Concurrentielle - Invitation ouverte à soumissionner","Lowest Price","Prix le plus bas","None","Aucune","*Canada-Korea Free Trade Agreement (CKFTA)
*Canadian Free Trade Agreement (CFTA)
*Canada-Chile Free Trade Agreement (CCFTA)
*Canada-Colombia Free Trade Agreement
*Canada-Ukraine Free Trade Agreement (CUFTA)
*North American Free Trade Agreement (NAFTA)
*Canada-European Union Comprehensive Economic and Trade Agreement (CETA)
*Canada-Peru Free Trade Agreement (CPFTA)
*World Trade Organization Agreement on Government Procurement (WTO GPA)
*Comprehensive and Progressive Agreement for Trans-Pacific Partnership (CPTPP)
*Canada-Honduras Free Trade Agreement
*Canada-Panama Free Trade Agreement
*Canada-UK Trade Continuity Agreement (Canada-UK TCA)","*Accord de libre-échange Canada-Corée
*Accord de libre-échange canadien (ALEC)
*Accord de libre-échange Canada-Chili (ALECC)
*Accord de libre-échange Canada-Colombie
*Accord de libre-échange Canada-Ukraine (ALECU)
*Accord de libre-échange nord-américain (ALENA)
*Accord économique et commercial global (AECG) entre le Canada et l’Union européenne (UE)
*Accord de libre-échange Canada-Pérou (ALECP)
*Accord sur les marchés publics de l'Organisation mondiale du commerce (AMP-OMC)
*Accord de Partenariat transpacifique global et progressiste (PTPGP)
*Accord de libre-échange Canada-Honduras
*Accord de libre-échange Canada-Panama
*Accord de continuité commerciale Canada–Royaume-Uni (ACC Canada-Royaume-Uni)","*New Brunswick
*Newfoundland and Labrador
*Nova Scotia","*Nouveau-Brunswick
*Terre-Neuve-et-Labrador
*Nouvelle-Écosse","HERITAGE FOOD SERVICE GROUP OF CANADA LIMITED","HERITAGE FOOD SERVICE GROUP OF CANADA LIMITED","Key Equipment Services","Key Equipment Services","EnviroTech Mechanical Services","EnviroTech Mechanical Services","575","575","PO BOX 12597 SUCC D","PO BOX 12597 SUCC D","Montreal","Montreal","Quebec","Quebec","H3C 6R1","CA","CA","Department of Public Works and Government Services (PSPC)"," Ministère des Travaux publics et des Services gouvernementaux (SPAC)","11 Laurier St, Phase III, Place du Portage","11, rue Laurier, Phase III, Place du Portage","Gatineau","Gatineau","Quebec","Québec","K1A 0S5","Canada","Canada","Department of National Defence (DND)"," Ministère de la Défense nationale (MDN)","","","101 Colonel By Dr,Ottawa,Ontario,K1A0K2,Canada","101, promenade Colonel By,Ottawa,Ontario,K1A0K2,Canada","Sheppard, Tara (SPAC/PSPC) (elle-la-lui / she-her-hers)","tara.sheppard@tpsgc-pwgsc.gc.ca","","","","","","","","","","","","","Public Services and Procurement Canada, Atlantic Region, has a requirement to provide laundry, kitchen and galley equipment/appliance maintenance, including inspection, repair, replacement, and maintenance services, both scheduled and an “as and when requested” basis. The Contractor must bring the equipment up to operational capabilities, in accordance with the manufacturers’ specifications. 
 The standing offer term will be two years. The Atlantic region has been broken down into geographic delivery zones. One standing offer will be awarded for each zone. 
 This solicitation of offers is open only to Canadian suppliers and to Suppliers of an applicable trading partner. 
 Offerors may request a debriefing on the results of the solicitation of offers process. 
Reference the solicitation for further details.","Services publics et Approvisionnement Canada, Région de l’Atlantique, a besoin de services d’entretien de l’équipement et des appareils de buanderie, de cuisine et de cuisine, y compris des services d’inspection, de réparation, de remplacement et d’entretien, à la fois sur calendrier et sur demande. L’entrepreneur doit amener l’équipement à la capacité opérationnelle, conformément aux spécifications du fabricant.  
 
 La durée de l’offre à commandes sera de deux ans. La région de l’Atlantique a été divisée en zones géographiques de livraison. Une offre à commandes sera attribuée pour chaque zone.
 
 Le présent appel d’offres est ouvert uniquement aux fournisseurs canadiens et aux fournisseurs d’un partenaire commercial applicable.   Les soumissionnaires peuvent demander un compte rendu des résultats du processus d’appel d’offres.   Pour plus de détails, veuillez-vous référer à l'appel d'offres."
"W6898-260781 Hydraulic Swing Beam Metal Shear","W6898-260781 Cisailles hydrauliques à balancier","CW2450592","000","WS5659875879","WS5659875879","CW2450592","1","2026-07-14","2026-07-14","","2026-07-14","2027-03-31","50472.35","50472.35","CAD","Active","Actif","Contract","Contrat","Original","Original","","","","*23240000
*23241400
*23241500
*23242500
*23242600","*Metal cutting machinery and accessories
*Metal grinding machines
*Metal cutting machines
*Metal milling machines
*Specialized or miscellaneous metal cutting machines","*Machinerie et accessoires pour la coupe des métaux
*Machines à meuler le métal
*Machines pour la coupe des métaux
*Machines à fraiser les métaux
*Machines pour la coupe de différents diverses ou spécialisées","*GD","Request for Proposal","Demande de propositions","Competitive - Open bidding","Concurrentielle - Invitation ouverte à soumissionner","Lowest Price","Prix le plus bas","None","Aucune","*Canadian Free Trade Agreement (CFTA)","*Accord de libre-échange canadien (ALEC)","*New Brunswick","*Nouveau-Brunswick","TEKVARIS LTD.","TEKVARIS LTD.","","","","","8","8","10271 Yonge st 
SUITE 302 
3rd Floor","10271 Yonge st 
SUITE 302 
3rd Floor","Richmond Hill","Richmond Hill","Ontario","Ontario","L4C 3B5","CA","CA","Department of Public Works and Government Services (PSPC)"," Ministère des Travaux publics et des Services gouvernementaux (SPAC)","11 Laurier St, Phase III, Place du Portage","11, rue Laurier, Phase III, Place du Portage","Gatineau","Gatineau","Quebec","Québec","K1A 0S5","Canada","Canada","Department of National Defence (DND)"," Ministère de la Défense nationale (MDN)","","","101 Colonel By Dr,Ottawa,Ontario,K1A0K2,Canada","101, promenade Colonel By,Ottawa,Ontario,K1A0K2,Canada","Walsh, Heather (SPAC/PSPC) (elle-la / she-her)","heather.walsh@tpsgc-pwgsc.gc.ca","","","","","","","","","","","","","The response time deadline is 14:00 EST
The Department of National Defence has a requirement for the supply of an Hydraulic Swing Beam Metal Shear to be delivered on or before March 31, 2027.
This solicitation of offers is open only to Canadian suppliers.
Offerors may request a debriefing on the results of the solicitation of offers process.
Reference the solicitation for further details.","L'heure limite de réponse est fixée à 14h00 HNE.
Le ministère de la Défense nationale (MDN) a besoin d’acheter des cisailles hydrauliques à balancier (une unité). Tous les produits livrables doivent être reçus au plus tard le 31 mars 2027.
Le présent appel d’offres est ouvert uniquement aux fournisseurs canadiens.
Les soumissionnaires peuvent demander un compte rendu des résultats du processus d’appel d’offres.
Pour plus de détails, veuillez-vous référer à l'appel d'offres."
"W0134-26R008 CNC Tube Bending Machine","W0134-26R008 Machine à cintrer les tubes CNC","CW2428620","000","WS5441595168","WS5441595168","CW2428620","1","2026-09-08","2026-09-04","","2026-09-04","2028-04-30","293632.50","293632.50","CAD","Active","Actif","Contract","Contrat","Original","Original","","","","*23251500","*Metal bending machines","*Machines à cintrer les métaux","*GD","Request for Proposal","Demande de propositions","Competitive - Open bidding","Concurrentielle - Invitation ouverte à soumissionner","Lowest Price","Prix le plus bas","None","Aucune","*Canada-Panama Free Trade Agreement
*Canadian Free Trade Agreement (CFTA)
*Canada-Honduras Free Trade Agreement
*Canada-Colombia Free Trade Agreement
*Canada-Chile Free Trade Agreement (CCFTA)
*Canada-Korea Free Trade Agreement (CKFTA)","*Accord de libre-échange Canada-Panama
*Accord de libre-échange canadien (ALEC)
*Accord de libre-échange Canada-Honduras
*Accord de libre-échange Canada-Colombie
*Accord de libre-échange Canada-Chili (ALECC)
*Accord de libre-échange Canada-Corée","*Edmonton","*Edmonton","QuakeLogic Inc.","QuakeLogic Inc.","QuakeLogic","QuakeLogic","","","20","20","2008 Opportunity Dr. 
Suite 130","2008 Opportunity Dr. 
Suite 130","Roseville","Roseville","California","California","95678","US","US","Department of Public Works and Government Services (PSPC)"," Ministère des Travaux publics et des Services gouvernementaux (SPAC)","11 Laurier St, Phase III, Place du Portage","11, rue Laurier, Phase III, Place du Portage","Gatineau","Gatineau","Quebec","Québec","K1A 0S5","Canada","Canada","Department of National Defence (DND)"," Ministère de la Défense nationale (MDN)","","","101 Colonel By Dr,Ottawa,Ontario,K1A0K2,Canada","101, promenade Colonel By,Ottawa,Ontario,K1A0K2,Canada","Harris, Lisa (SPAC/PSPC)","lisa.harris@tpsgc-pwgsc.gc.ca","","","","","","","","","","","","","The Department of National Defense (DND) 4 Wing Cold Lake, 1 Air Maintenance Squadron (1 AMS) Metal Shop requires the supply and delivery of one (1) CNC Electric Mandrel Bender (and accessories) for the purpose of manufacturing rigid lines that are necessary for the maintenance of the CF18 fleet.","L’atelier de tôlerie du 1er Escadron de maintenance (Air) (1 EMA) de la 4e Escadre Cold Lake du ministère de la Défense nationale (MDN) a besoin de la fourniture et de la livraison d’une (1) cintreuse électrique à mandrin à commande numérique par ordinateur (CNC), et de ses accessoires, afin de fabriquer les conduites rigides nécessaires à l’entretien de la flotte de CF18."
"W0130-25C200 - Press Brake","W0130-25C200 - Presse plieuse","CW2456722","000","WS5555713037","WS5555713037","CW2456722","1","2026-07-10","2026-07-10","","2026-07-10","2031-01-10","190421.60","190421.60","CAD","Active","Actif","Contract","Contrat","Original","Original","","","","*23251500","*Metal bending machines","*Machines à cintrer les métaux","*GD","Request for Proposal","Demande de propositions","Competitive - Open bidding","Concurrentielle - Invitation ouverte à soumissionner","Not applicable","Sans objet","None","Aucune","*Canadian Free Trade Agreement (CFTA)","*Accord de libre-échange canadien (ALEC)","*Canada","*Canada","Felix Technology Inc.","Felix Technology Inc.","","","","","6","6","6-270 Drumlin Circle","6-270 Drumlin Circle","Concord","Concord","Ontario","Ontario","L4K 3E2","CA","CA","Department of Public Works and Government Services (PSPC)"," Ministère des Travaux publics et des Services gouvernementaux (SPAC)","11 Laurier St, Phase III, Place du Portage","11, rue Laurier, Phase III, Place du Portage","Gatineau","Gatineau","Quebec","Québec","K1A 0S5","Canada","Canada","Department of National Defence (DND)"," Ministère de la Défense nationale (MDN)","","","101 Colonel By Dr,Ottawa,Ontario,K1A0K2,Canada","101, promenade Colonel By,Ottawa,Ontario,K1A0K2,Canada","Phan, Stephen (SPAC/PSPC)","stephen.phan@tpsgc-pwgsc.gc.ca","","","","","","","","","","","","","W0130-25C200 - Press Brake","W0130-25C200 - Presse plieuse"
"PR24938_5P414-270212 - One Tracked Skid Steer","PR24938_5P414-270212 - Une Chargeuse à Chenilles","CW2459145","000","WS5767246160","WS5767246160","CW2459145","1","2026-07-10","2026-07-10","","2026-07-10","2028-07-24","128680.56","128680.56","CAD","Active","Actif","Contract","Contrat","Original","Original","","","","*24100000","*Material handling machinery and equipment","*Machines et équipements pour la manutention","*GD","Request for Proposal","Demande de propositions","Non-competitive","Non concurrentielle","Lowest Price","Prix le plus bas","","","*Canadian Free Trade Agreement (CFTA)
*Canada-Korea Free Trade Agreement (CKFTA)","*Accord de libre-échange canadien (ALEC)
*Accord de libre-échange Canada-Corée","*Canada","*Canada","LIFTOW LIMITED","LIFTOW LIMITED","Liftow Limited","Liftow Limited","Liftow Limited","Liftow Limited","650","650","1400 Courtneypark Drive E. 
ON 
L5T 1H1","1400 Courtneypark Drive E. 
ON 
L5T 1H1","MISSISSAUGA","MISSISSAUGA","Ontario","Ontario","L5T 1H1","CA","CA","Department of Public Works and Government Services (PSPC)"," Ministère des Travaux publics et des Services gouvernementaux (SPAC)","11 Laurier St, Phase III, Place du Portage","11, rue Laurier, Phase III, Place du Portage","Gatineau","Gatineau","Quebec","Québec","K1A 0S5","Canada","Canada","Parks Canada Agency (PC)"," Agence Parcs Canada (PC)","","","30 Victoria Street,Gatineau,Quebec,J8X 0B3,Canada","30, rue Victoria,Gatineau,Quebec,J8X 0B3,Canada","Schou, Phillipe (SPAC/PSPC)","phillipe.schou@tpsgc-pwgsc.gc.ca","","","","","","","","","","","","","Parks Canada has a requirement to purchase one Tracked Skid Steer, ancillary items, in accordance with Annex – Basis of Payment and Annex - Statement of Requirement.","Parcs Canada a besoin d’acquérir un chargeur compact sur chenilles, ainsi que les articles connexes, conformément à l’annexe – Base de paiement et à l’annexe – Énoncé des besoins."
"5P323-250311 Medium Duty Welding Truck","5P323-250311 Camion de soudage de poids moyen","CW2447997","000","WS5527898032","WS5527898032","CW2447997","1","2026-05-28","2026-05-01","","2026-05-27","2029-06-30","319922.21","319922.21","CAD","Active","Actif","Contract","Contrat","Original","Original","","","","*24101500
*25101917","*Industrial trucks
*Flatbed truck","*Chariots de manutention
*Camion à plateforme","*GD","Request for Proposal","Demande de propositions","Competitive - Open bidding","Concurrentielle - Invitation ouverte à soumissionner","Highest Combined Rating of Technical Merit and Price","Cote combinée la plus élevée pour le mérite technique et le prix","None","Aucune","*Canada-Chile Free Trade Agreement (CCFTA)
*Canada-Honduras Free Trade Agreement
*Canada-European Union Comprehensive Economic and Trade Agreement (CETA)
*Canadian Free Trade Agreement (CFTA)
*World Trade Organization Agreement on Government Procurement (WTO GPA)
*Canada-Ukraine Free Trade Agreement (CUFTA)
*Canada-Korea Free Trade Agreement (CKFTA)
*Canada-Colombia Free Trade Agreement
*Canada-Panama Free Trade Agreement
*Canada-Peru Free Trade Agreement (CPFTA)
*Canada-UK Trade Continuity Agreement (Canada-UK TCA)
*Comprehensive and Progressive Agreement for Trans-Pacific Partnership (CPTPP)","*Accord de libre-échange Canada-Chili (ALECC)
*Accord de libre-échange Canada-Honduras
*Accord économique et commercial global (AECG) entre le Canada et l’Union européenne (UE)
*Accord de libre-échange canadien (ALEC)
*Accord sur les marchés publics de l'Organisation mondiale du commerce (AMP-OMC)
*Accord de libre-échange Canada-Ukraine (ALECU)
*Accord de libre-échange Canada-Corée
*Accord de libre-échange Canada-Colombie
*Accord de libre-échange Canada-Panama
*Accord de libre-échange Canada-Pérou (ALECP)
*Accord de continuité commerciale Canada–Royaume-Uni (ACC Canada-Royaume-Uni)
*Accord de Partenariat transpacifique global et progressiste (PTPGP)","*Smiths Falls","*Smiths Falls","Jim Keay Ford Lincoln Sales Ltd.","Jim Keay Ford Lincoln Sales Ltd.","Jim Keay Ford","Jim Keay Ford","Jim Keay Lincoln","Jim Keay Lincoln","","","1438 Youville Dr","1438 Youville Dr","Orleans","Orleans","Ontario","Ontario","K1C 2X8","CA","CA","Department of Public Works and Government Services (PSPC)"," Ministère des Travaux publics et des Services gouvernementaux (SPAC)","11 Laurier St, Phase III, Place du Portage","11, rue Laurier, Phase III, Place du Portage","Gatineau","Gatineau","Quebec","Québec","K1A 0S5","Canada","Canada","Parks Canada Agency (PC)"," Agence Parcs Canada (PC)","","","30 Victoria Street,Gatineau,Quebec,J8X 0B3,Canada","30, rue Victoria,Gatineau,Quebec,J8X 0B3,Canada","Keenan, Darlene (SPAC/PSPC) (elle-la / she-her)","darlene.keenan@tpsgc-pwgsc.gc.ca","","","","","","","","","","","","","Parks Canada Agency (PCA) required the supply and delivery of one (1) new welding truck.","L’Agence Parcs Canada (APC) avait besoin de la fourniture et de la livraison d’un (1) nouveau camion de soudage."
"F3731-250070 - RISO Inspection, Repair and Maintenance Services of Lifting Equipment - REEL","F3731-250070 - OCIR Services d’inspection, réparation et entretien d’appareils de levage - REEL","CW2464877","000","WS5715474745","WS5715474745","CW2464877","1","2026-08-25","2026-08-21","","2026-08-21","2028-08-23","800000.00","800000.00","CAD","Active","Actif","Standing Offer","Offre à commandes","Original","Original","","","","*24101600
*24101608
*24101649
*72154502
*81141804","*Lifting equipment and accessories
*Winches
*Winch crane
*Crane maintenance and repair service
*Equipment inspection service","*Équipements et accessoires de levage
*Treuils
*Grue à treuil
*Service d'entretien et de réparation de grues
*Service d'inspection des équipements","*SRV","Request for Standing Offer","Demande d’offre à commandes","Competitive - Open bidding","Concurrentielle - Invitation ouverte à soumissionner","Highest Combined Rating of Technical Merit and Price","Cote combinée la plus élevée pour le mérite technique et le prix","None","Aucune","*Canada-Chile Free Trade Agreement (CCFTA)
*Comprehensive and Progressive Agreement for Trans-Pacific Partnership (CPTPP)
*Canadian Free Trade Agreement (CFTA)
*Canada-Colombia Free Trade Agreement
*Canada-European Union Comprehensive Economic and Trade Agreement (CETA)
*Canada-Peru Free Trade Agreement (CPFTA)
*Canada-Honduras Free Trade Agreement
*Canada-UK Trade Continuity Agreement (Canada-UK TCA)
*World Trade Organization Agreement on Government Procurement (WTO GPA)
*Canada-Korea Free Trade Agreement (CKFTA)
*Canada-Panama Free Trade Agreement
*Canada-Ukraine Free Trade Agreement (CUFTA)","*Accord de libre-échange Canada-Chili (ALECC)
*Accord de Partenariat transpacifique global et progressiste (PTPGP)
*Accord de libre-échange canadien (ALEC)
*Accord de libre-échange Canada-Colombie
*Accord économique et commercial global (AECG) entre le Canada et l’Union européenne (UE)
*Accord de libre-échange Canada-Pérou (ALECP)
*Accord de libre-échange Canada-Honduras
*Accord de continuité commerciale Canada–Royaume-Uni (ACC Canada-Royaume-Uni)
*Accord sur les marchés publics de l'Organisation mondiale du commerce (AMP-OMC)
*Accord de libre-échange Canada-Corée
*Accord de libre-échange Canada-Panama
*Accord de libre-échange Canada-Ukraine (ALECU)","*Quebec (except NCR)","*Québec (sauf RCN)","REEL COH Inc","REEL COH Inc","","","","","","","801, Curé Boivin","801, Curé Boivin","Boisbriand","Boisbriand","Quebec","Quebec","J7G 2J2","CA","CA","Department of Public Works and Government Services (PSPC)"," Ministère des Travaux publics et des Services gouvernementaux (SPAC)","11 Laurier St, Phase III, Place du Portage","11, rue Laurier, Phase III, Place du Portage","Gatineau","Gatineau","Quebec","Québec","K1A 0S5","Canada","Canada","Department of Fisheries and Oceans (DFO)"," Ministère des Pêches et des Océans (MPO)","","","200 Kent Street,Ottawa,Ontario,K1A 0E6,Canada","200, rue Kent,Ottawa,Ontario,K1A 0E6,Canada","Meyerovich, Anna (SPAC/PSPC) (elle-la / she-her)","anna.meyerovich@tpsgc-pwgsc.gc.ca","","","","","","","","","","","","","Establish a Regional Individual Standing Offer (RISO) for inspection, maintenance, and repair services of lifting equipment on behalf of the Small Craft Harbours program of the Department of Fisheries and Oceans Canada (DFO) for the three regions of Îles-de-la-Madeleine, Gaspésie, and Quebec’s Côte-Nord.","Établir une Offre à commandes individuelle régionale (OCIR) pour des services d’inspection, d’entretien et de réparations d’appareils de levage pour le compte du Port des petits bateaux du Ministère de Pêches et Océans Canada (MPO) pour les 3 régions des Iles-de-la-Madeleine, la Gaspésie et la Côte-Nord du Québec."
"F1782-26C071 - CCGS Sir Wilfred Grenfell - Crane Cab Renewal and Crane 5T Winch Upgrade","F1782-26C071 - NGCC Sir Wilfred Grenfell - Renouvellement de la cabine de grue et modernisation du treuil de 5 t de la grue","CW2454427","000","WS5695647322","WS5695647322","CW2454427","2","2026-05-28","2026-05-26","","2026-05-26","2027-01-29","711795.00","711795.00","CAD","Active","Actif","Contract","Contrat","Original","Original","","","","*24101602","*Hoists","*Engins de levage","*GD","Directed Contract","Contrat prescrit","Non-competitive","Non concurrentielle","Not applicable","Sans objet","Exclusive Rights","Droits exclusifs","*Canada-Panama Free Trade Agreement
*Canadian Free Trade Agreement (CFTA)
*Canada-Colombia Free Trade Agreement
*Canada-Chile Free Trade Agreement (CCFTA)
*Comprehensive and Progressive Agreement for Trans-Pacific Partnership (CPTPP)
*Canada-Honduras Free Trade Agreement
*Canada-Peru Free Trade Agreement (CPFTA)
*Canada-European Union Comprehensive Economic and Trade Agreement (CETA)
*Canada-Ukraine Free Trade Agreement (CUFTA)
*World Trade Organization Agreement on Government Procurement (WTO GPA)
*Canada-Korea Free Trade Agreement (CKFTA)
*Canada-UK Trade Continuity Agreement (Canada-UK TCA)","*Accord de libre-échange Canada-Panama
*Accord de libre-échange canadien (ALEC)
*Accord de libre-échange Canada-Colombie
*Accord de libre-échange Canada-Chili (ALECC)
*Accord de Partenariat transpacifique global et progressiste (PTPGP)
*Accord de libre-échange Canada-Honduras
*Accord de libre-échange Canada-Pérou (ALECP)
*Accord économique et commercial global (AECG) entre le Canada et l’Union européenne (UE)
*Accord de libre-échange Canada-Ukraine (ALECU)
*Accord sur les marchés publics de l'Organisation mondiale du commerce (AMP-OMC)
*Accord de libre-échange Canada-Corée
*Accord de continuité commerciale Canada–Royaume-Uni (ACC Canada-Royaume-Uni)","*British Columbia","*Colombie-Britannique","HAWBOLDT INDUSTRIES (1989) LTD","HAWBOLDT INDUSTRIES (1989) LTD","","","","","55","55","220 HIGHWAY 14","220 HIGHWAY 14","CHESTER","CHESTER","Nova Scotia","Nova Scotia","B0J 1J0","CA","CA","Department of Public Works and Government Services (PSPC)"," Ministère des Travaux publics et des Services gouvernementaux (SPAC)","11 Laurier St, Phase III, Place du Portage","11, rue Laurier, Phase III, Place du Portage","Gatineau","Gatineau","Quebec","Québec","K1A 0S5","Canada","Canada","Canadian Coast Guard (CCG)"," Garde côtière canadienne (GCC)","","","200 Kent St. Station 13E228,Ottawa,Ontario,K1A0E6,Canada","200, rue Kent, Station 13E228,Ottawa,Ontario,K1A0E6,Canada","Parsons, Mary (SPAC/PSPC) (elle-la-lui / she-her-hers)","mary.parsons@tpsgc-pwgsc.gc.ca","","","","","","","","","","","","","F1782-26C071 - CCGS Sir Wilfred Grenfell - Crane Cab Renewal and Crane 5T Winch Upgrade","F1782-26C071 - NGCC Sir Wilfred Grenfell - Renouvellement de la cabine de grue et modernisation du treuil de 5 t de la grue"
"E60HL-250075-007-HL Tiatrek Mountain Equipment Inc","E60HL-250075-007-HL Tiatrek Mountain Equipment Inc","CW2446723","000","WS5113507411","WS5113507411","CW2446723","2","2026-03-30","2026-04-01","","2026-04-01","2027-03-31","0.00","0.00","CAD","Active","Actif","Standing Offer","Offre à commandes","Original","Original","","","","*15120000","*Lubricants and oils and greases and anti corrosives","*Lubrifiants, huiles, graisses et agents anti-corrosion","*GD","Request for Standing Offer","Demande d’offre à commandes","Competitive - Open bidding","Concurrentielle - Invitation ouverte à soumissionner","Highest Combined Rating of Technical Merit and Price","Cote combinée la plus élevée pour le mérite technique et le prix","None","Aucune","*Canada-Panama Free Trade Agreement
*Canadian Free Trade Agreement (CFTA)
*Canada-Chile Free Trade Agreement (CCFTA)
*Canada-Colombia Free Trade Agreement
*Canada-UK Trade Continuity Agreement (Canada-UK TCA)
*Canada-Honduras Free Trade Agreement
*Canada-European Union Comprehensive Economic and Trade Agreement (CETA)
*Canada-Peru Free Trade Agreement (CPFTA)
*World Trade Organization Agreement on Government Procurement (WTO GPA)
*Canada-Ukraine Free Trade Agreement (CUFTA)
*Canada-Korea Free Trade Agreement (CKFTA)
*Comprehensive and Progressive Agreement for Trans-Pacific Partnership (CPTPP)
*North American Free Trade Agreement (NAFTA)","*Accord de libre-échange Canada-Panama
*Accord de libre-échange canadien (ALEC)
*Accord de libre-échange Canada-Chili (ALECC)
*Accord de libre-échange Canada-Colombie
*Accord de continuité commerciale Canada–Royaume-Uni (ACC Canada-Royaume-Uni)
*Accord de libre-échange Canada-Honduras
*Accord économique et commercial global (AECG) entre le Canada et l’Union européenne (UE)
*Accord de libre-échange Canada-Pérou (ALECP)
*Accord sur les marchés publics de l'Organisation mondiale du commerce (AMP-OMC)
*Accord de libre-échange Canada-Ukraine (ALECU)
*Accord de libre-échange Canada-Corée
*Accord de Partenariat transpacifique global et progressiste (PTPGP)
*Accord de libre-échange nord-américain (ALENA)","*Canada","*Canada","AEROFUSION DYNAMICS INC.","AEROFUSION DYNAMICS INC.","","","","","1","1","102-10570 83 Ave NW","102-10570 83 Ave NW","Edmonton","Edmonton","Alberta","Alberta","T6E 2C9","CA","CA","Department of Public Works and Government Services (PSPC)"," Ministère des Travaux publics et des Services gouvernementaux (SPAC)","11 Laurier St, Phase III, Place du Portage","11, rue Laurier, Phase III, Place du Portage","Gatineau","Gatineau","Quebec","Québec","K1A 0S5","Canada","Canada","Department of National Defence (DND)"," Ministère de la Défense nationale (MDN)","","","101 Colonel By Dr,Ottawa,Ontario,K1A0K2,Canada","101, promenade Colonel By,Ottawa,Ontario,K1A0K2,Canada","Wolszczan, Caroline (SPAC/PSPC)","caroline.wolszczan@tpsgc-pwgsc.gc.ca","","","","","","","","","","","","","",""
"F6854-240124-007-HL - WestPier Inc","F6854-240124-007-HL - WestPier Inc","CW2450873","000","WS5066659902","WS5066659902","CW2450873","2","2026-05-14","2026-05-08","","2026-05-08","2027-03-31","1214313.19","2281683.38","CAD","Active","Actif","Standing Offer","Offre à commandes","Original","Original","","","","*15121501
*15121503
*15121504
*15121508","*Engine oil
*Gear oil
*Hydraulic oil
*Transmission oil","*Huile de moteur
*Huile pour engrenages
*Huile hydraulique
*Huile de transmission","*GD","Directed Contract","Contrat prescrit","Non-competitive","Non concurrentielle","Lowest Price","Prix le plus bas","Exclusive Rights","Droits exclusifs","*Canadian Free Trade Agreement (CFTA)
*Canada-Colombia Free Trade Agreement
*Canada-Honduras Free Trade Agreement
*Canada-Chile Free Trade Agreement (CCFTA)
*Comprehensive and Progressive Agreement for Trans-Pacific Partnership (CPTPP)
*Canada-European Union Comprehensive Economic and Trade Agreement (CETA)
*Canada-Korea Free Trade Agreement (CKFTA)
*World Trade Organization Agreement on Government Procurement (WTO GPA)
*Canada-Ukraine Free Trade Agreement (CUFTA)
*North American Free Trade Agreement (NAFTA)
*Canada-Panama Free Trade Agreement
*Canada-Peru Free Trade Agreement (CPFTA)
*Canada-UK Trade Continuity Agreement (Canada-UK TCA)","*Accord de libre-échange canadien (ALEC)
*Accord de libre-échange Canada-Colombie
*Accord de libre-échange Canada-Honduras
*Accord de libre-échange Canada-Chili (ALECC)
*Accord de Partenariat transpacifique global et progressiste (PTPGP)
*Accord économique et commercial global (AECG) entre le Canada et l’Union européenne (UE)
*Accord de libre-échange Canada-Corée
*Accord sur les marchés publics de l'Organisation mondiale du commerce (AMP-OMC)
*Accord de libre-échange Canada-Ukraine (ALECU)
*Accord de libre-échange nord-américain (ALENA)
*Accord de libre-échange Canada-Panama
*Accord de libre-échange Canada-Pérou (ALECP)
*Accord de continuité commerciale Canada–Royaume-Uni (ACC Canada-Royaume-Uni)","*Canada","*Canada","Westpier Marine and Industrial Supply","Westpier Marine and Industrial Supply","","","","","22","22","577 Elm st","577 Elm st","Port Colborne","Port Colborne","Ontario","Ontario","l3k 1b7","CA","CA","Department of Public Works and Government Services (PSPC)"," Ministère des Travaux publics et des Services gouvernementaux (SPAC)","11 Laurier St, Phase III, Place du Portage","11, rue Laurier, Phase III, Place du Portage","Gatineau","Gatineau","Quebec","Québec","K1A 0S5","Canada","Canada","Canadian Coast Guard (CCG)"," Garde côtière canadienne (GCC)","","","200 Kent St. Station 13E228,Ottawa,Ontario,K1A0E6,Canada","200, rue Kent, Station 13E228,Ottawa,Ontario,K1A0E6,Canada","Wolszczan, Caroline (SPAC/PSPC)","caroline.wolszczan@tpsgc-pwgsc.gc.ca","","","","","","","","","","","","","",""
"PR19808_One High-Capacity Forklift","PR19808_ Un chariot élévateur à fourche de grande capacité","CW2426833","000","WS5425633112","WS5425633112","CW2426833","1","2026-05-01","2026-05-01","","2026-05-01","2028-10-02","173025.60","173025.60","CAD","Active","Actif","Contract","Contrat","Original","Original","","","","*24101603","*Forklifts","*Chariots élévateurs à fourche","*GD","Request for Proposal","Demande de propositions","Competitive - Open bidding","Concurrentielle - Invitation ouverte à soumissionner","Highest Combined Rating of Technical Merit and Price","Cote combinée la plus élevée pour le mérite technique et le prix","None","Aucune","*Canada-Chile Free Trade Agreement (CCFTA)
*Canada-Colombia Free Trade Agreement
*Canadian Free Trade Agreement (CFTA)
*Canada-Peru Free Trade Agreement (CPFTA)
*Canada-Honduras Free Trade Agreement","*Accord de libre-échange Canada-Chili (ALECC)
*Accord de libre-échange Canada-Colombie
*Accord de libre-échange canadien (ALEC)
*Accord de libre-échange Canada-Pérou (ALECP)
*Accord de libre-échange Canada-Honduras","*Canada","*Canada","Leavitt Machinery","Leavitt Machinery","","","","","500","500","51 Leeder St","51 Leeder St","Coquitlam","Coquitlam","British Columbia","British Columbia","V3K 3V5","CA","CA","Department of Public Works and Government Services (PSPC)"," Ministère des Travaux publics et des Services gouvernementaux (SPAC)","11 Laurier St, Phase III, Place du Portage","11, rue Laurier, Phase III, Place du Portage","Gatineau","Gatineau","Quebec","Québec","K1A 0S5","Canada","Canada","Department of the Environment (ECCC )"," Ministère de l’Environnement (ECCC)","","","200 Boulevard Sacré-Coeur,Gatineau,Quebec,J8X4C6,Canada","200, boulevard Sacré-Coeur,Gatineau,Quebec,J8X4C6,Canada","Schou, Phillipe (SPAC/PSPC)","phillipe.schou@tpsgc-pwgsc.gc.ca","","","","","","","","","","","","","The Department Environment and Climate Change Canada has a requirement to purchase one High-Capacity Forklift, ancillary items, Integrated Logistic Support items, in accordance with Annex – Basis of Payment and Annex - Statement of Requirement. The requested delivery date for the above-mentioned goods is six weeks after Contract Award.","Le ministère de l’Environnement et Changement climatique Canada a besoin d’acheter un chariot élévateur à fourche de grande capacité, des articles auxiliaires, des articles de soutien logistique intégré, conformément à l’annexe – Base de paiement et à l’annexe – Énoncé des besoins. La date de livraison demandée pour les biens susmentionnés est de six semaines après l’attribution du contrat."
"Electric Forklift Truck","Chariot élévateur à fourche électrique","CW2433441","000","WS5367382741","WS5367382741","CW2433441","1","2026-06-02","2026-06-01","","2026-06-01","2027-09-30","102197.20","102197.20","CAD","Active","Actif","Contract","Contrat","Original","Original","","","","*24101603","*Forklifts","*Chariots élévateurs à fourche","*GD","Request for Proposal","Demande de propositions","Competitive - Open bidding","Concurrentielle - Invitation ouverte à soumissionner","Lowest Price","Prix le plus bas","","","*Canada-Korea Free Trade Agreement (CKFTA)
*Canadian Free Trade Agreement (CFTA)","*Accord de libre-échange Canada-Corée
*Accord de libre-échange canadien (ALEC)","*Burlington","*Burlington","Leavitt Machinery","Leavitt Machinery","","","","","500","500","51 Leeder St","51 Leeder St","Coquitlam","Coquitlam","British Columbia","British Columbia","V3K 3V5","CA","CA","Department of Public Works and Government Services (PSPC)"," Ministère des Travaux publics et des Services gouvernementaux (SPAC)","11 Laurier St, Phase III, Place du Portage","11, rue Laurier, Phase III, Place du Portage","Gatineau","Gatineau","Quebec","Québec","K1A 0S5","Canada","Canada","Department of the Environment (ECCC )"," Ministère de l’Environnement (ECCC)","","","200 Boulevard Sacré-Coeur,Gatineau,Quebec,J8X4C6,Canada","200, boulevard Sacré-Coeur,Gatineau,Quebec,J8X4C6,Canada","Namasivayam, Kagetha (SPAC/PSPC)","kagetha.namasivayam@tpsgc-pwgsc.gc.ca","","","","","","","","","","","","","Electric Forklift Truck","Chariot élévateur à fourche électrique"
"PR21258_One Forklift","PR21258_ Un chariot élévateur à fourche","CW2461079","000","WS5429474134","WS5429474134","CW2461079","1","2026-08-13","2026-08-12","","2026-08-12","2028-08-12","101785.60","101785.60","CAD","Active","Actif","Contract against SA","Contrat découlant d’un arrangement en matière d'approvisionnement","Original","Original","","","","*24101603","*Forklifts","*Chariots élévateurs à fourche","*GD","Request for Proposal","Demande de propositions","Competitive - Selective tendering","Concurrentielle - Appel d'offres sélectif","Lowest Price","Prix le plus bas","None","Aucune","*Canada-Peru Free Trade Agreement (CPFTA)
*Canadian Free Trade Agreement (CFTA)
*Canada-Colombia Free Trade Agreement
*Canada-Chile Free Trade Agreement (CCFTA)
*Comprehensive and Progressive Agreement for Trans-Pacific Partnership (CPTPP)
*Canada-Honduras Free Trade Agreement
*Canada-Panama Free Trade Agreement
*Canada-European Union Comprehensive Economic and Trade Agreement (CETA)
*Canada-UK Trade Continuity Agreement (Canada-UK TCA)
*Canada-Ukraine Free Trade Agreement (CUFTA)
*World Trade Organization Agreement on Government Procurement (WTO GPA)
*Canada-Korea Free Trade Agreement (CKFTA)
*North American Free Trade Agreement (NAFTA)","*Accord de libre-échange Canada-Pérou (ALECP)
*Accord de libre-échange canadien (ALEC)
*Accord de libre-échange Canada-Colombie
*Accord de libre-échange Canada-Chili (ALECC)
*Accord de Partenariat transpacifique global et progressiste (PTPGP)
*Accord de libre-échange Canada-Honduras
*Accord de libre-échange Canada-Panama
*Accord économique et commercial global (AECG) entre le Canada et l’Union européenne (UE)
*Accord de continuité commerciale Canada–Royaume-Uni (ACC Canada-Royaume-Uni)
*Accord de libre-échange Canada-Ukraine (ALECU)
*Accord sur les marchés publics de l'Organisation mondiale du commerce (AMP-OMC)
*Accord de libre-échange Canada-Corée
*Accord de libre-échange nord-américain (ALENA)","*Canada","*Canada","Leavitt Machinery","Leavitt Machinery","","","","","500","500","51 Leeder St","51 Leeder St","Coquitlam","Coquitlam","British Columbia","British Columbia","V3K 3V5","CA","CA","Department of Public Works and Government Services (PSPC)"," Ministère des Travaux publics et des Services gouvernementaux (SPAC)","11 Laurier St, Phase III, Place du Portage","11, rue Laurier, Phase III, Place du Portage","Gatineau","Gatineau","Quebec","Québec","K1A 0S5","Canada","Canada","Correctional Service of Canada (CSC)"," Service correctionnel du Canada (SCC)","","","340 Laurier Ave W,Ottawa,Ontario,K1P0P9,Canada","340, avenue Laurier Ouest,Ottawa,Ontario,K1P0P9,Canada","Schou, Phillipe (SPAC/PSPC)","phillipe.schou@tpsgc-pwgsc.gc.ca","","","","","","","","","","","","","This requirement is for the establishment of Contract(s) against E60HS-21FRKL SA for CSC for the purchase of 1 Forklift to Abbotsford, British Colombia.
Department of Correctional Services Canada has a requirement to purchase 1 Forklift, in accordance with the Purchase Description and in accordance with Annex A – Pricing and Annex B - Requirement. The requested delivery date for the above-mentioned goods is 31 March, 2026.","Ce besoin vise l’établissement d’un ou de plusieurs contrats dans le cadre de l’AMA E60HS-21FRKL pour le SCC en vue de l’achat d'un chariot élévateur à fourche à Abbotsford, Colombie-Britannique.
Le ministère des Services correctionnels du Canada a besoin d’acheter un chariot élévateur à fourche, conformément à la description d’achat et conformément à l’annexe A – Prix et à l’annexe B – Besoin. La date de livraison demandée pour les biens susmentionnés est le 31 mars 2026."
"G.N. Johnston Equipment Co. Ltd - Supply Arrangements for Forklift Truck (E60HS 21FRKL A)","G.N. Johnston Equipment Co. Ltd - arrangements en matière d'approvisionnement pour Chariots élévateurs à fourches E60HS 21FRKL A","CW2441913","000","WS4158988049","WS4158988049","CW2441913","1","2026-08-28","2026-07-15","","2026-07-15","2026-12-21","0.00","0.00","CAD","Active","Actif","Supply Arrangement","Arrangement en matière d’approvisionnement","Original","Original","","","","*24101604","*Lifts","*Monte-charge","*GD","Request for Supply Arrangement","Demande pour un arrangement en matière d’approvisionnement","Competitive - Open bidding","Concurrentielle - Invitation ouverte à soumissionner","Lowest Price","Prix le plus bas","None","Aucune","*Canada-Colombia Free Trade Agreement
*Canada-Chile Free Trade Agreement (CCFTA)
*Canada-UK Trade Continuity Agreement (Canada-UK TCA)
*Canadian Free Trade Agreement (CFTA)
*Canada-Peru Free Trade Agreement (CPFTA)
*Canada-European Union Comprehensive Economic and Trade Agreement (CETA)
*Comprehensive and Progressive Agreement for Trans-Pacific Partnership (CPTPP)
*Canada-Honduras Free Trade Agreement
*World Trade Organization Agreement on Government Procurement (WTO GPA)
*Canada-Ukraine Free Trade Agreement (CUFTA)
*Canada-Korea Free Trade Agreement (CKFTA)
*North American Free Trade Agreement (NAFTA)
*Canada-Panama Free Trade Agreement
*None","*Accord de libre-échange Canada-Colombie
*Accord de libre-échange Canada-Chili (ALECC)
*Accord de continuité commerciale Canada–Royaume-Uni (ACC Canada-Royaume-Uni)
*Accord de libre-échange canadien (ALEC)
*Accord de libre-échange Canada-Pérou (ALECP)
*Accord économique et commercial global (AECG) entre le Canada et l’Union européenne (UE)
*Accord de Partenariat transpacifique global et progressiste (PTPGP)
*Accord de libre-échange Canada-Honduras
*Accord sur les marchés publics de l'Organisation mondiale du commerce (AMP-OMC)
*Accord de libre-échange Canada-Ukraine (ALECU)
*Accord de libre-échange Canada-Corée
*Accord de libre-échange nord-américain (ALENA)
*Accord de libre-échange Canada-Panama
*Aucun","*Canada","*Canada","G. N. JOHNSTON EQUIPMENT CO. LTD./ EQUIPEMENT G. N. JOHNSTON","G. N. JOHNSTON EQUIPMENT CO. LTD./ EQUIPEMENT G. N. JOHNSTON","","","","","1300","1300","5990 Avebury Rd","5990 Avebury Rd","Mississauga","Mississauga","Ontario","Ontario","L5R 3R2","CA","CA","Department of Public Works and Government Services (PSPC)"," Ministère des Travaux publics et des Services gouvernementaux (SPAC)","11 Laurier St, Phase III, Place du Portage","11, rue Laurier, Phase III, Place du Portage","Gatineau","Gatineau","Quebec","Québec","K1A 0S5","Canada","Canada","Department of Public Works and Government Services (PSPC)"," Ministère des Travaux publics et des Services gouvernementaux (SPAC)","","","11 Laurier St, Phase III, Place du Portage,Gatineau,Quebec,K1A 0S5,Canada","11, rue Laurier, Phase III, Place du Portage,Gatineau,Québec,K1A 0S5,Canada","Schou, Phillipe (SPAC/PSPC)","phillipe.schou@tpsgc-pwgsc.gc.ca","","","","","","","","","","","","","This requirement is to establish a Suppy Arrangement (SA) for the supply of Forklift Trucks to departments and agencies of the Government of Canada and Provincial/Territorial Identified Users,from March 18, 2021 with no fixed expiry date. Any resulting Supply Arrangement shall be for delivery requirements to locations across Canada.","Ce besoin vise à établir un arrangement en matière d'approvisionnement (AMA) pour la fourniture de chariots élévateurs aux ministères et organismes du gouvernement du Canada et aux utilisateurs provinciaux et territoriaux désignés, à compter du 18 mars 2021, sans date d'expiration fixe. Tout arrangement en matière d'approvisionnement qui en résultera portera sur des besoins de livraison partout au Canada."
"Leavitt Machinery - Supply Arrangements for Forklift Truck (E60HS 21FRKL A)","Leavitt Machinery - arrangements en matière d'approvisionnement pour Chariots élévateurs à fourches E60HS 21FRKL A","CW2459995","000","WS4158988049","WS4158988049","CW2459995","3","2026-07-14","2026-07-13","","2026-07-13","2026-12-21","0.00","0.00","CAD","Active","Actif","Supply Arrangement","Arrangement en matière d’approvisionnement","Original","Original","","","","*24101604","*Lifts","*Monte-charge","*GD","Request for Supply Arrangement","Demande pour un arrangement en matière d’approvisionnement","Competitive - Open bidding","Concurrentielle - Invitation ouverte à soumissionner","Lowest Price","Prix le plus bas","None","Aucune","*Canadian Free Trade Agreement (CFTA)
*Canada-Honduras Free Trade Agreement
*World Trade Organization Agreement on Government Procurement (WTO GPA)
*Canada-Chile Free Trade Agreement (CCFTA)
*Canada-Colombia Free Trade Agreement
*Canada-Korea Free Trade Agreement (CKFTA)
*Canada-Panama Free Trade Agreement
*North American Free Trade Agreement (NAFTA)
*Canada-European Union Comprehensive Economic and Trade Agreement (CETA)
*Canada-Ukraine Free Trade Agreement (CUFTA)
*Canada-UK Trade Continuity Agreement (Canada-UK TCA)
*Comprehensive and Progressive Agreement for Trans-Pacific Partnership (CPTPP)
*Canada-Peru Free Trade Agreement (CPFTA)
*None","*Accord de libre-échange canadien (ALEC)
*Accord de libre-échange Canada-Honduras
*Accord sur les marchés publics de l'Organisation mondiale du commerce (AMP-OMC)
*Accord de libre-échange Canada-Chili (ALECC)
*Accord de libre-échange Canada-Colombie
*Accord de libre-échange Canada-Corée
*Accord de libre-échange Canada-Panama
*Accord de libre-échange nord-américain (ALENA)
*Accord économique et commercial global (AECG) entre le Canada et l’Union européenne (UE)
*Accord de libre-échange Canada-Ukraine (ALECU)
*Accord de continuité commerciale Canada–Royaume-Uni (ACC Canada-Royaume-Uni)
*Accord de Partenariat transpacifique global et progressiste (PTPGP)
*Accord de libre-échange Canada-Pérou (ALECP)
*Aucun","*Canada","*Canada","Leavitt Machinery","Leavitt Machinery","","","","","500","500","51 Leeder St","51 Leeder St","Coquitlam","Coquitlam","British Columbia","British Columbia","V3K 3V5","CA","CA","Department of Public Works and Government Services (PSPC)"," Ministère des Travaux publics et des Services gouvernementaux (SPAC)","11 Laurier St, Phase III, Place du Portage","11, rue Laurier, Phase III, Place du Portage","Gatineau","Gatineau","Quebec","Québec","K1A 0S5","Canada","Canada","Department of Public Works and Government Services (PSPC)"," Ministère des Travaux publics et des Services gouvernementaux (SPAC)","","","11 Laurier St, Phase III, Place du Portage,Gatineau,Quebec,K1A 0S5,Canada","11, rue Laurier, Phase III, Place du Portage,Gatineau,Québec,K1A 0S5,Canada","Schou, Phillipe (SPAC/PSPC)","phillipe.schou@tpsgc-pwgsc.gc.ca","","","","","","","","","","","","","",""
"W6889-260202 - Duplex Sewage Life Station Control Panel Sol B","W6889-260202 - Panneau de commande duplex de station de relevage des eaux usées Sol B","CW2438406","000","WS5540138715","WS5540138715","CW2438406","1","2026-04-16","2026-04-16","","2026-04-16","2026-09-26","23688.49","23688.49","CAD","Active","Actif","Contract","Contrat","Original","Original","","","","*24101604
*47101533","*Lifts
*Lift stations","*Monte-charge
*Stations de relèvement","*GD","Request for Proposal","Demande de propositions","Competitive - Open bidding","Concurrentielle - Invitation ouverte à soumissionner","Lowest Price","Prix le plus bas","None","Aucune","*Canadian Free Trade Agreement (CFTA)","*Accord de libre-échange canadien (ALEC)","*Petawawa","*Petawawa","Dascan Consulting Limited","Dascan Consulting Limited","Dascan Industrial Controls","Dascan Industrial Controls","","","35","35","300 Wildcat Rd","300 Wildcat Rd","North York","North York","Ontario","Ontario","M3J 2N5","CA","CA","Department of Public Works and Government Services (PSPC)"," Ministère des Travaux publics et des Services gouvernementaux (SPAC)","11 Laurier St, Phase III, Place du Portage","11, rue Laurier, Phase III, Place du Portage","Gatineau","Gatineau","Quebec","Québec","K1A 0S5","Canada","Canada","Department of National Defence (DND)"," Ministère de la Défense nationale (MDN)","","","101 Colonel By Dr,Ottawa,Ontario,K1A0K2,Canada","101, promenade Colonel By,Ottawa,Ontario,K1A0K2,Canada","Fraser, Alexa (SPAC/PSPC)","alexa.fraser@tpsgc-pwgsc.gc.ca","","","","","","","","","","","","","Canada is seeking offers from Offerors to provide the supply and delivery of a Duplex Sewage Life Station Control Panel to The Department of National Defence.","Le Canada cherche à obtenir des offres pour assurer l’approvisionnement et la livraison du panneau de commande duplex de station de relevage des eaux usées AU MINISTÈRE DE LA DÉFENSE NATIONALE."
"F1782-26C028 - CCGS Gordon Reid - Winch","F1782-26C028 - NGCC Gordon Reid - Treuil","CW2451556","000","WS5673099154","WS5673099154","CW2451556","1","2026-06-18","2026-06-17","","2026-06-17","2026-12-31","158425.54","158425.54","CAD","Active","Actif","Contract","Contrat","Original","Original","","","","*24101608","*Winches","*Treuils","*GD","Directed Contract","Contrat prescrit","Non-competitive","Non concurrentielle","Not applicable","Sans objet","Exclusive Rights","Droits exclusifs","*Canadian Free Trade Agreement (CFTA)","*Accord de libre-échange canadien (ALEC)","*British Columbia","*Colombie-Britannique","ML-Truck Equipment Ltd","ML-Truck Equipment Ltd","","","","","","","30189 Old Yale Road","30189 Old Yale Road","Abbotsford","Abbotsford","British Columbia","British Columbia","V4X 2N8","CA","CA","Department of Public Works and Government Services (PSPC)"," Ministère des Travaux publics et des Services gouvernementaux (SPAC)","11 Laurier St, Phase III, Place du Portage","11, rue Laurier, Phase III, Place du Portage","Gatineau","Gatineau","Quebec","Québec","K1A 0S5","Canada","Canada","Canadian Coast Guard (CCG)"," Garde côtière canadienne (GCC)","","","200 Kent St. Station 13E228,Ottawa,Ontario,K1A0E6,Canada","200, rue Kent, Station 13E228,Ottawa,Ontario,K1A0E6,Canada","Buchan, Torrey (SPAC/PSPC) (il-lui / he-him)","torrey.buchan@tpsgc-pwgsc.gc.ca","","","","","","","","","","","","","",""
"W0107-275623 Heavy Duty Air Assist Floor Jacks","W0107-275623 Crics pneumatiques roulants à usage intensif","CW2460843","000","WS5795770019","WS5795770019","CW2460843","1","2026-09-08","2026-09-04","","2026-09-04","2028-10-31","42791.70","42791.70","CAD","Active","Actif","Contract","Contrat","Original","Original","","","","*24101612
*24101659","*Jacks
*Vehicle movable jack or dolly","*Vérins, crics
*Timon ou diabolo déplaçable par véhicule","*GD","Request for Proposal","Demande de propositions","Competitive - Open bidding","Concurrentielle - Invitation ouverte à soumissionner","Variations or combinations of the above methods","Variations ou combinaisons des méthodes susmentionnées","None","Aucune","*Canadian Free Trade Agreement (CFTA)","*Accord de libre-échange canadien (ALEC)","*Petawawa","*Petawawa","IMS Energy Limited","IMS Energy Limited","NO","NO","","","7","7","1193 North Service Road West 
Unit C6","1193 North Service Road West 
Unit C6","Oakville","Oakville","Ontario","Ontario","L6M 2V8","CA","CA","Department of Public Works and Government Services (PSPC)"," Ministère des Travaux publics et des Services gouvernementaux (SPAC)","11 Laurier St, Phase III, Place du Portage","11, rue Laurier, Phase III, Place du Portage","Gatineau","Gatineau","Quebec","Québec","K1A 0S5","Canada","Canada","Department of National Defence (DND)"," Ministère de la Défense nationale (MDN)","","","101 Colonel By Dr,Ottawa,Ontario,K1A0K2,Canada","101, promenade Colonel By,Ottawa,Ontario,K1A0K2,Canada","Yang, Shannon (SPAC/PSPC)","shannon.yang@tpsgc-pwgsc.gc.ca","","","","","","","","","","","","","Canada is seeking offers from Offerors to provide the supply and delivery of six (6) heavy-duty air assist floor jacks for heavy-duty automotive maintenance work to the Department of National Defence (DND) in Garrison Petawawa.","Le Canada lance un appel d’offres pour la fourniture et la livraison de six (6) crics pneumatiques roulants à usage intensif pour les installations d’entretien et de réparation de véhicules lourds de la Garnison Petawawa du MDN."
"W0138-25A013 Liquid Aviators Breathing Oxygen and liquid nitrogen with Tank Rentals","W0138-25A013 Oxygène liquide respirable pour aviateur et azote liquide avec location de réservoirs","CW2404304","000","WS5187094652","WS5187094652","CW2404304","1","2026-07-09","2026-08-01","","2026-08-01","2029-07-31","616361.06","616361.06","CAD","Active","Actif","Contract","Contrat","Original","Original","","","","*24111816","*Liquified gas tank or cylinder","*Cylindre ou réservoir à gaz liquéfié","*GD","Request for Proposal","Demande de propositions","Competitive - Open bidding","Concurrentielle - Invitation ouverte à soumissionner","Lowest Price","Prix le plus bas","None","Aucune","*Canada-European Union Comprehensive Economic and Trade Agreement (CETA)
*Canada-Honduras Free Trade Agreement
*Canadian Free Trade Agreement (CFTA)
*Canada-Chile Free Trade Agreement (CCFTA)
*North American Free Trade Agreement (NAFTA)
*Canada-UK Trade Continuity Agreement (Canada-UK TCA)
*Canada-Colombia Free Trade Agreement
*World Trade Organization Agreement on Government Procurement (WTO GPA)
*Comprehensive and Progressive Agreement for Trans-Pacific Partnership (CPTPP)
*Canada-Korea Free Trade Agreement (CKFTA)
*Canada-Peru Free Trade Agreement (CPFTA)
*Canada-Panama Free Trade Agreement
*Canada-Ukraine Free Trade Agreement (CUFTA)","*Accord économique et commercial global (AECG) entre le Canada et l’Union européenne (UE)
*Accord de libre-échange Canada-Honduras
*Accord de libre-échange canadien (ALEC)
*Accord de libre-échange Canada-Chili (ALECC)
*Accord de libre-échange nord-américain (ALENA)
*Accord de continuité commerciale Canada–Royaume-Uni (ACC Canada-Royaume-Uni)
*Accord de libre-échange Canada-Colombie
*Accord sur les marchés publics de l'Organisation mondiale du commerce (AMP-OMC)
*Accord de Partenariat transpacifique global et progressiste (PTPGP)
*Accord de libre-échange Canada-Corée
*Accord de libre-échange Canada-Pérou (ALECP)
*Accord de libre-échange Canada-Panama
*Accord de libre-échange Canada-Ukraine (ALECU)","*Saguenay","*Saguenay","AIR LIQUIDE CANADA INC","AIR LIQUIDE CANADA INC","","","","","1385","1385","1250 Rene-Levesque Blvd. West 
Suite 1700","1250 Rene-Levesque Blvd. West 
Suite 1700","Montreal","Montreal","Quebec","Quebec","H3B 5E6","CA","CA","Department of Public Works and Government Services (PSPC)"," Ministère des Travaux publics et des Services gouvernementaux (SPAC)","11 Laurier St, Phase III, Place du Portage","11, rue Laurier, Phase III, Place du Portage","Gatineau","Gatineau","Quebec","Québec","K1A 0S5","Canada","Canada","Department of National Defence (DND)"," Ministère de la Défense nationale (MDN)","","","101 Colonel By Dr,Ottawa,Ontario,K1A0K2,Canada","101, promenade Colonel By,Ottawa,Ontario,K1A0K2,Canada","Deslauriers, Annie (SPAC/PSPC) (elle-la / she-her)","annie.deslauriers@tpsgc-pwgsc.gc.ca","","","","","","","","","","","","","The Department of National Defence, Canadian Forces Base, 3 Wing Bagotville requires tank rentals including as-needed delivery of liquid aviators breathing oxygen and liquid nitrogen.","Le ministère de la Défense nationale, Base des Forces canadiennes, 3e Escadre Bagotville, requière la location de réservoirs incluant la livraison au fur et à mesure des besoins d’oxygène liquide respirable pour les aviateur et d'azote liquide"
"W0133-25PL04-B - Liquid Aviator’s Breathing Oxygen (ABO) and Tanks","W0133-25PL04-B – Oxygène liquide respirable pour aviateur et réservoirs","CW2411269","000","WS5122810485","WS5122810485","CW2411269","1","2026-07-27","2026-07-14","","2026-07-23","2029-07-13","450000.00","450000.00","CAD","Active","Actif","Task Authorization Based Contract","Contrat reposant sur des autorisations de tâches","Original","Original","","","","*24111816","*Liquified gas tank or cylinder","*Cylindre ou réservoir à gaz liquéfié","*SRV","Request for Proposal","Demande de propositions","Competitive - Open bidding","Concurrentielle - Invitation ouverte à soumissionner","Lowest Price","Prix le plus bas","None","Aucune","*Canadian Free Trade Agreement (CFTA)
*Canada-Honduras Free Trade Agreement
*Canada-Chile Free Trade Agreement (CCFTA)
*World Trade Organization Agreement on Government Procurement (WTO GPA)
*Canada-Colombia Free Trade Agreement
*Canada-Korea Free Trade Agreement (CKFTA)
*Canada-European Union Comprehensive Economic and Trade Agreement (CETA)
*Canada-Peru Free Trade Agreement (CPFTA)
*North American Free Trade Agreement (NAFTA)
*Canada-Panama Free Trade Agreement
*Comprehensive and Progressive Agreement for Trans-Pacific Partnership (CPTPP)
*Canada-Ukraine Free Trade Agreement (CUFTA)
*Canada-UK Trade Continuity Agreement (Canada-UK TCA)","*Accord de libre-échange canadien (ALEC)
*Accord de libre-échange Canada-Honduras
*Accord de libre-échange Canada-Chili (ALECC)
*Accord sur les marchés publics de l'Organisation mondiale du commerce (AMP-OMC)
*Accord de libre-échange Canada-Colombie
*Accord de libre-échange Canada-Corée
*Accord économique et commercial global (AECG) entre le Canada et l’Union européenne (UE)
*Accord de libre-échange Canada-Pérou (ALECP)
*Accord de libre-échange nord-américain (ALENA)
*Accord de libre-échange Canada-Panama
*Accord de Partenariat transpacifique global et progressiste (PTPGP)
*Accord de libre-échange Canada-Ukraine (ALECU)
*Accord de continuité commerciale Canada–Royaume-Uni (ACC Canada-Royaume-Uni)","*British Columbia","*Colombie-Britannique","Air Liquide Canada Inc","Air Liquide Canada Inc","Air Liquide Canada Inc.","Air Liquide Canada Inc.","","","","","1250 René-Lévesque Blvd W 
Suite 1700","1250 René-Lévesque Blvd W 
Suite 1700","Montreal","Montreal","Quebec","Quebec","H3B 5E6","CA","CA","Department of Public Works and Government Services (PSPC)"," Ministère des Travaux publics et des Services gouvernementaux (SPAC)","11 Laurier St, Phase III, Place du Portage","11, rue Laurier, Phase III, Place du Portage","Gatineau","Gatineau","Quebec","Québec","K1A 0S5","Canada","Canada","Department of National Defence (DND)"," Ministère de la Défense nationale (MDN)","","","101 Colonel By Dr,Ottawa,Ontario,K1A0K2,Canada","101, promenade Colonel By,Ottawa,Ontario,K1A0K2,Canada","Little, Parker (SPAC/PSPC) (elle-la / she-her)","parker.little@tpsgc-pwgsc.gc.ca","","","","","","","","","","","","","This requirement is for a 3-year contract with task authorizations for the supply and delivery of aviation-grade liquid oxygen (LOX), as well as the installation, maintenance, and removal at end-of-contract of two Contractor-owned-and-managed liquid oxygen tanks. The tanks must have individual capacities of 1,500 US gallons as per the specifications outlined in the Statement of Work by the Department of National Defence.","Il s’agit d’un contrat de trois ans comportant des autorisations de tâches pour la fourniture et la livraison d’oxygène liquide de qualité aéronautique, ainsi que pour l’installation, l’entretien et l’enlèvement, à la fin du contrat, de deux réservoirs d’oxygène liquide appartenant à l’entrepreneur et gérés par celui-ci. Les réservoirs doivent avoir une capacité individuelle de 1 500 gallons américains, conformément aux spécifications décrites dans l’énoncé des travaux du ministère de la Défense nationale."
"Refrigerated Container System","Système de conteneurs réfrigérés","CW2465327","000","WS5488408009","WS5488408009","CW2465327","1","2026-08-31","2026-08-28","","2026-08-28","2027-08-28","214474.00","214474.00","CAD","Active","Actif","Contract","Contrat","Original","Original","","","","*24131504","*Refrigerated containers","*Conteneurs réfrigérés","*GD","Request for Proposal","Demande de propositions","Competitive - Open bidding","Concurrentielle - Invitation ouverte à soumissionner","Variations or combinations of the above methods","Variations ou combinaisons des méthodes susmentionnées","None","Aucune","*Canadian Free Trade Agreement (CFTA)
*Canada-Panama Free Trade Agreement
*Canada-Colombia Free Trade Agreement
*Canada-Honduras Free Trade Agreement
*Canada-Chile Free Trade Agreement (CCFTA)
*Canada-UK Trade Continuity Agreement (Canada-UK TCA)
*Canada-European Union Comprehensive Economic and Trade Agreement (CETA)
*Canada-Korea Free Trade Agreement (CKFTA)
*World Trade Organization Agreement on Government Procurement (WTO GPA)
*Comprehensive and Progressive Agreement for Trans-Pacific Partnership (CPTPP)
*Canada-Peru Free Trade Agreement (CPFTA)
*Canada-Ukraine Free Trade Agreement (CUFTA)","*Accord de libre-échange canadien (ALEC)
*Accord de libre-échange Canada-Panama
*Accord de libre-échange Canada-Colombie
*Accord de libre-échange Canada-Honduras
*Accord de libre-échange Canada-Chili (ALECC)
*Accord de continuité commerciale Canada–Royaume-Uni (ACC Canada-Royaume-Uni)
*Accord économique et commercial global (AECG) entre le Canada et l’Union européenne (UE)
*Accord de libre-échange Canada-Corée
*Accord sur les marchés publics de l'Organisation mondiale du commerce (AMP-OMC)
*Accord de Partenariat transpacifique global et progressiste (PTPGP)
*Accord de libre-échange Canada-Pérou (ALECP)
*Accord de libre-échange Canada-Ukraine (ALECU)","*Ottawa","*Ottawa","Global Ship Solutions Inc.","Global Ship Solutions Inc.","","","","","","","101-5955 Yew Street","101-5955 Yew Street","Vancouver","Vancouver","British Columbia","British Columbia","V6M 3Y7","CA","CA","Department of Public Works and Government Services (PSPC)"," Ministère des Travaux publics et des Services gouvernementaux (SPAC)","11 Laurier St, Phase III, Place du Portage","11, rue Laurier, Phase III, Place du Portage","Gatineau","Gatineau","Quebec","Québec","K1A 0S5","Canada","Canada","Department of Health (HC)"," Ministère de la Santé (SC)","","","Address Locator 0900C2,Ottawa,Ontario,K1A0K9,Canada","Localisateur d'adresse 0900C2,Ottawa,Ontario,K1A0K9,Canada","Murray, David (SPAC/PSPC)","david.murray@tpsgc-pwgsc.gc.ca","","","","","","","","","","","","","",""
"EE517-261785-Rental cilled-water ciller unit, Sept-Iles Airport","EE517-261785-Groupe refroidisseur d'eau en location,Aéroport Sept-îles","CW2453453","000","WS5703317967","WS5703317967","CW2453453","1","2026-06-11","2026-06-11","","2026-06-11","2026-09-15","93120.55","93120.55","CAD","Active","Actif","Contract","Contrat","Original","Original","","","","*24131507","*Blast chiller","*Refroidisseur à courant d'air","*SRV","Request for Proposal","Demande de propositions","Competitive - Open bidding","Concurrentielle - Invitation ouverte à soumissionner","Lowest Price","Prix le plus bas","None","Aucune","*Canada-Colombia Free Trade Agreement
*Canada-Peru Free Trade Agreement (CPFTA)
*Canada-Chile Free Trade Agreement (CCFTA)
*Canadian Free Trade Agreement (CFTA)
*Canada-Panama Free Trade Agreement
*Canada-Ukraine Free Trade Agreement (CUFTA)
*Canada-Honduras Free Trade Agreement
*Canada-Korea Free Trade Agreement (CKFTA)","*Accord de libre-échange Canada-Colombie
*Accord de libre-échange Canada-Pérou (ALECP)
*Accord de libre-échange Canada-Chili (ALECC)
*Accord de libre-échange canadien (ALEC)
*Accord de libre-échange Canada-Panama
*Accord de libre-échange Canada-Ukraine (ALECU)
*Accord de libre-échange Canada-Honduras
*Accord de libre-échange Canada-Corée","*Canada","*Canada","Proterra Equipment Rentals Inc","Proterra Equipment Rentals Inc","","","","","2","2","351 Ininatig Inamo St","351 Ininatig Inamo St","Pikwakanagan","Pikwakanagan","Ontario","Ontario","K0J 1X0","CA","CA","Department of Public Works and Government Services (PSPC)"," Ministère des Travaux publics et des Services gouvernementaux (SPAC)","11 Laurier St, Phase III, Place du Portage","11, rue Laurier, Phase III, Place du Portage","Gatineau","Gatineau","Quebec","Québec","K1A 0S5","Canada","Canada","Department of Transport (TC)"," Ministère des Transports (TC)","","","330 Sparks Street,Ottawa,Ontario,K1A0N8,Canada","330, rue Sparks,Ottawa,Ontario,K1A0N8,Canada","Roy-Lippe, Maude (SPAC/PSPC)","maude.roy-lippe@tpsgc-pwgsc.gc.ca","","","","","","","","","","","","","EE517-261785-Rental cilled-water ciller unit, Sept-Iles Airport","EE517-261785-Groupe refroidisseur d'eau en location,Aéroport Sept-îles"
"Medium Duty Tow Vehicle","Véhicule de remorquage de moyenne capacité","CW2441305","000","WS5557589520","WS5557589520","CW2441305","2","2026-04-08","2026-04-07","","2026-04-07","2027-03-31","705424.00","705424.00","CAD","Active","Actif","Contract","Contrat","Original","Original","","","","*25100000
*25101602","*Motor vehicles
*Tow trucks","*Véhicules à moteur
*Dépanneuses","*GD","Request for Proposal","Demande de propositions","Competitive - Open bidding","Concurrentielle - Invitation ouverte à soumissionner","Lowest Price","Prix le plus bas","None","Aucune","*Canada-Colombia Free Trade Agreement
*Canadian Free Trade Agreement (CFTA)
*Canada-Honduras Free Trade Agreement
*Canada-Chile Free Trade Agreement (CCFTA)
*World Trade Organization Agreement on Government Procurement (WTO GPA)
*Canada-European Union Comprehensive Economic and Trade Agreement (CETA)
*Comprehensive and Progressive Agreement for Trans-Pacific Partnership (CPTPP)
*Canada-Korea Free Trade Agreement (CKFTA)
*Canada-Panama Free Trade Agreement
*Canada-UK Trade Continuity Agreement (Canada-UK TCA)
*Canada-Peru Free Trade Agreement (CPFTA)
*North American Free Trade Agreement (NAFTA)
*Canada-Ukraine Free Trade Agreement (CUFTA)","*Accord de libre-échange Canada-Colombie
*Accord de libre-échange canadien (ALEC)
*Accord de libre-échange Canada-Honduras
*Accord de libre-échange Canada-Chili (ALECC)
*Accord sur les marchés publics de l'Organisation mondiale du commerce (AMP-OMC)
*Accord économique et commercial global (AECG) entre le Canada et l’Union européenne (UE)
*Accord de Partenariat transpacifique global et progressiste (PTPGP)
*Accord de libre-échange Canada-Corée
*Accord de libre-échange Canada-Panama
*Accord de continuité commerciale Canada–Royaume-Uni (ACC Canada-Royaume-Uni)
*Accord de libre-échange Canada-Pérou (ALECP)
*Accord de libre-échange nord-américain (ALENA)
*Accord de libre-échange Canada-Ukraine (ALECU)","*Halifax
*Moncton","*Halifax
*Moncton","ROY'S CHEVROLET BUICK GMC INC.","ROY'S CHEVROLET BUICK GMC INC.","","","","","34","34","4000 Hwy 34","4000 Hwy 34","Green Valley","Green Valley","Ontario","Ontario","K0C 1L0","CA","CA","Department of Public Works and Government Services (PSPC)"," Ministère des Travaux publics et des Services gouvernementaux (SPAC)","11 Laurier St, Phase III, Place du Portage","11, rue Laurier, Phase III, Place du Portage","Gatineau","Gatineau","Quebec","Québec","K1A 0S5","Canada","Canada","Department of Fisheries and Oceans (DFO)"," Ministère des Pêches et des Océans (MPO)","","","200 Kent Street,Ottawa,Ontario,K1A 0E6,Canada","200, rue Kent,Ottawa,Ontario,K1A 0E6,Canada","Salouane, Baderllama (SPAC/PSPC)","baderllama.salouane@tpsgc-pwgsc.gc.ca","","","","","","","","","","","","","Department Of Fisheries and Oceans (DFO) has a requirement for the supply and delivery of six (6) Medium Duty Tow Vehicles with the option of an additional 6 vehicles. The details to this requirement can be found at Annex Statement of Requirement and Annex Technical Criteria of the solicitation.","Pêches et Océans Canada (MPO) a un besoin visant la fourniture et la livraison de six (6) véhicules de remorquage de capacité moyenne, avec une option d’acheter jusqu’à six (6) véhicules supplémentaires. Les détails du besoin se trouve à l’Annexe Énoncé du besoin et à l’Annexe Critères techniques de la sollicitation."
"Damera Defence Canada Corp E60HP-21EBUS-004-HP","Damera Defence Canada Corp E60HP-21EBUS-004-HP","CW2452328","000","WS4095676068","WS4095676068","CW2452328","1","2026-05-27","2026-05-15","","2026-05-15","2028-10-15","10000000.00","10000000.00","CAD","Active","Actif","Supply Arrangement","Arrangement en matière d’approvisionnement","Original","Original","","","","*25101502","*Busses","*Bus","*GD","Request for Supply Arrangement","Demande pour un arrangement en matière d’approvisionnement","Competitive - Open bidding","Concurrentielle - Invitation ouverte à soumissionner","Not applicable","Sans objet","None","Aucune","*Canadian Free Trade Agreement (CFTA)
*Canada-Chile Free Trade Agreement (CCFTA)
*World Trade Organization Agreement on Government Procurement (WTO GPA)
*Canada-Honduras Free Trade Agreement
*Canada-Colombia Free Trade Agreement
*Canada-European Union Comprehensive Economic and Trade Agreement (CETA)
*Canada-Peru Free Trade Agreement (CPFTA)
*Canada-Korea Free Trade Agreement (CKFTA)
*North American Free Trade Agreement (NAFTA)
*Canada-Panama Free Trade Agreement
*Comprehensive and Progressive Agreement for Trans-Pacific Partnership (CPTPP)
*Canada-UK Trade Continuity Agreement (Canada-UK TCA)","*Accord de libre-échange canadien (ALEC)
*Accord de libre-échange Canada-Chili (ALECC)
*Accord sur les marchés publics de l'Organisation mondiale du commerce (AMP-OMC)
*Accord de libre-échange Canada-Honduras
*Accord de libre-échange Canada-Colombie
*Accord économique et commercial global (AECG) entre le Canada et l’Union européenne (UE)
*Accord de libre-échange Canada-Pérou (ALECP)
*Accord de libre-échange Canada-Corée
*Accord de libre-échange nord-américain (ALENA)
*Accord de libre-échange Canada-Panama
*Accord de Partenariat transpacifique global et progressiste (PTPGP)
*Accord de continuité commerciale Canada–Royaume-Uni (ACC Canada-Royaume-Uni)","*Canada","*Canada","Damera Defence Canada Corp.","Damera Defence Canada Corp.","","","","","100","100","6625 Kestrel Road","6625 Kestrel Road","Mississauga","Mississauga","Ontario","Ontario","L5T 1P4","CA","CA","Department of Public Works and Government Services (PSPC)"," Ministère des Travaux publics et des Services gouvernementaux (SPAC)","11 Laurier St, Phase III, Place du Portage","11, rue Laurier, Phase III, Place du Portage","Gatineau","Gatineau","Quebec","Québec","K1A 0S5","Canada","Canada","Department of Public Works and Government Services (PSPC)"," Ministère des Travaux publics et des Services gouvernementaux (SPAC)","","","11 Laurier St, Phase III, Place du Portage,Gatineau,Quebec,K1A 0S5,Canada","11, rue Laurier, Phase III, Place du Portage,Gatineau,Québec,K1A 0S5,Canada","Legault, Jacques (SPAC/PSPC)","jacques.legault@tpsgc-pwgsc.gc.ca","","","","","","","","","","","","","Group 1 Electric Low Floor Shuttle Bus","Groupe 1 Navette électrique à plancher surbaissé"
"Damera Defence Canada Corp E60HP-21EBUS-005-HP","Damera Defence Canada Corp E60HP-21EBUS-005-HP","CW2459807","000","WS4095676068","WS4095676068","CW2459807","1","2026-07-31","2026-07-24","","2026-07-24","2028-10-15","10000000.00","10000000.00","CAD","Active","Actif","Supply Arrangement","Arrangement en matière d’approvisionnement","Original","Original","","","","*25101502","*Busses","*Bus","*GD","Request for Supply Arrangement","Demande pour un arrangement en matière d’approvisionnement","Competitive - Open bidding","Concurrentielle - Invitation ouverte à soumissionner","Not applicable","Sans objet","None","Aucune","*Canada-Chile Free Trade Agreement (CCFTA)
*Canada-Colombia Free Trade Agreement
*Comprehensive and Progressive Agreement for Trans-Pacific Partnership (CPTPP)
*Canadian Free Trade Agreement (CFTA)
*Canada-European Union Comprehensive Economic and Trade Agreement (CETA)
*Canada-Peru Free Trade Agreement (CPFTA)
*World Trade Organization Agreement on Government Procurement (WTO GPA)
*Canada-Honduras Free Trade Agreement
*Canada-Korea Free Trade Agreement (CKFTA)
*North American Free Trade Agreement (NAFTA)
*Canada-Panama Free Trade Agreement
*Canada-UK Trade Continuity Agreement (Canada-UK TCA)","*Accord de libre-échange Canada-Chili (ALECC)
*Accord de libre-échange Canada-Colombie
*Accord de Partenariat transpacifique global et progressiste (PTPGP)
*Accord de libre-échange canadien (ALEC)
*Accord économique et commercial global (AECG) entre le Canada et l’Union européenne (UE)
*Accord de libre-échange Canada-Pérou (ALECP)
*Accord sur les marchés publics de l'Organisation mondiale du commerce (AMP-OMC)
*Accord de libre-échange Canada-Honduras
*Accord de libre-échange Canada-Corée
*Accord de libre-échange nord-américain (ALENA)
*Accord de libre-échange Canada-Panama
*Accord de continuité commerciale Canada–Royaume-Uni (ACC Canada-Royaume-Uni)","*Canada","*Canada","Damera Defence Canada Corp.","Damera Defence Canada Corp.","","","","","100","100","6625 Kestrel Road","6625 Kestrel Road","Mississauga","Mississauga","Ontario","Ontario","L5T 1P4","CA","CA","Department of Public Works and Government Services (PSPC)"," Ministère des Travaux publics et des Services gouvernementaux (SPAC)","11 Laurier St, Phase III, Place du Portage","11, rue Laurier, Phase III, Place du Portage","Gatineau","Gatineau","Quebec","Québec","K1A 0S5","Canada","Canada","Department of Public Works and Government Services (PSPC)"," Ministère des Travaux publics et des Services gouvernementaux (SPAC)","","","11 Laurier St, Phase III, Place du Portage,Gatineau,Quebec,K1A 0S5,Canada","11, rue Laurier, Phase III, Place du Portage,Gatineau,Québec,K1A 0S5,Canada","Legault, Jacques (SPAC/PSPC)","jacques.legault@tpsgc-pwgsc.gc.ca","","","","","","","","","","","","","Group 2 Electric Activity (school type) Bus","Groupe 2 Autobus  d’activité (type scolaire) électrique"
"Damera Defence Canada Corp E60HP-21EBUS-006-HP","Damera Defence Canada Corp E60HP-21EBUS-006-HP","CW2462772","000","WS4095676068","WS4095676068","CW2462772","1","2026-08-17","2026-08-05","","2026-08-05","2028-10-15","10000000.00","10000000.00","CAD","Active","Actif","Supply Arrangement","Arrangement en matière d’approvisionnement","Original","Original","","","","*25101502","*Busses","*Bus","*GD","Request for Supply Arrangement","Demande pour un arrangement en matière d’approvisionnement","Competitive - Open bidding","Concurrentielle - Invitation ouverte à soumissionner","Not applicable","Sans objet","None","Aucune","*Canada-Colombia Free Trade Agreement
*Canadian Free Trade Agreement (CFTA)
*Canada-Chile Free Trade Agreement (CCFTA)
*Canada-Korea Free Trade Agreement (CKFTA)
*Canada-Panama Free Trade Agreement
*Canada-European Union Comprehensive Economic and Trade Agreement (CETA)
*World Trade Organization Agreement on Government Procurement (WTO GPA)
*Comprehensive and Progressive Agreement for Trans-Pacific Partnership (CPTPP)
*Canada-UK Trade Continuity Agreement (Canada-UK TCA)
*Canada-Honduras Free Trade Agreement
*North American Free Trade Agreement (NAFTA)
*Canada-Peru Free Trade Agreement (CPFTA)","*Accord de libre-échange Canada-Colombie
*Accord de libre-échange canadien (ALEC)
*Accord de libre-échange Canada-Chili (ALECC)
*Accord de libre-échange Canada-Corée
*Accord de libre-échange Canada-Panama
*Accord économique et commercial global (AECG) entre le Canada et l’Union européenne (UE)
*Accord sur les marchés publics de l'Organisation mondiale du commerce (AMP-OMC)
*Accord de Partenariat transpacifique global et progressiste (PTPGP)
*Accord de continuité commerciale Canada–Royaume-Uni (ACC Canada-Royaume-Uni)
*Accord de libre-échange Canada-Honduras
*Accord de libre-échange nord-américain (ALENA)
*Accord de libre-échange Canada-Pérou (ALECP)","*Canada","*Canada","Damera Defence Canada Corp.","Damera Defence Canada Corp.","","","","","100","100","6625 Kestrel Road","6625 Kestrel Road","Mississauga","Mississauga","Ontario","Ontario","L5T 1P4","CA","CA","Department of Public Works and Government Services (PSPC)"," Ministère des Travaux publics et des Services gouvernementaux (SPAC)","11 Laurier St, Phase III, Place du Portage","11, rue Laurier, Phase III, Place du Portage","Gatineau","Gatineau","Quebec","Québec","K1A 0S5","Canada","Canada","Department of Public Works and Government Services (PSPC)"," Ministère des Travaux publics et des Services gouvernementaux (SPAC)","","","11 Laurier St, Phase III, Place du Portage,Gatineau,Quebec,K1A 0S5,Canada","11, rue Laurier, Phase III, Place du Portage,Gatineau,Québec,K1A 0S5,Canada","Legault, Jacques (SPAC/PSPC)","jacques.legault@tpsgc-pwgsc.gc.ca","","","","","","","","","","","","","Group 3 Electric Commuter Bus","Groupe 3 Autobus de banlieue électrique"
"M7594-264929 - Charter Bus Services within geographical regions of Vancouver, BC","M7594-264929 - Services d’autobus nolisés dans la région géographique de Vancouver, C.-B","CW2450523","000","WS5554525140","WS5554525140","CW2450523","5","2026-05-29","2026-05-04","","2026-06-01","2026-07-20","2192400.00","1804845.00","CAD","Active","Actif","Contract","Contrat","Original","Original","","","","*25101502
*78111802
*78111803","*Busses
*Scheduled bus services
*Chartered bus services","*Bus
*Services de bus programmés
*Services de bus affrété","*SRV","Request for Proposal","Demande de propositions","Competitive - Open bidding","Concurrentielle - Invitation ouverte à soumissionner","Lowest Price","Prix le plus bas","","","*Canadian Free Trade Agreement (CFTA)","*Accord de libre-échange canadien (ALEC)","*British Columbia
*Canada","*Colombie-Britannique
*Canada","9148736 Canada Inc","9148736 Canada Inc","","","","","50","50","1482 Velocity St","1482 Velocity St","Kelowna","Kelowna","British Columbia","British Columbia","V1V 3C2","CA","CA","Department of Public Works and Government Services (PSPC)"," Ministère des Travaux publics et des Services gouvernementaux (SPAC)","11 Laurier St, Phase III, Place du Portage","11, rue Laurier, Phase III, Place du Portage","Gatineau","Gatineau","Quebec","Québec","K1A 0S5","Canada","Canada","Department of Public Works and Government Services (PSPC)"," Ministère des Travaux publics et des Services gouvernementaux (SPAC)","","","11 Laurier St, Phase III, Place du Portage,Gatineau,Quebec,K1A 0S5,Canada","11, rue Laurier, Phase III, Place du Portage,Gatineau,Québec,K1A 0S5,Canada","Leung, Janie (SPAC/PSPC) (elle-la / she-her)","janie.leung@tpsgc-pwgsc.gc.ca","","","","","","","","","","","","","M7594-264929 - Charter Bus Services within geographical regions of Vancouver, BC","M7594-264929 - Services d’autobus nolisés dans la région géographique de Vancouver, C.-B"
"RISO Vehicle Maintenance and Repairs – Ford (W0125-26TEM4)","OCIR - ENTRETIEN ET RÉPARATION DES VÉHICULES – Ford (W0125-26TEM4)","CW2447408","000","WS5457694831","WS5457694831","CW2447408","1","2026-04-08","2026-04-07","","2026-04-07","2029-01-31","0.00","0.00","CAD","Active","Actif","Standing Offer","Offre à commandes","Original","Original","","","","*25101503
*78181500
*78181505
*78181507
*78181508","*Automobiles or cars
*Vehicle maintenance and repair services
*Vehicle inspection service
*Automotive and light truck maintenance and repair
*Heavy truck maintenance and repair","*Véhicules automobiles
*Services d'entretien et de réparation de véhicules
*Service d'inspection de véhicules
*Entretien et réparation de véhicules automobiles et de camions légers
*Entretien et réparation de camions lourds","*SRV","Request for Standing Offer","Demande d’offre à commandes","Competitive - Open bidding","Concurrentielle - Invitation ouverte à soumissionner","Lowest Price","Prix le plus bas","None","Aucune","*Canadian Free Trade Agreement (CFTA)
*Canada-European Union Comprehensive Economic and Trade Agreement (CETA)
*Canada-Chile Free Trade Agreement (CCFTA)
*Canada-Colombia Free Trade Agreement
*Canada-Honduras Free Trade Agreement
*North American Free Trade Agreement (NAFTA)
*World Trade Organization Agreement on Government Procurement (WTO GPA)
*Canada-Peru Free Trade Agreement (CPFTA)
*Canada-Panama Free Trade Agreement
*Comprehensive and Progressive Agreement for Trans-Pacific Partnership (CPTPP)
*Canada-Korea Free Trade Agreement (CKFTA)
*Canada-UK Trade Continuity Agreement (Canada-UK TCA)
*Canada-Ukraine Free Trade Agreement (CUFTA)","*Accord de libre-échange canadien (ALEC)
*Accord économique et commercial global (AECG) entre le Canada et l’Union européenne (UE)
*Accord de libre-échange Canada-Chili (ALECC)
*Accord de libre-échange Canada-Colombie
*Accord de libre-échange Canada-Honduras
*Accord de libre-échange nord-américain (ALENA)
*Accord sur les marchés publics de l'Organisation mondiale du commerce (AMP-OMC)
*Accord de libre-échange Canada-Pérou (ALECP)
*Accord de libre-échange Canada-Panama
*Accord de Partenariat transpacifique global et progressiste (PTPGP)
*Accord de libre-échange Canada-Corée
*Accord de continuité commerciale Canada–Royaume-Uni (ACC Canada-Royaume-Uni)
*Accord de libre-échange Canada-Ukraine (ALECU)","*Ontario (except NCR)","*Ontario (sauf RCN)","Lange and Fetter Motors","Lange and Fetter Motors","","","","","36","36","52 Dundas St East","52 Dundas St East","Trenton","Trenton","Ontario","Ontario","K8V 1K7","CA","CA","Department of Public Works and Government Services (PSPC)"," Ministère des Travaux publics et des Services gouvernementaux (SPAC)","11 Laurier St, Phase III, Place du Portage","11, rue Laurier, Phase III, Place du Portage","Gatineau","Gatineau","Quebec","Québec","K1A 0S5","Canada","Canada","Department of National Defence (DND)"," Ministère de la Défense nationale (MDN)","","","101 Colonel By Dr,Ottawa,Ontario,K1A0K2,Canada","101, promenade Colonel By,Ottawa,Ontario,K1A0K2,Canada","Cheng, Sabrina (SPAC/PSPC)","sabrina.cheng@tpsgc-pwgsc.gc.ca","","","","","","","","","","","","","",""
"5P242-260001 Heavy duty vacuum truck","5P242-260001 Camion aspirateur spécialisé","CW2441938","000","WS5574746307","WS5574746307","CW2441938","1","2026-09-24","2026-05-04","","2026-08-14","2026-08-14","698423.00","698423.00","CAD","Active","Actif","Contract","Contrat","Original","Original","","","","*25101600","*Product and material transport vehicles","*Véhicules de transport de produits et de matériaux","*GD","Request for Proposal","Demande de propositions","Competitive - Open bidding","Concurrentielle - Invitation ouverte à soumissionner","Lowest Price","Prix le plus bas","","","*Canadian Free Trade Agreement (CFTA)
*World Trade Organization Agreement on Government Procurement (WTO GPA)
*Canada-Colombia Free Trade Agreement
*Canada-Honduras Free Trade Agreement
*Canada-Chile Free Trade Agreement (CCFTA)
*Canada-Panama Free Trade Agreement
*Canada-European Union Comprehensive Economic and Trade Agreement (CETA)
*Canada-Korea Free Trade Agreement (CKFTA)
*Comprehensive and Progressive Agreement for Trans-Pacific Partnership (CPTPP)
*Canada-UK Trade Continuity Agreement (Canada-UK TCA)
*Canada-Peru Free Trade Agreement (CPFTA)
*Canada-Ukraine Free Trade Agreement (CUFTA)","*Accord de libre-échange canadien (ALEC)
*Accord sur les marchés publics de l'Organisation mondiale du commerce (AMP-OMC)
*Accord de libre-échange Canada-Colombie
*Accord de libre-échange Canada-Honduras
*Accord de libre-échange Canada-Chili (ALECC)
*Accord de libre-échange Canada-Panama
*Accord économique et commercial global (AECG) entre le Canada et l’Union européenne (UE)
*Accord de libre-échange Canada-Corée
*Accord de Partenariat transpacifique global et progressiste (PTPGP)
*Accord de continuité commerciale Canada–Royaume-Uni (ACC Canada-Royaume-Uni)
*Accord de libre-échange Canada-Pérou (ALECP)
*Accord de libre-échange Canada-Ukraine (ALECU)","*Alberta","*Alberta","Felix Technology Inc.","Felix Technology Inc.","","","","","6","6","6-270 Drumlin Circle","6-270 Drumlin Circle","Concord","Concord","Ontario","Ontario","L4K 3E2","CA","CA","Department of Public Works and Government Services (PSPC)"," Ministère des Travaux publics et des Services gouvernementaux (SPAC)","11 Laurier St, Phase III, Place du Portage","11, rue Laurier, Phase III, Place du Portage","Gatineau","Gatineau","Quebec","Québec","K1A 0S5","Canada","Canada","Parks Canada Agency (PC)"," Agence Parcs Canada (PC)","","","30 Victoria Street,Gatineau,Quebec,J8X 0B3,Canada","30, rue Victoria,Gatineau,Quebec,J8X 0B3,Canada","Van Hereweghe, Amy (SPAC/PSPC) (elle-la / she-her)","amy.vanhereweghe@tpsgc-pwgsc.gc.ca","","","","","","","","","","","","","",""
"Groupe Kenworth Montreal E60HP-25ETRUCKS-B-007-HP","Groupe Kenworth Montreal E60HP-25ETRUCKS-B-007-HP","CW2455214","000","WS3460730436","WS3460730436","CW2455214","2","2026-06-10","2026-06-01","","2026-06-01","2030-07-22","10000000.00","10000000.00","CAD","Active","Actif","Supply Arrangement","Arrangement en matière d’approvisionnement","Original","Original","","","","*25101604
*25101611
*25101917
*25101921","*Delivery trucks
*Cargo trucks
*Flatbed truck
*Van trucks","*Camions de livraison
*Camions de charge
*Camion à plateforme
*Camions fourgons","*GD","Request for Supply Arrangement","Demande pour un arrangement en matière d’approvisionnement","Competitive - Open bidding","Concurrentielle - Invitation ouverte à soumissionner","Not applicable","Sans objet","None","Aucune","*North American Free Trade Agreement (NAFTA)
*Canada-Chile Free Trade Agreement (CCFTA)
*Canadian Free Trade Agreement (CFTA)
*World Trade Organization Agreement on Government Procurement (WTO GPA)
*Comprehensive and Progressive Agreement for Trans-Pacific Partnership (CPTPP)
*Canada-European Union Comprehensive Economic and Trade Agreement (CETA)
*Canada-Colombia Free Trade Agreement
*Canada-Honduras Free Trade Agreement
*Canada-Peru Free Trade Agreement (CPFTA)
*Canada-Korea Free Trade Agreement (CKFTA)
*Canada-Panama Free Trade Agreement
*Canada-Ukraine Free Trade Agreement (CUFTA)
*Canada-UK Trade Continuity Agreement (Canada-UK TCA)","*Accord de libre-échange nord-américain (ALENA)
*Accord de libre-échange Canada-Chili (ALECC)
*Accord de libre-échange canadien (ALEC)
*Accord sur les marchés publics de l'Organisation mondiale du commerce (AMP-OMC)
*Accord de Partenariat transpacifique global et progressiste (PTPGP)
*Accord économique et commercial global (AECG) entre le Canada et l’Union européenne (UE)
*Accord de libre-échange Canada-Colombie
*Accord de libre-échange Canada-Honduras
*Accord de libre-échange Canada-Pérou (ALECP)
*Accord de libre-échange Canada-Corée
*Accord de libre-échange Canada-Panama
*Accord de libre-échange Canada-Ukraine (ALECU)
*Accord de continuité commerciale Canada–Royaume-Uni (ACC Canada-Royaume-Uni)","*Canada","*Canada","PacLease Montréal Leasing","PacLease Montréal Leasing","","","","","","","7500 rte Transcanadienne","7500 rte Transcanadienne","Saint-Laurent","Saint-Laurent","Quebec","Quebec","H4T 1A5","CA","CA","Department of Public Works and Government Services (PSPC)"," Ministère des Travaux publics et des Services gouvernementaux (SPAC)","11 Laurier St, Phase III, Place du Portage","11, rue Laurier, Phase III, Place du Portage","Gatineau","Gatineau","Quebec","Québec","K1A 0S5","Canada","Canada","Department of Public Works and Government Services (PSPC)"," Ministère des Travaux publics et des Services gouvernementaux (SPAC)","","","11 Laurier St, Phase III, Place du Portage,Gatineau,Quebec,K1A 0S5,Canada","11, rue Laurier, Phase III, Place du Portage,Gatineau,Québec,K1A 0S5,Canada","Legault, Jacques (SPAC/PSPC)","jacques.legault@tpsgc-pwgsc.gc.ca","","","","","","","","","","","","","Group 3 – Class 8 electric trucks supplied as cab-and-chassis only, or equipped with a van body, insulated van body, or flat deck configuration","Groupe 3 – Camions électriques de classe 8 fournis en châssis-cabine seulement, ou équipés d’une carrosserie fourgon, d’une carrosserie fourgon isotherme ou d’une plateforme"
"Groupe Kenworth Montreal E60HP-25ETRUCKS-B-006-HP","Groupe Kenworth Montreal E60HP-25ETRUCKS-B-006-HP","CW2451466","000","WS3460730436","WS3460730436","CW2451466","2","2026-05-05","2026-05-04","","2026-05-04","2030-07-22","10000000.00","10000000.00","CAD","Active","Actif","Supply Arrangement","Arrangement en matière d’approvisionnement","Original","Original","","","","*25101604
*25101611
*25101917
*25101921","*Delivery trucks
*Cargo trucks
*Flatbed truck
*Van trucks","*Camions de livraison
*Camions de charge
*Camion à plateforme
*Camions fourgons","*GD","Request for Supply Arrangement","Demande pour un arrangement en matière d’approvisionnement","Competitive - Open bidding","Concurrentielle - Invitation ouverte à soumissionner","Not applicable","Sans objet","None","Aucune","*Canada-Colombia Free Trade Agreement
*Canada-European Union Comprehensive Economic and Trade Agreement (CETA)
*Comprehensive and Progressive Agreement for Trans-Pacific Partnership (CPTPP)
*Canadian Free Trade Agreement (CFTA)
*Canada-Panama Free Trade Agreement
*World Trade Organization Agreement on Government Procurement (WTO GPA)
*Canada-Ukraine Free Trade Agreement (CUFTA)
*Canada-Chile Free Trade Agreement (CCFTA)
*Canada-Peru Free Trade Agreement (CPFTA)
*North American Free Trade Agreement (NAFTA)
*Canada-UK Trade Continuity Agreement (Canada-UK TCA)
*Canada-Honduras Free Trade Agreement
*Canada-Korea Free Trade Agreement (CKFTA)","*Accord de libre-échange Canada-Colombie
*Accord économique et commercial global (AECG) entre le Canada et l’Union européenne (UE)
*Accord de Partenariat transpacifique global et progressiste (PTPGP)
*Accord de libre-échange canadien (ALEC)
*Accord de libre-échange Canada-Panama
*Accord sur les marchés publics de l'Organisation mondiale du commerce (AMP-OMC)
*Accord de libre-échange Canada-Ukraine (ALECU)
*Accord de libre-échange Canada-Chili (ALECC)
*Accord de libre-échange Canada-Pérou (ALECP)
*Accord de libre-échange nord-américain (ALENA)
*Accord de continuité commerciale Canada–Royaume-Uni (ACC Canada-Royaume-Uni)
*Accord de libre-échange Canada-Honduras
*Accord de libre-échange Canada-Corée","*Canada","*Canada","PacLease Montréal Leasing","PacLease Montréal Leasing","","","","","","","7500 rte Transcanadienne","7500 rte Transcanadienne","Saint-Laurent","Saint-Laurent","Quebec","Quebec","H4T 1A5","CA","CA","Department of Public Works and Government Services (PSPC)"," Ministère des Travaux publics et des Services gouvernementaux (SPAC)","11 Laurier St, Phase III, Place du Portage","11, rue Laurier, Phase III, Place du Portage","Gatineau","Gatineau","Quebec","Québec","K1A 0S5","Canada","Canada","Department of Public Works and Government Services (PSPC)"," Ministère des Travaux publics et des Services gouvernementaux (SPAC)","","","11 Laurier St, Phase III, Place du Portage,Gatineau,Quebec,K1A 0S5,Canada","11, rue Laurier, Phase III, Place du Portage,Gatineau,Québec,K1A 0S5,Canada","Legault, Jacques (SPAC/PSPC)","jacques.legault@tpsgc-pwgsc.gc.ca","","","","","","","","","","","","","Group 2 – Class 7 electric trucks supplied as cab-and-chassis only, or equipped with a van body, insulated van body, or flat deck configuration","Groupe 2 – Camions électriques de classe 7 fournis en châssis-cabine seulement, ou équipés d’une carrosserie fourgon, d’une carrosserie fourgon isotherme ou d’une plateforme"
"Groupe Kenworth Montreal E60HP-25ETRUCKS-B-005-HP","Groupe Kenworth Montreal E60HP-25ETRUCKS-B-005-HP","CW2450653","000","WS3460730436","WS3460730436","CW2450653","3","2026-05-01","2026-04-27","","2026-04-27","2030-07-22","10000000.00","10000000.00","CAD","Active","Actif","Supply Arrangement","Arrangement en matière d’approvisionnement","Original","Original","","","","*25101604
*25101611
*25101917
*25101921","*Delivery trucks
*Cargo trucks
*Flatbed truck
*Van trucks","*Camions de livraison
*Camions de charge
*Camion à plateforme
*Camions fourgons","*GD","Request for Supply Arrangement","Demande pour un arrangement en matière d’approvisionnement","Competitive - Open bidding","Concurrentielle - Invitation ouverte à soumissionner","Not applicable","Sans objet","None","Aucune","*World Trade Organization Agreement on Government Procurement (WTO GPA)
*Canadian Free Trade Agreement (CFTA)
*Canada-Chile Free Trade Agreement (CCFTA)
*Canada-European Union Comprehensive Economic and Trade Agreement (CETA)
*Canada-Panama Free Trade Agreement
*Canada-Colombia Free Trade Agreement
*Canada-Honduras Free Trade Agreement
*Canada-Korea Free Trade Agreement (CKFTA)
*Canada-Peru Free Trade Agreement (CPFTA)
*North American Free Trade Agreement (NAFTA)
*Canada-Ukraine Free Trade Agreement (CUFTA)
*Comprehensive and Progressive Agreement for Trans-Pacific Partnership (CPTPP)
*Canada-UK Trade Continuity Agreement (Canada-UK TCA)","*Accord sur les marchés publics de l'Organisation mondiale du commerce (AMP-OMC)
*Accord de libre-échange canadien (ALEC)
*Accord de libre-échange Canada-Chili (ALECC)
*Accord économique et commercial global (AECG) entre le Canada et l’Union européenne (UE)
*Accord de libre-échange Canada-Panama
*Accord de libre-échange Canada-Colombie
*Accord de libre-échange Canada-Honduras
*Accord de libre-échange Canada-Corée
*Accord de libre-échange Canada-Pérou (ALECP)
*Accord de libre-échange nord-américain (ALENA)
*Accord de libre-échange Canada-Ukraine (ALECU)
*Accord de Partenariat transpacifique global et progressiste (PTPGP)
*Accord de continuité commerciale Canada–Royaume-Uni (ACC Canada-Royaume-Uni)","*Canada","*Canada","PacLease Montréal Leasing","PacLease Montréal Leasing","","","","","","","7500 rte Transcanadienne","7500 rte Transcanadienne","Saint-Laurent","Saint-Laurent","Quebec","Quebec","H4T 1A5","CA","CA","Department of Public Works and Government Services (PSPC)"," Ministère des Travaux publics et des Services gouvernementaux (SPAC)","11 Laurier St, Phase III, Place du Portage","11, rue Laurier, Phase III, Place du Portage","Gatineau","Gatineau","Quebec","Québec","K1A 0S5","Canada","Canada","Department of Public Works and Government Services (PSPC)"," Ministère des Travaux publics et des Services gouvernementaux (SPAC)","","","11 Laurier St, Phase III, Place du Portage,Gatineau,Quebec,K1A 0S5,Canada","11, rue Laurier, Phase III, Place du Portage,Gatineau,Québec,K1A 0S5,Canada","Legault, Jacques (SPAC/PSPC)","jacques.legault@tpsgc-pwgsc.gc.ca","","","","","","","","","","","","","Group 1 – Class 6 electric trucks supplied as cab-and chassis only, or equipped with a van body, insulated van body, or flat deck configuration","Groupe 1 – Camions électriques de classe 6 fournis en châssis-cabine seulement, ou équipés d’une carrosserie fourgon, d’une carrosserie fourgon isotherme ou d’une plateforme"
"F5561-260074 - Rudder Parts CCGS Capt. Jacques Cartier","F5561-260074 - Pièces de gouvernail NGCC Capt. Jacques Cartier","CW2457430","000","WS5728695417","WS5728695417","CW2457430","1","2026-06-22","2026-06-19","","2026-06-19","2027-06-18","109630.03","109630.03","CAD","Active","Actif","Contract","Contrat","Original","Original","","","","*25111500","*Commercial marine craft","*Navires commerciaux","*GD","Directed Contract","Contrat prescrit","Non-competitive","Non concurrentielle","Not applicable","Sans objet","Exclusive Rights","Droits exclusifs","*Canadian Free Trade Agreement (CFTA)","*Accord de libre-échange canadien (ALEC)","*Nova Scotia","*Nouvelle-Écosse","Becker Marine Systems GmbH","Becker Marine Systems GmbH","","","","","250","250","Blohmstraße 23","Blohmstraße 23","Hamburg","Hamburg","Hamburg","Hamburg","21079","DE","DE","Department of Public Works and Government Services (PSPC)"," Ministère des Travaux publics et des Services gouvernementaux (SPAC)","11 Laurier St, Phase III, Place du Portage","11, rue Laurier, Phase III, Place du Portage","Gatineau","Gatineau","Quebec","Québec","K1A 0S5","Canada","Canada","Canadian Coast Guard (CCG)"," Garde côtière canadienne (GCC)","","","200 Kent St. Station 13E228,Ottawa,Ontario,K1A0E6,Canada","200, rue Kent, Station 13E228,Ottawa,Ontario,K1A0E6,Canada","Wadden, Dale (SPAC/PSPC)","dale.wadden@tpsgc-pwgsc.gc.ca","","","","","","","","","","","","","F5561-260074 - Rudder Parts CCGS Capt. Jacques Cartier","F5561-260074 - Pièces de gouvernail NGCC Capt. Jacques Cartier"
"F2599-260092 – CCGS Limnos Axial Piston Variable Pump overhaul","Révision de la pompe à piston axial variable du NGCC Limnos","CW2456360","000","WS5741339602","WS5741339602","CW2456360","1","2026-06-16","2026-06-15","","2026-06-11","2027-06-11","73289.08","73289.08","CAD","Active","Actif","Contract","Contrat","Original","Original","","","","*25111500","*Commercial marine craft","*Navires commerciaux","*GD","Directed Contract","Contrat prescrit","Non-competitive","Non concurrentielle","Not applicable","Sans objet","Exclusive Rights","Droits exclusifs","*Canadian Free Trade Agreement (CFTA)","*Accord de libre-échange canadien (ALEC)","*Ontario (except NCR)","*Ontario (sauf RCN)","Motion Industries Canada Inc.","Motion Industries Canada Inc.","Motion Industries","Motion Industries","Motion Industries, Inc.","Motion Industries, Inc.","5000","5000","87, rue des routiers 
87, rue des routiers","87, rue des routiers 
87, rue des routiers","Saguenay","Saguenay","Quebec","Quebec","G7H 5B1","CA","CA","Department of Public Works and Government Services (PSPC)"," Ministère des Travaux publics et des Services gouvernementaux (SPAC)","11 Laurier St, Phase III, Place du Portage","11, rue Laurier, Phase III, Place du Portage","Gatineau","Gatineau","Quebec","Québec","K1A 0S5","Canada","Canada","Department of Fisheries and Oceans (DFO)"," Ministère des Pêches et des Océans (MPO)","","","200 Kent Street,Ottawa,Ontario,K1A 0E6,Canada","200, rue Kent,Ottawa,Ontario,K1A 0E6,Canada","Slater, Hugh (SPAC/PSPC)","hugh.slater@tpsgc-pwgsc.gc.ca","","","","","","","","","","","","","Overhaul of the Rexroth REP-A4VCSG500EPG/30-VPH85F684DES126 Axial Piston Variable Pump on the CCG Limnos","Révision de la pompe variable à pistons axiaux Rexroth REP-A4VCSG500EPG/30-VPH85F684DES126 sur le CCG Limnos"
"F1782-26C141 - CCGS Tanu Spare Pleuger Active Rudder","F1782-26C141 - Gouvernail actif de rechange Pleuger pour le navire de la Garde côtière canadienne Tanu","CW2461462","000","WS5792297943","WS5792297943","CW2461462","1","2026-07-28","2026-07-27","","2026-07-27","2026-12-15","47040.00","47040.00","CAD","Active","Actif","Contract","Contrat","Original","Original","","","","*25111500","*Commercial marine craft","*Navires commerciaux","*SRV","Directed Contract","Contrat prescrit","Non-competitive","Non concurrentielle","Lowest Price","Prix le plus bas","Exclusive Rights","Droits exclusifs","*Canadian Free Trade Agreement (CFTA)","*Accord de libre-échange canadien (ALEC)","*British Columbia","*Colombie-Britannique","Allied Shipbuilders Ltd.","Allied Shipbuilders Ltd.","","","","","100","100","1870 Harbour Road","1870 Harbour Road","North Vancouver","North Vancouver","British Columbia","British Columbia","V7H 1A1","CA","CA","Department of Public Works and Government Services (PSPC)"," Ministère des Travaux publics et des Services gouvernementaux (SPAC)","11 Laurier St, Phase III, Place du Portage","11, rue Laurier, Phase III, Place du Portage","Gatineau","Gatineau","Quebec","Québec","K1A 0S5","Canada","Canada","Canadian Coast Guard (CCG)"," Garde côtière canadienne (GCC)","","","200 Kent St. Station 13E228,Ottawa,Ontario,K1A0E6,Canada","200, rue Kent, Station 13E228,Ottawa,Ontario,K1A0E6,Canada","Parsons, Mary (SPAC/PSPC) (elle-la-lui / she-her-hers)","mary.parsons@tpsgc-pwgsc.gc.ca","","","","","","","","","","","","","F1782-26C141 - CCGS Tanu Spare Pleuger Active Rudder","F1782-26C141 - Gouvernail actif de rechange Pleuger pour le navire de la Garde côtière canadienne Tanu"
"F6855-260141 Brunvoll Gearbox Parts","F6855-260141 Pièces de boîte de vitesses Brunvoll","CW2462627","000","WS5804742838","WS5804742838","CW2462627","1","2026-08-24","2026-07-30","","2026-07-31","2027-07-30","87536.88","87536.88","CAD","Active","Actif","Contract","Contrat","Original","Original","","","","*25111500","*Commercial marine craft","*Navires commerciaux","*GD","Directed Contract","Contrat prescrit","Non-competitive","Non concurrentielle","Not applicable","Sans objet","Exclusive Rights","Droits exclusifs","*Canadian Free Trade Agreement (CFTA)","*Accord de libre-échange canadien (ALEC)","*Newfoundland and Labrador","*Terre-Neuve-et-Labrador","Ships Machinery International, Inc.","Ships Machinery International, Inc.","","","","","","","13005 SW 124th Ave","13005 SW 124th Ave","Miami","Miami","Florida","Florida","33186-6253","US","US","Department of Public Works and Government Services (PSPC)"," Ministère des Travaux publics et des Services gouvernementaux (SPAC)","11 Laurier St, Phase III, Place du Portage","11, rue Laurier, Phase III, Place du Portage","Gatineau","Gatineau","Quebec","Québec","K1A 0S5","Canada","Canada","Canadian Coast Guard (CCG)"," Garde côtière canadienne (GCC)","","","200 Kent St. Station 13E228,Ottawa,Ontario,K1A0E6,Canada","200, rue Kent, Station 13E228,Ottawa,Ontario,K1A0E6,Canada","Wadden, Dale (SPAC/PSPC)","dale.wadden@tpsgc-pwgsc.gc.ca","","","","","","","","","","","","","F6855-260141 Brunvoll Gearbox Parts","F6855-260141 Pièces de boîte de vitesses Brunvoll"
"Liquid Metal- FW076-251224- 5.5-5.9m Open Aluminum Monohull Boat and Trailer-","FW076-251224 - Monocoque ouvert en aluminium de 5,5 à 5,9 m avec remorque","CW2466241","000","WS5712073811","WS5712073811","CW2466241","1","2026-09-11","2026-09-09","","2026-09-09","2029-09-10","731295.08","731295.08","CAD","Active","Actif","Contract against SA","Contrat découlant d’un arrangement en matière d'approvisionnement","Original","Original","","","","*25111500","*Commercial marine craft","*Navires commerciaux","*GD","RFP against Supply Arrangement","Demande de proposition découlant d’un arrangement en matière d’approvisionnement","Competitive - Selective tendering","Concurrentielle - Appel d'offres sélectif","Highest Combined Rating of Technical Merit and Price","Cote combinée la plus élevée pour le mérite technique et le prix","None","Aucune","*Canadian Free Trade Agreement (CFTA)","*Accord de libre-échange canadien (ALEC)","*Canada","*Canada","Liquid Metal Marine Ltd.","Liquid Metal Marine Ltd.","","","","","8","8","2057 Mills Road West","2057 Mills Road West","Sidney","Sidney","British Columbia","British Columbia","V8L 5X2","CA","CA","Department of Public Works and Government Services (PSPC)"," Ministère des Travaux publics et des Services gouvernementaux (SPAC)","11 Laurier St, Phase III, Place du Portage","11, rue Laurier, Phase III, Place du Portage","Gatineau","Gatineau","Quebec","Québec","K1A 0S5","Canada","Canada","Department of Fisheries and Oceans (DFO)"," Ministère des Pêches et des Océans (MPO)","","","200 Kent Street,Ottawa,Ontario,K1A 0E6,Canada","200, rue Kent,Ottawa,Ontario,K1A 0E6,Canada","Saint-Juste, Heureuse (SPAC/PSPC) (elle-la / she-her)","heureuse.saint-juste@tpsgc-pwgsc.gc.ca","","","","","","","","","","","","","",""
"CME Supply Arrangement E60MC-240001-001-MC","CME AMA  E60MC-240001-001-MC","CW2460447","000","WS5491670965","WS5491670965","CW2460447","1","2026-07-17","2026-07-17","","2026-07-17","2031-07-31","0.00","0.00","CAD","Active","Actif","Supply Arrangement","Arrangement en matière d’approvisionnement","Original","Original","","","","*25111500
*25111507
*25111511
*25111512
*25111530
*25111531
*25111534
*25111600
*25111601
*25111700
*25111714
*25111722
*25111723
*25111805","*Commercial marine craft
*Barges
*Oil or gas crew boat
*Oil or gas workboat
*Pilot boat
*Hydrographical survey ship
*Research vessel
*Safety and rescue water craft
*Lifeboats or liferafts
*Military watercraft
*Utility landing watercraft
*Coast guard boat or cutter
*Fishery patrol boat
*Personal motorized watercraft","*Navires commerciaux
*Barges
*Bateau destiné au personnel actif dans l'exploitation du pétrole ou du gaz
*Bateau destiné à l'exploitation du pétrole ou du gaz
*Bateau-pilote
*Navire hydrographe
*Navire de recherche
*Navires de sécurité et de sauvetage
*Canots ou radeaux de sauvetage
*Navires militaires
*Navires de débarquement de matériel
*Navire de la Garde côtière ou garde-côte
*Bateau de surveillance des pêches
*Véhicules maritimes personnels à moteur","*GD","Request for Supply Arrangement","Demande pour un arrangement en matière d’approvisionnement","Competitive - Open bidding","Concurrentielle - Invitation ouverte à soumissionner","Variations or combinations of the above methods","Variations ou combinaisons des méthodes susmentionnées","None","Aucune","*Canada-Honduras Free Trade Agreement
*Canadian Free Trade Agreement (CFTA)
*Canada-Chile Free Trade Agreement (CCFTA)
*World Trade Organization Agreement on Government Procurement (WTO GPA)
*Canada-European Union Comprehensive Economic and Trade Agreement (CETA)
*Canada-Colombia Free Trade Agreement
*Canada-Korea Free Trade Agreement (CKFTA)
*Canada-Panama Free Trade Agreement
*Comprehensive and Progressive Agreement for Trans-Pacific Partnership (CPTPP)","*Accord de libre-échange Canada-Honduras
*Accord de libre-échange canadien (ALEC)
*Accord de libre-échange Canada-Chili (ALECC)
*Accord sur les marchés publics de l'Organisation mondiale du commerce (AMP-OMC)
*Accord économique et commercial global (AECG) entre le Canada et l’Union européenne (UE)
*Accord de libre-échange Canada-Colombie
*Accord de libre-échange Canada-Corée
*Accord de libre-échange Canada-Panama
*Accord de Partenariat transpacifique global et progressiste (PTPGP)","*Canada","*Canada","Canadian Maritime Engineering Limited","Canadian Maritime Engineering Limited","CME","CME","CME LImited","CME LImited","250","250","90 Thornhill Drive","90 Thornhill Drive","Dartmouth","Dartmouth","Nova Scotia","Nova Scotia","B3B 1S3","CA","CA","Department of Public Works and Government Services (PSPC)"," Ministère des Travaux publics et des Services gouvernementaux (SPAC)","11 Laurier St, Phase III, Place du Portage","11, rue Laurier, Phase III, Place du Portage","Gatineau","Gatineau","Quebec","Québec","K1A 0S5","Canada","Canada","Department of Public Works and Government Services (PSPC)"," Ministère des Travaux publics et des Services gouvernementaux (SPAC)","","","11 Laurier St, Phase III, Place du Portage,Gatineau,Quebec,K1A 0S5,Canada","11, rue Laurier, Phase III, Place du Portage,Gatineau,Québec,K1A 0S5,Canada","Tinkess, Dianne (SPAC/PSPC)","dianne.tinkess@tpsgc-pwgsc.gc.ca","","","","","","","","","","","","","CME Supply Arrangement E60MC-240001-001-MC","CME AMA  E60MC-240001-001-MC"
"JR Marine Manufacturing LTD Supply Arrangement E60MC-240001-002-MC","JR Marine Manufacturing LTD AMA  E60MC-240001-002-MC","CW2460455","000","WS5491670965","WS5491670965","CW2460455","1","2026-07-17","2026-07-17","","2026-07-17","2031-07-31","0.00","0.00","CAD","Active","Actif","Supply Arrangement","Arrangement en matière d’approvisionnement","Original","Original","","","","*25111500
*25111507
*25111511
*25111512
*25111530
*25111531
*25111534
*25111600
*25111601
*25111700
*25111714
*25111722
*25111723
*25111805","*Commercial marine craft
*Barges
*Oil or gas crew boat
*Oil or gas workboat
*Pilot boat
*Hydrographical survey ship
*Research vessel
*Safety and rescue water craft
*Lifeboats or liferafts
*Military watercraft
*Utility landing watercraft
*Coast guard boat or cutter
*Fishery patrol boat
*Personal motorized watercraft","*Navires commerciaux
*Barges
*Bateau destiné au personnel actif dans l'exploitation du pétrole ou du gaz
*Bateau destiné à l'exploitation du pétrole ou du gaz
*Bateau-pilote
*Navire hydrographe
*Navire de recherche
*Navires de sécurité et de sauvetage
*Canots ou radeaux de sauvetage
*Navires militaires
*Navires de débarquement de matériel
*Navire de la Garde côtière ou garde-côte
*Bateau de surveillance des pêches
*Véhicules maritimes personnels à moteur","*GD","Request for Supply Arrangement","Demande pour un arrangement en matière d’approvisionnement","Competitive - Open bidding","Concurrentielle - Invitation ouverte à soumissionner","Variations or combinations of the above methods","Variations ou combinaisons des méthodes susmentionnées","None","Aucune","*Canadian Free Trade Agreement (CFTA)
*Canada-Chile Free Trade Agreement (CCFTA)
*Canada-Honduras Free Trade Agreement
*Canada-Colombia Free Trade Agreement
*Canada-Korea Free Trade Agreement (CKFTA)
*Canada-European Union Comprehensive Economic and Trade Agreement (CETA)
*Comprehensive and Progressive Agreement for Trans-Pacific Partnership (CPTPP)
*World Trade Organization Agreement on Government Procurement (WTO GPA)
*Canada-Panama Free Trade Agreement","*Accord de libre-échange canadien (ALEC)
*Accord de libre-échange Canada-Chili (ALECC)
*Accord de libre-échange Canada-Honduras
*Accord de libre-échange Canada-Colombie
*Accord de libre-échange Canada-Corée
*Accord économique et commercial global (AECG) entre le Canada et l’Union européenne (UE)
*Accord de Partenariat transpacifique global et progressiste (PTPGP)
*Accord sur les marchés publics de l'Organisation mondiale du commerce (AMP-OMC)
*Accord de libre-échange Canada-Panama","*Canada","*Canada","JR Marine Manufacturing LTD","JR Marine Manufacturing LTD","","","","","16","16","103-10134 McDonald Park Road","103-10134 McDonald Park Road","North Saanich","North Saanich","British Columbia","British Columbia","V8L 5X8","CA","CA","Department of Public Works and Government Services (PSPC)"," Ministère des Travaux publics et des Services gouvernementaux (SPAC)","11 Laurier St, Phase III, Place du Portage","11, rue Laurier, Phase III, Place du Portage","Gatineau","Gatineau","Quebec","Québec","K1A 0S5","Canada","Canada","Department of Public Works and Government Services (PSPC)"," Ministère des Travaux publics et des Services gouvernementaux (SPAC)","","","11 Laurier St, Phase III, Place du Portage,Gatineau,Quebec,K1A 0S5,Canada","11, rue Laurier, Phase III, Place du Portage,Gatineau,Québec,K1A 0S5,Canada","Tinkess, Dianne (SPAC/PSPC)","dianne.tinkess@tpsgc-pwgsc.gc.ca","","","","","","","","","","","","","JR Marine Manufacturing LTD Supply Arrangement E60MC-240001-002-MC","JR Marine Manufacturing LTD AMA  E60MC-240001-002-MC"
"Samson Enterprises LTD Supply Arrangement E60MC-240001-003-MC","Samson Enterprises LTD AMA  E60MC-240001-003-MC","CW2460459","000","WS5491670965","WS5491670965","CW2460459","1","2026-07-17","2026-07-17","","2026-07-17","2031-07-31","0.00","0.00","CAD","Active","Actif","Supply Arrangement","Arrangement en matière d’approvisionnement","Original","Original","","","","*25111500
*25111507
*25111511
*25111512
*25111530
*25111531
*25111534
*25111600
*25111601
*25111700
*25111714
*25111722
*25111723
*25111805","*Commercial marine craft
*Barges
*Oil or gas crew boat
*Oil or gas workboat
*Pilot boat
*Hydrographical survey ship
*Research vessel
*Safety and rescue water craft
*Lifeboats or liferafts
*Military watercraft
*Utility landing watercraft
*Coast guard boat or cutter
*Fishery patrol boat
*Personal motorized watercraft","*Navires commerciaux
*Barges
*Bateau destiné au personnel actif dans l'exploitation du pétrole ou du gaz
*Bateau destiné à l'exploitation du pétrole ou du gaz
*Bateau-pilote
*Navire hydrographe
*Navire de recherche
*Navires de sécurité et de sauvetage
*Canots ou radeaux de sauvetage
*Navires militaires
*Navires de débarquement de matériel
*Navire de la Garde côtière ou garde-côte
*Bateau de surveillance des pêches
*Véhicules maritimes personnels à moteur","*GD","Request for Supply Arrangement","Demande pour un arrangement en matière d’approvisionnement","Competitive - Open bidding","Concurrentielle - Invitation ouverte à soumissionner","Variations or combinations of the above methods","Variations ou combinaisons des méthodes susmentionnées","None","Aucune","*Canada-Honduras Free Trade Agreement
*Canadian Free Trade Agreement (CFTA)
*Canada-Chile Free Trade Agreement (CCFTA)
*World Trade Organization Agreement on Government Procurement (WTO GPA)
*Canada-Korea Free Trade Agreement (CKFTA)
*Canada-Colombia Free Trade Agreement
*Canada-European Union Comprehensive Economic and Trade Agreement (CETA)
*Canada-Panama Free Trade Agreement
*Comprehensive and Progressive Agreement for Trans-Pacific Partnership (CPTPP)","*Accord de libre-échange Canada-Honduras
*Accord de libre-échange canadien (ALEC)
*Accord de libre-échange Canada-Chili (ALECC)
*Accord sur les marchés publics de l'Organisation mondiale du commerce (AMP-OMC)
*Accord de libre-échange Canada-Corée
*Accord de libre-échange Canada-Colombie
*Accord économique et commercial global (AECG) entre le Canada et l’Union européenne (UE)
*Accord de libre-échange Canada-Panama
*Accord de Partenariat transpacifique global et progressiste (PTPGP)","*Canada","*Canada","Les Entreprises Samson Enterprises Ltee","Les Entreprises Samson Enterprises Ltee","","","Samson Enterprises LTD","Samson Enterprises LTD","18","18","PO Box 72 
4330 Hwy 320","PO Box 72 
4330 Hwy 320","Arichat","Arichat","Nova Scotia","Nova Scotia","B0E 1A0","CA","CA","Department of Public Works and Government Services (PSPC)"," Ministère des Travaux publics et des Services gouvernementaux (SPAC)","11 Laurier St, Phase III, Place du Portage","11, rue Laurier, Phase III, Place du Portage","Gatineau","Gatineau","Quebec","Québec","K1A 0S5","Canada","Canada","Department of Public Works and Government Services (PSPC)"," Ministère des Travaux publics et des Services gouvernementaux (SPAC)","","","11 Laurier St, Phase III, Place du Portage,Gatineau,Quebec,K1A 0S5,Canada","11, rue Laurier, Phase III, Place du Portage,Gatineau,Québec,K1A 0S5,Canada","Tinkess, Dianne (SPAC/PSPC)","dianne.tinkess@tpsgc-pwgsc.gc.ca","","","","","","","","","","","","","Samson Enterprises LTD Supply Arrangement E60MC-240001-003-MC","Samson Enterprises LTD AMA  E60MC-240001-003-MC"
"Zodiac Hurricane Technologies Inc Supply Arrangement E60MC-240001-007-MC","Zodiac Hurricane Technologies Inc AMA  E60MC-240001-007-MC","CW2460483","000","WS5491670965","WS5491670965","CW2460483","1","2026-07-17","2026-07-17","","2026-07-17","2031-07-31","0.00","0.00","CAD","Active","Actif","Supply Arrangement","Arrangement en matière d’approvisionnement","Original","Original","","","","*25111500
*25111507
*25111511
*25111512
*25111530
*25111531
*25111534
*25111600
*25111601
*25111700
*25111714
*25111722
*25111723
*25111805","*Commercial marine craft
*Barges
*Oil or gas crew boat
*Oil or gas workboat
*Pilot boat
*Hydrographical survey ship
*Research vessel
*Safety and rescue water craft
*Lifeboats or liferafts
*Military watercraft
*Utility landing watercraft
*Coast guard boat or cutter
*Fishery patrol boat
*Personal motorized watercraft","*Navires commerciaux
*Barges
*Bateau destiné au personnel actif dans l'exploitation du pétrole ou du gaz
*Bateau destiné à l'exploitation du pétrole ou du gaz
*Bateau-pilote
*Navire hydrographe
*Navire de recherche
*Navires de sécurité et de sauvetage
*Canots ou radeaux de sauvetage
*Navires militaires
*Navires de débarquement de matériel
*Navire de la Garde côtière ou garde-côte
*Bateau de surveillance des pêches
*Véhicules maritimes personnels à moteur","*GD","Request for Supply Arrangement","Demande pour un arrangement en matière d’approvisionnement","Competitive - Open bidding","Concurrentielle - Invitation ouverte à soumissionner","Variations or combinations of the above methods","Variations ou combinaisons des méthodes susmentionnées","None","Aucune","*Canada-Colombia Free Trade Agreement
*Canada-Panama Free Trade Agreement
*Canadian Free Trade Agreement (CFTA)
*Canada-Chile Free Trade Agreement (CCFTA)
*Canada-Honduras Free Trade Agreement
*Comprehensive and Progressive Agreement for Trans-Pacific Partnership (CPTPP)
*Canada-European Union Comprehensive Economic and Trade Agreement (CETA)
*World Trade Organization Agreement on Government Procurement (WTO GPA)
*Canada-Korea Free Trade Agreement (CKFTA)","*Accord de libre-échange Canada-Colombie
*Accord de libre-échange Canada-Panama
*Accord de libre-échange canadien (ALEC)
*Accord de libre-échange Canada-Chili (ALECC)
*Accord de libre-échange Canada-Honduras
*Accord de Partenariat transpacifique global et progressiste (PTPGP)
*Accord économique et commercial global (AECG) entre le Canada et l’Union européenne (UE)
*Accord sur les marchés publics de l'Organisation mondiale du commerce (AMP-OMC)
*Accord de libre-échange Canada-Corée","*Canada","*Canada","Zodiac Hurricane Technologies Inc.","Zodiac Hurricane Technologies Inc.","ZHT","ZHT","Zodiac Milpro","Zodiac Milpro","200","200","7830 Vantage Way","7830 Vantage Way","Delta","Delta","British Columbia","British Columbia","V4G 1A7","CA","CA","Department of Public Works and Government Services (PSPC)"," Ministère des Travaux publics et des Services gouvernementaux (SPAC)","11 Laurier St, Phase III, Place du Portage","11, rue Laurier, Phase III, Place du Portage","Gatineau","Gatineau","Quebec","Québec","K1A 0S5","Canada","Canada","Department of Public Works and Government Services (PSPC)"," Ministère des Travaux publics et des Services gouvernementaux (SPAC)","","","11 Laurier St, Phase III, Place du Portage,Gatineau,Quebec,K1A 0S5,Canada","11, rue Laurier, Phase III, Place du Portage,Gatineau,Québec,K1A 0S5,Canada","Tinkess, Dianne (SPAC/PSPC)","dianne.tinkess@tpsgc-pwgsc.gc.ca","","","","","","","","","","","","","Zodiac Hurricane Technologies Inc Supply Arrangement E60MC-240001-007-MC","Zodiac Hurricane Technologies Inc AMA  E60MC-240001-007-MC"
"Liquid Metal Marine Ltd Supply Arrangement E60MC-240001-004-MC","Liquid Metal Marine Ltd AMA  E60MC-240001-004-MC","CW2460475","000","WS5491670965","WS5491670965","CW2460475","1","2026-07-17","2026-07-17","","2026-07-17","2031-07-31","0.00","0.00","CAD","Active","Actif","Supply Arrangement","Arrangement en matière d’approvisionnement","Original","Original","","","","*25111500
*25111507
*25111511
*25111512
*25111530
*25111531
*25111534
*25111600
*25111601
*25111700
*25111714
*25111722
*25111723
*25111805","*Commercial marine craft
*Barges
*Oil or gas crew boat
*Oil or gas workboat
*Pilot boat
*Hydrographical survey ship
*Research vessel
*Safety and rescue water craft
*Lifeboats or liferafts
*Military watercraft
*Utility landing watercraft
*Coast guard boat or cutter
*Fishery patrol boat
*Personal motorized watercraft","*Navires commerciaux
*Barges
*Bateau destiné au personnel actif dans l'exploitation du pétrole ou du gaz
*Bateau destiné à l'exploitation du pétrole ou du gaz
*Bateau-pilote
*Navire hydrographe
*Navire de recherche
*Navires de sécurité et de sauvetage
*Canots ou radeaux de sauvetage
*Navires militaires
*Navires de débarquement de matériel
*Navire de la Garde côtière ou garde-côte
*Bateau de surveillance des pêches
*Véhicules maritimes personnels à moteur","*GD","Request for Supply Arrangement","Demande pour un arrangement en matière d’approvisionnement","Competitive - Open bidding","Concurrentielle - Invitation ouverte à soumissionner","Variations or combinations of the above methods","Variations ou combinaisons des méthodes susmentionnées","None","Aucune","*Canada-Honduras Free Trade Agreement
*Canada-European Union Comprehensive Economic and Trade Agreement (CETA)
*Canadian Free Trade Agreement (CFTA)
*Canada-Colombia Free Trade Agreement
*Comprehensive and Progressive Agreement for Trans-Pacific Partnership (CPTPP)
*World Trade Organization Agreement on Government Procurement (WTO GPA)
*Canada-Chile Free Trade Agreement (CCFTA)
*Canada-Panama Free Trade Agreement
*Canada-Korea Free Trade Agreement (CKFTA)","*Accord de libre-échange Canada-Honduras
*Accord économique et commercial global (AECG) entre le Canada et l’Union européenne (UE)
*Accord de libre-échange canadien (ALEC)
*Accord de libre-échange Canada-Colombie
*Accord de Partenariat transpacifique global et progressiste (PTPGP)
*Accord sur les marchés publics de l'Organisation mondiale du commerce (AMP-OMC)
*Accord de libre-échange Canada-Chili (ALECC)
*Accord de libre-échange Canada-Panama
*Accord de libre-échange Canada-Corée","*Canada","*Canada","Liquid Metal Marine Ltd.","Liquid Metal Marine Ltd.","","","","","8","8","2057 Mills Road West","2057 Mills Road West","Sidney","Sidney","British Columbia","British Columbia","V8L 5X2","CA","CA","Department of Public Works and Government Services (PSPC)"," Ministère des Travaux publics et des Services gouvernementaux (SPAC)","11 Laurier St, Phase III, Place du Portage","11, rue Laurier, Phase III, Place du Portage","Gatineau","Gatineau","Quebec","Québec","K1A 0S5","Canada","Canada","Department of Public Works and Government Services (PSPC)"," Ministère des Travaux publics et des Services gouvernementaux (SPAC)","","","11 Laurier St, Phase III, Place du Portage,Gatineau,Quebec,K1A 0S5,Canada","11, rue Laurier, Phase III, Place du Portage,Gatineau,Québec,K1A 0S5,Canada","Tinkess, Dianne (SPAC/PSPC)","dianne.tinkess@tpsgc-pwgsc.gc.ca","","","","","","","","","","","","","Liquid Metal Marine Ltd Supply Arrangement E60MC-240001-004-MC","Liquid Metal Marine Ltd AMA  E60MC-240001-004-MC"
"Voltari Marine Electric Supply Arrangement E60MC-240001-006-MC","Voltari Marine Electric AMA  E60MC-240001-006-MC","CW2460478","000","WS5491670965","WS5491670965","CW2460478","1","2026-07-17","2026-07-17","","2026-07-17","2031-07-31","0.00","0.00","CAD","Active","Actif","Supply Arrangement","Arrangement en matière d’approvisionnement","Original","Original","","","","*25111500
*25111507
*25111511
*25111512
*25111530
*25111531
*25111534
*25111600
*25111601
*25111700
*25111714
*25111722
*25111723
*25111805","*Commercial marine craft
*Barges
*Oil or gas crew boat
*Oil or gas workboat
*Pilot boat
*Hydrographical survey ship
*Research vessel
*Safety and rescue water craft
*Lifeboats or liferafts
*Military watercraft
*Utility landing watercraft
*Coast guard boat or cutter
*Fishery patrol boat
*Personal motorized watercraft","*Navires commerciaux
*Barges
*Bateau destiné au personnel actif dans l'exploitation du pétrole ou du gaz
*Bateau destiné à l'exploitation du pétrole ou du gaz
*Bateau-pilote
*Navire hydrographe
*Navire de recherche
*Navires de sécurité et de sauvetage
*Canots ou radeaux de sauvetage
*Navires militaires
*Navires de débarquement de matériel
*Navire de la Garde côtière ou garde-côte
*Bateau de surveillance des pêches
*Véhicules maritimes personnels à moteur","*GD","Request for Supply Arrangement","Demande pour un arrangement en matière d’approvisionnement","Competitive - Open bidding","Concurrentielle - Invitation ouverte à soumissionner","Variations or combinations of the above methods","Variations ou combinaisons des méthodes susmentionnées","None","Aucune","*Canada-Chile Free Trade Agreement (CCFTA)
*Canadian Free Trade Agreement (CFTA)
*Canada-Honduras Free Trade Agreement
*Canada-Colombia Free Trade Agreement
*Canada-European Union Comprehensive Economic and Trade Agreement (CETA)
*World Trade Organization Agreement on Government Procurement (WTO GPA)
*Canada-Panama Free Trade Agreement
*Canada-Korea Free Trade Agreement (CKFTA)
*Comprehensive and Progressive Agreement for Trans-Pacific Partnership (CPTPP)","*Accord de libre-échange Canada-Chili (ALECC)
*Accord de libre-échange canadien (ALEC)
*Accord de libre-échange Canada-Honduras
*Accord de libre-échange Canada-Colombie
*Accord économique et commercial global (AECG) entre le Canada et l’Union européenne (UE)
*Accord sur les marchés publics de l'Organisation mondiale du commerce (AMP-OMC)
*Accord de libre-échange Canada-Panama
*Accord de libre-échange Canada-Corée
*Accord de Partenariat transpacifique global et progressiste (PTPGP)","*Canada","*Canada","Voltari Marine Electric Inc.","Voltari Marine Electric Inc.","","","","","","","220 Forced Road","220 Forced Road","Merrickville","Merrickville","Ontario","Ontario","K0G 1N0","CA","CA","Department of Public Works and Government Services (PSPC)"," Ministère des Travaux publics et des Services gouvernementaux (SPAC)","11 Laurier St, Phase III, Place du Portage","11, rue Laurier, Phase III, Place du Portage","Gatineau","Gatineau","Quebec","Québec","K1A 0S5","Canada","Canada","Department of Public Works and Government Services (PSPC)"," Ministère des Travaux publics et des Services gouvernementaux (SPAC)","","","11 Laurier St, Phase III, Place du Portage,Gatineau,Quebec,K1A 0S5,Canada","11, rue Laurier, Phase III, Place du Portage,Gatineau,Québec,K1A 0S5,Canada","Tinkess, Dianne (SPAC/PSPC)","dianne.tinkess@tpsgc-pwgsc.gc.ca","","","","","","","","","","","","","Voltari Marine Electric Supply Arrangement E60MC-240001-006-MC","Voltari Marine Electric AMA  E60MC-240001-006-MC"
"Titan Boats Supply Arrangement E60MC-240001-005-MC","Titan Boats AMA  E60MC-240001-005-MC","CW2460397","000","WS5491670965","WS5491670965","CW2460397","1","2026-07-17","2026-07-17","","2026-07-17","2031-07-31","0.00","0.00","CAD","Active","Actif","Supply Arrangement","Arrangement en matière d’approvisionnement","Original","Original","","","","*25111500
*25111507
*25111511
*25111512
*25111530
*25111531
*25111534
*25111600
*25111601
*25111700
*25111714
*25111722
*25111723
*25111805","*Commercial marine craft
*Barges
*Oil or gas crew boat
*Oil or gas workboat
*Pilot boat
*Hydrographical survey ship
*Research vessel
*Safety and rescue water craft
*Lifeboats or liferafts
*Military watercraft
*Utility landing watercraft
*Coast guard boat or cutter
*Fishery patrol boat
*Personal motorized watercraft","*Navires commerciaux
*Barges
*Bateau destiné au personnel actif dans l'exploitation du pétrole ou du gaz
*Bateau destiné à l'exploitation du pétrole ou du gaz
*Bateau-pilote
*Navire hydrographe
*Navire de recherche
*Navires de sécurité et de sauvetage
*Canots ou radeaux de sauvetage
*Navires militaires
*Navires de débarquement de matériel
*Navire de la Garde côtière ou garde-côte
*Bateau de surveillance des pêches
*Véhicules maritimes personnels à moteur","*GD","Request for Supply Arrangement","Demande pour un arrangement en matière d’approvisionnement","Competitive - Open bidding","Concurrentielle - Invitation ouverte à soumissionner","Variations or combinations of the above methods","Variations ou combinaisons des méthodes susmentionnées","None","Aucune","*Canadian Free Trade Agreement (CFTA)
*Canada-Colombia Free Trade Agreement
*Comprehensive and Progressive Agreement for Trans-Pacific Partnership (CPTPP)
*Canada-Chile Free Trade Agreement (CCFTA)
*Canada-Honduras Free Trade Agreement
*Canada-Panama Free Trade Agreement
*Canada-European Union Comprehensive Economic and Trade Agreement (CETA)
*World Trade Organization Agreement on Government Procurement (WTO GPA)
*Canada-Korea Free Trade Agreement (CKFTA)","*Accord de libre-échange canadien (ALEC)
*Accord de libre-échange Canada-Colombie
*Accord de Partenariat transpacifique global et progressiste (PTPGP)
*Accord de libre-échange Canada-Chili (ALECC)
*Accord de libre-échange Canada-Honduras
*Accord de libre-échange Canada-Panama
*Accord économique et commercial global (AECG) entre le Canada et l’Union européenne (UE)
*Accord sur les marchés publics de l'Organisation mondiale du commerce (AMP-OMC)
*Accord de libre-échange Canada-Corée","*Canada","*Canada","TITAN BOATS LTD","TITAN BOATS LTD","","","","","52","52","2035 Beacon Ave W","2035 Beacon Ave W","Sidney","Sidney","British Columbia","British Columbia","V8L 5W5","CA","CA","Department of Public Works and Government Services (PSPC)"," Ministère des Travaux publics et des Services gouvernementaux (SPAC)","11 Laurier St, Phase III, Place du Portage","11, rue Laurier, Phase III, Place du Portage","Gatineau","Gatineau","Quebec","Québec","K1A 0S5","Canada","Canada","Department of Public Works and Government Services (PSPC)"," Ministère des Travaux publics et des Services gouvernementaux (SPAC)","","","11 Laurier St, Phase III, Place du Portage,Gatineau,Quebec,K1A 0S5,Canada","11, rue Laurier, Phase III, Place du Portage,Gatineau,Québec,K1A 0S5,Canada","Tinkess, Dianne (SPAC/PSPC)","dianne.tinkess@tpsgc-pwgsc.gc.ca","","","","","","","","","","","","","Titan Boats Supply Arrangement E60MC-240001-005-MC","Titan Boats AMA  E60MC-240001-005-MC"
"F3065-265003 - CCGS PIERRE RADISSON, DRY DOCK SPRING 2026 - CW","F3065-265003 - NGCC PIERRE RADISSON, CALE SÈCHE PRINTEMPS 2026 - EC","CW2439364","000","WS5549503298","WS5549503298","CW2439364","4","2026-04-10","2026-04-09","","2026-04-09","2027-03-31","9112299.10","10193356.83","CAD","Active","Actif","Contract","Contrat","Original","Original","","","","*25111500
*25111510
*25111514
*25111603
*78182000","*Commercial marine craft
*Salvage ships
*Icebreaker
*Rescue ships or boats
*Water transport vessel maintenance and repair services","*Navires commerciaux
*Navires de sauvetage
*Brise-glace
*Navires ou bateaux de sauvetage
*Services de maintenance et de réparation de navires","*GD","Request for Proposal","Demande de propositions","Competitive - Open bidding","Concurrentielle - Invitation ouverte à soumissionner","Lowest Price","Prix le plus bas","None","Aucune","*Canadian Free Trade Agreement (CFTA)","*Accord de libre-échange canadien (ALEC)","*New Brunswick
*Prince Edward Island
*Newfoundland and Labrador
*Ontario (except NCR)
*Nova Scotia
*Quebec (except NCR)","*Nouveau-Brunswick
*Île-du-Prince-Édouard
*Terre-Neuve-et-Labrador
*Ontario (sauf RCN)
*Nouvelle-Écosse
*Québec (sauf RCN)","VERREAULT NAVIGATION inc.","VERREAULT NAVIGATION inc.","Groupe Océan Inc.","Groupe Océan Inc.","","","180","180","108 rue du Collège","108 rue du Collège","Les Méchins","Les Méchins","Québec","Québec","G0J 1T0","CA","CA","Department of Public Works and Government Services (PSPC)"," Ministère des Travaux publics et des Services gouvernementaux (SPAC)","11 Laurier St, Phase III, Place du Portage","11, rue Laurier, Phase III, Place du Portage","Gatineau","Gatineau","Quebec","Québec","K1A 0S5","Canada","Canada","Canadian Coast Guard (CCG) / Department of National Defence (DND)"," Garde côtière canadienne (GCC) /  Ministère de la Défense nationale (MDN)"," / "," / ","200 Kent St. Station 13E228,Ottawa,Ontario,K1A0E6,Canada / 101 Colonel By Dr,Ottawa,Ontario,K1A0K2,Canada","200, rue Kent, Station 13E228,Ottawa,Ontario,K1A0E6,Canada / 101, promenade Colonel By,Ottawa,Ontario,K1A0K2,Canada","Presse, Simon (SPAC/PSPC)","simon.presse@tpsgc-pwgsc.gc.ca","","","","","","","","","","","","","F3065-265003 - CCGS PIERRE RADISSON, DRY DOCK SPRING 2026 - CW","F3065-265003 - NGCC PIERRE RADISSON, CALE SÈCHE PRINTEMPS 2026 - EC"
"Aircraft Rescue and Fire Fighting Vehicles (ARFFV)","Véhicules de sauvetage et de lutte contre les incendies d’aéronefs","CW2461613","000","WS5607335439","WS5607335439","CW2461613","1","2026-09-25","2026-09-24","","2026-09-24","2028-09-24","10067454.55","10067454.55","CAD","Active","Actif","Contract","Contrat","Original","Original","","","","*25101704
*25101705
*25101706
*25101707
*25101708
*25101711","*Fire fighting pump truck
*Fire fighting water tank truck
*Fire fighting chemical truck
*Fire fighting ladder truck
*Rescue truck
*Fire fighting truck with remote control nozzle","*Camion-pompe de pompiers
*Camion-citerne d'incendie
*Camion de pompiers transportant un agent extincteur chimique
*Camion de pompiers équipé d'une grande échelle
*Camion de secours
*Camion de pompiers à buse télécommandée","*GD","Request for Proposal","Demande de propositions","Competitive - Open bidding","Concurrentielle - Invitation ouverte à soumissionner","Variations or combinations of the above methods","Variations ou combinaisons des méthodes susmentionnées","None","Aucune","*Canada-Honduras Free Trade Agreement
*Canadian Free Trade Agreement (CFTA)
*Canada-Colombia Free Trade Agreement
*Canada-Chile Free Trade Agreement (CCFTA)
*Canada-Panama Free Trade Agreement
*Canada-Peru Free Trade Agreement (CPFTA)
*World Trade Organization Agreement on Government Procurement (WTO GPA)
*Canada-European Union Comprehensive Economic and Trade Agreement (CETA)
*Comprehensive and Progressive Agreement for Trans-Pacific Partnership (CPTPP)
*Canada-Korea Free Trade Agreement (CKFTA)
*Canada-Ukraine Free Trade Agreement (CUFTA)
*Canada-UK Trade Continuity Agreement (Canada-UK TCA)","*Accord de libre-échange Canada-Honduras
*Accord de libre-échange canadien (ALEC)
*Accord de libre-échange Canada-Colombie
*Accord de libre-échange Canada-Chili (ALECC)
*Accord de libre-échange Canada-Panama
*Accord de libre-échange Canada-Pérou (ALECP)
*Accord sur les marchés publics de l'Organisation mondiale du commerce (AMP-OMC)
*Accord économique et commercial global (AECG) entre le Canada et l’Union européenne (UE)
*Accord de Partenariat transpacifique global et progressiste (PTPGP)
*Accord de libre-échange Canada-Corée
*Accord de libre-échange Canada-Ukraine (ALECU)
*Accord de continuité commerciale Canada–Royaume-Uni (ACC Canada-Royaume-Uni)","*Canada
*Cold Lake
*Edmonton
*Petawawa
*Nova Scotia","*Canada
*Cold Lake
*Edmonton
*Petawawa
*Nouvelle-Écosse","COMMERCIAL TRUCK EQUIPMENT CORP","COMMERCIAL TRUCK EQUIPMENT CORP","","","","","","","591 CHESTER ROAD 
ANNACIS ISLAND BUSINESS PARK","591 CHESTER ROAD 
ANNACIS ISLAND BUSINESS PARK","DELTA","DELTA","British Columbia","British Columbia","V3M 6G7","CA","CA","Department of Public Works and Government Services (PSPC)"," Ministère des Travaux publics et des Services gouvernementaux (SPAC)","11 Laurier St, Phase III, Place du Portage","11, rue Laurier, Phase III, Place du Portage","Gatineau","Gatineau","Quebec","Québec","K1A 0S5","Canada","Canada","Department of National Defence (DND)"," Ministère de la Défense nationale (MDN)","","","101 Colonel By Dr,Ottawa,Ontario,K1A0K2,Canada","101, promenade Colonel By,Ottawa,Ontario,K1A0K2,Canada","Murray, David (SPAC/PSPC)","david.murray@tpsgc-pwgsc.gc.ca","","","","","","","","","","","","","",""
"5P423-250283 Fire Suppression Trailer","5P423-250283 Remorque anti-incendie","CW2458343","000","WS5767119033","WS5767119033","CW2458343","1","2026-09-15","2026-08-11","","2026-05-11","2027-08-11","38430.00","38430.00","CAD","Active","Actif","Contract","Contrat","Original","Original","","","","*25101705","*Fire fighting water tank truck","*Camion-citerne d'incendie","*GD","Request for Proposal","Demande de propositions","Competitive - Open bidding","Concurrentielle - Invitation ouverte à soumissionner","Lowest Price","Prix le plus bas","","","*Canadian Free Trade Agreement (CFTA)","*Accord de libre-échange canadien (ALEC)","*Canada
*Alberta","*Canada
*Alberta","CAMP CONNECT SERVICES LTD","CAMP CONNECT SERVICES LTD","","","Flash Wildfire Services","Flash Wildfire Services","9","9","2899 Broadmoor Blvd 150 
UNIT 150","2899 Broadmoor Blvd 150 
UNIT 150","Sherwood Park","Sherwood Park","Alberta","Alberta","T8H 1B5","CA","CA","Department of Public Works and Government Services (PSPC)"," Ministère des Travaux publics et des Services gouvernementaux (SPAC)","11 Laurier St, Phase III, Place du Portage","11, rue Laurier, Phase III, Place du Portage","Gatineau","Gatineau","Quebec","Québec","K1A 0S5","Canada","Canada","Parks Canada Agency (PC)"," Agence Parcs Canada (PC)","","","30 Victoria Street,Gatineau,Quebec,J8X 0B3,Canada","30, rue Victoria,Gatineau,Quebec,J8X 0B3,Canada","Rabatach, Riun (SPAC/PSPC)","riun.rabatach@tpsgc-pwgsc.gc.ca","","","","","","","","","","","","","",""
"PR21867_23239-230830_Contract for Single Seater ATVs.","Contrat pour VTT monoplace.","CW2436679","000","WS5520451566","WS5520451566","CW2436679","1","2026-07-28","2026-04-24","","2026-04-24","2029-03-31","117280.44","117280.44","CAD","Active","Actif","Contract","Contrat","Original","Original","","","","*25101801","*Motorcycles","*Motocycles","*GD","Request for Proposal","Demande de propositions","Competitive - Open bidding","Concurrentielle - Invitation ouverte à soumissionner","Lowest Price","Prix le plus bas","None","Aucune","*Canada-Panama Free Trade Agreement
*Canada-Chile Free Trade Agreement (CCFTA)
*Canada-Honduras Free Trade Agreement
*Canadian Free Trade Agreement (CFTA)
*Canada-Korea Free Trade Agreement (CKFTA)
*Canada-Colombia Free Trade Agreement
*Canada-Peru Free Trade Agreement (CPFTA)","*Accord de libre-échange Canada-Panama
*Accord de libre-échange Canada-Chili (ALECC)
*Accord de libre-échange Canada-Honduras
*Accord de libre-échange canadien (ALEC)
*Accord de libre-échange Canada-Corée
*Accord de libre-échange Canada-Colombie
*Accord de libre-échange Canada-Pérou (ALECP)","*Canada","*Canada","DEMON DISTRIBUTING INC.","DEMON DISTRIBUTING INC.","TGB Canada","TGB Canada","Demon Powersports, Demon Electric","Demon Powersports, Demon Electric","","","25 A East Pearce St Unit 2","25 A East Pearce St Unit 2","Richmond Hill","Richmond Hill","Ontario","Ontario","L4B 2M9","CA","CA","Department of Public Works and Government Services (PSPC)"," Ministère des Travaux publics et des Services gouvernementaux (SPAC)","11 Laurier St, Phase III, Place du Portage","11, rue Laurier, Phase III, Place du Portage","Gatineau","Gatineau","Quebec","Québec","K1A 0S5","Canada","Canada","Department of Natural Resources  (NRCan)"," Ministère des Ressources naturelles (RNCan)","","","580 Booth Street,Ottawa,Ontario,K1A0E4,Canada","580, rue Booth,Ottawa,Ontario,K1A0E4,Canada","Vengerov, Natalia (SPAC/PSPC) (elle-la / she-her)","natalia.vengerov@tpsgc-pwgsc.gc.ca","","","","","","","","","","","","","Natural Resource Canada, the Polar Continental Shelf Program (PCSP) has a requirement to supply and deliver single seater all-terrain vehicles (ATVs).","Ressources naturelles Canada, dans le cadre du Programme du plateau continental polaire (PPCP), a besoin de la fourniture et de la livraison de véhicules tout-terrain (VTT) monoplaces."
"M5000-262626 - Snowmobiles","M5000-262626 - Motoneiges","CW2439314","000","WS5548591942","WS5548591942","CW2439314","1","2026-07-20","2026-07-02","","2026-07-02","2027-11-30","125590.50","125590.50","CAD","Active","Actif","Contract","Contrat","Original","Original","","","","*25101903
*25101905","*Snowmobiles or snow scooter
*All terrain vehicles tracked or wheeled","*Véhicules de neige ou scooters de neige
*Véhicules tout terrain à 2 ou 4 roues motrices","*GD","Request for Proposal","Demande de propositions","Competitive - Open bidding","Concurrentielle - Invitation ouverte à soumissionner","Highest Combined Rating of Technical Merit and Price","Cote combinée la plus élevée pour le mérite technique et le prix","None","Aucune","*Canada-Chile Free Trade Agreement (CCFTA)
*Canadian Free Trade Agreement (CFTA)
*Canada-European Union Comprehensive Economic and Trade Agreement (CETA)
*Canada-Honduras Free Trade Agreement
*World Trade Organization Agreement on Government Procurement (WTO GPA)
*Canada-Colombia Free Trade Agreement
*North American Free Trade Agreement (NAFTA)
*Canada-Ukraine Free Trade Agreement (CUFTA)
*Canada-Korea Free Trade Agreement (CKFTA)
*Canada-Peru Free Trade Agreement (CPFTA)
*Canada-Panama Free Trade Agreement
*Comprehensive and Progressive Agreement for Trans-Pacific Partnership (CPTPP)
*Canada-UK Trade Continuity Agreement (Canada-UK TCA)
*None","*Accord de libre-échange Canada-Chili (ALECC)
*Accord de libre-échange canadien (ALEC)
*Accord économique et commercial global (AECG) entre le Canada et l’Union européenne (UE)
*Accord de libre-échange Canada-Honduras
*Accord sur les marchés publics de l'Organisation mondiale du commerce (AMP-OMC)
*Accord de libre-échange Canada-Colombie
*Accord de libre-échange nord-américain (ALENA)
*Accord de libre-échange Canada-Ukraine (ALECU)
*Accord de libre-échange Canada-Corée
*Accord de libre-échange Canada-Pérou (ALECP)
*Accord de libre-échange Canada-Panama
*Accord de Partenariat transpacifique global et progressiste (PTPGP)
*Accord de continuité commerciale Canada–Royaume-Uni (ACC Canada-Royaume-Uni)
*Aucun","*Nunavut Territory","*Territoire du Nunavut","QITIK INC O/A ARCTIC TRADERS","QITIK INC O/A ARCTIC TRADERS","","","","","6","6","X0C 0E0","X0C 0E0","Arviat","Arviat","Nunavut","Nunavut","X0C 0E0","CA","CA","Department of Public Works and Government Services (PSPC)"," Ministère des Travaux publics et des Services gouvernementaux (SPAC)","11 Laurier St, Phase III, Place du Portage","11, rue Laurier, Phase III, Place du Portage","Gatineau","Gatineau","Quebec","Québec","K1A 0S5","Canada","Canada","Royal Canadian Mounted Police (RCMP)"," Gendarmerie royale du Canada (GRC)","","","73 Leikin Dr,Ottawa,Ontario,K1AOR2,Canada","73, promenade Leikin,Ottawa,Ontario,K1AOR2,Canada","Kunz, Roxanne (SPAC/PSPC) (elle-la / she-her)","roxanne.kunz@tpsgc-pwgsc.gc.ca","","","","","","","","","","","","","The Royal Canadian Mounted Police (RCMP) has a requirement for the supply and delivery of 7 Snowmobiles and 7 ATVS with the option to purchase up to 10 additional Snowmobiles and ATVS within 24 months of contract award. Delivery is required to various remote communities in Nunavut. All deliverables must be delivered within the 2026 sailing season, as made available by Sealift.","La Gendarmerie royale du Canada (GRC) a besoin de la fourniture et de la livraison de six (6) motoneiges et de sept (7) véhicules tout-terrain (VTT), avec l’option de faire l’achat de jusqu’à dix (10) motoneiges et dix (10) VTT supplémentaires dans les 12 mois suivant l’attribution du contrat. Les évaluations seront menées séparément et jusqu’à deux contrats pourront être attribués. Les motoneiges et les véhicules tout-terrain doivent être livrés à divers emplacements éloignés au Nunavut. Tous les produits doivent être livrés d’ici le 30 novembre 2026, pendant la saison de navigation 2026, selon les disponibilités du transport maritime."
"All terrain vehicle Side by side","Véhicule tout-terrain Côte à côte","CW2461397","000","WS5697163886","WS5697163886","CW2461397","1","2026-07-23","2026-07-23","","2026-07-23","2027-07-30","47540.59","47540.59","CAD","Active","Actif","Contract","Contrat","Original","Original","","","","*25101905","*All terrain vehicles tracked or wheeled","*Véhicules tout terrain à 2 ou 4 roues motrices","*GD","Request for Proposal","Demande de propositions","Non-competitive","Non concurrentielle","Not applicable","Sans objet","None","Aucune","*Canadian Free Trade Agreement (CFTA)","*Accord de libre-échange canadien (ALEC)","*Iqaluit","*Iqaluit","The North West Company LP","The North West Company LP","","","","","","","77 Main St","77 Main St","Winnipeg","Winnipeg","Manitoba","Manitoba","R3C 1A3","CA","CA","Department of Public Works and Government Services (PSPC)"," Ministère des Travaux publics et des Services gouvernementaux (SPAC)","11 Laurier St, Phase III, Place du Portage","11, rue Laurier, Phase III, Place du Portage","Gatineau","Gatineau","Quebec","Québec","K1A 0S5","Canada","Canada","Department of Fisheries and Oceans (DFO)"," Ministère des Pêches et des Océans (MPO)","","","200 Kent Street,Ottawa,Ontario,K1A 0E6,Canada","200, rue Kent,Ottawa,Ontario,K1A 0E6,Canada","Mcgowan, Theresa (SPAC/PSPC) (elle-la / she-her)","theresa.mcgowan@tpsgc-pwgsc.gc.ca","","","","","","","","","","","","","Department of Fisheries and Oceans has a requirement for a side-by-side all terrain vehicle for delivery to Iqaluit","Le ministère des Pêches et des Océans a besoin d’un véhicule tout-terrain côte à côte à livrer à Iqaluit"
"W6863-265474 - Bulk Garbage Containers Removal - DND Gander, NL","W6863-265474 - Collecte de déchets en vrac - MDN Gander, T.-N.-L.","CW2463743","000","WS5762178576","WS5762178576","CW2463743","1","2026-08-12","2026-08-12","","2026-08-12","2028-07-31","271755.60","271755.60","CAD","Active","Actif","Contract","Contrat","Original","Original","","","","*25101914
*76121501
*76121601","*Waste collection vehicle or garbage truck
*Garbage collection or destruction or processing or disposal
*Garbage dump","*Camion à ordures ou camion poubelle
*Collecte ou destruction ou traitement ou enlèvement d'ordures
*Dépotoir à ordures","*SRV","Request for Proposal","Demande de propositions","Competitive - Open bidding","Concurrentielle - Invitation ouverte à soumissionner","Lowest Price","Prix le plus bas","None","Aucune","*Canada-Chile Free Trade Agreement (CCFTA)
*Canadian Free Trade Agreement (CFTA)
*Canada-Colombia Free Trade Agreement
*Comprehensive and Progressive Agreement for Trans-Pacific Partnership (CPTPP)
*Canada-European Union Comprehensive Economic and Trade Agreement (CETA)
*Canada-Honduras Free Trade Agreement
*Canada-Panama Free Trade Agreement
*Canada-Korea Free Trade Agreement (CKFTA)
*World Trade Organization Agreement on Government Procurement (WTO GPA)
*Canada-Ukraine Free Trade Agreement (CUFTA)
*Canada-Peru Free Trade Agreement (CPFTA)
*North American Free Trade Agreement (NAFTA)
*Canada-UK Trade Continuity Agreement (Canada-UK TCA)","*Accord de libre-échange Canada-Chili (ALECC)
*Accord de libre-échange canadien (ALEC)
*Accord de libre-échange Canada-Colombie
*Accord de Partenariat transpacifique global et progressiste (PTPGP)
*Accord économique et commercial global (AECG) entre le Canada et l’Union européenne (UE)
*Accord de libre-échange Canada-Honduras
*Accord de libre-échange Canada-Panama
*Accord de libre-échange Canada-Corée
*Accord sur les marchés publics de l'Organisation mondiale du commerce (AMP-OMC)
*Accord de libre-échange Canada-Ukraine (ALECU)
*Accord de libre-échange Canada-Pérou (ALECP)
*Accord de libre-échange nord-américain (ALENA)
*Accord de continuité commerciale Canada–Royaume-Uni (ACC Canada-Royaume-Uni)","*Newfoundland and Labrador","*Terre-Neuve-et-Labrador","PBO Industrial Disposal Inc.","PBO Industrial Disposal Inc.","","","","","","","22A Hardy Ave.","22A Hardy Ave.","Grand Falls-Windsor","Grand Falls-Windsor","Newfoundland and Labrador","Newfoundland and Labrador","A2A 2J3","CA","CA","Department of Public Works and Government Services (PSPC)"," Ministère des Travaux publics et des Services gouvernementaux (SPAC)","11 Laurier St, Phase III, Place du Portage","11, rue Laurier, Phase III, Place du Portage","Gatineau","Gatineau","Quebec","Québec","K1A 0S5","Canada","Canada","Department of National Defence (DND)"," Ministère de la Défense nationale (MDN)","","","101 Colonel By Dr,Ottawa,Ontario,K1A0K2,Canada","101, promenade Colonel By,Ottawa,Ontario,K1A0K2,Canada","Blanchard, Chantal (SPAC/PSPC)","chantal.blanchard@tpsgc-pwgsc.gc.ca","","","","","","","","","","","","","The objective of this Contract with Task Authorization is to provide scheduled garbage collection, container servicing, and waste disposal services at RP Ops Detachment Gander, Newfoundland and Labrador.","L’objectif de ce contrat est de fournir des services planifiés de collecte des ordures, d’entretien de conteneurs et d’élimination des déchets au Détachement des opérations immobilières, Gander (Ops Imm Det Gander) (T.-N.-L.)."
"K3D33 270143 Digital Barometer","K3D33 270143 Baromètre numérique","CW2462698","000","WS5815072385","WS5815072385","CW2462698","1","2026-08-24","2026-08-21","","2026-08-21","2030-08-30","66180.48","66180.48","CAD","Active","Actif","Contract","Contrat","Original","Original","","","","*25101941
*41100000","*Mobile laboratory
*Laboratory and scientific equipment","*Laboratoire mobile
*Équipements scientifiques et de laboratoire","*GD","Directed Contract","Contrat prescrit","Non-competitive","Non concurrentielle","Not applicable","Sans objet","None","Aucune","*Canada-Colombia Free Trade Agreement
*Canada-European Union Comprehensive Economic and Trade Agreement (CETA)
*Canadian Free Trade Agreement (CFTA)
*Canada-Chile Free Trade Agreement (CCFTA)
*Canada-Peru Free Trade Agreement (CPFTA)
*North American Free Trade Agreement (NAFTA)
*Canada-Panama Free Trade Agreement
*World Trade Organization Agreement on Government Procurement (WTO GPA)
*Canada-UK Trade Continuity Agreement (Canada-UK TCA)
*Comprehensive and Progressive Agreement for Trans-Pacific Partnership (CPTPP)
*Canada-Honduras Free Trade Agreement
*Canada-Korea Free Trade Agreement (CKFTA)
*Canada-Ukraine Free Trade Agreement (CUFTA)","*Accord de libre-échange Canada-Colombie
*Accord économique et commercial global (AECG) entre le Canada et l’Union européenne (UE)
*Accord de libre-échange canadien (ALEC)
*Accord de libre-échange Canada-Chili (ALECC)
*Accord de libre-échange Canada-Pérou (ALECP)
*Accord de libre-échange nord-américain (ALENA)
*Accord de libre-échange Canada-Panama
*Accord sur les marchés publics de l'Organisation mondiale du commerce (AMP-OMC)
*Accord de continuité commerciale Canada–Royaume-Uni (ACC Canada-Royaume-Uni)
*Accord de Partenariat transpacifique global et progressiste (PTPGP)
*Accord de libre-échange Canada-Honduras
*Accord de libre-échange Canada-Corée
*Accord de libre-échange Canada-Ukraine (ALECU)","*Ontario (except NCR)","*Ontario (sauf RCN)","Vaisala Canada Inc","Vaisala Canada Inc","","","","","1300","1300","200 - 15225 104 Ave","200 - 15225 104 Ave","Surrey","Surrey","British Columbia","British Columbia","V3R 6Y8","CA","CA","Department of Public Works and Government Services (PSPC)"," Ministère des Travaux publics et des Services gouvernementaux (SPAC)","11 Laurier St, Phase III, Place du Portage","11, rue Laurier, Phase III, Place du Portage","Gatineau","Gatineau","Quebec","Québec","K1A 0S5","Canada","Canada","Department of the Environment (ECCC )"," Ministère de l’Environnement (ECCC)","","","200 Boulevard Sacré-Coeur,Gatineau,Quebec,J8X4C6,Canada","200, boulevard Sacré-Coeur,Gatineau,Quebec,J8X4C6,Canada","Harvey, Christopher (SPAC/PSPC)","christopher.harvey@tpsgc-pwgsc.gc.ca","","","","","","","","","","","","","K3D33 270143 Digital Barometer","K3D33 270143 Baromètre numérique"
"Parks Canada - Jet Boat","Bateau à réaction Parcs Canada","CW2442379","000","WS5564122036","WS5564122036","CW2442379","1","2026-04-14","2026-04-13","","2026-04-13","2027-04-13","177300.00","177300.00","CAD","Active","Actif","Contract","Contrat","Original","Original","","","","*25110000
*25111500
*25111802","*Marine transport
*Commercial marine craft
*Recreational motorboats","*Transport maritime
*Navires commerciaux
*Bateaux à moteur de plaisance","*GD","Request for Proposal","Demande de propositions","Competitive - Open bidding","Concurrentielle - Invitation ouverte à soumissionner","Lowest Price","Prix le plus bas","","","*Canada-Korea Free Trade Agreement (CKFTA)
*Canadian Free Trade Agreement (CFTA)","*Accord de libre-échange Canada-Corée
*Accord de libre-échange canadien (ALEC)","*Northwest Territories","*Territoires du Nord-Ouest","Outlaw Eagle Manufacturing Ltd","Outlaw Eagle Manufacturing Ltd","","","","","25","25","141 Poplar Ridge Road","141 Poplar Ridge Road","Red Deer County","Red Deer County","Alberta","Alberta","T4S 0K6","CA","CA","Department of Public Works and Government Services (PSPC)"," Ministère des Travaux publics et des Services gouvernementaux (SPAC)","11 Laurier St, Phase III, Place du Portage","11, rue Laurier, Phase III, Place du Portage","Gatineau","Gatineau","Quebec","Québec","K1A 0S5","Canada","Canada","Parks Canada Agency (PC)"," Agence Parcs Canada (PC)","","","30 Victoria Street,Gatineau,Quebec,J8X 0B3,Canada","30, rue Victoria,Gatineau,Quebec,J8X 0B3,Canada","Gagnon, Brianne (SPAC/PSPC)","brianne.gagnon@tpsgc-pwgsc.gc.ca","","","","","","","","","","","","","Parks Canada has a requirement for one (1) marine grade aluminum jet boat and trailer.","Parcs Canada a besoin d’un (1) bateau à réaction et d’une remorque en aluminium de qualité marine."
"F7049-250007 Accommodation Block","F7049-250007 Bloc d'hébergement","CW2408658","000","WS5207775425","WS5207775425","CW2408658","1","2026-06-15","2026-05-27","","2026-05-27","2027-05-27","1957562.73","1957562.73","CAD","Active","Actif","Contract","Contrat","Original","Original","","","","*25110000
*25111900
*95140000
*95141600","*Marine transport
*Marine craft systems and subassemblies
*Prefabricated buildings and structures
*Prefabricated residential buildings and structures","*Transport maritime
*Systèmes et sous-ensembles pour embarcations
*Structures et bâtiments préfabriqués
*Structures et bâtiments résidentiels préfabriqués","*GD","Request for Proposal","Demande de propositions","Competitive - Open bidding","Concurrentielle - Invitation ouverte à soumissionner","Lowest Price","Prix le plus bas","None","Aucune","*Canadian Free Trade Agreement (CFTA)","*Accord de libre-échange canadien (ALEC)","*Kenora","*Kenora","Canadian Maritime Engineering Limited","Canadian Maritime Engineering Limited","CME","CME","CME LImited","CME LImited","250","250","90 Thornhill Drive","90 Thornhill Drive","Dartmouth","Dartmouth","Nova Scotia","Nova Scotia","B3B 1S3","CA","CA","Department of Public Works and Government Services (PSPC)"," Ministère des Travaux publics et des Services gouvernementaux (SPAC)","11 Laurier St, Phase III, Place du Portage","11, rue Laurier, Phase III, Place du Portage","Gatineau","Gatineau","Quebec","Québec","K1A 0S5","Canada","Canada","Canadian Coast Guard (CCG)"," Garde côtière canadienne (GCC)","","","200 Kent St. Station 13E228,Ottawa,Ontario,K1A0E6,Canada","200, rue Kent, Station 13E228,Ottawa,Ontario,K1A0E6,Canada","Flanagan, Erin (SPAC/PSPC) (elle-la / she-her)","erin.flanagan@tpsgc-pwgsc.gc.ca","","","","","","","","","","","","","",""
"F6855-260004 - CCGS Ann Harvey Dry Docking","F6855-260004 Mise en cale sèche du NGCC Ann Harvey.","CW2450719","000","WS5634467788","WS5634467788","CW2450719","1","2026-06-22","2026-06-22","","2026-06-22","2026-12-31","10050997.71","10050997.71","CAD","Active","Actif","Contract","Contrat","Original","Original","","","","*25111500","*Commercial marine craft","*Navires commerciaux","*GD","Request for Proposal","Demande de propositions","Competitive - Open bidding","Concurrentielle - Invitation ouverte à soumissionner","Lowest Price","Prix le plus bas","None","Aucune","*Canadian Free Trade Agreement (CFTA)","*Accord de libre-échange canadien (ALEC)","*St. John's","*St. John's","Newdock","Newdock","Newdock","Newdock","","","200","200","475 Water Street","475 Water Street","St. John's","St. John's","Newfoundland and Labrador","Newfoundland and Labrador","A1E 6B5","CA","CA","Department of Public Works and Government Services (PSPC)"," Ministère des Travaux publics et des Services gouvernementaux (SPAC)","11 Laurier St, Phase III, Place du Portage","11, rue Laurier, Phase III, Place du Portage","Gatineau","Gatineau","Quebec","Québec","K1A 0S5","Canada","Canada","Canadian Coast Guard (CCG)"," Garde côtière canadienne (GCC)","","","200 Kent St. Station 13E228,Ottawa,Ontario,K1A0E6,Canada","200, rue Kent, Station 13E228,Ottawa,Ontario,K1A0E6,Canada","Grant, Jonathan (SPAC/PSPC) (il-lui / he-him)","jonathan.grant@tpsgc-pwgsc.gc.ca","","","","","","","","","","","","","PWGSC, on behalf of Canadian Coast Guard (CCG), is issuing this bid solicitation for the acquisition of ship repair work on the Canadian Coast Guard Ship (CCGS) Ann Harvey, as detailed in Annex A.","TPSGC, au nom de Garde côtière canadienne (GCC), publie cette demande de soumissions pour l’achat de services d’entretien et de réparation du navire de la Garde côtière Canadienne (NGCC) Ann Harvey, selon les modalités figurant à l’annexe A."
"F6855-251260 - CCGS Cape Roger Alongside Refit","F6855-251260 - Raboud à quai du NGCC Cape Roger","CW2447564","000","WS5606033722","WS5606033722","CW2447564","2","2026-04-28","2026-04-27","","2026-04-27","2026-08-31","386271.25","519569.82","CAD","Active","Actif","Contract","Contrat","Original","Original","","","","*25111500","*Commercial marine craft","*Navires commerciaux","*GD","RFP against Supply Arrangement","Demande de proposition découlant d’un arrangement en matière d’approvisionnement","Competitive - Selective tendering","Concurrentielle - Appel d'offres sélectif","Lowest Price","Prix le plus bas","None","Aucune","*Canadian Free Trade Agreement (CFTA)","*Accord de libre-échange canadien (ALEC)","*St. John's","*St. John's","Cactus Ship Repair Inc.","Cactus Ship Repair Inc.","","","","","30","30","30 Dundee Avenue","30 Dundee Avenue","Mount Pearl","Mount Pearl","Newfoundland and Labrador","Newfoundland and Labrador","A1N 4R7","CA","CA","Department of Public Works and Government Services (PSPC)"," Ministère des Travaux publics et des Services gouvernementaux (SPAC)","11 Laurier St, Phase III, Place du Portage","11, rue Laurier, Phase III, Place du Portage","Gatineau","Gatineau","Quebec","Québec","K1A 0S5","Canada","Canada","Canadian Coast Guard (CCG)"," Garde côtière canadienne (GCC)","","","200 Kent St. Station 13E228,Ottawa,Ontario,K1A0E6,Canada","200, rue Kent, Station 13E228,Ottawa,Ontario,K1A0E6,Canada","Grant, Jonathan (SPAC/PSPC) (il-lui / he-him)","jonathan.grant@tpsgc-pwgsc.gc.ca","","","","","","","","","","","","","F6855-251260 - CCGS Cape Roger Alongside Refit","F6855-251260 - Raboud à quai du NGCC Cape Roger"
"Medium Box Truck","Camion à benne moyenne","CW2460884","000","WS5678348134","WS5678348134","CW2460884","1","2026-07-21","2026-07-20","","2026-07-20","2027-07-20","124747.88","124747.88","CAD","Active","Actif","Contract","Contrat","Original","Original","","","","*25101611","*Cargo trucks","*Camions de charge","*GD","Request for Proposal","Demande de propositions","Competitive - Open bidding","Concurrentielle - Invitation ouverte à soumissionner","Variations or combinations of the above methods","Variations ou combinaisons des méthodes susmentionnées","None","Aucune","*Canada-Chile Free Trade Agreement (CCFTA)
*Canada-Colombia Free Trade Agreement
*Canada-Honduras Free Trade Agreement
*Canadian Free Trade Agreement (CFTA)
*Canada-Korea Free Trade Agreement (CKFTA)
*Canada-Panama Free Trade Agreement","*Accord de libre-échange Canada-Chili (ALECC)
*Accord de libre-échange Canada-Colombie
*Accord de libre-échange Canada-Honduras
*Accord de libre-échange canadien (ALEC)
*Accord de libre-échange Canada-Corée
*Accord de libre-échange Canada-Panama","*Gatineau","*Gatineau","Carle Ford inc.","Carle Ford inc.","","","","","100","100","901 Rue Dollard","901 Rue Dollard","Gatineau","Gatineau","Québec","Québec","J8L 3T4","CA","CA","Department of Public Works and Government Services (PSPC)"," Ministère des Travaux publics et des Services gouvernementaux (SPAC)","11 Laurier St, Phase III, Place du Portage","11, rue Laurier, Phase III, Place du Portage","Gatineau","Gatineau","Quebec","Québec","K1A 0S5","Canada","Canada","Library and Archives of Canada (LAC)"," Bibliothèque et Archives du Canada (BAC)","","","395 Wellington Street,Ottawa,Ontario,K1A 0N4,Canada","395, rue Wellington,Ottawa,Ontario,K1A 0N4,Canada","Murray, David (SPAC/PSPC)","david.murray@tpsgc-pwgsc.gc.ca","","","","","","","","","","","","","",""
"Aircraft Rescue and Firefighting truck for Wabush Airport","Véhicule de sauvetage et de lutte contre les incendies d’aéronefs pour l’aéroport de Wabush","CW2442848","000","WS5431179816","WS5431179816","CW2442848","2","2026-07-15","2026-07-10","","2026-07-10","2027-03-31","2315612.14","2401391.42","CAD","Active","Actif","Contract","Contrat","Original","Original","","","","*25101700
*25101704
*25101705
*25101706
*25101707
*25101708
*25101711
*46161700
*46191600","*Safety and rescue vehicles
*Fire fighting pump truck
*Fire fighting water tank truck
*Fire fighting chemical truck
*Fire fighting ladder truck
*Rescue truck
*Fire fighting truck with remote control nozzle
*Rescue equipment and accessories
*Fire fighting equipment","*Véhicules de sécurité et de secours
*Camion-pompe de pompiers
*Camion-citerne d'incendie
*Camion de pompiers transportant un agent extincteur chimique
*Camion de pompiers équipé d'une grande échelle
*Camion de secours
*Camion de pompiers à buse télécommandée
*Équipement et accessoires de sauvetage
*Équipements de lutte contre l'incendie","*GD","Request for Proposal","Demande de propositions","Competitive - Open bidding","Concurrentielle - Invitation ouverte à soumissionner","Lowest Price","Prix le plus bas","None","Aucune","*Canada-Honduras Free Trade Agreement
*Canadian Free Trade Agreement (CFTA)
*Canada-Chile Free Trade Agreement (CCFTA)
*World Trade Organization Agreement on Government Procurement (WTO GPA)
*Canada-Panama Free Trade Agreement
*Canada-Colombia Free Trade Agreement
*Canada-European Union Comprehensive Economic and Trade Agreement (CETA)
*Canada-Peru Free Trade Agreement (CPFTA)
*Canada-Ukraine Free Trade Agreement (CUFTA)
*Canada-Korea Free Trade Agreement (CKFTA)
*Canada-UK Trade Continuity Agreement (Canada-UK TCA)
*Comprehensive and Progressive Agreement for Trans-Pacific Partnership (CPTPP)","*Accord de libre-échange Canada-Honduras
*Accord de libre-échange canadien (ALEC)
*Accord de libre-échange Canada-Chili (ALECC)
*Accord sur les marchés publics de l'Organisation mondiale du commerce (AMP-OMC)
*Accord de libre-échange Canada-Panama
*Accord de libre-échange Canada-Colombie
*Accord économique et commercial global (AECG) entre le Canada et l’Union européenne (UE)
*Accord de libre-échange Canada-Pérou (ALECP)
*Accord de libre-échange Canada-Ukraine (ALECU)
*Accord de libre-échange Canada-Corée
*Accord de continuité commerciale Canada–Royaume-Uni (ACC Canada-Royaume-Uni)
*Accord de Partenariat transpacifique global et progressiste (PTPGP)","*Newfoundland and Labrador","*Terre-Neuve-et-Labrador","COMMERCIAL TRUCK EQUIPMENT CORP","COMMERCIAL TRUCK EQUIPMENT CORP","","","","","","","591 CHESTER ROAD 
ANNACIS ISLAND BUSINESS PARK","591 CHESTER ROAD 
ANNACIS ISLAND BUSINESS PARK","DELTA","DELTA","British Columbia","British Columbia","V3M 6G7","CA","CA","Department of Public Works and Government Services (PSPC)"," Ministère des Travaux publics et des Services gouvernementaux (SPAC)","11 Laurier St, Phase III, Place du Portage","11, rue Laurier, Phase III, Place du Portage","Gatineau","Gatineau","Quebec","Québec","K1A 0S5","Canada","Canada","Department of Transport (TC)"," Ministère des Transports (TC)","","","330 Sparks Street,Ottawa,Ontario,K1A0N8,Canada","330, rue Sparks,Ottawa,Ontario,K1A0N8,Canada","Gooch, Carter (SPAC/PSPC) (il-lui / he-him)","carter.gooch@tpsgc-pwgsc.gc.ca","","","","","","","","","","","","","Public Works and Government Services Canada (PWGSC) on behalf of Transport Canada (TC) requires the supply and delivery of one new Aircraft Rescue and Firefighting vehicle (ARFF) and training for delivery to Wabush Airport, 1 Airport Access Rd., Wabush, Newfoundland and Labrador A0R 1B0, Canada.","Travaux publics et Services gouvernementaux Canada (TPSGC) au nom de Transports Canada (TC) demande la fourniture et la livraison d’un nouveau véhicule de sauvetage et de lutte contre les incendies d’aéronefs (SLIA) et une formation pour livraison à l’aéroport de Wabush, 1 Airport Access Rd., Wabush (Terre-Neuve-et-Labrador) A0R 1B0, Canada."
"F3065-265006 - CCGS VINCENT MASSEY, DRY DOCK SPRING 2026 - CW","F3065-265006 - NGCC VINCENT MASSEY, CALE SÈCHE PRINTEMPS 2026 - EC","CW2440390","000","WS5560296789","WS5560296789","CW2440390","3","2026-04-02","2026-04-02","","2026-04-02","2027-03-31","2326151.27","3640814.65","CAD","Active","Actif","Contract","Contrat","Original","Original","","","","*25111500
*25111510
*25111514
*25111603
*78182000","*Commercial marine craft
*Salvage ships
*Icebreaker
*Rescue ships or boats
*Water transport vessel maintenance and repair services","*Navires commerciaux
*Navires de sauvetage
*Brise-glace
*Navires ou bateaux de sauvetage
*Services de maintenance et de réparation de navires","*GD","Request for Proposal","Demande de propositions","Competitive - Open bidding","Concurrentielle - Invitation ouverte à soumissionner","Lowest Price","Prix le plus bas","None","Aucune","*Canadian Free Trade Agreement (CFTA)","*Accord de libre-échange canadien (ALEC)","*New Brunswick
*Ontario (except NCR)
*Prince Edward Island
*Newfoundland and Labrador
*Nova Scotia
*Quebec (except NCR)","*Nouveau-Brunswick
*Ontario (sauf RCN)
*Île-du-Prince-Édouard
*Terre-Neuve-et-Labrador
*Nouvelle-Écosse
*Québec (sauf RCN)","Heddle Marine Service Inc.","Heddle Marine Service Inc.","Ontario Shipyards","Ontario Shipyards","","","","","208 Hillyard Street","208 Hillyard Street","Hamilton","Hamilton","Ontario","Ontario","L8L 6B6","CA","CA","Department of Public Works and Government Services (PSPC)"," Ministère des Travaux publics et des Services gouvernementaux (SPAC)","11 Laurier St, Phase III, Place du Portage","11, rue Laurier, Phase III, Place du Portage","Gatineau","Gatineau","Quebec","Québec","K1A 0S5","Canada","Canada","Canadian Coast Guard (CCG) / Department of National Defence (DND)"," Garde côtière canadienne (GCC) /  Ministère de la Défense nationale (MDN)"," / "," / ","200 Kent St. Station 13E228,Ottawa,Ontario,K1A0E6,Canada / 101 Colonel By Dr,Ottawa,Ontario,K1A0K2,Canada","200, rue Kent, Station 13E228,Ottawa,Ontario,K1A0E6,Canada / 101, promenade Colonel By,Ottawa,Ontario,K1A0K2,Canada","Piras, Gabriel (SPAC/PSPC)","gabriel.piras@tpsgc-pwgsc.gc.ca","","","","","","","","","","","","","F3065-265006 - CCGS VINCENT MASSEY, DRY DOCK SPRING 2026 - CW","F3065-265006 - NGCC VINCENT MASSEY, CALE SÈCHE PRINTEMPS 2026 - EC"
"F5561-250953 CCGS Jean Goodwill Dry Docking Refit","F5561-250953 Radoub en cale sèche de NGCC Jean Goodwill","CW2464354","000","WS5541649774","WS5541649774","CW2464354","1","2026-09-15","2026-08-19","","2026-10-13","2028-01-31","10915528.94","10915528.94","CAD","Active","Actif","Contract","Contrat","Original","Original","","","","*25111500
*25111900
*78180000","*Commercial marine craft
*Marine craft systems and subassemblies
*Transportation repair or maintenance services","*Navires commerciaux
*Systèmes et sous-ensembles pour embarcations
*Services de transport ou de réparation de véhicules","*GD","Request for Proposal","Demande de propositions","Competitive - Open bidding","Concurrentielle - Invitation ouverte à soumissionner","Lowest Price","Prix le plus bas","None","Aucune","*Canadian Free Trade Agreement (CFTA)","*Accord de libre-échange canadien (ALEC)","*Newfoundland and Labrador
*Ontario (except NCR)
*New Brunswick
*Prince Edward Island
*Nova Scotia
*Quebec (except NCR)","*Terre-Neuve-et-Labrador
*Ontario (sauf RCN)
*Nouveau-Brunswick
*Île-du-Prince-Édouard
*Nouvelle-Écosse
*Québec (sauf RCN)","VERREAULT NAVIGATION inc.","VERREAULT NAVIGATION inc.","Groupe Océan Inc.","Groupe Océan Inc.","","","180","180","108 rue du Collège","108 rue du Collège","Les Méchins","Les Méchins","Québec","Québec","G0J 1T0","CA","CA","Department of Public Works and Government Services (PSPC)"," Ministère des Travaux publics et des Services gouvernementaux (SPAC)","11 Laurier St, Phase III, Place du Portage","11, rue Laurier, Phase III, Place du Portage","Gatineau","Gatineau","Quebec","Québec","K1A 0S5","Canada","Canada","Department of National Defence (DND)"," Ministère de la Défense nationale (MDN)","","","101 Colonel By Dr,Ottawa,Ontario,K1A0K2,Canada","101, promenade Colonel By,Ottawa,Ontario,K1A0K2,Canada","Dunne, Dave (SPAC/PSPC)","dave.dunne@tpsgc-pwgsc.gc.ca","","","","","","","","","","","","","F5561-250953 CCGS Jean Goodwill Dry Docking Refit","F5561-250953 Radoub en cale sèche de NGCC Jean Goodwill"
"F7049-240234 – ITT – CCG Mamilossa VLE","F7049-240234 – AO – NGCC – Mamilossa VLE","CW2417540","000","WS5347941373","WS5347941373","CW2417540","2","2026-04-18","2026-04-14","","2026-04-14","2027-01-10","7638436.83","7867033.83","CAD","Active","Actif","Contract","Contrat","Original","Original","","","","*25111500
*78182000","*Commercial marine craft
*Water transport vessel maintenance and repair services","*Navires commerciaux
*Services de maintenance et de réparation de navires","*GD","Request for Proposal","Demande de propositions","Competitive - Open bidding","Concurrentielle - Invitation ouverte à soumissionner","Variations or combinations of the above methods","Variations ou combinaisons des méthodes susmentionnées","","","*Canadian Free Trade Agreement (CFTA)","*Accord de libre-échange canadien (ALEC)","*National Capital Region (NCR)
*New Brunswick
*Ontario (except NCR)
*Nova Scotia
*Quebec (except NCR)","*Région de la capitale nationale (RCN)
*Nouveau-Brunswick
*Ontario (sauf RCN)
*Nouvelle-Écosse
*Québec (sauf RCN)","Industries Océan","Industries Océan","","","","","","","105 rue Abraham-Martin, suite 500","105 rue Abraham-Martin, suite 500","Québec","Québec","Quebec","Quebec","G1K 8N1","CA","CA","Department of Public Works and Government Services (PSPC)"," Ministère des Travaux publics et des Services gouvernementaux (SPAC)","11 Laurier St, Phase III, Place du Portage","11, rue Laurier, Phase III, Place du Portage","Gatineau","Gatineau","Quebec","Québec","K1A 0S5","Canada","Canada","Canadian Coast Guard (CCG)"," Garde côtière canadienne (GCC)","","","200 Kent St. Station 13E228,Ottawa,Ontario,K1A0E6,Canada","200, rue Kent, Station 13E228,Ottawa,Ontario,K1A0E6,Canada","Hatherall, Mark (SPAC/PSPC) (il-lui / he-him)","mark.hatherall@tpsgc-pwgsc.gc.ca","","","","","","","","","","","","","For the Contractor to carry out the Vessel Life Extension (VLE) dry-docking, alongside, inspection, repair, and maintenance and alterations of the Canadian Coast Guard Craft CCGC Mamilossa in accordance with Annex Statement of Work, and any associated technical information.","Pour que l’entrepreneur effectue la mise en cale sèche, l’amarrage, l’inspection, la réparation, l’entretien et les modifications du navire de la Garde côtière canadienne NGCC Mamilossa conformément à l’annexe Énoncé des travaux et à toute information technique associée."
"RFSA F5561-250001 - SA - CCGS Alongside Refits - Newfoundland","RFSA F5561-250001 - SA - CCGS aux côtés de Refits - Terre-Neuve","CW2456185","000","WS5518797110","WS5518797110","CW2456185","1","2026-06-25","2026-06-15","","2026-06-15","2029-01-01","0.00","0.00","CAD","Active","Actif","Supply Arrangement","Arrangement en matière d’approvisionnement","Original","Original","","","","*25111500
*81101606","*Commercial marine craft
*Marine engineering","*Navires commerciaux
*Mécanique navale","*GD","Request for Supply Arrangement","Demande pour un arrangement en matière d’approvisionnement","Competitive - Open bidding","Concurrentielle - Invitation ouverte à soumissionner","Not applicable","Sans objet","None","Aucune","*Canadian Free Trade Agreement (CFTA)","*Accord de libre-échange canadien (ALEC)","*Newfoundland and Labrador","*Terre-Neuve-et-Labrador","Cactus Ship Repair Inc.","Cactus Ship Repair Inc.","","","","","30","30","30 Dundee Avenue","30 Dundee Avenue","Mount Pearl","Mount Pearl","Newfoundland and Labrador","Newfoundland and Labrador","A1N 4R7","CA","CA","Department of Public Works and Government Services (PSPC)"," Ministère des Travaux publics et des Services gouvernementaux (SPAC)","11 Laurier St, Phase III, Place du Portage","11, rue Laurier, Phase III, Place du Portage","Gatineau","Gatineau","Quebec","Québec","K1A 0S5","Canada","Canada","Department of Fisheries and Oceans (DFO)"," Ministère des Pêches et des Océans (MPO)","","","200 Kent Street,Ottawa,Ontario,K1A 0E6,Canada","200, rue Kent,Ottawa,Ontario,K1A 0E6,Canada","Rice, Art (SPAC/PSPC)","art.rice@tpsgc-pwgsc.gc.ca","","","","","","","","","","","","","RFSA F5561-250001 - SA - CCGS Alongside Refits - Newfoundland","RFSA F5561-250001 - SA - CCGS aux côtés de Refits - Terre-Neuve"
"RFSA F5561-250001 - SA - CCGS Alongside Refits - Newfoundland","RFSA F5561-250001 - SA - CCGS aux côtés de Refits - Terre-Neuve","CW2456189","000","WS5518797110","WS5518797110","CW2456189","1","2026-06-25","2026-06-15","","2026-06-15","2029-01-01","0.00","0.00","CAD","Active","Actif","Supply Arrangement","Arrangement en matière d’approvisionnement","Original","Original","","","","*25111500
*81101606","*Commercial marine craft
*Marine engineering","*Navires commerciaux
*Mécanique navale","*GD","Request for Supply Arrangement","Demande pour un arrangement en matière d’approvisionnement","Competitive - Open bidding","Concurrentielle - Invitation ouverte à soumissionner","Not applicable","Sans objet","None","Aucune","*Canadian Free Trade Agreement (CFTA)","*Accord de libre-échange canadien (ALEC)","*Newfoundland and Labrador","*Terre-Neuve-et-Labrador","Canadian Maritime Engineering Limited","Canadian Maritime Engineering Limited","CME","CME","CME LImited","CME LImited","250","250","90 Thornhill Drive","90 Thornhill Drive","Dartmouth","Dartmouth","Nova Scotia","Nova Scotia","B3B 1S3","CA","CA","Department of Public Works and Government Services (PSPC)"," Ministère des Travaux publics et des Services gouvernementaux (SPAC)","11 Laurier St, Phase III, Place du Portage","11, rue Laurier, Phase III, Place du Portage","Gatineau","Gatineau","Quebec","Québec","K1A 0S5","Canada","Canada","Department of Fisheries and Oceans (DFO)"," Ministère des Pêches et des Océans (MPO)","","","200 Kent Street,Ottawa,Ontario,K1A 0E6,Canada","200, rue Kent,Ottawa,Ontario,K1A 0E6,Canada","Rice, Art (SPAC/PSPC)","art.rice@tpsgc-pwgsc.gc.ca","","","","","","","","","","","","","RFSA F5561-250001 - SA - CCGS Alongside Refits - Newfoundland","RFSA F5561-250001 - SA - CCGS aux côtés de Refits - Terre-Neuve"
"RFSA F5561-250001 - SA - CCGS Alongside Refits - Newfoundland","RFSA F5561-250001 - SA - CCGS aux côtés de Refits - Terre-Neuve","CW2456192","000","WS5518797110","WS5518797110","CW2456192","1","2026-06-25","2026-06-15","","2026-06-15","2029-01-01","0.00","0.00","CAD","Active","Actif","Supply Arrangement","Arrangement en matière d’approvisionnement","Original","Original","","","","*25111500
*81101606","*Commercial marine craft
*Marine engineering","*Navires commerciaux
*Mécanique navale","*GD","Request for Supply Arrangement","Demande pour un arrangement en matière d’approvisionnement","Competitive - Open bidding","Concurrentielle - Invitation ouverte à soumissionner","Not applicable","Sans objet","None","Aucune","*Canadian Free Trade Agreement (CFTA)","*Accord de libre-échange canadien (ALEC)","*Newfoundland and Labrador","*Terre-Neuve-et-Labrador","D.F. BARNES SERVICES LIMITED","D.F. BARNES SERVICES LIMITED","","","","","","","22 SUDBURY ST PO BOX 5996","22 SUDBURY ST PO BOX 5996","ST JOHN'S","ST JOHN'S","Newfoundland and Labrador","Newfoundland and Labrador","A1C 5X4","CA","CA","Department of Public Works and Government Services (PSPC)"," Ministère des Travaux publics et des Services gouvernementaux (SPAC)","11 Laurier St, Phase III, Place du Portage","11, rue Laurier, Phase III, Place du Portage","Gatineau","Gatineau","Quebec","Québec","K1A 0S5","Canada","Canada","Department of Fisheries and Oceans (DFO)"," Ministère des Pêches et des Océans (MPO)","","","200 Kent Street,Ottawa,Ontario,K1A 0E6,Canada","200, rue Kent,Ottawa,Ontario,K1A 0E6,Canada","Rice, Art (SPAC/PSPC)","art.rice@tpsgc-pwgsc.gc.ca","","","","","","","","","","","","","RFSA F5561-250001 - SA - CCGS Alongside Refits - Newfoundland","RFSA F5561-250001 - SA - CCGS aux côtés de Refits - Terre-Neuve"
"RFSA F5561-250001 -  SA - CCGS Alongside Refits - Newfoundland","RFSA F5561-250001 - SA - CCGS aux côtés de Refits - Terre-Neuve","CW2456199","000","WS5518797110","WS5518797110","CW2456199","1","2026-06-25","2026-06-15","","2026-06-15","2029-01-01","0.00","0.00","CAD","Active","Actif","Supply Arrangement","Arrangement en matière d’approvisionnement","Original","Original","","","","*25111500
*81101606","*Commercial marine craft
*Marine engineering","*Navires commerciaux
*Mécanique navale","*GD","Request for Supply Arrangement","Demande pour un arrangement en matière d’approvisionnement","Competitive - Open bidding","Concurrentielle - Invitation ouverte à soumissionner","Not applicable","Sans objet","None","Aucune","*Canadian Free Trade Agreement (CFTA)","*Accord de libre-échange canadien (ALEC)","*Newfoundland and Labrador","*Terre-Neuve-et-Labrador","Green Infrastructure Partners Inc. (GIP)","Green Infrastructure Partners Inc. (GIP)","","","","","3791","3791","100 Commerce Valley Drive W.","100 Commerce Valley Drive W.","Markham","Markham","Ontario","Ontario","L3T 0A1","CA","CA","Department of Public Works and Government Services (PSPC)"," Ministère des Travaux publics et des Services gouvernementaux (SPAC)","11 Laurier St, Phase III, Place du Portage","11, rue Laurier, Phase III, Place du Portage","Gatineau","Gatineau","Quebec","Québec","K1A 0S5","Canada","Canada","Department of Fisheries and Oceans (DFO)"," Ministère des Pêches et des Océans (MPO)","","","200 Kent Street,Ottawa,Ontario,K1A 0E6,Canada","200, rue Kent,Ottawa,Ontario,K1A 0E6,Canada","Rice, Art (SPAC/PSPC)","art.rice@tpsgc-pwgsc.gc.ca","","","","","","","","","","","","","RFSA F5561-250001 - SA - CCGS Alongside Refits - Newfoundland","RFSA F5561-250001 - SA - CCGS aux côtés de Refits - Terre-Neuve"
"RFSA F5561-250001 -  SA- CCGS Alongside Refits - Newfoundland","RFSA F5561-250001 - SA - CCGS  aux côtés de Refits - Terre-Neuve","CW2456208","000","WS5518797110","WS5518797110","CW2456208","1","2026-06-25","2026-06-15","","2026-06-15","2030-01-01","0.00","0.00","CAD","Active","Actif","Supply Arrangement","Arrangement en matière d’approvisionnement","Original","Original","","","","*25111500
*81101606","*Commercial marine craft
*Marine engineering","*Navires commerciaux
*Mécanique navale","*GD","Request for Supply Arrangement","Demande pour un arrangement en matière d’approvisionnement","Competitive - Open bidding","Concurrentielle - Invitation ouverte à soumissionner","Not applicable","Sans objet","None","Aucune","*Canadian Free Trade Agreement (CFTA)","*Accord de libre-échange canadien (ALEC)","*Newfoundland and Labrador","*Terre-Neuve-et-Labrador","Shane Reddy Industrial Ltd","Shane Reddy Industrial Ltd","","","","","4","4","12 Roberts Rd","12 Roberts Rd","Goulds","Goulds","Newfoundland and Labrador","Newfoundland and Labrador","A1S 1P3","CA","CA","Department of Public Works and Government Services (PSPC)"," Ministère des Travaux publics et des Services gouvernementaux (SPAC)","11 Laurier St, Phase III, Place du Portage","11, rue Laurier, Phase III, Place du Portage","Gatineau","Gatineau","Quebec","Québec","K1A 0S5","Canada","Canada","Department of Fisheries and Oceans (DFO)"," Ministère des Pêches et des Océans (MPO)","","","200 Kent Street,Ottawa,Ontario,K1A 0E6,Canada","200, rue Kent,Ottawa,Ontario,K1A 0E6,Canada","Rice, Art (SPAC/PSPC)","art.rice@tpsgc-pwgsc.gc.ca","","","","","","","","","","","","","RFSA F5561-250001 -  SA- CCGS Alongside Refits - Newfoundland","RFSA F5561-250001 - SA - CCGS aux côtés de Refits - Terre-Neuve"
"RFSA F5561-250001 -  SA- CCGS Alongside Refits - Newfoundland","RFSA F5561- 250001 - SA - CCGS aux côtés de Refits - Terre-Neuve","CW2456211","000","WS5518797110","WS5518797110","CW2456211","1","2026-06-25","2026-06-15","","2026-06-15","2029-01-01","0.00","0.00","CAD","Active","Actif","Supply Arrangement","Arrangement en matière d’approvisionnement","Original","Original","","","","*25111500
*81101606","*Commercial marine craft
*Marine engineering","*Navires commerciaux
*Mécanique navale","*GD","Request for Supply Arrangement","Demande pour un arrangement en matière d’approvisionnement","Competitive - Open bidding","Concurrentielle - Invitation ouverte à soumissionner","Not applicable","Sans objet","None","Aucune","*Canadian Free Trade Agreement (CFTA)","*Accord de libre-échange canadien (ALEC)","*Newfoundland and Labrador","*Terre-Neuve-et-Labrador","Fusion Mechanical Industries Ltd","Fusion Mechanical Industries Ltd","","","","","","","11 Ballfield Rd","11 Ballfield Rd","Dildo","Dildo","Newfoundland and Labrador","Newfoundland and Labrador","A0B 1P0","CA","CA","Department of Public Works and Government Services (PSPC)"," Ministère des Travaux publics et des Services gouvernementaux (SPAC)","11 Laurier St, Phase III, Place du Portage","11, rue Laurier, Phase III, Place du Portage","Gatineau","Gatineau","Quebec","Québec","K1A 0S5","Canada","Canada","Department of Fisheries and Oceans (DFO)"," Ministère des Pêches et des Océans (MPO)","","","200 Kent Street,Ottawa,Ontario,K1A 0E6,Canada","200, rue Kent,Ottawa,Ontario,K1A 0E6,Canada","Rice, Art (SPAC/PSPC)","art.rice@tpsgc-pwgsc.gc.ca","","","","","","","","","","","","","RFSA F5561-250001 -  SA- CCGS Alongside Refits - Newfoundland","RFSA F5561-250001 - SA - CCGS aux côtés de Refits - Terre-Neuve"
"F5561-250002 - SA - CCGS Alongside refits - Nova Scotia - AF Theriault","F5561-250002 - SA - NGCC à côté des radoubs - Nouvelle-Écosse - AF Theriault","CW2462068","000","WS5518797172","WS5518797172","CW2462068","1","2026-08-26","2026-07-31","","2026-08-31","2029-07-31","0.00","0.00","CAD","Active","Actif","Supply Arrangement","Arrangement en matière d’approvisionnement","Original","Original","","","","*25111500
*81101606","*Commercial marine craft
*Marine engineering","*Navires commerciaux
*Mécanique navale","*GD","Request for Supply Arrangement","Demande pour un arrangement en matière d’approvisionnement","Competitive - Open bidding","Concurrentielle - Invitation ouverte à soumissionner","Not applicable","Sans objet","None","Aucune","*Canadian Free Trade Agreement (CFTA)","*Accord de libre-échange canadien (ALEC)","*Nova Scotia","*Nouvelle-Écosse","A. F. Theriault & Son Ltd.","A. F. Theriault & Son Ltd.","","","","","","","PO Box 10","PO Box 10","Meteghan River","Meteghan River","Nova Scotia","Nova Scotia","B0W 2L0","CA","CA","Department of Public Works and Government Services (PSPC)"," Ministère des Travaux publics et des Services gouvernementaux (SPAC)","11 Laurier St, Phase III, Place du Portage","11, rue Laurier, Phase III, Place du Portage","Gatineau","Gatineau","Quebec","Québec","K1A 0S5","Canada","Canada","Department of Fisheries and Oceans (DFO)"," Ministère des Pêches et des Océans (MPO)","","","200 Kent Street,Ottawa,Ontario,K1A 0E6,Canada","200, rue Kent,Ottawa,Ontario,K1A 0E6,Canada","Wadden, Dale (SPAC/PSPC)","dale.wadden@tpsgc-pwgsc.gc.ca","","","","","","","","","","","","","F5561-250002 - SA - CCGS Alongside refits - Nova Scotia - AF Theriault","F5561-250002 - SA - NGCC à côté des radoubs - Nouvelle-Écosse - AF Theriault"
"F5561-250002 - SA - CCGS Alongside refits - Nova Scotia - Cactus","F5561-250002 - SA - NGCC à côté des radoubs - Nouvelle-Écosse - Cactus","CW2462070","000","WS5518797172","WS5518797172","CW2462070","1","2026-08-26","2026-07-31","","2026-08-31","2029-07-31","0.00","0.00","CAD","Active","Actif","Supply Arrangement","Arrangement en matière d’approvisionnement","Original","Original","","","","*25111500
*81101606","*Commercial marine craft
*Marine engineering","*Navires commerciaux
*Mécanique navale","*GD","Request for Supply Arrangement","Demande pour un arrangement en matière d’approvisionnement","Competitive - Open bidding","Concurrentielle - Invitation ouverte à soumissionner","Not applicable","Sans objet","None","Aucune","*Canadian Free Trade Agreement (CFTA)","*Accord de libre-échange canadien (ALEC)","*Nova Scotia","*Nouvelle-Écosse","Cactus Ship Repair Inc.","Cactus Ship Repair Inc.","","","","","30","30","30 Dundee Avenue","30 Dundee Avenue","Mount Pearl","Mount Pearl","Newfoundland and Labrador","Newfoundland and Labrador","A1N 4R7","CA","CA","Department of Public Works and Government Services (PSPC)"," Ministère des Travaux publics et des Services gouvernementaux (SPAC)","11 Laurier St, Phase III, Place du Portage","11, rue Laurier, Phase III, Place du Portage","Gatineau","Gatineau","Quebec","Québec","K1A 0S5","Canada","Canada","Department of Fisheries and Oceans (DFO)"," Ministère des Pêches et des Océans (MPO)","","","200 Kent Street,Ottawa,Ontario,K1A 0E6,Canada","200, rue Kent,Ottawa,Ontario,K1A 0E6,Canada","Wadden, Dale (SPAC/PSPC)","dale.wadden@tpsgc-pwgsc.gc.ca","","","","","","","","","","","","","F5561-250002 - SA - CCGS Alongside refits - Nova Scotia - Cactus","F5561-250002 - SA - NGCC à côté des radoubs - Nouvelle-Écosse - Cactus"
"F5561-250002 - SA - CCGS Alongside refits - Nova Scotia - Canadian Maritime Engineering","F5561-250002 - AS - NGCC à côté des radoubs - Nouvelle-Écosse - Canadian Maritime Engineering","CW2462072","000","WS5518797172","WS5518797172","CW2462072","1","2026-08-26","2026-07-31","","2026-08-31","2029-07-31","0.00","0.00","CAD","Active","Actif","Supply Arrangement","Arrangement en matière d’approvisionnement","Original","Original","","","","*25111500
*81101606","*Commercial marine craft
*Marine engineering","*Navires commerciaux
*Mécanique navale","*GD","Request for Supply Arrangement","Demande pour un arrangement en matière d’approvisionnement","Competitive - Open bidding","Concurrentielle - Invitation ouverte à soumissionner","Not applicable","Sans objet","None","Aucune","*Canadian Free Trade Agreement (CFTA)","*Accord de libre-échange canadien (ALEC)","*Nova Scotia","*Nouvelle-Écosse","Canadian Maritime Engineering Limited","Canadian Maritime Engineering Limited","CME","CME","CME LImited","CME LImited","250","250","90 Thornhill Drive","90 Thornhill Drive","Dartmouth","Dartmouth","Nova Scotia","Nova Scotia","B3B 1S3","CA","CA","Department of Public Works and Government Services (PSPC)"," Ministère des Travaux publics et des Services gouvernementaux (SPAC)","11 Laurier St, Phase III, Place du Portage","11, rue Laurier, Phase III, Place du Portage","Gatineau","Gatineau","Quebec","Québec","K1A 0S5","Canada","Canada","Department of Fisheries and Oceans (DFO)"," Ministère des Pêches et des Océans (MPO)","","","200 Kent Street,Ottawa,Ontario,K1A 0E6,Canada","200, rue Kent,Ottawa,Ontario,K1A 0E6,Canada","Wadden, Dale (SPAC/PSPC)","dale.wadden@tpsgc-pwgsc.gc.ca","","","","","","","","","","","","","F5561-250002 - SA - CCGS Alongside refits - Nova Scotia - Canadian Maritime Engineering","F5561-250002 - AS - NGCC à côté des radoubs - Nouvelle-Écosse - Canadian Maritime Engineering"
"F5561-250002 - SA - CCGS Alongside refits - Nova Scotia - KMS","F5561-250002 - AS - NGCC à côté des radoubs - Nouvelle-Écosse - KMS","CW2462075","000","WS5518797172","WS5518797172","CW2462075","1","2026-08-26","2026-07-31","","2026-08-31","2029-07-31","0.00","0.00","CAD","Active","Actif","Supply Arrangement","Arrangement en matière d’approvisionnement","Original","Original","","","","*25111500
*81101606","*Commercial marine craft
*Marine engineering","*Navires commerciaux
*Mécanique navale","*GD","Request for Supply Arrangement","Demande pour un arrangement en matière d’approvisionnement","Competitive - Open bidding","Concurrentielle - Invitation ouverte à soumissionner","Not applicable","Sans objet","None","Aucune","*Canadian Free Trade Agreement (CFTA)","*Accord de libre-échange canadien (ALEC)","*Nova Scotia","*Nouvelle-Écosse","KMS Industries Inc.","KMS Industries Inc.","","","","","50","50","31 Mount Hope Ave","31 Mount Hope Ave","Dartmouth","Dartmouth","Nova Scotia","Nova Scotia","B2Y 4R4","CA","CA","Department of Public Works and Government Services (PSPC)"," Ministère des Travaux publics et des Services gouvernementaux (SPAC)","11 Laurier St, Phase III, Place du Portage","11, rue Laurier, Phase III, Place du Portage","Gatineau","Gatineau","Quebec","Québec","K1A 0S5","Canada","Canada","Department of Fisheries and Oceans (DFO)"," Ministère des Pêches et des Océans (MPO)","","","200 Kent Street,Ottawa,Ontario,K1A 0E6,Canada","200, rue Kent,Ottawa,Ontario,K1A 0E6,Canada","Wadden, Dale (SPAC/PSPC)","dale.wadden@tpsgc-pwgsc.gc.ca","","","","","","","","","","","","","F5561-250002 - SA - CCGS Alongside refits - Nova Scotia - KMS","F5561-250002 - AS - NGCC à côté des radoubs - Nouvelle-Écosse - KMS"
"F3065-260066 – Summer refit 2026 CCGS Martha L. Black - CW","F3065-260066 – Radoub été 2026 NGCC Martha L. Black - EC","CW2451229","000","WS5668428741","WS5668428741","CW2451229","2","2026-07-16","2026-07-16","","2026-07-16","2027-06-30","2392286.26","2956820.47","CAD","Active","Actif","Contract","Contrat","Original","Original","","","","*25111510
*25111514
*25111603
*78182000","*Salvage ships
*Icebreaker
*Rescue ships or boats
*Water transport vessel maintenance and repair services","*Navires de sauvetage
*Brise-glace
*Navires ou bateaux de sauvetage
*Services de maintenance et de réparation de navires","*SRV","Request for Proposal","Demande de propositions","Competitive - Open bidding","Concurrentielle - Invitation ouverte à soumissionner","Lowest Price","Prix le plus bas","None","Aucune","*Canadian Free Trade Agreement (CFTA)","*Accord de libre-échange canadien (ALEC)","*Quebec (except NCR)","*Québec (sauf RCN)","6318703 CANADA INC.","6318703 CANADA INC.","","","Meridien Maritime Reparation","Meridien Maritime Reparation","100","100","1460, Rue Matane-sur-Mer","1460, Rue Matane-sur-Mer","Matane","Matane","Québec","Québec","G4W 3M6","CA","CA","Department of Public Works and Government Services (PSPC)"," Ministère des Travaux publics et des Services gouvernementaux (SPAC)","11 Laurier St, Phase III, Place du Portage","11, rue Laurier, Phase III, Place du Portage","Gatineau","Gatineau","Quebec","Québec","K1A 0S5","Canada","Canada","Department of National Defence (DND)"," Ministère de la Défense nationale (MDN)","","","101 Colonel By Dr,Ottawa,Ontario,K1A0K2,Canada","101, promenade Colonel By,Ottawa,Ontario,K1A0K2,Canada","Novac, Ioana (SPAC/PSPC)","ioana.novac@tpsgc-pwgsc.gc.ca","","","","","","","","","","","","","F3065-260066 – Summer refit 2026 CCGS Martha L. Black","F3065-260066 – Radoub été 2026 NGCC Martha L. Black"
"F3065-260165 - CCGS Des Groseilliers, Refit –  Autumn 2026 - CW","F3065-260165 - NGCC Des Groseilliers, Radoub – Automne 2026 - EC","CW2460136","000","WS5788884067","WS5788884067","CW2460136","1","2026-09-08","2026-09-04","","2026-09-04","2027-09-30","248575.95","248575.95","CAD","Active","Actif","Contract","Contrat","Original","Original","","","","*25111510
*25111600
*78182000","*Salvage ships
*Safety and rescue water craft
*Water transport vessel maintenance and repair services","*Navires de sauvetage
*Navires de sécurité et de sauvetage
*Services de maintenance et de réparation de navires","*GD","Request for Proposal","Demande de propositions","Competitive - Open bidding","Concurrentielle - Invitation ouverte à soumissionner","Not applicable","Sans objet","None","Aucune","*Canadian Free Trade Agreement (CFTA)","*Accord de libre-échange canadien (ALEC)","*Québec","*Québec","6318703 CANADA INC.","6318703 CANADA INC.","","","Meridien Maritime Reparation","Meridien Maritime Reparation","100","100","1460, Rue Matane-sur-Mer","1460, Rue Matane-sur-Mer","Matane","Matane","Québec","Québec","G4W 3M6","CA","CA","Department of Public Works and Government Services (PSPC)"," Ministère des Travaux publics et des Services gouvernementaux (SPAC)","11 Laurier St, Phase III, Place du Portage","11, rue Laurier, Phase III, Place du Portage","Gatineau","Gatineau","Quebec","Québec","K1A 0S5","Canada","Canada","Department of National Defence (DND) / Canadian Coast Guard (CCG)"," Garde côtière canadienne (GCC) /  Ministère de la Défense nationale (MDN)"," / "," / ","101 Colonel By Dr,Ottawa,Ontario,K1A0K2,Canada / 200 Kent St. Station 13E228,Ottawa,Ontario,K1A0E6,Canada","200, rue Kent, Station 13E228,Ottawa,Ontario,K1A0E6,Canada / 101, promenade Colonel By,Ottawa,Ontario,K1A0K2,Canada","Presse, Simon (SPAC/PSPC)","simon.presse@tpsgc-pwgsc.gc.ca","","","","","","","","","","","","","F3065-260165 - CCGS Des Groseilliers, Refit –  Autumn 2026 - CW","F3065-260165 - NGCC Des Groseilliers, Radoub – Automne 2026 - EC"
"Contract - Charter of Polar Class 3 Icebreaker","Contrat - Affrètement d'un brise-glace classe polaire 3","CW2462237","000","WS5765602205","WS5765602205","CW2462237","3","2026-07-31","2026-07-30","","2026-07-30","2026-11-30","24999999.99","24999999.99","CAD","Active","Actif","Contract","Contrat","Original","Original","","","","*25111514","*Icebreaker","*Brise-glace","*SRV","Directed Contract","Contrat prescrit","Advance contract award notice","Préavis d'attribution du contrat","Not applicable","Sans objet","None","Aucune","*Canadian Free Trade Agreement (CFTA)","*Accord de libre-échange canadien (ALEC)","*Canada","*Canada","QIKIQTAALUK HORIZON ARCTIC SERVICES LIMITED PARTNERSHIP","QIKIQTAALUK HORIZON ARCTIC SERVICES LIMITED PARTNERSHIP","","","","","","","333 Bay Street, Suite 2400","333 Bay Street, Suite 2400","Toronto","Toronto","Ontario","Ontario","M5H 2T6","CA","CA","Department of Public Works and Government Services (PSPC)"," Ministère des Travaux publics et des Services gouvernementaux (SPAC)","11 Laurier St, Phase III, Place du Portage","11, rue Laurier, Phase III, Place du Portage","Gatineau","Gatineau","Quebec","Québec","K1A 0S5","Canada","Canada","Canadian Coast Guard (CCG)"," Garde côtière canadienne (GCC)","","","200 Kent St. Station 13E228,Ottawa,Ontario,K1A0E6,Canada","200, rue Kent, Station 13E228,Ottawa,Ontario,K1A0E6,Canada","Fournier, Isabelle (SPAC/PSPC) (elle-la / she-her)","isabelle.fournier@tpsgc-pwgsc.gc.ca","","","","","","","","","","","","","The Department of National Defence, Canadian Coast Guard (CCG), requires the charter of one fully crewed Polar Class 3 icebreaker capable of supporting Arctic operations during the 2026 Arctic operating season.","Le ministère de la Défense nationale, Garde côtière canadienne (GCC), exige l’affrètement d’un brise-glace de classe polaire 3, doté d'un équipage complet, afin d'appuyer les opérations de la GCC pendant la saison d'exploitation dans l'Arctique de 2026."
"F7047-240037 Plastic Buoys Contract- GDI","F7047-240037 Bouée en plastique Contrat GDI","CW2448297","000","WS5455824364","WS5455824364","CW2448297","1","2026-04-08","2026-04-01","","2026-04-01","2028-03-31","667509.45","667509.45","CAD","Active","Actif","Contract","Contrat","Original","Original","","","","*25111520","*Buoy","*Bouée","*GD","Not Applicable","Sans objet","Competitive - Open bidding","Concurrentielle - Invitation ouverte à soumissionner","Highest Combined Rating of Technical Merit and Price","Cote combinée la plus élevée pour le mérite technique et le prix","None","Aucune","*Canada-Colombia Free Trade Agreement
*Canadian Free Trade Agreement (CFTA)
*Canada-Honduras Free Trade Agreement
*Canada-Chile Free Trade Agreement (CCFTA)
*Canada-Korea Free Trade Agreement (CKFTA)","*Accord de libre-échange Canada-Colombie
*Accord de libre-échange canadien (ALEC)
*Accord de libre-échange Canada-Honduras
*Accord de libre-échange Canada-Chili (ALECC)
*Accord de libre-échange Canada-Corée","*Canada","*Canada","Go Deep International Inc","Go Deep International Inc","","","","","10","10","10 Watertower Road","10 Watertower Road","Saint John","Saint John","New Brunswick","New Brunswick","E2M 7K2","CA","CA","Department of Public Works and Government Services (PSPC)"," Ministère des Travaux publics et des Services gouvernementaux (SPAC)","11 Laurier St, Phase III, Place du Portage","11, rue Laurier, Phase III, Place du Portage","Gatineau","Gatineau","Quebec","Québec","K1A 0S5","Canada","Canada","Canadian Coast Guard (CCG)"," Garde côtière canadienne (GCC)","","","200 Kent St. Station 13E228,Ottawa,Ontario,K1A0E6,Canada","200, rue Kent, Station 13E228,Ottawa,Ontario,K1A0E6,Canada","Bakhos, Maya (SPAC/PSPC)","maya.bakhos@tpsgc-pwgsc.gc.ca","","","","","","","","","","","","","Canada is seeking offers from Offerors to provide two (2) categories of Plastic Buoys (River Buoy and Medium Channel Buoy) to support its short-range Aids to Navigation (AtoN) Program to The Canadian Coast Guard (CCG).","Le Canada sollicite des offres de la part des soumissionnaires pour la fourniture de deux (2) catégories de bouées en plastique (bouée fluviale et bouée de canal) afin de soutenir son programme d’aides à la navigation (AtoN) à courte portée pour la Garde côtière canadienne (GCC)."
"F7047-240037 Plastic Buoys Contract -GSS","F7047-240037 Bouée en plastique Contract -GSS","CW2448315","000","WS5455824364","WS5455824364","CW2448315","1","2026-04-09","2026-04-01","","2026-04-01","2028-03-31","493350.00","493350.00","CAD","Active","Actif","Contract","Contrat","Original","Original","","","","*25111520","*Buoy","*Bouée","*GD","Not Applicable","Sans objet","Competitive - Open bidding","Concurrentielle - Invitation ouverte à soumissionner","Highest Combined Rating of Technical Merit and Price","Cote combinée la plus élevée pour le mérite technique et le prix","None","Aucune","*Canada-Colombia Free Trade Agreement
*Canadian Free Trade Agreement (CFTA)
*Canada-Chile Free Trade Agreement (CCFTA)
*Canada-Honduras Free Trade Agreement
*Canada-Korea Free Trade Agreement (CKFTA)","*Accord de libre-échange Canada-Colombie
*Accord de libre-échange canadien (ALEC)
*Accord de libre-