"title-titre-eng","title-titre-fra","referenceNumber-numeroReference","amendmentNumber-numeroModification","procurementNumber-numeroApprovisionnement","solicitationNumber-numeroSollicitation","contractNumber-numeroContrat","numberOfRecords-nombreEnregistrements","publicationDate-datePublication","contractAwardDate-dateAttributionContrat","amendmentDate-dateModification","contractStartDate-contratDateDebut","contractEndDate-dateFinContrat","contractAmount-montantContrat","totalContractValue-valeurTotaleContrat","contractCurrency-contratMonnaie","contractStatus-statutContrat-eng","contractStatus-statutContrat-fra","instrumentType-typeInstrument-eng","instrumentType-typeInstrument-fra","amendmentType-typeModification-eng","amendmentType-typeModification-fra","gsin-nibs","gsinDescription-nibsDescription-eng","gsinDescription-nibsDescription-fra","unspsc","unspscDescription-eng","unspscDescription-fra","procurementCategory-categorieApprovisionnement","noticeType-avisType-eng","noticeType-avisType-fra","procurementMethod-methodeApprovisionnement-eng","procurementMethod-methodeApprovisionnement-fra","selectionCriteria-criteresSelection-eng","selectionCriteria-criteresSelection-fra","limitedTenderingReason-raisonAppelOffresLimite-eng","limitedTenderingReason-raisonAppelOffresLimite-fra","tradeAgreements-accordsCommerciaux-eng","tradeAgreements-accordsCommerciaux-fra","regionsOfDelivery-regionsLivraison-eng","regionsOfDelivery-regionsLivraison-fra","supplierLegalName-nomLegalFournisseur-eng","supplierLegalName-nomLegalFournisseur-fra","supplierStandardizedName-nomNormaliseFournisseur-eng","supplierStandardizedName-nomNormaliseFournisseur-fra","supplierOperatingName-nomCommercialFournisseur-eng","supplierOperatingName-nomCommercialFournisseur-fra","supplierEmployeeCount-fournisseurNombreEmployes-eng","supplierEmployeeCount-fournisseurNombreEmployes-fra","supplierAddressLine-ligneAdresseFournisseur-eng","supplierAddressLine-ligneAdresseFournisseur-fra","supplierAddressCity-fournisseurAdresseVille-eng","supplierAddressCity-fournisseurAdresseVille-fra","supplierAddressProvince-fournisseurAdresseProvince-eng","supplierAddressProvince-fournisseurAdresseProvince-fra","supplierAddressPostalCode-fournisseurAdresseCodePostal","supplierAddressCountry-fournisseurAdressePays-eng","supplierAddressCountry-fournisseurAdressePays-fra","contractingEntityName-nomEntitContractante-eng","contractingEntityName-nomEntitContractante-fra","contractingEntityAddressLine-ligneAdresseEntiteContractante-eng","contractingEntityAddressLine-ligneAdresseEntiteContractante-fra","contractingEntityAddressCity-entiteContractanteAdresseVille-eng","contractingEntityAddressCity-entiteContractanteAdresseVille-fra","contractingEntityAddressProvince-entiteContractanteAdresseProvince-eng","contractingEntityAddressProvince-entiteContractanteAdresseProvince-fra","contractingEntityAddressPostalCode-entiteContractanteAdresseCodePostal","contractingEntityAddressCountry-entiteContractanteAdressePays-eng","contractingEntityAddressCountry-entiteContractanteAdressePays-fra","endUserEntitiesName-nomEntitesUtilisateurFinal-eng","endUserEntitiesName-nomEntitesUtilisateurFinal-fra","endUserEntitiesOfficeName-bureauNomEntitesUtilisateurFinal-eng","endUserEntitiesOfficeName-bureauNomEntitesUtilisateurFinal-fra","endUserEntitiesAddress-adresseEntitesUtilisateurFinal-eng","endUserEntitiesAddress-adresseEntitesUtilisateurFinal-fra","contactInfoName-informationsContactNom","contactInfoEmail-informationsContactCourriel","contactInfoPhone-contactInfoTelephone","contactInfoFax","contactInfoAddressLine-contactInfoAdresseLigne-eng","contactInfoAddressLine-contactInfoAdresseLigne-fra","contactInfoCity-contacterInfoVille-eng","contactInfoCity-contacterInfoVille-fra","contactInfoProvince-contacterInfoProvince-eng","contactInfoProvince-contacterInfoProvince-fra","contactInfoPostalcode","contactInfoCountry-contactInfoPays-eng","contactInfoCountry-contactInfoPays-fra","percentageOfGoodsByCountry-pourcentageDeBiensParPays","tenderDescription-descriptionAppelOffres-eng","tenderDescription-descriptionAppelOffres-fra"
"DELCO SECURITY (21120-219814/001/HN~000)","DELCO SECURITY (21120-219814/001/HN~000)","21120-219814/001/HN","000","21120-219814","","21120-219814/001/HN","6","2023-07-24","2023-07-05","","","2023-09-30","366870.00","366870.00","CAD","","","","","","","*5164CJ","*Security Control Systems - Installation and Repair","*Systèmes de contrôle de la sécurité - installation et réparation","","","","*CNST","","","Competitive - Open bidding","Concurrentielle - Invitation ouverte à soumissionner","Lowest Price","Prix le plus bas","","","","","","","Delco Automation Inc.","Delco Automation Inc.","DELCO SECURITY","DELCO SECURITY","Delco Security","Delco Security","50 to 99 employees","50 à 99 employés","3714 Kinnear Place","3714 Kinnear Place","Saskatoon","Saskatoon","Saskatchewan","Saskatchewan","S7P0A6","Canada","Canada","Public Works and Government Services Canada","Travaux publics et Services gouvernementaux Canada","","","","","","","","","","Correctional Service of Canada","Service correctionnel du Canada","CONTRACTING&MATERIEL SERVS","N/D","340 LAURIER AVE W.,OTTAWA,Ontario,K1A0P9,Canada","340 LAURIER AVE W.,OTTAWA,Ontario,K1A0P9,Canada","","","","","","","","","","","","","","","",""
"UNITED STATES DEPARTMENT OF THE ARMY (USASAC) (W8484-250684/001/USW~000)","UNITED STATES DEPARTMENT OF THE ARMY (USASAC) (W8484-250684/001/USW~000)","W8484-250684/001/USW","000","W8484-250684","","W8484-250684/001/USW","1","2025-05-27","2025-04-23","","","2031-09-30","18576135.00","18576135.00","CAD","","","","","","","*AD217740","*Military Logistics (Research)","*Logistique militaire (Recherche)","","","","*SRV","","","Non-competitive","Non concurrentielle","Government Objectives Representing Best Interests/Value to Govt","Objectifs gouvern.  représentant  les meilleurs intérets/valeur pour l'État","","","*None","*Aucun","","","UNITED STATES DEPARTMENT OF THE ARMY (USASAC)","UNITED STATES DEPARTMENT OF THE ARMY (USASAC)","UNITED STATES DEPARTMENT OF THE ARMY (USASAC)","UNITED STATES DEPARTMENT OF THE ARMY (USASAC)","UNITED STATES DEPARTMENT OF THE ARMY (USASAC)","UNITED STATES DEPARTMENT OF THE ARMY (USASAC)","5 to 9 employees","5 à 9 employés","7613 CARDINAL ROAD","7613 CARDINAL ROAD","REDSTONE ARSENAL","REDSTONE ARSENAL","Alabama","Alabama","35898-5000","United States","United States","Public Works and Government Services Canada","Travaux publics et Services gouvernementaux Canada","","","","","","","","","","Department of National Defence","Ministère de la défense nationale","NDHQ","QGDN","101 COLONEL BY DR.,OTTAWA,Ontario,K1A0K2,Canada","101 COLONEL BY DR.,OTTAWA,Ontario,K1A0K2,Canada","","","","","","","","","","","","","","","",""
"INCITE EXPERIENTIAL DESIGN INC DBA RMUS CANADA (W6399-23DB09/001/KIN~000)","INCITE EXPERIENTIAL DESIGN INC DBA RMUS CANADA (W6399-23DB09/001/KIN~000)","W6399-23DB09/001/KIN","000","W6399-23DB09","","W6399-23DB09/001/KIN","1","2024-07-27","2023-06-08","","","2025-03-31","549180.00","549180.00","CAD","","","","","","","*AD917700","*Military (R&D)","*Domaine militaire (R&D)","","","","*SRV","","","Competitive - Traditional","Concurrentielle - Traditionnelle","Lowest Price","Prix le plus bas","","","*Canada-Peru Free Trade Agreement (CPFTA)
*Canada-Chile Free Trade Agreement (CCFTA)
* Other trade agreements not listed here may apply
*Canada-Colombia Free Trade Agreement
*Canada-Panama Free Trade Agreement","*Accord de libre-échange Canada-Pérou (ALECP)
*Accord de libre-échange Canada-Chili (ALECC)
*d'autres accords commerciaux non répertoriés ici peuvent s'appliquer
*Accord de libre-échange Canada-Colombie
*Accord de libre-échange Canada-Panama","","","Incite Experiential Design INC DBA RMUS Canada","Incite Experiential Design INC DBA RMUS Canada","INCITE EXPERIENTIAL DESIGN INC DBA RMUS CANADA","INCITE EXPERIENTIAL DESIGN INC DBA RMUS CANADA","Incite Experiential Design INC DBA RMUS Canada","Incite Experiential Design INC DBA RMUS Canada","1 to 4 employees","1 à 4 employés","5070 Benson Drive<br>Unit 102","5070 Benson Drive<br>Unit 102","Burlington","Burlington","Ontario","Ontario","L7L5N6","Canada","Canada","Public Works and Government Services Canada","Travaux publics et Services gouvernementaux Canada","","","","","","","","","","Department of National Defence","Ministère de la défense nationale","CANSOFCOM HQ","N/D","101 COLONEL BY DR.,OTTAWA,Ontario,K1A0K2,Canada","101 COLONEL BY DR.,OTTAWA,Ontario,K1A0K2,Canada","","","","","","","","","","","","","","","",""
"NFM TECHNOLOGY AS (W7701-217392/001/QCL~000)","NFM TECHNOLOGY AS (W7701-217392/001/QCL~000)","W7701-217392/001/QCL","000","W7701-217392","","W7701-217392/001/QCL","4","2023-09-22","2023-09-13","","","2025-09-12","595000.00","773500.00","CAD","","","","","","","*AD917700","*Military (R&D)","*Domaine militaire (R&D)","","","","*SRV","","","Competitive - Open bidding","Concurrentielle - Invitation ouverte à soumissionner","Highest Combined Rating of Technical Merit and Price","Cote combinée la plus élevée pour le mérite technique et le prix","","","*Canadian Free Trade Agreement (CFTA)","*Accord de libre-échange canadien (ALEC)","","","NFM TECHNOLOGY AS","NFM TECHNOLOGY AS","NFM TECHNOLOGY AS","NFM TECHNOLOGY AS","NFM TECHNOLOGY AS","NFM TECHNOLOGY AS","500 to 999 employees","500  à  999 employés","Glynitveien 15","Glynitveien 15","Ski","Ski","","","1400","Norway","Norway","Public Works and Government Services Canada","Travaux publics et Services gouvernementaux Canada","","","","","","","","","","Department of National Defence","Ministère de la défense nationale","D&R DEFENCE CANADA VALCARTIER","R&D DEFENSE CANADA VALCARTIER","BATISSE 53<br>2459 ROUTE DE LA BRAVOURE,QUEBEC,Quebec,G3J1X5,Canada","BATISSE 53<br>2459 ROUTE DE LA BRAVOURE,QUEBEC,Quebec,G3J1X5,Canada","","","","","","","","","","","","","","","",""
"PMG TECHNOLOGIES INC (T8127-200020/001/MTP~000)","PMG TECHNOLOGIES INC (T8127-200020/001/MTP~000)","T8127-200020/001/MTP","000","T8127-200020","","T8127-200020/001/MTP","9","2023-06-22","2023-06-06","","","2028-03-31","148940954.00","250690540.31","CAD","","","","","","","*AS219652","*Vehicle Performance Measurement (Research)","*Mesure des performances des véhicules (Recherche)","","","","*SRV","","","Competitive - Open bidding","Concurrentielle - Invitation ouverte à soumissionner","Highest Combined Rating of Technical Merit and Price","Cote combinée la plus élevée pour le mérite technique et le prix","","","","","","","PMG TECHNOLOGIES INC.","PMG TECHNOLOGIES INC.","PMG TECHNOLOGIES INC","PMG TECHNOLOGIES INC","PMG TECHNOLOGIES INC.","PMG TECHNOLOGIES INC.","50 to 99 employees","50 à 99 employés","100 rue du Landais","100 rue du Landais","Blainville","Blainville","Quebec","Quebec","J7C5C9","Canada","Canada","Public Works and Government Services Canada","Travaux publics et Services gouvernementaux Canada","","","","","","","","","","Transport Canada","Transports Canada","MOTOR VEHICLE TEST CENTRE","N/D","100 RUE DU LANDAIS,BLAINVILLE,Quebec,J7C5C9,Canada","100 RUE DU LANDAIS,BLAINVILLE,Quebec,J7C5C9,Canada","","","","","","","","","","","","","","","",""
"IMT PARTNERSHIP (W7714-238401/001/BK~000)","IMT PARTNERSHIP (W7714-238401/001/BK~000)","W7714-238401/001/BK","000","W7714-238401","","W7714-238401/001/BK","2","2023-10-25","2023-10-16","","","2029-01-31","3675000.00","3675000.00","CAD","","","","","","","*AZ110140","*Product/Material - Design, Development, Formulation, Modification: Science and Technology Related (R&D)","*Produits, Matériaux - conception, mise au point, élaboration: Domaine de la Science et de la Technologie (R&D)","","","","*SRV","","","Competitive - Traditional","Concurrentielle - Traditionnelle","Lowest Price","Prix le plus bas","","","*Canadian Free Trade Agreement (CFTA)","*Accord de libre-échange canadien (ALEC)","","","IMT Partnership","IMT Partnership","IMT PARTNERSHIP","IMT PARTNERSHIP","IMT Partnership","IMT Partnership","200 to 499 employees","200 à 499 employés","347 King Street West","347 King Street West","Ingersoll","Ingersoll","Ontario","Ontario","N5C3K6","Canada","Canada","Public Works and Government Services Canada","Travaux publics et Services gouvernementaux Canada","","","","","","","","","","Department of National Defence","Ministère de la défense nationale","DEFENCE R&D CANADA OTTAWA","N/D","BLDG 29 RECEIVING<br>3701 CARLING AVE,OTTAWA,Ontario,K1A0Z4,Canada","BLDG 29 RECEIVING<br>3701 CARLING AVE,OTTAWA,Ontario,K1A0Z4,Canada","","","","","","","","","","","","","","","",""
"AMERESCO CANADA, INC (EP959-202438/001/FK~000)","AMERESCO CANADA, INC (EP959-202438/001/FK~000)","EP959-202438/001/FK","000","EP959-202438","","EP959-202438/001/FK","10","2024-07-27","2023-09-01","","","2033-09-01","8000914.00","12311617.80","CAD","","","","","","","*B206A","*Energy Studies including Federal Buildings Initiative","*Études sur l'énergie, y compris L'Initiative des bâtiments fédéraux","","","","*SRV","","","Competitive - Open bidding","Concurrentielle - Invitation ouverte à soumissionner","Highest Combined Rating of Technical Merit and Price","Cote combinée la plus élevée pour le mérite technique et le prix","","","*Canada-European Union Comprehensive Economic and Trade Agreement (CETA)
*Canada-Colombia Free Trade Agreement
*Canada-Chile Free Trade Agreement (CCFTA)
*Canada-Peru Free Trade Agreement (CPFTA)
*Comprehensive and Progressive Agreement for Trans-Pacific Partnership (CPTPP)
*Canada-Panama Free Trade Agreement
*Canada-UK Trade Continuity Agreement (Canada-UK TCA)
* Other trade agreements not listed here may apply
*World Trade Organization Agreement on Government Procurement (WTO GPA)","*Accord économique et commercial global (AECG) entre le Canada et l’Union européenne (UE)
*Accord de libre-échange Canada-Colombie
*Accord de libre-échange Canada-Chili (ALECC)
*Accord de libre-échange Canada-Pérou (ALECP)
*Accord de Partenariat transpacifique global et progressiste (PTPGP)
*Accord de libre-échange Canada-Panama
*Accord de continuité commerciale Canada–Royaume-Uni (ACC Canada-Royaume-Uni)
*d'autres accords commerciaux non répertoriés ici peuvent s'appliquer
*Accord sur les marchés publics de l'Organisation mondiale du commerce (AMP-OMC)","","","Ameresco","Ameresco","AMERESCO CANADA, INC","AMERESCO CANADA, INC","Ameresco Canada, Inc.","Ameresco Canada, Inc.","50 to 99 employees","50 à 99 employés","30 Leek Crescent, Suite 301","30 Leek Crescent, Suite 301","Richmond Hill","Richmond Hill","Ontario","Ontario","L4B4N4","Canada","Canada","Public Works and Government Services Canada","Travaux publics et Services gouvernementaux Canada","","","","","","","","","","Public Works and Government Services Canada","Travaux publics et Services gouvernementaux Canada","GREEN SUSTAINABLE GOVERNMENT","GOUVERNEMENT VERT ET DURABLE","165 De l'Hotel de Ville,GATINEAU,Quebec,K1A0J2,Canada","165 De l'Hotel de Ville,GATINEAU,Quebec,K1A0J2,Canada","","","","","","","","","","","","","","","",""
"MORIYAMA & TESHIMA ARCHITECTS (EA003-212331/001/PWD~000)","MORIYAMA & TESHIMA ARCHITECTS (EA003-212331/001/PWD~000)","EA003-212331/001/PWD","000","EA003-212331","","EA003-212331/001/PWD","8","2024-01-31","2023-11-30","","","2030-07-25","8814750.00","12239761.65","CAD","","","","","","","*C111A","*Architect/Engineer Services - Administration & Service Buildings","*Services d'architectes et d'ingénieurs - bâtiments d'administration et de service","","","","*SRV","","","Competitive - Open bidding","Concurrentielle - Invitation ouverte à soumissionner","Highest Combined Rating of Technical Merit and Price","Cote combinée la plus élevée pour le mérite technique et le prix","","","","","","","Moriyama & Teshima Architects","Moriyama & Teshima Architects","MORIYAMA & TESHIMA ARCHITECTS","MORIYAMA & TESHIMA ARCHITECTS","MORIYAMA & TESHIMA ARCHITECTS","MORIYAMA & TESHIMA ARCHITECTS","50 to 99 employees","50 à 99 employés","117 George Street","117 George Street","Toronto","Toronto","Ontario","Ontario","M5A2N4","Canada","Canada","Public Works and Government Services Canada","Travaux publics et Services gouvernementaux Canada","","","","","","","","","","Public Works and Government Services Canada / Public Works and Government Services Canada","Travaux publics et Services gouvernementaux Canada / Travaux publics et Services gouvernementaux Canada","PROJECT MGNT RPS / PROJECT MGNT RPS","N/D / N/D","JOHN CABOT BLDG<br>10 BARTERS HILL P.O.BOX 4600,ST JOHNS,Newfoundland and Labrador,A1C5T2,Canada / JOHN CABOT BLDG<br>10 BARTERS HILL P.O.BOX 4600,ST JOHNS,Newfoundland and Labrador,A1C5T2,Canada","JOHN CABOT BLDG<br>10 BARTERS HILL P.O.BOX 4600,ST JOHNS,Newfoundland and Labrador,A1C5T2,Canada / JOHN CABOT BLDG<br>10 BARTERS HILL P.O.BOX 4600,ST JOHNS,Newfoundland and Labrador,A1C5T2,Canada","","","","","","","","","","","","","","","",""
"CHANTIER DAVIE CANADA INC (F7017-251202/001/NQ ~000)","CHANTIER DAVIE CANADA INC (F7017-251202/001/NQ ~000)","F7017-251202/001/NQ ","000","F7017-251202","","F7017-251202/001/NQ ","2","2025-11-06","2025-03-07","","","2032-03-31","3741746400.00","3745829208.24","CAD","","","","","","","*C216A","*Naval Architecture","*Architecture navale","","","","*SRV","","","Non-competitive","Non concurrentielle","National Security Consideration","Sécurité nationale","","","","","","","Chantier Davie Canada Inc.","Chantier Davie Canada Inc.","CHANTIER DAVIE CANADA INC","CHANTIER DAVIE CANADA INC","Chantier Davie Canada Inc.","Chantier Davie Canada Inc.","500 to 999 employees","500  à  999 employés","22 rue George-D.-Davie","22 rue George-D.-Davie","Lévis","Lévis","Quebec","Quebec","G6V0K4","Canada","Canada","Public Works and Government Services Canada","Travaux publics et Services gouvernementaux Canada","","","","","","","","","","Fisheries and Oceans Canada","Pêches et Océans Canada","VESSEL PROCUREMENT-CCG","APPROV. NAVIRES GCC","3RD FLOOR<br>200 ELGIN STREET,OTTAWA,Ontario,K2P1L5,Canada","3RD FLOOR<br>200 ELGIN STREET,OTTAWA,Ontario,K2P1L5,Canada","","","","","","","","","","","","","","","",""
"BUREAU VERITAS MARINE (CANADA) INC (F7044-221317/001/ML~000)","BUREAU VERITAS MARINE (CANADA) INC (F7044-221317/001/ML~000)","F7044-221317/001/ML","000","F7044-221317","","F7044-221317/001/ML","2","2023-07-24","2023-07-07","","","2030-12-31","340667.00","610916.80","CAD","","","","","","","*C216A","*Naval Architecture","*Architecture navale","","","","*SRV","","","Non-competitive","Non concurrentielle","Government Objectives Representing Best Interests/Value to Govt","Objectifs gouvern.  représentant  les meilleurs intérets/valeur pour l'État","","","*Canadian Free Trade Agreement (CFTA)","*Accord de libre-échange canadien (ALEC)","","","Bureau Veritas Marine (Canada) Inc.","Bureau Veritas Marine (Canada) Inc.","BUREAU VERITAS MARINE (CANADA) INC","BUREAU VERITAS MARINE (CANADA) INC","Bureau Veritas Marine (Canada) Inc.","Bureau Veritas Marine (Canada) Inc.","5 to 9 employees","5 à 9 employés","25 Rue du Marche-Champlain<br>Suite 403","25 Rue du Marche-Champlain<br>Suite 403","Quebec","Quebec","Quebec","Quebec","G1K4H2","Canada","Canada","Public Works and Government Services Canada","Travaux publics et Services gouvernementaux Canada","","","","","","","","","","Fisheries and Oceans Canada","Pêches et Océans Canada","D/PROJ.MGR STIMULUS PACKAGE","GEST.A.PRGM PLAN ACTION ECON.","INTEGRATED TECHNICAL SERVICES<br>200 KENT ST STN. 7W060,OTTAWA,Ontario,K1A0E6,Canada","INTEGRATED TECHNICAL SERVICES<br>200 KENT ST STN. 7W060,OTTAWA,Ontario,K1A0E6,Canada","","","","","","","","","","","","","","","",""
"3GA MARINE LTD (F1802-220005/001/MER~000)","3GA MARINE LTD (F1802-220005/001/MER~000)","F1802-220005/001/MER","000","F1802-220005","","F1802-220005/001/MER","2","2023-06-22","2023-06-15","","","2024-06-15","819294.00","819294.00","CAD","","","","","","","*C216AA","*Naval Architecture - Consulting Services","*Architecture navale - services de consultation","","","","*SRV","","","Competitive - Traditional","Concurrentielle - Traditionnelle","Lowest Price","Prix le plus bas","","","","","","","3GA Marine Ltd","3GA Marine Ltd","3GA MARINE LTD","3GA MARINE LTD","3GA Marine Ltd","3GA Marine Ltd","20 to 49 employees","20 à 49 employés","unit 208<br>1497 Admirals Road","unit 208<br>1497 Admirals Road","Victoria","Victoria","British Columbia","British Columbia","V9A2P8","Canada","Canada","Public Works and Government Services Canada","Travaux publics et Services gouvernementaux Canada","","","","","","","","","","Fisheries and Oceans Canada","Pêches et Océans Canada","SUPERVISOR RESPONSE RICHMOND","N/D","4260 INGLIS DR.<br>P.O.BOX 3,RICHMOND,British Columbia,V7B1L7,Canada","4260 INGLIS DR.<br>P.O.BOX 3,RICHMOND,British Columbia,V7B1L7,Canada","","","","","","","","","","","","","","","",""
"MARINE RECYCLING CORPORATION (F7044-230296/001/MER~000)","MARINE RECYCLING CORPORATION (F7044-230296/001/MER~000)","F7044-230296/001/MER","000","F7044-230296","","F7044-230296/001/MER","2","2023-10-25","2023-10-06","","","2024-08-01","392529.00","392529.00","CAD","","","","","","","*C216AA","*Naval Architecture - Consulting Services","*Architecture navale - services de consultation","","","","*SRV","","","Competitive - Open bidding","Concurrentielle - Invitation ouverte à soumissionner","Lowest Price","Prix le plus bas","","","*Canadian Free Trade Agreement (CFTA)","*Accord de libre-échange canadien (ALEC)","","","Marine Recycling Corporation","Marine Recycling Corporation","MARINE RECYCLING CORPORATION","MARINE RECYCLING CORPORATION","Marine Recycling Corporation","Marine Recycling Corporation","20 to 49 employees","20 à 49 employés","17 Invertose Drive","17 Invertose Drive","Port Colborne","Port Colborne","Ontario","Ontario","L3K5V5","Canada","Canada","Public Works and Government Services Canada","Travaux publics et Services gouvernementaux Canada","","","","","","","","","","Fisheries and Oceans Canada","Pêches et Océans Canada","D/PROJ.MGR STIMULUS PACKAGE","GEST.A.PRGM PLAN ACTION ECON.","INTEGRATED TECHNICAL SERVICES<br>200 KENT ST STN. 7W060,OTTAWA,Ontario,K1A0E6,Canada","INTEGRATED TECHNICAL SERVICES<br>200 KENT ST STN. 7W060,OTTAWA,Ontario,K1A0E6,Canada","","","","","","","","","","","","","","","",""
"CHANTIER DAVIE CANADA INC (F7013-210307/001/MB~000)","CHANTIER DAVIE CANADA INC (F7013-210307/001/MB~000)","F7013-210307/001/MB","000","F7013-210307","","F7013-210307/001/MB","7","2024-05-28","2024-03-26","","","2026-03-26","19541500.00","40241250.00","CAD","","","","","","","*C216AB","*Naval Architecture - Design Services","*Architecture navale - services de dessin","","","","*SRV","","","Competitive - Open bidding","Concurrentielle - Invitation ouverte à soumissionner","Highest Combined Rating of Technical Merit and Price","Cote combinée la plus élevée pour le mérite technique et le prix","","","*None","*Aucun","","","Chantier Davie Canada Inc.","Chantier Davie Canada Inc.","CHANTIER DAVIE CANADA INC","CHANTIER DAVIE CANADA INC","Chantier Davie Canada Inc.","Chantier Davie Canada Inc.","500 to 999 employees","500  à  999 employés","22 rue George-D.-Davie","22 rue George-D.-Davie","Lévis","Lévis","Quebec","Quebec","G6V0K4","Canada","Canada","Public Works and Government Services Canada","Travaux publics et Services gouvernementaux Canada","","","","","","","","","","Fisheries and Oceans Canada","Pêches et Océans Canada","MAJOR CROWN PROJECTS DIR.","DIR GRANDS PROJETS D'ETAT","3RD FL.<br>200 ELGIN ST,OTTAWA,Ontario,K2P1L5,Canada","3RD FL.<br>200 ELGIN ST,OTTAWA,Ontario,K2P1L5,Canada","","","","","","","","","","","","","","","",""
"TERRA SERVICES INC (T5013-230002/001/MER~000)","TERRA SERVICES INC (T5013-230002/001/MER~000)","T5013-230002/001/MER","000","T5013-230002","","T5013-230002/001/MER","2","2023-09-22","2023-09-01","","","2024-03-31","868000.00","868000.00","CAD","","","","","","","*C216AA","*Naval Architecture - Consulting Services","*Architecture navale - services de consultation","","","","*SRV","","","Competitive - Traditional","Concurrentielle - Traditionnelle","Lowest Price","Prix le plus bas","","","","","","","TERRA SERVICES INC","TERRA SERVICES INC","TERRA SERVICES INC","TERRA SERVICES INC","TERRA SERVICES INC","TERRA SERVICES INC","5 to 9 employees","5 à 9 employés","1 Hummingbird Rd.","1 Hummingbird Rd.","Paradise","Paradise","Newfoundland and Labrador","Newfoundland and Labrador","A1L2P8","Canada","Canada","Public Works and Government Services Canada","Travaux publics et Services gouvernementaux Canada","","","","","","","","","","Transport Canada","Transports Canada","PROGRAMS","N/D","344 EDMONTON ST 3RD FL.<br>P.O.BOX 8550,WINNIPEG,Manitoba,R3C0P6,Canada","344 EDMONTON ST 3RD FL.<br>P.O.BOX 8550,WINNIPEG,Manitoba,R3C0P6,Canada","","","","","","","","","","","","","","","",""
"GRIFFON HOVERWORK LTD (F7013-220301/001/MC~000)","GRIFFON HOVERWORK LTD (F7013-220301/001/MC~000)","F7013-220301/001/MC","000","F7013-220301","","F7013-220301/001/MC","3","2024-03-05","2024-01-30","","","2029-01-29","5000000.00","7100000.00","CAD","","","","","","","*C216AB","*Naval Architecture - Design Services","*Architecture navale - services de dessin","","","","*SRV","","","Advance contract award notice","Préavis d'attribution du contrat","","","Exclusive Rights","Droits exclusifs","*Canadian Free Trade Agreement (CFTA)","*Accord de libre-échange canadien (ALEC)","","","GRIFFON HOVERWORK LIMITED","GRIFFON HOVERWORK LIMITED","GRIFFON HOVERWORK LTD","GRIFFON HOVERWORK LTD","GRIFFON HOVERWORK LIMITED","GRIFFON HOVERWORK LIMITED","20 to 49 employees","20 à 49 employés","Griffon Hoverwork Limited<br>8 HAZEL  Road","Griffon Hoverwork Limited<br>8 HAZEL  Road","SOUTHAMPTON","SOUTHAMPTON","","","S0197GB","United Kingdom","United Kingdom","Public Works and Government Services Canada","Travaux publics et Services gouvernementaux Canada","","","","","","","","","","Fisheries and Oceans Canada","Pêches et Océans Canada","MAJOR CROWN PROJECTS DIR.","DIR GRANDS PROJETS D'ETAT","3RD FL.<br>200 ELGIN ST,OTTAWA,Ontario,K2P1L5,Canada","3RD FL.<br>200 ELGIN ST,OTTAWA,Ontario,K2P1L5,Canada","","","","","","","","","","","","","","","",""
"WEIR CANADA, INC (W8482-217850/001/ISM~000)","WEIR CANADA, INC (W8482-217850/001/ISM~000)","W8482-217850/001/ISM","000","W8482-217850","","W8482-217850/001/ISM","1","2024-01-31","2023-10-23","","","2029-03-31","643860000.00","643860000.00","CAD","","","","","","","*C216BA","*Marine Systems and Engineering","*Systèmes et mécanique marins","","","","*SRV","","","Competitive - Open bidding","Concurrentielle - Invitation ouverte à soumissionner","Highest Combined Rating of Technical Merit and Price","Cote combinée la plus élevée pour le mérite technique et le prix","","","*Canadian Free Trade Agreement (CFTA)","*Accord de libre-échange canadien (ALEC)","","","WEIR CANADA, INC.","WEIR CANADA, INC.","WEIR CANADA, INC","WEIR CANADA, INC","WEIR CANADA, INC.","WEIR CANADA, INC.","1000 to 1499 employees","1000 à 1499 employés","9999 Cavendish Blvd.<br>Suite #100","9999 Cavendish Blvd.<br>Suite #100","Saint-Laurent","Saint-Laurent","Quebec","Quebec","H4M2X5","Canada","Canada","Public Works and Government Services Canada","Travaux publics et Services gouvernementaux Canada","","","","","","","","","","Department of National Defence / Department of National Defence","Ministère de la défense nationale / Ministère de la défense nationale","NDHQ / NDHQ","N/D / N/D","ATTN DGMEPM NP - DMARP<br>101 COLONEL BY DR.,OTTAWA,Ontario,K1A0K2,Canada / ATTN DGMEPM NP - DMARP<br>101 COLONEL BY DR.,OTTAWA,Ontario,K1A0K2,Canada","ATTN DGMEPM NP - DMARP<br>101 COLONEL BY DR.,OTTAWA,Ontario,K1A0K2,Canada / ATTN DGMEPM NP - DMARP<br>101 COLONEL BY DR.,OTTAWA,Ontario,K1A0K2,Canada","","","","","","","","","","","","","","","",""
"MARTEC LTD (W8482-242123/001/ML~000)","MARTEC LTD (W8482-242123/001/ML~000)","W8482-242123/001/ML","000","W8482-242123","","W8482-242123/001/ML","5","2024-11-29","2024-11-13","","","2026-02-13","924247.00","924247.00","CAD","","","","","","","*C216BB","*Technical Investigations and Engineering Services (TIES) (Marine)","*Enquêtes techniques et études d'ingénierie (ETEI) (marine)","","","","*SRV","","","Advance contract award notice","Préavis d'attribution du contrat","Highest Combined Rating of Technical Merit and Price","Cote combinée la plus élevée pour le mérite technique et le prix","","","*Canadian Free Trade Agreement (CFTA)","*Accord de libre-échange canadien (ALEC)","","","Martec Limited","Martec Limited","MARTEC LTD","MARTEC LTD","Martec Limited","Martec Limited","20 to 49 employees","20 à 49 employés","Martec Limited<br>237 Brownlow Ave, Suite 200","Martec Limited<br>237 Brownlow Ave, Suite 200","Dartmouth","Dartmouth","Nova Scotia","Nova Scotia","B3B2C7","Canada","Canada","Public Works and Government Services Canada","Travaux publics et Services gouvernementaux Canada","","","","","","","","","","Department of National Defence","Ministère de la défense nationale","NDHQ","N/D","ATTN DGMEPM NP - DMARP<br>101 COLONEL BY DR.,OTTAWA,Ontario,K1A0K2,Canada","ATTN DGMEPM NP - DMARP<br>101 COLONEL BY DR.,OTTAWA,Ontario,K1A0K2,Canada","","","","","","","","","","","","","","","",""
"ATLANTIC CANADA AEROSPACE & DEFENCE ASSOCIATION (EP984-240002/001/MCS~000)","ATLANTIC CANADA AEROSPACE & DEFENCE ASSOCIATION (EP984-240002/001/MCS~000)","EP984-240002/001/MCS","000","EP984-240002","","EP984-240002/001/MCS","1","2024-11-29","2024-10-24","","","2024-11-12","2500.00","2500.00","CAD","","","","","","","*C216BC","*Marine Management","*Gestion marine","","","","*SRV","","","Non-competitive","Non concurrentielle","Low Dollar Value","Faible valeur","","","*None","*Aucun","","","Atlantic Canada Aerospace & Defence Association","Atlantic Canada Aerospace & Defence Association","ATLANTIC CANADA AEROSPACE & DEFENCE ASSOCIATION","ATLANTIC CANADA AEROSPACE & DEFENCE ASSOCIATION","Atlantic Canada Aerospace & Defence Association","Atlantic Canada Aerospace & Defence Association","5 to 9 employees","5 à 9 employés","PO Box 46040 Halifax RPO Novalea","PO Box 46040 Halifax RPO Novalea","Halifax","Halifax","Nova Scotia","Nova Scotia","B3K5V8","Canada","Canada","Public Works and Government Services Canada","Travaux publics et Services gouvernementaux Canada","","","","","","","","","","Public Works and Government Services Canada","Travaux publics et Services gouvernementaux Canada","MRN CHRTR STRTGC INITIATIVES","SRVCS D'?FFRTMNT MRTM NTTVS ST","11  Laurier Street,Gatineau,Quebec,K1A0S5,Canada","11  Laurier Street,Gatineau,Quebec,K1A0S5,Canada","","","","","","","","","","","","","","","",""
"VANCOUVER SHIPYARDS CO LTD (F7013-220450/001/NQ~000)","VANCOUVER SHIPYARDS CO LTD (F7013-220450/001/NQ~000)","F7013-220450/001/NQ","000","F7013-220450","","F7013-220450/001/NQ","4","2024-04-29","2024-02-09","","","2030-12-31","310167313.00","480538237.00","CAD","","","","","","","*C216C","*Marine Architect and Engineering Services","*Services d'architecture et d'ingénierie","","","","*SRV","","","Competitive - Traditional","Concurrentielle - Traditionnelle","Highest Combined Rating of Technical Merit and Price","Cote combinée la plus élevée pour le mérite technique et le prix","","","*Canadian Free Trade Agreement (CFTA)","*Accord de libre-échange canadien (ALEC)","","","Vancouver Shipyards Co. Ltd.","Vancouver Shipyards Co. Ltd.","VANCOUVER SHIPYARDS CO LTD","VANCOUVER SHIPYARDS CO LTD","Vancouver Shipyards Co. Ltd.","Vancouver Shipyards Co. Ltd.","1000 to 1499 employees","1000 à 1499 employés","2 Pemberton Avenue","2 Pemberton Avenue","North Vancouver","North Vancouver","British Columbia","British Columbia","V7P2R2","Canada","Canada","Public Works and Government Services Canada","Travaux publics et Services gouvernementaux Canada","","","","","","","","","","Fisheries and Oceans Canada","Pêches et Océans Canada","MAJOR CROWN PROJECTS DIR.","DIR GRANDS PROJETS D'ETAT","3RD FL.<br>200 ELGIN ST,OTTAWA,Ontario,K2P1L5,Canada","3RD FL.<br>200 ELGIN ST,OTTAWA,Ontario,K2P1L5,Canada","","","","","","","","","","","","","","","",""
"Serco Canada Marine (M7594-244173/001/MC~000)","Serco Canada Marine (M7594-244173/001/MC~000)","M7594-244173/001/MC","000","M7594-244173","","M7594-244173/001/MC","9","2024-06-27","2024-05-22","","","2024-12-31","129950.00","249730.00","CAD","","","","","","","*C216C","*Marine Architect and Engineering Services","*Services d'architecture et d'ingénierie","","","","*SRV","","","Competitive - Open bidding","Concurrentielle - Invitation ouverte à soumissionner","Highest Combined Rating of Technical Merit and Price","Cote combinée la plus élevée pour le mérite technique et le prix","","","*Canadian Free Trade Agreement (CFTA)","*Accord de libre-échange canadien (ALEC)","","","SERCO CANADA MARINE CORPORATION","SERCO CANADA MARINE CORPORATION","Serco Canada Marine","Serco Canada Marine","Serco Canada Marine","Serco Canada Marine","50 to 99 employees","50 à 99 employés","555 Legget Drive<br>Tower A, Suite 400","555 Legget Drive<br>Tower A, Suite 400","Ottawa","Ottawa","Ontario","Ontario","K2K2X3","Canada","Canada","Public Works and Government Services Canada","Travaux publics et Services gouvernementaux Canada","","","","","","","","","","Royal Canadian Mounted Police","Gendarmerie royale du Canada","HQ PROCURE.&CONTRACT.SERVS","SERVS APPROVISION.&CONTRATS QG","4TH FL.<br>73 LEIKIN DR. M1,OTTAWA,Ontario,K1A0R2,Canada","4TH FL.<br>73 LEIKIN DR. M1,OTTAWA,Ontario,K1A0R2,Canada","","","","","","","","","","","","","","","",""
"VANCOUVER SHIPYARDS CO LTD (F7013-220451/001/NQ~000)","VANCOUVER SHIPYARDS CO LTD (F7013-220451/001/NQ~000)","F7013-220451/001/NQ","000","F7013-220451","","F7013-220451/001/NQ","5","2024-06-27","2024-02-09","","","2034-12-31","180393784.00","1090367793.52","CAD","","","","","","","*C216C","*Marine Architect and Engineering Services","*Services d'architecture et d'ingénierie","","","","*SRV","","","Competitive - Traditional","Concurrentielle - Traditionnelle","Lowest Price","Prix le plus bas","","","*Canadian Free Trade Agreement (CFTA)","*Accord de libre-échange canadien (ALEC)","","","Vancouver Shipyards Co. Ltd.","Vancouver Shipyards Co. Ltd.","VANCOUVER SHIPYARDS CO LTD","VANCOUVER SHIPYARDS CO LTD","Vancouver Shipyards Co. Ltd.","Vancouver Shipyards Co. Ltd.","1000 to 1499 employees","1000 à 1499 employés","2 Pemberton Avenue","2 Pemberton Avenue","North Vancouver","North Vancouver","British Columbia","British Columbia","V7P2R2","Canada","Canada","Public Works and Government Services Canada","Travaux publics et Services gouvernementaux Canada","","","","","","","","","","Fisheries and Oceans Canada","Pêches et Océans Canada","MAJOR CROWN PROJECTS DIR.","DIR GRANDS PROJETS D'ETAT","3RD FL.<br>200 ELGIN ST,OTTAWA,Ontario,K2P1L5,Canada","3RD FL.<br>200 ELGIN ST,OTTAWA,Ontario,K2P1L5,Canada","","","","","","","","","","","","","","","",""
"MAGELLAN AEROSPACE, WINNIPEG (W3524-24BC01/001/BK~000)","MAGELLAN AEROSPACE, WINNIPEG (W3524-24BC01/001/BK~000)","W3524-24BC01/001/BK","000","W3524-24BC01","","W3524-24BC01/001/BK","2","2024-01-31","2023-11-29","","","2029-12-31","31500000.00","31500000.00","CAD","","","","","","","*C219BE","*Engineering and Technical Services - Ammunition Related","*Services techniques - relatifs aux munitions","","","","*SRV","","","Non-competitive","Non concurrentielle","Government Objectives Representing Best Interests/Value to Govt","Objectifs gouvern.  représentant  les meilleurs intérets/valeur pour l'État","","","","","","","Magellan Aerospace Limited","Magellan Aerospace Limited","MAGELLAN AEROSPACE, WINNIPEG","MAGELLAN AEROSPACE, WINNIPEG","Magellan Aerospace, Winnipeg","Magellan Aerospace, Winnipeg","1000 to 1499 employees","1000 à 1499 employés","P.O. Box 874<br>660 Berry Street","P.O. Box 874<br>660 Berry Street","Winnipeg","Winnipeg","Manitoba","Manitoba","R3C2S4","Canada","Canada","Public Works and Government Services Canada","Travaux publics et Services gouvernementaux Canada","","","","","","","","","","Department of National Defence / Department of National Defence","Ministère de la défense nationale / Ministère de la défense nationale","ADM (MAT) DGLEPM / ADM (MAT) DGLEPM","SMA (MAT) DGGPET / SMA (MAT) DGGPET","101 COLONEL BY DRIVE,OTTAWA,Ontario,K1A0K2,Canada / 101 COLONEL BY DRIVE,OTTAWA,Ontario,K1A0K2,Canada","101 COLONEL BY DRIVE,OTTAWA,Ontario,K1A0K2,Canada / 101 COLONEL BY DRIVE,OTTAWA,Ontario,K1A0K2,Canada","","","","","","","","","","","","","","","",""
"MAGELLAN AEROSPACE, WINNIPEG (W3524-24BC03/001/BK~000)","MAGELLAN AEROSPACE, WINNIPEG (W3524-24BC03/001/BK~000)","W3524-24BC03/001/BK","000","W3524-24BC03","","W3524-24BC03/001/BK","4","2024-01-31","2023-12-15","","","2025-03-31","5987929.00","5987929.00","CAD","","","","","","","*C219BE","*Engineering and Technical Services - Ammunition Related","*Services techniques - relatifs aux munitions","","","","*SRV","","","Non-competitive","Non concurrentielle","Government Objectives Representing Best Interests/Value to Govt","Objectifs gouvern.  représentant  les meilleurs intérets/valeur pour l'État","","","*Canadian Free Trade Agreement (CFTA)","*Accord de libre-échange canadien (ALEC)","","","Magellan Aerospace Limited","Magellan Aerospace Limited","MAGELLAN AEROSPACE, WINNIPEG","MAGELLAN AEROSPACE, WINNIPEG","Magellan Aerospace, Winnipeg","Magellan Aerospace, Winnipeg","1000 to 1499 employees","1000 à 1499 employés","P.O. Box 874<br>660 Berry Street","P.O. Box 874<br>660 Berry Street","Winnipeg","Winnipeg","Manitoba","Manitoba","R3C2S4","Canada","Canada","Public Works and Government Services Canada","Travaux publics et Services gouvernementaux Canada","","","","","","","","","","Department of National Defence / Department of National Defence","Ministère de la défense nationale / Ministère de la défense nationale","ADM (MAT) DGLEPM / ADM (MAT) DGLEPM","SMA (MAT) DGGPET / SMA (MAT) DGGPET","101 COLONEL BY DRIVE,OTTAWA,Ontario,K1A0K2,Canada / 101 COLONEL BY DRIVE,OTTAWA,Ontario,K1A0K2,Canada","101 COLONEL BY DRIVE,OTTAWA,Ontario,K1A0K2,Canada / 101 COLONEL BY DRIVE,OTTAWA,Ontario,K1A0K2,Canada","","","","","","","","","","","","","","","",""
"HFI PYROTECHNICS INC (W8486-21XA32/001/BK~000)","HFI PYROTECHNICS INC (W8486-21XA32/001/BK~000)","W8486-21XA32/001/BK","000","W8486-21XA32","","W8486-21XA32/001/BK","3","2023-07-24","2023-07-13","","","2027-05-31","0.00","0.00","CAD","","","","","","","*C219BE","*Engineering and Technical Services - Ammunition Related","*Services techniques - relatifs aux munitions","","","","*SRV","","","Non-competitive","Non concurrentielle","Government Objectives Representing Best Interests/Value to Govt","Objectifs gouvern.  représentant  les meilleurs intérets/valeur pour l'État","","","*Canadian Free Trade Agreement (CFTA)","*Accord de libre-échange canadien (ALEC)","","","HFI Pyrotechnics Inc.","HFI Pyrotechnics Inc.","HFI PYROTECHNICS INC","HFI PYROTECHNICS INC","HFI Pyrotechnics Inc.","HFI Pyrotechnics Inc.","100 to 199 employees","100 à 199 employés","3322 Hands Road<br>RR #4","3322 Hands Road<br>RR #4","Prescott","Prescott","Ontario","Ontario","K0E1T0","Canada","Canada","Public Works and Government Services Canada","Travaux publics et Services gouvernementaux Canada","","","","","","","","","","Department of National Defence","Ministère de la défense nationale","NDHQ DGLEPM","N/D","101 COLONEL BY DR.,OTTAWA,Ontario,K1A0K2,Canada","101 COLONEL BY DR.,OTTAWA,Ontario,K1A0K2,Canada","","","","","","","","","","","","","","","",""
"ACCENTURE (21120-227032/001/ZM~000)","ACCENTURE (21120-227032/001/ZM~000)","21120-227032/001/ZM","000","21120-227032","","21120-227032/001/ZM","7","2024-07-27","2023-10-20","","","2026-10-19","72255723.00","72255723.06","CAD","","","","","","","*D302A","*Informatics Professional Services","*Services professionnels, informatique","","","","*SRV","","","Competitive - Open bidding","Concurrentielle - Invitation ouverte à soumissionner","Highest Combined Rating of Technical Merit and Price","Cote combinée la plus élevée pour le mérite technique et le prix","","","*Canada-European Union Comprehensive Economic and Trade Agreement (CETA)
*Canada-Peru Free Trade Agreement (CPFTA)
*Comprehensive and Progressive Agreement for Trans-Pacific Partnership (CPTPP)
*Canada-Colombia Free Trade Agreement
*Canada-UK Trade Continuity Agreement (Canada-UK TCA)
* Other trade agreements not listed here may apply
*World Trade Organization Agreement on Government Procurement (WTO GPA)
*Canada-Panama Free Trade Agreement","*Accord économique et commercial global (AECG) entre le Canada et l’Union européenne (UE)
*Accord de libre-échange Canada-Pérou (ALECP)
*Accord de Partenariat transpacifique global et progressiste (PTPGP)
*Accord de libre-échange Canada-Colombie
*Accord de continuité commerciale Canada–Royaume-Uni (ACC Canada-Royaume-Uni)
*d'autres accords commerciaux non répertoriés ici peuvent s'appliquer
*Accord sur les marchés publics de l'Organisation mondiale du commerce (AMP-OMC)
*Accord de libre-échange Canada-Panama","","","Accenture Inc","Accenture Inc","ACCENTURE","ACCENTURE","Accenture","Accenture","500 to 999 employees","500  à  999 employés","45 O'Connor Street<br>Suite 1100","45 O'Connor Street<br>Suite 1100","Ottawa","Ottawa","Ontario","Ontario","K1P1A4","Canada","Canada","Public Works and Government Services Canada","Travaux publics et Services gouvernementaux Canada","","","","","","","","","","Correctional Service of Canada","Service correctionnel du Canada","CONTRACTING&MATERIEL SERVS","N/D","340 LAURIER AVE W.,OTTAWA,Ontario,K1A0P9,Canada","340 LAURIER AVE W.,OTTAWA,Ontario,K1A0P9,Canada","","","","","","","","","","","","","","","",""
"TEKSYSTEMS (B8947-220390/003/ZM~000)","TEKSYSTEMS (B8947-220390/003/ZM~000)","B8947-220390/003/ZM","000","B8947-220390","","B8947-220390/003/ZM","3","2023-09-22","2023-09-07","","","2025-09-06","6161490.00","6161490.29","CAD","","","","","","","*D302A","*Informatics Professional Services","*Services professionnels, informatique","","","","*SRV","","","Competitive - Open bidding","Concurrentielle - Invitation ouverte à soumissionner","Highest Combined Rating of Technical Merit and Price","Cote combinée la plus élevée pour le mérite technique et le prix","","","","","","","TEKSYSTEMS CANADA CORP./SOCIÉTÉ TEKSYSTEMS CANADA","TEKSYSTEMS CANADA CORP./SOCIÉTÉ TEKSYSTEMS CANADA","TEKSYSTEMS","TEKSYSTEMS","TEKsystems","TEKsystems","2500 to 4999 employees","2500 à 4999 employés","123 Slater Street,<br>Suite 1000","123 Slater Street,<br>Suite 1000","Ottawa","Ottawa","Ontario","Ontario","K1P5H2","Canada","Canada","Public Works and Government Services Canada","Travaux publics et Services gouvernementaux Canada","","","","","","","","","","Citizenship and Immigration Canada","Citoyenneté et Immigration Canada","IT OPERATIONS","N/D","70 rue Crémazie<br>IRCC.ITopsFinanceAdmin-,Gatineau,Quebec,K1A1L1,Canada","70 rue Crémazie<br>IRCC.ITopsFinanceAdmin-,Gatineau,Quebec,K1A1L1,Canada","","","","","","","","","","","","","","","",""
"AERO SUPPLIES INC (T8493-230027/001/CAG~000)","AERO SUPPLIES INC (T8493-230027/001/CAG~000)","T8493-230027/001/CAG","000","T8493-230027","","T8493-230027/001/CAG","1","2024-07-27","2023-08-22","","","2023-12-30","20510.00","20510.00","CAD","","","","","","","*JX1680","*Miscellaneous Aircraft Accessories and Components (Military) - Repair and Overhaul","*Accessoires et composants divers pour aéronefs (militaires) - réparation et révision","","","","*SRVTGD","","","Competitive - Traditional","Concurrentielle - Traditionnelle","Highest Combined Rating of Technical Merit and Price","Cote combinée la plus élevée pour le mérite technique et le prix","","","*Canada-Korea Free Trade Agreement (CKFTA)","*Accord de libre-échange Canada-Corée","","","AERO SUPPLIES INC.","AERO SUPPLIES INC.","AERO SUPPLIES INC","AERO SUPPLIES INC","AERO SUPPLIES INC.","AERO SUPPLIES INC.","5 to 9 employees","5 à 9 employés","7486 Bath Road","7486 Bath Road","MISSISSAUGA","MISSISSAUGA","Ontario","Ontario","L4T1L2","Canada","Canada","Public Works and Government Services Canada","Travaux publics et Services gouvernementaux Canada","","","","","","","","","","Transport Canada","Transports Canada","AIRCRAFT SERVICES DIRECTORATE","N/D","200 COMET PRIVATE,OTTAWA,Ontario,K1V9B2,Canada","200 COMET PRIVATE,OTTAWA,Ontario,K1V9B2,Canada","","","","","","","","","","","","","","","",""
"BELL HELICOPTER TEXTRON CANADA LTD (T8493-230029/001/CAG~000)","BELL HELICOPTER TEXTRON CANADA LTD (T8493-230029/001/CAG~000)","T8493-230029/001/CAG","000","T8493-230029","","T8493-230029/001/CAG","1","2024-07-27","2023-09-08","","","2024-09-08","45719.00","45719.00","CAD","","","","","","","*JX1680","*Miscellaneous Aircraft Accessories and Components (Military) - Repair and Overhaul","*Accessoires et composants divers pour aéronefs (militaires) - réparation et révision","","","","*SRVTGD","","","Competitive - Open bidding","Concurrentielle - Invitation ouverte à soumissionner","Highest Combined Rating of Technical Merit and Price","Cote combinée la plus élevée pour le mérite technique et le prix","","","*Canada-European Union Comprehensive Economic and Trade Agreement (CETA)
* Other trade agreements not listed here may apply
*Canada-Chile Free Trade Agreement (CCFTA)
*Canada-Peru Free Trade Agreement (CPFTA)
*Canada-Colombia Free Trade Agreement
*Canada-UK Trade Continuity Agreement (Canada-UK TCA)
*Comprehensive and Progressive Agreement for Trans-Pacific Partnership (CPTPP)
*Canada-Panama Free Trade Agreement
*World Trade Organization Agreement on Government Procurement (WTO GPA)","*Accord économique et commercial global (AECG) entre le Canada et l’Union européenne (UE)
*d'autres accords commerciaux non répertoriés ici peuvent s'appliquer
*Accord de libre-échange Canada-Chili (ALECC)
*Accord de libre-échange Canada-Pérou (ALECP)
*Accord de libre-échange Canada-Colombie
*Accord de continuité commerciale Canada–Royaume-Uni (ACC Canada-Royaume-Uni)
*Accord de Partenariat transpacifique global et progressiste (PTPGP)
*Accord de libre-échange Canada-Panama
*Accord sur les marchés publics de l'Organisation mondiale du commerce (AMP-OMC)","","","Bell Textron Canada Limited","Bell Textron Canada Limited","BELL HELICOPTER TEXTRON CANADA LTD","BELL HELICOPTER TEXTRON CANADA LTD","Bell Textron Canada Limited","Bell Textron Canada Limited","1000 to 1499 employees","1000 à 1499 employés","12 800 rue de l'Avenir","12 800 rue de l'Avenir","Mirabel","Mirabel","Quebec","Quebec","J7J1R4","Canada","Canada","Public Works and Government Services Canada","Travaux publics et Services gouvernementaux Canada","","","","","","","","","","Transport Canada","Transports Canada","AIRCRAFT SERVICES DIRECTORATE","N/D","200 COMET PRIVATE,OTTAWA,Ontario,K1V9B2,Canada","200 COMET PRIVATE,OTTAWA,Ontario,K1V9B2,Canada","","","","","","","","","","","","","","","",""
"CANADA WEST AVIONICS LTD (T8493-230030/001/CAG~000)","CANADA WEST AVIONICS LTD (T8493-230030/001/CAG~000)","T8493-230030/001/CAG","000","T8493-230030","","T8493-230030/001/CAG","1","2023-09-22","2023-08-28","","","2023-10-30","79333.00","79333.00","CAD","","","","","","","*JX1680","*Miscellaneous Aircraft Accessories and Components (Military) - Repair and Overhaul","*Accessoires et composants divers pour aéronefs (militaires) - réparation et révision","","","","*SRVTGD","","","Competitive - Traditional","Concurrentielle - Traditionnelle","Highest Combined Rating of Technical Merit and Price","Cote combinée la plus élevée pour le mérite technique et le prix","","","*Canadian Free Trade Agreement (CFTA)","*Accord de libre-échange canadien (ALEC)","","","Canada West Avionics Ltd","Canada West Avionics Ltd","CANADA WEST AVIONICS LTD","CANADA WEST AVIONICS LTD","Canada West Avionics Ltd","Canada West Avionics Ltd","10 to 19 employees","10 à 19 employés","Canada West Avionics Ltd<br>Unit 3, 7630 Montreal Street","Canada West Avionics Ltd<br>Unit 3, 7630 Montreal Street","Delta","Delta","British Columbia","British Columbia","V4K0A7","Canada","Canada","Public Works and Government Services Canada","Travaux publics et Services gouvernementaux Canada","","","","","","","","","","Transport Canada","Transports Canada","AIRCRAFT SERVICES DIRECTORATE","N/D","200 COMET PRIVATE,OTTAWA,Ontario,K1V9B2,Canada","200 COMET PRIVATE,OTTAWA,Ontario,K1V9B2,Canada","","","","","","","","","","","","","","","",""
"BELL HELICOPTER TEXTRON CANADA LTD (T8493-230031/001/CAG~000)","BELL HELICOPTER TEXTRON CANADA LTD (T8493-230031/001/CAG~000)","T8493-230031/001/CAG","000","T8493-230031","","T8493-230031/001/CAG","1","2024-07-27","2023-09-15","","","2024-09-15","48289.00","48289.00","CAD","","","","","","","*JX1680","*Miscellaneous Aircraft Accessories and Components (Military) - Repair and Overhaul","*Accessoires et composants divers pour aéronefs (militaires) - réparation et révision","","","","*SRVTGD","","","Competitive - Open bidding","Concurrentielle - Invitation ouverte à soumissionner","Highest Combined Rating of Technical Merit and Price","Cote combinée la plus élevée pour le mérite technique et le prix","","","*Canada-Panama Free Trade Agreement
*Canada-Chile Free Trade Agreement (CCFTA)
*Canada-European Union Comprehensive Economic and Trade Agreement (CETA)
*Canada-Peru Free Trade Agreement (CPFTA)
*World Trade Organization Agreement on Government Procurement (WTO GPA)
*Comprehensive and Progressive Agreement for Trans-Pacific Partnership (CPTPP)
*Canada-Colombia Free Trade Agreement
* Other trade agreements not listed here may apply
*Canada-UK Trade Continuity Agreement (Canada-UK TCA)","*Accord de libre-échange Canada-Panama
*Accord de libre-échange Canada-Chili (ALECC)
*Accord économique et commercial global (AECG) entre le Canada et l’Union européenne (UE)
*Accord de libre-échange Canada-Pérou (ALECP)
*Accord sur les marchés publics de l'Organisation mondiale du commerce (AMP-OMC)
*Accord de Partenariat transpacifique global et progressiste (PTPGP)
*Accord de libre-échange Canada-Colombie
*d'autres accords commerciaux non répertoriés ici peuvent s'appliquer
*Accord de continuité commerciale Canada–Royaume-Uni (ACC Canada-Royaume-Uni)","","","Bell Textron Canada Limited","Bell Textron Canada Limited","BELL HELICOPTER TEXTRON CANADA LTD","BELL HELICOPTER TEXTRON CANADA LTD","Bell Textron Canada Limited","Bell Textron Canada Limited","1000 to 1499 employees","1000 à 1499 employés","12 800 rue de l'Avenir","12 800 rue de l'Avenir","Mirabel","Mirabel","Quebec","Quebec","J7J1R4","Canada","Canada","Public Works and Government Services Canada","Travaux publics et Services gouvernementaux Canada","","","","","","","","","","Transport Canada","Transports Canada","AIRCRAFT SERVICES DIRECTORATE","N/D","200 COMET PRIVATE,OTTAWA,Ontario,K1V9B2,Canada","200 COMET PRIVATE,OTTAWA,Ontario,K1V9B2,Canada","","","","","","","","","","","","","","","",""
"CANADA WEST AVIONICS LTD (T8493-230031/002/CAG~000)","CANADA WEST AVIONICS LTD (T8493-230031/002/CAG~000)","T8493-230031/002/CAG","000","T8493-230031","","T8493-230031/002/CAG","1","2024-07-27","2023-09-14","","","2024-09-14","170.00","170.00","CAD","","","","","","","*JX1680","*Miscellaneous Aircraft Accessories and Components (Military) - Repair and Overhaul","*Accessoires et composants divers pour aéronefs (militaires) - réparation et révision","","","","*SRVTGD","","","Competitive - Open bidding","Concurrentielle - Invitation ouverte à soumissionner","Highest Combined Rating of Technical Merit and Price","Cote combinée la plus élevée pour le mérite technique et le prix","","","*Canada-European Union Comprehensive Economic and Trade Agreement (CETA)
*Comprehensive and Progressive Agreement for Trans-Pacific Partnership (CPTPP)
*Canada-Colombia Free Trade Agreement
* Other trade agreements not listed here may apply
*Canada-Chile Free Trade Agreement (CCFTA)
*World Trade Organization Agreement on Government Procurement (WTO GPA)
*Canada-Peru Free Trade Agreement (CPFTA)
*Canada-Panama Free Trade Agreement
*Canada-UK Trade Continuity Agreement (Canada-UK TCA)","*Accord économique et commercial global (AECG) entre le Canada et l’Union européenne (UE)
*Accord de Partenariat transpacifique global et progressiste (PTPGP)
*Accord de libre-échange Canada-Colombie
*d'autres accords commerciaux non répertoriés ici peuvent s'appliquer
*Accord de libre-échange Canada-Chili (ALECC)
*Accord sur les marchés publics de l'Organisation mondiale du commerce (AMP-OMC)
*Accord de libre-échange Canada-Pérou (ALECP)
*Accord de libre-échange Canada-Panama
*Accord de continuité commerciale Canada–Royaume-Uni (ACC Canada-Royaume-Uni)","","","Canada West Avionics Ltd","Canada West Avionics Ltd","CANADA WEST AVIONICS LTD","CANADA WEST AVIONICS LTD","Canada West Avionics Ltd","Canada West Avionics Ltd","10 to 19 employees","10 à 19 employés","Canada West Avionics Ltd<br>Unit 3, 7630 Montreal Street","Canada West Avionics Ltd<br>Unit 3, 7630 Montreal Street","Delta","Delta","British Columbia","British Columbia","V4K0A7","Canada","Canada","Public Works and Government Services Canada","Travaux publics et Services gouvernementaux Canada","","","","","","","","","","Transport Canada","Transports Canada","AIRCRAFT SERVICES DIRECTORATE","N/D","200 COMET PRIVATE,OTTAWA,Ontario,K1V9B2,Canada","200 COMET PRIVATE,OTTAWA,Ontario,K1V9B2,Canada","","","","","","","","","","","","","","","",""
"BELL HELICOPTER TEXTRON CANADA LTD (T8493-230034/001/CAG~000)","BELL HELICOPTER TEXTRON CANADA LTD (T8493-230034/001/CAG~000)","T8493-230034/001/CAG","000","T8493-230034","","T8493-230034/001/CAG","1","2023-09-22","2023-09-05","","","2023-11-30","74162.00","74162.00","CAD","","","","","","","*JX1680","*Miscellaneous Aircraft Accessories and Components (Military) - Repair and Overhaul","*Accessoires et composants divers pour aéronefs (militaires) - réparation et révision","","","","*SRVTGD","","","Competitive - Traditional","Concurrentielle - Traditionnelle","Highest Combined Rating of Technical Merit and Price","Cote combinée la plus élevée pour le mérite technique et le prix","","","*Canadian Free Trade Agreement (CFTA)","*Accord de libre-échange canadien (ALEC)","","","Bell Textron Canada Limited","Bell Textron Canada Limited","BELL HELICOPTER TEXTRON CANADA LTD","BELL HELICOPTER TEXTRON CANADA LTD","Bell Textron Canada Limited","Bell Textron Canada Limited","1000 to 1499 employees","1000 à 1499 employés","12 800 rue de l'Avenir","12 800 rue de l'Avenir","Mirabel","Mirabel","Quebec","Quebec","J7J1R4","Canada","Canada","Public Works and Government Services Canada","Travaux publics et Services gouvernementaux Canada","","","","","","","","","","Transport Canada","Transports Canada","AIRCRAFT SERVICES DIRECTORATE","N/D","200 COMET PRIVATE,OTTAWA,Ontario,K1V9B2,Canada","200 COMET PRIVATE,OTTAWA,Ontario,K1V9B2,Canada","","","","","","","","","","","","","","","",""
"AERO SUPPLIES INC (T8493-230035/001/CAG~000)","AERO SUPPLIES INC (T8493-230035/001/CAG~000)","T8493-230035/001/CAG","000","T8493-230035","","T8493-230035/001/CAG","1","2023-09-22","2023-09-06","","","2023-10-30","67275.00","67275.00","CAD","","","","","","","*JX1680","*Miscellaneous Aircraft Accessories and Components (Military) - Repair and Overhaul","*Accessoires et composants divers pour aéronefs (militaires) - réparation et révision","","","","*SRVTGD","","","Competitive - Traditional","Concurrentielle - Traditionnelle","Highest Combined Rating of Technical Merit and Price","Cote combinée la plus élevée pour le mérite technique et le prix","","","*Canadian Free Trade Agreement (CFTA)","*Accord de libre-échange canadien (ALEC)","","","AERO SUPPLIES INC.","AERO SUPPLIES INC.","AERO SUPPLIES INC","AERO SUPPLIES INC","AERO SUPPLIES INC.","AERO SUPPLIES INC.","5 to 9 employees","5 à 9 employés","7486 Bath Road","7486 Bath Road","MISSISSAUGA","MISSISSAUGA","Ontario","Ontario","L4T1L2","Canada","Canada","Public Works and Government Services Canada","Travaux publics et Services gouvernementaux Canada","","","","","","","","","","Transport Canada","Transports Canada","AIRCRAFT SERVICES DIRECTORATE","N/D","200 COMET PRIVATE,OTTAWA,Ontario,K1V9B2,Canada","200 COMET PRIVATE,OTTAWA,Ontario,K1V9B2,Canada","","","","","","","","","","","","","","","",""
"BELL HELICOPTER TEXTRON CANADA LTD (T8493-230037/001/CAG~000)","BELL HELICOPTER TEXTRON CANADA LTD (T8493-230037/001/CAG~000)","T8493-230037/001/CAG","000","T8493-230037","","T8493-230037/001/CAG","1","2023-10-25","2023-10-12","","","2023-12-30","19561.00","19561.00","CAD","","","","","","","*JX1680","*Miscellaneous Aircraft Accessories and Components (Military) - Repair and Overhaul","*Accessoires et composants divers pour aéronefs (militaires) - réparation et révision","","","","*SRVTGD","","","Competitive - Traditional","Concurrentielle - Traditionnelle","Highest Combined Rating of Technical Merit and Price","Cote combinée la plus élevée pour le mérite technique et le prix","","","*Canadian Free Trade Agreement (CFTA)","*Accord de libre-échange canadien (ALEC)","","","Bell Textron Canada Limited","Bell Textron Canada Limited","BELL HELICOPTER TEXTRON CANADA LTD","BELL HELICOPTER TEXTRON CANADA LTD","Bell Textron Canada Limited","Bell Textron Canada Limited","1000 to 1499 employees","1000 à 1499 employés","12 800 rue de l'Avenir","12 800 rue de l'Avenir","Mirabel","Mirabel","Quebec","Quebec","J7J1R4","Canada","Canada","Public Works and Government Services Canada","Travaux publics et Services gouvernementaux Canada","","","","","","","","","","Transport Canada","Transports Canada","AIRCRAFT SERVICES DIRECTORATE","N/D","200 COMET PRIVATE,OTTAWA,Ontario,K1V9B2,Canada","200 COMET PRIVATE,OTTAWA,Ontario,K1V9B2,Canada","","","","","","","","","","","","","","","",""
"MHD - ROCKLAND INC (T8493-230040/001/CAG~000)","MHD - ROCKLAND INC (T8493-230040/001/CAG~000)","T8493-230040/001/CAG","000","T8493-230040","","T8493-230040/001/CAG","1","2023-10-25","2023-10-03","","","2024-10-03","19783.00","19783.00","CAD","","","","","","","*JX1680","*Miscellaneous Aircraft Accessories and Components (Military) - Repair and Overhaul","*Accessoires et composants divers pour aéronefs (militaires) - réparation et révision","","","","*SRVTGD","","","Competitive - Open bidding","Concurrentielle - Invitation ouverte à soumissionner","Highest Combined Rating of Technical Merit and Price","Cote combinée la plus élevée pour le mérite technique et le prix","","","*Canadian Free Trade Agreement (CFTA)","*Accord de libre-échange canadien (ALEC)","","","MHD - ROCKLAND INC.","MHD - ROCKLAND INC.","MHD - ROCKLAND INC","MHD - ROCKLAND INC","MHD - ROCKLAND INC.","MHD - ROCKLAND INC.","20 to 49 employees","20 à 49 employés","21250 Industrial Blvd.","21250 Industrial Blvd.","Sainte-Anne-de-Bellevue","Sainte-Anne-de-Bellevue","Quebec","Quebec","H9X0B4","Canada","Canada","Public Works and Government Services Canada","Travaux publics et Services gouvernementaux Canada","","","","","","","","","","Transport Canada","Transports Canada","AIRCRAFT SERVICES DIRECTORATE","N/D","200 COMET PRIVATE,OTTAWA,Ontario,K1V9B2,Canada","200 COMET PRIVATE,OTTAWA,Ontario,K1V9B2,Canada","","","","","","","","","","","","","","","",""
"BELL HELICOPTER TEXTRON CANADA LTD (T8493-230041/001/CAG~000)","BELL HELICOPTER TEXTRON CANADA LTD (T8493-230041/001/CAG~000)","T8493-230041/001/CAG","000","T8493-230041","","T8493-230041/001/CAG","1","2023-10-25","2023-09-25","","","2023-12-30","96433.00","96433.00","CAD","","","","","","","*JX1680","*Miscellaneous Aircraft Accessories and Components (Military) - Repair and Overhaul","*Accessoires et composants divers pour aéronefs (militaires) - réparation et révision","","","","*SRVTGD","","","Competitive - Traditional","Concurrentielle - Traditionnelle","Highest Combined Rating of Technical Merit and Price","Cote combinée la plus élevée pour le mérite technique et le prix","","","*Canadian Free Trade Agreement (CFTA)","*Accord de libre-échange canadien (ALEC)","","","Bell Textron Canada Limited","Bell Textron Canada Limited","BELL HELICOPTER TEXTRON CANADA LTD","BELL HELICOPTER TEXTRON CANADA LTD","Bell Textron Canada Limited","Bell Textron Canada Limited","1000 to 1499 employees","1000 à 1499 employés","12 800 rue de l'Avenir","12 800 rue de l'Avenir","Mirabel","Mirabel","Quebec","Quebec","J7J1R4","Canada","Canada","Public Works and Government Services Canada","Travaux publics et Services gouvernementaux Canada","","","","","","","","","","Transport Canada","Transports Canada","AIRCRAFT SERVICES DIRECTORATE","N/D","200 COMET PRIVATE,OTTAWA,Ontario,K1V9B2,Canada","200 COMET PRIVATE,OTTAWA,Ontario,K1V9B2,Canada","","","","","","","","","","","","","","","",""
"AERO SUPPLIES INC (T8493-230045/001/CAG~000)","AERO SUPPLIES INC (T8493-230045/001/CAG~000)","T8493-230045/001/CAG","000","T8493-230045","","T8493-230045/001/CAG","1","2023-10-25","2023-10-06","","","2023-12-30","138001.00","138001.00","CAD","","","","","","","*JX1680","*Miscellaneous Aircraft Accessories and Components (Military) - Repair and Overhaul","*Accessoires et composants divers pour aéronefs (militaires) - réparation et révision","","","","*SRVTGD","","","Competitive - Traditional","Concurrentielle - Traditionnelle","Highest Combined Rating of Technical Merit and Price","Cote combinée la plus élevée pour le mérite technique et le prix","","","*Canadian Free Trade Agreement (CFTA)","*Accord de libre-échange canadien (ALEC)","","","AERO SUPPLIES INC.","AERO SUPPLIES INC.","AERO SUPPLIES INC","AERO SUPPLIES INC","AERO SUPPLIES INC.","AERO SUPPLIES INC.","5 to 9 employees","5 à 9 employés","7486 Bath Road","7486 Bath Road","MISSISSAUGA","MISSISSAUGA","Ontario","Ontario","L4T1L2","Canada","Canada","Public Works and Government Services Canada","Travaux publics et Services gouvernementaux Canada","","","","","","","","","","Transport Canada","Transports Canada","AIRCRAFT SERVICES DIRECTORATE","N/D","200 COMET PRIVATE,OTTAWA,Ontario,K1V9B2,Canada","200 COMET PRIVATE,OTTAWA,Ontario,K1V9B2,Canada","","","","","","","","","","","","","","","",""
"AERO SUPPLIES INC (T8493-230064/001/CAG~000)","AERO SUPPLIES INC (T8493-230064/001/CAG~000)","T8493-230064/001/CAG","000","T8493-230064","","T8493-230064/001/CAG","1","2024-01-31","2024-01-08","","","2024-01-31","125995.00","125995.00","CAD","","","","","","","*JX1680","*Miscellaneous Aircraft Accessories and Components (Military) - Repair and Overhaul","*Accessoires et composants divers pour aéronefs (militaires) - réparation et révision","","","","*SRVTGD","","","Competitive - Traditional","Concurrentielle - Traditionnelle","Highest Combined Rating of Technical Merit and Price","Cote combinée la plus élevée pour le mérite technique et le prix","","","*Canadian Free Trade Agreement (CFTA)","*Accord de libre-échange canadien (ALEC)","","","AERO SUPPLIES INC.","AERO SUPPLIES INC.","AERO SUPPLIES INC","AERO SUPPLIES INC","AERO SUPPLIES INC.","AERO SUPPLIES INC.","5 to 9 employees","5 à 9 employés","7486 Bath Road","7486 Bath Road","MISSISSAUGA","MISSISSAUGA","Ontario","Ontario","L4T1L2","Canada","Canada","Public Works and Government Services Canada","Travaux publics et Services gouvernementaux Canada","","","","","","","","","","Transport Canada / Transport Canada","Transports Canada / Transports Canada","AIRCRAFT SERVICES DIRECTORATE / AIRCRAFT SERVICES DIRECTORATE","N/D / N/D","200 COMET PRIVATE,OTTAWA,Ontario,K1V9B2,Canada / 200 COMET PRIVATE,OTTAWA,Ontario,K1V9B2,Canada","200 COMET PRIVATE,OTTAWA,Ontario,K1V9B2,Canada / 200 COMET PRIVATE,OTTAWA,Ontario,K1V9B2,Canada","","","","","","","","","","","","","","","",""
"PHP CANADA (T8493-230066/001/CAG~000)","PHP CANADA (T8493-230066/001/CAG~000)","T8493-230066/001/CAG","000","T8493-230066","","T8493-230066/001/CAG","1","2024-01-31","2024-01-12","","","2025-03-31","27730.00","27730.00","CAD","","","","","","","*JX1680","*Miscellaneous Aircraft Accessories and Components (Military) - Repair and Overhaul","*Accessoires et composants divers pour aéronefs (militaires) - réparation et révision","","","","*SRVTGD","","","Competitive - Open bidding","Concurrentielle - Invitation ouverte à soumissionner","Highest Combined Rating of Technical Merit and Price","Cote combinée la plus élevée pour le mérite technique et le prix","","","*Canadian Free Trade Agreement (CFTA)","*Accord de libre-échange canadien (ALEC)","","","Precision Heliparts Canada ULC","Precision Heliparts Canada ULC","PHP CANADA","PHP CANADA","PHP Canada","PHP Canada","10 to 19 employees","10 à 19 employés","Unit 305<br>19133 26th Avenue","Unit 305<br>19133 26th Avenue","Surrey","Surrey","British Columbia","British Columbia","V3Z3V7","Canada","Canada","Public Works and Government Services Canada","Travaux publics et Services gouvernementaux Canada","","","","","","","","","","Transport Canada / Transport Canada","Transports Canada / Transports Canada","AIRCRAFT SERVICES DIRECTORATE / AIRCRAFT SERVICES DIRECTORATE","N/D / N/D","200 COMET PRIVATE,OTTAWA,Ontario,K1V9B2,Canada / 200 COMET PRIVATE,OTTAWA,Ontario,K1V9B2,Canada","200 COMET PRIVATE,OTTAWA,Ontario,K1V9B2,Canada / 200 COMET PRIVATE,OTTAWA,Ontario,K1V9B2,Canada","","","","","","","","","","","","","","","",""
"PHP CANADA (T8493-230074/001/CAG~000)","PHP CANADA (T8493-230074/001/CAG~000)","T8493-230074/001/CAG","000","T8493-230074","","T8493-230074/001/CAG","1","2024-01-31","2024-01-15","","","2024-03-31","25767.00","25767.00","CAD","","","","","","","*JX1680","*Miscellaneous Aircraft Accessories and Components (Military) - Repair and Overhaul","*Accessoires et composants divers pour aéronefs (militaires) - réparation et révision","","","","*SRVTGD","","","Competitive - Traditional","Concurrentielle - Traditionnelle","Highest Combined Rating of Technical Merit and Price","Cote combinée la plus élevée pour le mérite technique et le prix","","","*Canadian Free Trade Agreement (CFTA)","*Accord de libre-échange canadien (ALEC)","","","Precision Heliparts Canada ULC","Precision Heliparts Canada ULC","PHP CANADA","PHP CANADA","PHP Canada","PHP Canada","10 to 19 employees","10 à 19 employés","Unit 305<br>19133 26th Avenue","Unit 305<br>19133 26th Avenue","Surrey","Surrey","British Columbia","British Columbia","V3Z3V7","Canada","Canada","Public Works and Government Services Canada","Travaux publics et Services gouvernementaux Canada","","","","","","","","","","Transport Canada / Transport Canada","Transports Canada / Transports Canada","AIRCRAFT SERVICES DIRECTORATE / AIRCRAFT SERVICES DIRECTORATE","N/D / N/D","200 COMET PRIVATE,OTTAWA,Ontario,K1V9B2,Canada / 200 COMET PRIVATE,OTTAWA,Ontario,K1V9B2,Canada","200 COMET PRIVATE,OTTAWA,Ontario,K1V9B2,Canada / 200 COMET PRIVATE,OTTAWA,Ontario,K1V9B2,Canada","","","","","","","","","","","","","","","",""
"BELL HELICOPTER TEXTRON CANADA LTD (T8493-230078/001/CAG~000)","BELL HELICOPTER TEXTRON CANADA LTD (T8493-230078/001/CAG~000)","T8493-230078/001/CAG","000","T8493-230078","","T8493-230078/001/CAG","1","2024-03-05","2024-01-26","","","2025-03-31","32168.00","32168.00","CAD","","","","","","","*JX1680","*Miscellaneous Aircraft Accessories and Components (Military) - Repair and Overhaul","*Accessoires et composants divers pour aéronefs (militaires) - réparation et révision","","","","*SRVTGD","","","Competitive - Open bidding","Concurrentielle - Invitation ouverte à soumissionner","Highest Combined Rating of Technical Merit and Price","Cote combinée la plus élevée pour le mérite technique et le prix","","","*Canadian Free Trade Agreement (CFTA)","*Accord de libre-échange canadien (ALEC)","","","Bell Textron Canada Limited","Bell Textron Canada Limited","BELL HELICOPTER TEXTRON CANADA LTD","BELL HELICOPTER TEXTRON CANADA LTD","Bell Textron Canada Limited","Bell Textron Canada Limited","1000 to 1499 employees","1000 à 1499 employés","12 800 rue de l'Avenir","12 800 rue de l'Avenir","Mirabel","Mirabel","Quebec","Quebec","J7J1R4","Canada","Canada","Public Works and Government Services Canada","Travaux publics et Services gouvernementaux Canada","","","","","","","","","","Transport Canada","Transports Canada","AIRCRAFT SERVICES DIRECTORATE","N/D","200 COMET PRIVATE,OTTAWA,Ontario,K1V9B2,Canada","200 COMET PRIVATE,OTTAWA,Ontario,K1V9B2,Canada","","","","","","","","","","","","","","","",""
"AERO SUPPLIES INC (T8493-230079/001/CAG~000)","AERO SUPPLIES INC (T8493-230079/001/CAG~000)","T8493-230079/001/CAG","000","T8493-230079","","T8493-230079/001/CAG","1","2024-03-05","2024-01-25","","","2024-03-31","46895.00","46895.00","CAD","","","","","","","*JX1680","*Miscellaneous Aircraft Accessories and Components (Military) - Repair and Overhaul","*Accessoires et composants divers pour aéronefs (militaires) - réparation et révision","","","","*SRVTGD","","","Competitive - Traditional","Concurrentielle - Traditionnelle","Highest Combined Rating of Technical Merit and Price","Cote combinée la plus élevée pour le mérite technique et le prix","","","*Canadian Free Trade Agreement (CFTA)","*Accord de libre-échange canadien (ALEC)","","","AERO SUPPLIES INC.","AERO SUPPLIES INC.","AERO SUPPLIES INC","AERO SUPPLIES INC","AERO SUPPLIES INC.","AERO SUPPLIES INC.","5 to 9 employees","5 à 9 employés","7486 Bath Road","7486 Bath Road","MISSISSAUGA","MISSISSAUGA","Ontario","Ontario","L4T1L2","Canada","Canada","Public Works and Government Services Canada","Travaux publics et Services gouvernementaux Canada","","","","","","","","","","Transport Canada","Transports Canada","AIRCRAFT SERVICES DIRECTORATE","N/D","200 COMET PRIVATE,OTTAWA,Ontario,K1V9B2,Canada","200 COMET PRIVATE,OTTAWA,Ontario,K1V9B2,Canada","","","","","","","","","","","","","","","",""
"UNITED STATES DEPARTMENT OF THE ARMY (USASAC) (W8485-258251/001/USW~000)","UNITED STATES DEPARTMENT OF THE ARMY (USASAC) (W8485-258251/001/USW~000)","W8485-258251/001/USW","000","W8485-258251","","W8485-258251/001/USW","1","2025-09-05","2025-07-18","","","2032-07-18","2105326.00","2105326.00","CAD","","","","","","","*JX1680","*Miscellaneous Aircraft Accessories and Components (Military) - Repair and Overhaul","*Accessoires et composants divers pour aéronefs (militaires) - réparation et révision","","","","*SRVTGD","","","Non-competitive","Non concurrentielle","Government Objectives Representing Best Interests/Value to Govt","Objectifs gouvern.  représentant  les meilleurs intérets/valeur pour l'État","","","","","","","UNITED STATES DEPARTMENT OF THE ARMY (USASAC)","UNITED STATES DEPARTMENT OF THE ARMY (USASAC)","UNITED STATES DEPARTMENT OF THE ARMY (USASAC)","UNITED STATES DEPARTMENT OF THE ARMY (USASAC)","UNITED STATES DEPARTMENT OF THE ARMY (USASAC)","UNITED STATES DEPARTMENT OF THE ARMY (USASAC)","5 to 9 employees","5 à 9 employés","7613 CARDINAL ROAD","7613 CARDINAL ROAD","REDSTONE ARSENAL","REDSTONE ARSENAL","Alabama","Alabama","35898-5000","United States","United States","Public Works and Government Services Canada","Travaux publics et Services gouvernementaux Canada","","","","","","","","","","Department of National Defence","Ministère de la défense nationale","NDHQ","N/D","DGAEPM<br>101 COLONEL BY DR.,OTTAWA,Ontario,K1A0K2,Canada","DGAEPM<br>101 COLONEL BY DR.,OTTAWA,Ontario,K1A0K2,Canada","","","","","","","","","","","","","","","",""
"AERO SUPPLIES INC (T8493-230018/001/CAG~000)","AERO SUPPLIES INC (T8493-230018/001/CAG~000)","T8493-230018/001/CAG","000","T8493-230018","","T8493-230018/001/CAG","1","2023-08-23","2023-08-15","","","2023-09-30","44285.00","44285.00","CAD","","","","","","","*JX1680A","*Miscellaneous Aircraft Accessories and Components - Repair and Overhaul","*Accessoires et composants divers pour aéronefs - réparation et révision","","","","*SRVTGD","","","Competitive - Traditional","Concurrentielle - Traditionnelle","Lowest Price","Prix le plus bas","","","*Canadian Free Trade Agreement (CFTA)","*Accord de libre-échange canadien (ALEC)","","","AERO SUPPLIES INC.","AERO SUPPLIES INC.","AERO SUPPLIES INC","AERO SUPPLIES INC","AERO SUPPLIES INC.","AERO SUPPLIES INC.","5 to 9 employees","5 à 9 employés","7486 Bath Road","7486 Bath Road","MISSISSAUGA","MISSISSAUGA","Ontario","Ontario","L4T1L2","Canada","Canada","Public Works and Government Services Canada","Travaux publics et Services gouvernementaux Canada","","","","","","","","","","Transport Canada","Transports Canada","AIRCRAFT SERVICES DIRECTORATE","N/D","200 COMET PRIVATE,OTTAWA,Ontario,K1V9B2,Canada","200 COMET PRIVATE,OTTAWA,Ontario,K1V9B2,Canada","","","","","","","","","","","","","","","",""
"SIMEX DEFENCE INC / DEFENSE SIMEX INC (T8493-230020/001/CAG~000)","SIMEX DEFENCE INC / DEFENSE SIMEX INC (T8493-230020/001/CAG~000)","T8493-230020/001/CAG","000","T8493-230020","","T8493-230020/001/CAG","2","2023-09-22","2023-08-22","","","2024-08-22","42886.00","42886.00","CAD","","","","","","","*JX1680A","*Miscellaneous Aircraft Accessories and Components - Repair and Overhaul","*Accessoires et composants divers pour aéronefs - réparation et révision","","","","*SRVTGD","","","Competitive - Open bidding","Concurrentielle - Invitation ouverte à soumissionner","Lowest Price","Prix le plus bas","","","","","","","SIMEX DEFENCE INC. / DEFENSE SIMEX INC.","SIMEX DEFENCE INC. / DEFENSE SIMEX INC.","SIMEX DEFENCE INC / DEFENSE SIMEX INC","SIMEX DEFENCE INC / DEFENSE SIMEX INC","SIMEX DEFENCE INC. / DEFENSE SIMEX INC.","SIMEX DEFENCE INC. / DEFENSE SIMEX INC.","10 to 19 employees","10 à 19 employés","216 Brunswick Blvd.","216 Brunswick Blvd.","Pointe-Claire","Pointe-Claire","Quebec","Quebec","H9R1A6","Canada","Canada","Public Works and Government Services Canada","Travaux publics et Services gouvernementaux Canada","","","","","","","","","","Transport Canada","Transports Canada","CHIEF SUP.OFFICER","N/D","AIRCRAFT SERVICES DIRECTORATE<br>200 COMET PRIVATE,OTTAWA,Ontario,K1V9B2,Canada","AIRCRAFT SERVICES DIRECTORATE<br>200 COMET PRIVATE,OTTAWA,Ontario,K1V9B2,Canada","","","","","","","","","","","","","","","",""
"UNITED STATES DEPARTMENT OF THE AIR FORCE (AFSAC) (W8474-238413/001/USW~000)","UNITED STATES DEPARTMENT OF THE AIR FORCE (AFSAC) (W8474-238413/001/USW~000)","W8474-238413/001/USW","000","W8474-238413","","W8474-238413/001/USW","2","2024-05-28","2024-05-10","","","2031-05-31","171419294.00","171419293.00","CAD","","","","","","","*D399BB","*Telecommunications - Satellite Services","*Télécommunications - services par satellite","","","","*SRV","","","Non-competitive","Non concurrentielle","Government Objectives Representing Best Interests/Value to Govt","Objectifs gouvern.  représentant  les meilleurs intérets/valeur pour l'État","","","*None","*Aucun","","","UNITED STATES DEPARTMENT OF THE AIR FORCE (AFSAC)","UNITED STATES DEPARTMENT OF THE AIR FORCE (AFSAC)","UNITED STATES DEPARTMENT OF THE AIR FORCE (AFSAC)","UNITED STATES DEPARTMENT OF THE AIR FORCE (AFSAC)","Not applicable","Not applicable","UNKNOWN","INCONNU","1822 VAN PATTON DRIVE","1822 VAN PATTON DRIVE","WP AFB","WP AFB","Ohio","Ohio","45433","United States","United States","Public Works and Government Services Canada","Travaux publics et Services gouvernementaux Canada","","","","","","","","","","Department of National Defence","Ministère de la défense nationale","NDHQ","QGDN","101 COLONEL BY DRIVE,OTTAWA,Ontario,K1A0K2,Canada","101 COLONEL BY DRIVE,OTTAWA,Ontario,K1A0K2,Canada","","","","","","","","","","","","","","","",""
"TELESAT CANADA (W8474-238288/001/QD~000)","TELESAT CANADA (W8474-238288/001/QD~000)","W8474-238288/001/QD","000","W8474-238288","","W8474-238288/001/QD","7","2024-08-27","2024-07-26","","","2029-07-31","7062500.00","7062500.00","CAD","","","","","","","*J019A","*Maintenance, Repair, Modification, Rebuilding & Installation of Equipment related to Ships","*Entretien, réparation, modification, réflection, et installation de biens et d'équipement afférents aux navires","","","","*SRVTGD","","","Non-competitive","Non concurrentielle","","","Exclusive Rights","Droits exclusifs","*Canadian Free Trade Agreement (CFTA)","*Accord de libre-échange canadien (ALEC)","","","Telesat Canada","Telesat Canada","TELESAT CANADA","TELESAT CANADA","Telesat Canada","Telesat Canada","500 to 999 employees","500  à  999 employés","160 Elgin<br>Suite 2100","160 Elgin<br>Suite 2100","Ottawa","Ottawa","Ontario","Ontario","K2P2P7","Canada","Canada","Public Works and Government Services Canada","Travaux publics et Services gouvernementaux Canada","","","","","","","","","","Department of National Defence","Ministère de la défense nationale","NDHQ","QGDN","101 COLONEL BY DRIVE,OTTAWA,Ontario,K1A0K2,Canada","101 COLONEL BY DRIVE,OTTAWA,Ontario,K1A0K2,Canada","","","","","","","","","","","","","","","",""
"GEOSPECTRUM TECHNOLOGIES INC (W8482-241840/001/QF~000)","GEOSPECTRUM TECHNOLOGIES INC (W8482-241840/001/QF~000)","W8482-241840/001/QF","000","W8482-241840","","W8482-241840/001/QF","1","2024-06-27","2024-05-23","","","2033-03-31","546717.00","546717.00","CAD","","","","","","","*J019A","*Maintenance, Repair, Modification, Rebuilding & Installation of Equipment related to Ships","*Entretien, réparation, modification, réflection, et installation de biens et d'équipement afférents aux navires","","","","*SRVTGD","","","Non-competitive","Non concurrentielle","","","Exclusive Rights","Droits exclusifs","*None","*Aucun","","","GeoSpectrum Technologies Inc.","GeoSpectrum Technologies Inc.","GEOSPECTRUM TECHNOLOGIES INC","GEOSPECTRUM TECHNOLOGIES INC","GeoSpectrum Technologies Inc.","GeoSpectrum Technologies Inc.","1 to 4 employees","1 à 4 employés","10 Akerley Boulevard, Unit 19","10 Akerley Boulevard, Unit 19","Dartmouth","Dartmouth","Nova Scotia","Nova Scotia","B3B1J4","Canada","Canada","Public Works and Government Services Canada","Travaux publics et Services gouvernementaux Canada","","","","","","","","","","Department of National Defence","Ministère de la défense nationale","NDHQ","N/D","ATTN DGMEPM NP - DMARP<br>101 COLONEL BY DR.,OTTAWA,Ontario,K1A0K2,Canada","ATTN DGMEPM NP - DMARP<br>101 COLONEL BY DR.,OTTAWA,Ontario,K1A0K2,Canada","","","","","","","","","","","","","","","",""
"UNITED STATES DEPARTMENT OF THE NAVY (NAVAIR) (W8485-237354/001/USW~000)","UNITED STATES DEPARTMENT OF THE NAVY (NAVAIR) (W8485-237354/001/USW~000)","W8485-237354/001/USW","000","W8485-237354","","W8485-237354/001/USW","1","2024-01-31","2023-12-01","","","2028-10-31","4997801.00","4997801.00","CAD","","","","","","","*JD5865","*ELECTRONIC COUNTERMEASURES, COUNTER-COUNTERMEASURES AND QUICK REACTION CAPABILITY EQUIPMENT - PRODUCTION DESIGN","*Équipements de contre-mesures et d'anti-contre-mesures électroniques et équipements à capacité de réaction rapide -dessin de production","","","","*SRVTGD","","","Non-competitive","Non concurrentielle","Government Objectives Representing Best Interests/Value to Govt","Objectifs gouvern.  représentant  les meilleurs intérets/valeur pour l'État","","","*None","*Aucun","","","UNITED STATES DEPARTMENT OF THE NAVY (NAVAIR)","UNITED STATES DEPARTMENT OF THE NAVY (NAVAIR)","UNITED STATES DEPARTMENT OF THE NAVY (NAVAIR)","UNITED STATES DEPARTMENT OF THE NAVY (NAVAIR)","Not applicable","Not applicable","UNKNOWN","INCONNU","2521 South Clark Street<br>Suite 800","2521 South Clark Street<br>Suite 800","Arlington","Arlington","Virginia","Virginia","22202-3928","United States","United States","Public Works and Government Services Canada","Travaux publics et Services gouvernementaux Canada","","","","","","","","","","Department of National Defence / Department of National Defence","Ministère de la défense nationale / Ministère de la défense nationale","NDHQ / NDHQ","N/D / N/D","DGAEPM<br>101 COLONEL BY DR.,OTTAWA,Ontario,K1A0K2,Canada / DGAEPM<br>101 COLONEL BY DR.,OTTAWA,Ontario,K1A0K2,Canada","DGAEPM<br>101 COLONEL BY DR.,OTTAWA,Ontario,K1A0K2,Canada / DGAEPM<br>101 COLONEL BY DR.,OTTAWA,Ontario,K1A0K2,Canada","","","","","","","","","","","","","","","",""
"UNITED STATES DEPARTMENT OF THE AIR FORCE (AFSAC) (W8485-237392/001/USW~000)","UNITED STATES DEPARTMENT OF THE AIR FORCE (AFSAC) (W8485-237392/001/USW~000)","W8485-237392/001/USW","000","W8485-237392","","W8485-237392/001/USW","1","2024-05-28","2024-05-07","","","2031-05-30","2595936.00","2595936.00","CAD","","","","","","","*JX1510","*Aircraft, Fixed Wing - (Military) Repair and Overhaul","*Aéronef à voilure fixe - réparation","","","","*SRVTGD","","","Non-competitive","Non concurrentielle","Government Objectives Representing Best Interests/Value to Govt","Objectifs gouvern.  représentant  les meilleurs intérets/valeur pour l'État","","","*None","*Aucun","","","UNITED STATES DEPARTMENT OF THE AIR FORCE (AFSAC)","UNITED STATES DEPARTMENT OF THE AIR FORCE (AFSAC)","UNITED STATES DEPARTMENT OF THE AIR FORCE (AFSAC)","UNITED STATES DEPARTMENT OF THE AIR FORCE (AFSAC)","Not applicable","Not applicable","UNKNOWN","INCONNU","1822 VAN PATTON DRIVE","1822 VAN PATTON DRIVE","WP AFB","WP AFB","Ohio","Ohio","45433","United States","United States","Public Works and Government Services Canada","Travaux publics et Services gouvernementaux Canada","","","","","","","","","","Department of National Defence","Ministère de la défense nationale","NDHQ","N/D","DGAEPM<br>101 COLONEL BY DR.,OTTAWA,Ontario,K1A0K2,Canada","DGAEPM<br>101 COLONEL BY DR.,OTTAWA,Ontario,K1A0K2,Canada","","","","","","","","","","","","","","","",""
"UNITED STATES DEPARTMENT OF THE NAVY (NAVAIR) (W8485-247626/001/USW~000)","UNITED STATES DEPARTMENT OF THE NAVY (NAVAIR) (W8485-247626/001/USW~000)","W8485-247626/001/USW","000","W8485-247626","","W8485-247626/001/USW","2","2024-04-29","2024-04-11","","","2033-06-30","33187039.00","33187039.00","CAD","","","","","","","*JX1510A","*Aircraft, Fixed Wing - Repair and Overhaul (Military)","*Aéronef, aile fixe, militaires - réparation et révision","","","","*SRVTGD","","","Non-competitive","Non concurrentielle","Government Objectives Representing Best Interests/Value to Govt","Objectifs gouvern.  représentant  les meilleurs intérets/valeur pour l'État","","","*None","*Aucun","","","UNITED STATES DEPARTMENT OF THE NAVY (NAVAIR)","UNITED STATES DEPARTMENT OF THE NAVY (NAVAIR)","UNITED STATES DEPARTMENT OF THE NAVY (NAVAIR)","UNITED STATES DEPARTMENT OF THE NAVY (NAVAIR)","Not applicable","Not applicable","UNKNOWN","INCONNU","2521 South Clark Street<br>Suite 800","2521 South Clark Street<br>Suite 800","Arlington","Arlington","Virginia","Virginia","22202-3928","United States","United States","Public Works and Government Services Canada","Travaux publics et Services gouvernementaux Canada","","","","","","","","","","Department of National Defence","Ministère de la défense nationale","X","N/D","7 CF SUPPLY DEPOT<br>STN FORCES P.O.BOX 10500,EDMONTON,Alberta,T5J4J5,Canada","7 CF SUPPLY DEPOT<br>STN FORCES P.O.BOX 10500,EDMONTON,Alberta,T5J4J5,Canada","","","","","","","","","","","","","","","",""
"BELL HELICOPTER TEXTRON CANADA LTD (T8493-230006/001/CAG~000)","BELL HELICOPTER TEXTRON CANADA LTD (T8493-230006/001/CAG~000)","T8493-230006/001/CAG","000","T8493-230006","","T8493-230006/001/CAG","1","2023-07-24","2023-07-13","","","2023-09-30","85421.00","85421.00","CAD","","","","","","","*JX1680","*Miscellaneous Aircraft Accessories and Components (Military) - Repair and Overhaul","*Accessoires et composants divers pour aéronefs (militaires) - réparation et révision","","","","*SRVTGD","","","Competitive - Traditional","Concurrentielle - Traditionnelle","Lowest Price","Prix le plus bas","","","*Canadian Free Trade Agreement (CFTA)","*Accord de libre-échange canadien (ALEC)","","","Bell Textron Canada Limited","Bell Textron Canada Limited","BELL HELICOPTER TEXTRON CANADA LTD","BELL HELICOPTER TEXTRON CANADA LTD","Bell Textron Canada Limited","Bell Textron Canada Limited","1000 to 1499 employees","1000 à 1499 employés","12 800 rue de l'Avenir","12 800 rue de l'Avenir","Mirabel","Mirabel","Quebec","Quebec","J7J1R4","Canada","Canada","Public Works and Government Services Canada","Travaux publics et Services gouvernementaux Canada","","","","","","","","","","Transport Canada","Transports Canada","AIRCRAFT SERVICES DIRECTORATE","N/D","200 COMET PRIVATE,OTTAWA,Ontario,K1V9B2,Canada","200 COMET PRIVATE,OTTAWA,Ontario,K1V9B2,Canada","","","","","","","","","","","","","","","",""
"SIMEX DEFENCE INC / DEFENSE SIMEX INC (T8493-230026/001/CAG~000)","SIMEX DEFENCE INC / DEFENSE SIMEX INC (T8493-230026/001/CAG~000)","T8493-230026/001/CAG","000","T8493-230026","","T8493-230026/001/CAG","8","2024-03-05","2024-02-06","","","2025-02-05","187058.00","187058.00","CAD","","","","","","","*JX1680","*Miscellaneous Aircraft Accessories and Components (Military) - Repair and Overhaul","*Accessoires et composants divers pour aéronefs (militaires) - réparation et révision","","","","*SRVTGD","","","Competitive - Open bidding","Concurrentielle - Invitation ouverte à soumissionner","Lowest Price","Prix le plus bas","","","*Canadian Free Trade Agreement (CFTA)","*Accord de libre-échange canadien (ALEC)","","","SIMEX DEFENCE INC. / DEFENSE SIMEX INC.","SIMEX DEFENCE INC. / DEFENSE SIMEX INC.","SIMEX DEFENCE INC / DEFENSE SIMEX INC","SIMEX DEFENCE INC / DEFENSE SIMEX INC","SIMEX DEFENCE INC. / DEFENSE SIMEX INC.","SIMEX DEFENCE INC. / DEFENSE SIMEX INC.","10 to 19 employees","10 à 19 employés","216 Brunswick Blvd.","216 Brunswick Blvd.","Pointe-Claire","Pointe-Claire","Quebec","Quebec","H9R1A6","Canada","Canada","Public Works and Government Services Canada","Travaux publics et Services gouvernementaux Canada","","","","","","","","","","Transport Canada","Transports Canada","AIRCRAFT SERVICES DIRECTORATE","N/D","200 COMET PRIVATE,OTTAWA,Ontario,K1V9B2,Canada","200 COMET PRIVATE,OTTAWA,Ontario,K1V9B2,Canada","","","","","","","","","","","","","","","",""
"THALES CANADA INC AND THALES AUSTRALIA LTD IN JOINT VENTURE (W8482-171789/001/ISM~000)","THALES CANADA INC AND THALES AUSTRALIA LTD IN JOINT VENTURE (W8482-171789/001/ISM~000)","W8482-171789/001/ISM","000","W8482-171789","","W8482-171789/001/ISM","5","2023-07-24","2023-07-12","","","2028-07-11","517500000.00","517500000.00","CAD","","","","","","","*J019A","*Maintenance, Repair, Modification, Rebuilding & Installation of Equipment related to Ships","*Entretien, réparation, modification, réflection, et installation de biens et d'équipement afférents aux navires","","","","*SRVTGD","","","Competitive - Open bidding","Concurrentielle - Invitation ouverte à soumissionner","Highest Combined Rating of Technical Merit and Price","Cote combinée la plus élevée pour le mérite technique et le prix","","","*Canadian Free Trade Agreement (CFTA)","*Accord de libre-échange canadien (ALEC)","","","THALES CANADA INC. and THALES AUSTRALIA LIMITED IN JOINT VENTURE","THALES CANADA INC. and THALES AUSTRALIA LIMITED IN JOINT VENTURE","THALES CANADA INC AND THALES AUSTRALIA LTD IN JOINT VENTURE","THALES CANADA INC AND THALES AUSTRALIA LTD IN JOINT VENTURE","THALES CANADA INC. and THALES AUSTRALIA LIMITED  IN JOINT VENTURE","THALES CANADA INC. and THALES AUSTRALIA LIMITED  IN JOINT VENTURE","100 to 199 employees","100 à 199 employés","1 Chrysalis Way","1 Chrysalis Way","Ottawa","Ottawa","Ontario","Ontario","K2G6P9","Canada","Canada","Public Works and Government Services Canada","Travaux publics et Services gouvernementaux Canada","","","","","","","","","","Department of National Defence","Ministère de la défense nationale","NDHQ","N/D","ATTN DGMEPM NP - DMARP<br>101 COLONEL BY DR.,OTTAWA,Ontario,K1A0K2,Canada","ATTN DGMEPM NP - DMARP<br>101 COLONEL BY DR.,OTTAWA,Ontario,K1A0K2,Canada","","","","","","","","","","","","","","","",""
"SIMEX DEFENCE INC / DEFENSE SIMEX INC (T8493-230022/001/CAG~000)","SIMEX DEFENCE INC / DEFENSE SIMEX INC (T8493-230022/001/CAG~000)","T8493-230022/001/CAG","000","T8493-230022","","T8493-230022/001/CAG","2","2023-10-25","2023-09-21","","","2024-09-21","40236.00","40595.00","CAD","","","","","","","*JX1680A","*Miscellaneous Aircraft Accessories and Components - Repair and Overhaul","*Accessoires et composants divers pour aéronefs - réparation et révision","","","","*SRVTGD","","","Competitive - Open bidding","Concurrentielle - Invitation ouverte à soumissionner","Lowest Price","Prix le plus bas","","","*Canadian Free Trade Agreement (CFTA)","*Accord de libre-échange canadien (ALEC)","","","SIMEX DEFENCE INC. / DEFENSE SIMEX INC.","SIMEX DEFENCE INC. / DEFENSE SIMEX INC.","SIMEX DEFENCE INC / DEFENSE SIMEX INC","SIMEX DEFENCE INC / DEFENSE SIMEX INC","SIMEX DEFENCE INC. / DEFENSE SIMEX INC.","SIMEX DEFENCE INC. / DEFENSE SIMEX INC.","10 to 19 employees","10 à 19 employés","216 Brunswick Blvd.","216 Brunswick Blvd.","Pointe-Claire","Pointe-Claire","Quebec","Quebec","H9R1A6","Canada","Canada","Public Works and Government Services Canada","Travaux publics et Services gouvernementaux Canada","","","","","","","","","","Transport Canada","Transports Canada","AIRCRAFT SERVICES DIRECTORATE","N/D","200 COMET PRIVATE,OTTAWA,Ontario,K1V9B2,Canada","200 COMET PRIVATE,OTTAWA,Ontario,K1V9B2,Canada","","","","","","","","","","","","","","","",""
"BELL HELICOPTER TEXTRON CANADA LTD (T8493-230024/001/CAG~000)","BELL HELICOPTER TEXTRON CANADA LTD (T8493-230024/001/CAG~000)","T8493-230024/001/CAG","000","T8493-230024","","T8493-230024/001/CAG","1","2023-07-24","2023-07-18","","","2024-01-30","78465.00","78465.00","CAD","","","","","","","*JX1680A","*Miscellaneous Aircraft Accessories and Components - Repair and Overhaul","*Accessoires et composants divers pour aéronefs - réparation et révision","","","","*SRVTGD","","","Competitive - Traditional","Concurrentielle - Traditionnelle","Highest Combined Rating of Technical Merit and Price","Cote combinée la plus élevée pour le mérite technique et le prix","","","*Canadian Free Trade Agreement (CFTA)","*Accord de libre-échange canadien (ALEC)","","","Bell Textron Canada Limited","Bell Textron Canada Limited","BELL HELICOPTER TEXTRON CANADA LTD","BELL HELICOPTER TEXTRON CANADA LTD","Bell Textron Canada Limited","Bell Textron Canada Limited","1000 to 1499 employees","1000 à 1499 employés","12 800 rue de l'Avenir","12 800 rue de l'Avenir","Mirabel","Mirabel","Quebec","Quebec","J7J1R4","Canada","Canada","Public Works and Government Services Canada","Travaux publics et Services gouvernementaux Canada","","","","","","","","","","Transport Canada","Transports Canada","AIRCRAFT SERVICES DIRECTORATE","N/D","200 COMET PRIVATE,OTTAWA,Ontario,K1V9B2,Canada","200 COMET PRIVATE,OTTAWA,Ontario,K1V9B2,Canada","","","","","","","","","","","","","","","",""
"HAWBOLDT INDUSTRIES (1989) LTD (F7013-230001/001/ML~000)","HAWBOLDT INDUSTRIES (1989) LTD (F7013-230001/001/ML~000)","F7013-230001/001/ML","000","F7013-230001","","F7013-230001/001/ML","4","2023-08-23","2023-08-09","","","2024-08-11","0.00","592925.00","CAD","","","","","","","*JX1920","*Fishing Vessels - Repair","*Bateaux de pêche - réparation","","","","*SRVTGD","","","Non-competitive","Non concurrentielle","","","Exclusive Rights","Droits exclusifs","","","","","HAWBOLDT INDUSTRIES (1989) LIMITED","HAWBOLDT INDUSTRIES (1989) LIMITED","HAWBOLDT INDUSTRIES (1989) LTD","HAWBOLDT INDUSTRIES (1989) LTD","HAWBOLDT INDUSTRIES (1989) LTD","HAWBOLDT INDUSTRIES (1989) LTD","50 to 99 employees","50 à 99 employés","PO Box 80<br>220 Windsor Road","PO Box 80<br>220 Windsor Road","Chester","Chester","Nova Scotia","Nova Scotia","B0J1J0","Canada","Canada","Public Works and Government Services Canada","Travaux publics et Services gouvernementaux Canada","","","","","","","","","","Fisheries and Oceans Canada","Pêches et Océans Canada","MAJOR CROWN PROJECTS DIR.","DIR GRANDS PROJETS D'ETAT","3RD FL.<br>200 ELGIN ST,OTTAWA,Ontario,K2P1L5,Canada","3RD FL.<br>200 ELGIN ST,OTTAWA,Ontario,K2P1L5,Canada","","","","","","","","","","","","","","","",""
"W&O SUPPLY (CANADA) INC (F7013-200012/006/ML~000)","W&O SUPPLY (CANADA) INC (F7013-200012/006/ML~000)","F7013-200012/006/ML","000","F7013-200012","","F7013-200012/006/ML","1","2023-08-23","2023-08-02","","","2025-01-17","143161.00","143161.00","CAD","","","","","","","*JX1990","*Vessels, Miscellaneous - Repair","*Bateaux divers - réparation","","","","*SRVTGD","","","Non-competitive","Non concurrentielle","","","Exclusive Rights","Droits exclusifs","*Canadian Free Trade Agreement (CFTA)","*Accord de libre-échange canadien (ALEC)","","","W&O Supply (Canada) Inc.","W&O Supply (Canada) Inc.","W&O SUPPLY (CANADA) INC","W&O SUPPLY (CANADA) INC","W&O Supply (Canada) Inc.","W&O Supply (Canada) Inc.","5 to 9 employees","5 à 9 employés","590 Ebury Place<br>Unit 102","590 Ebury Place<br>Unit 102","Delta","Delta","British Columbia","British Columbia","V3M6K7","Canada","Canada","Public Works and Government Services Canada","Travaux publics et Services gouvernementaux Canada","","","","","","","","","","Fisheries and Oceans Canada","Pêches et Océans Canada","MAJOR CROWN PROJECTS DIR.","DIR GRANDS PROJETS D'ETAT","3RD FL.<br>200 ELGIN ST,OTTAWA,Ontario,K2P1L5,Canada","3RD FL.<br>200 ELGIN ST,OTTAWA,Ontario,K2P1L5,Canada","","","","","","","","","","","","","","","",""
"ST JOHNS DOCKYARD LTD (F7044-221042/001/MD~000)","ST JOHNS DOCKYARD LTD (F7044-221042/001/MD~000)","F7044-221042/001/MD","000","F7044-221042","","F7044-221042/001/MD","14","2024-01-31","2023-11-22","","","2025-08-01","34298750.00","48627235.81","CAD","","","","","","","*JX1990","*Vessels, Miscellaneous - Repair","*Bateaux divers - réparation","","","","*SRVTGD","","","Competitive - Open bidding","Concurrentielle - Invitation ouverte à soumissionner","Lowest Price","Prix le plus bas","","","","","","","St John's Dockyard Limited","St John's Dockyard Limited","ST JOHNS DOCKYARD LTD","ST JOHNS DOCKYARD LTD","St John's Dockyard Limited","St John's Dockyard Limited","100 to 199 employees","100 à 199 employés","475 Water Street","475 Water Street","St. John's","St. John's","Newfoundland and Labrador","Newfoundland and Labrador","A1E6B5","Canada","Canada","Public Works and Government Services Canada","Travaux publics et Services gouvernementaux Canada","","","","","","","","","","Fisheries and Oceans Canada / Fisheries and Oceans Canada","Pêches et Océans Canada / Pêches et Océans Canada","D/PROJ.MGR STIMULUS PACKAGE / D/PROJ.MGR STIMULUS PACKAGE","GEST.A.PRGM PLAN ACTION ECON. / GEST.A.PRGM PLAN ACTION ECON.","INTEGRATED TECHNICAL SERVICES<br>200 KENT ST STN. 7W060,OTTAWA,Ontario,K1A0E6,Canada / INTEGRATED TECHNICAL SERVICES<br>200 KENT ST STN. 7W060,OTTAWA,Ontario,K1A0E6,Canada","INTEGRATED TECHNICAL SERVICES<br>200 KENT ST STN. 7W060,OTTAWA,Ontario,K1A0E6,Canada / INTEGRATED TECHNICAL SERVICES<br>200 KENT ST STN. 7W060,OTTAWA,Ontario,K1A0E6,Canada","","","","","","","","","","","","","","","",""
"CHANTIER DAVIE CANADA INC (F7049-220333/001/MD~000)","CHANTIER DAVIE CANADA INC (F7049-220333/001/MD~000)","F7049-220333/001/MD","000","F7049-220333","","F7049-220333/001/MD","6","2023-07-24","2023-07-07","","","2025-07-01","1555290.00","17270253.00","CAD","","","","","","","*JX1990","*Vessels, Miscellaneous - Repair","*Bateaux divers - réparation","","","","*SRVTGD","","","Advance contract award notice","Préavis d'attribution du contrat","Only One Response to Bid Solicitation","Une seule réponse à une invitation à soumissionner","","","*Canadian Free Trade Agreement (CFTA)","*Accord de libre-échange canadien (ALEC)","","","Chantier Davie Canada Inc.","Chantier Davie Canada Inc.","CHANTIER DAVIE CANADA INC","CHANTIER DAVIE CANADA INC","Chantier Davie Canada Inc.","Chantier Davie Canada Inc.","500 to 999 employees","500  à  999 employés","22 rue George-D.-Davie","22 rue George-D.-Davie","Lévis","Lévis","Quebec","Quebec","G6V0K4","Canada","Canada","Public Works and Government Services Canada","Travaux publics et Services gouvernementaux Canada","","","","","","","","","","Fisheries and Oceans Canada","Pêches et Océans Canada","INTEGRATED TECHNICAL SERVICES","SERVICES TECHNIQUES INTEGRÉS","VLE MLM PROGRAM<br>200 KENT ST., STN 7N157,OTTAWA,Ontario,K1A0E6,Canada","VLE MLM PROGRAM<br>200 KENT ST., STN 7N157,OTTAWA,Ontario,K1A0E6,Canada","","","","","","","","","","","","","","","",""
"ALL SEA ATLANTIC LTD (W8482-242598/001/MCS~000)","ALL SEA ATLANTIC LTD (W8482-242598/001/MCS~000)","W8482-242598/001/MCS","000","W8482-242598","","W8482-242598/001/MCS","1","2024-06-27","2024-05-28","","","2024-09-01","413626.00","413626.00","CAD","","","","","","","*JX1990","*Vessels, Miscellaneous - Repair","*Bateaux divers - réparation","","","","*SRVTGD","","","Competitive - Traditional","Concurrentielle - Traditionnelle","Lowest Price","Prix le plus bas","","","*Canadian Free Trade Agreement (CFTA)","*Accord de libre-échange canadien (ALEC)","","","SGS Saint John Diving, ULC","SGS Saint John Diving, ULC","ALL SEA ATLANTIC LTD","ALL SEA ATLANTIC LTD","SGS Saint John Diving, ULC","SGS Saint John Diving, ULC","5 to 9 employees","5 à 9 employés","50 Thornhill Drive","50 Thornhill Drive","Dartmouth","Dartmouth","Nova Scotia","Nova Scotia","B3B1S1","Canada","Canada","Public Works and Government Services Canada","Travaux publics et Services gouvernementaux Canada","","","","","","","","","","Department of National Defence","Ministère de la défense nationale","NDHQ","N/D","ATTN DGMEPM NP - DMARP<br>101 COLONEL BY DR.,OTTAWA,Ontario,K1A0K2,Canada","ATTN DGMEPM NP - DMARP<br>101 COLONEL BY DR.,OTTAWA,Ontario,K1A0K2,Canada","","","","","","","","","","","","","","","",""
"INDUSTRIES OCEAN INC (F7049-200157/001/MD~000)","INDUSTRIES OCEAN INC (F7049-200157/001/MD~000)","F7049-200157/001/MD","000","F7049-200157","","F7049-200157/001/MD","11","2024-04-29","2024-01-31","","","2026-10-28","38216380.00","59915976.02","CAD","","","","","","","*JX1990A","*Ships and Vessels (large) - Repair, Refits and Conversions (including Dry Docking)","*Navires et bateaux de grandes dimensions -réparation, radoub et transformation (mise en cale sèche comprise)","","","","*SRVTGD","","","Competitive - Open bidding","Concurrentielle - Invitation ouverte à soumissionner","Lowest Price","Prix le plus bas","","","*Canadian Free Trade Agreement (CFTA)","*Accord de libre-échange canadien (ALEC)","","","INDUSTRIES OCEAN INC","INDUSTRIES OCEAN INC","INDUSTRIES OCEAN INC","INDUSTRIES OCEAN INC","INDUSTRIES OCEAN INC","INDUSTRIES OCEAN INC","100 to 199 employees","100 à 199 employés","3 chemin de la Traverse","3 chemin de la Traverse","Isle-aux-Coudres","Isle-aux-Coudres","Quebec","Quebec","G0A3J0","Canada","Canada","Public Works and Government Services Canada","Travaux publics et Services gouvernementaux Canada","","","","","","","","","","Fisheries and Oceans Canada","Pêches et Océans Canada","INTEGRATED TECHNICAL SERVICES","SERVICES TECHNIQUES INTEGRÉS","VLE MLM PROGRAM<br>200 KENT ST., STN 7N157,OTTAWA,Ontario,K1A0E6,Canada","VLE MLM PROGRAM<br>200 KENT ST., STN 7N157,OTTAWA,Ontario,K1A0E6,Canada","","","","","","","","","","","","","","","",""
"MACKAY MARINE CANADA (F7013-190108/001/ML~000)","MACKAY MARINE CANADA (F7013-190108/001/ML~000)","F7013-190108/001/ML","000","F7013-190108","","F7013-190108/001/ML","1","2023-09-22","2023-08-25","","","2024-08-24","699010.00","699010.00","CAD","","","","","","","*JX1990D","*Shipboard Machinery & Equipment -Repair, Overhaul, Modification, Maintenance & Calibration","*Machines et équipement à bord des navires - réparation, révision, modification, entretien et calibrage","","","","*SRVTGD","","","Non-competitive","Non concurrentielle","","","Exclusive Rights","Droits exclusifs","*Canadian Free Trade Agreement (CFTA)","*Accord de libre-échange canadien (ALEC)","","","Mackay Communications Canada Inc","Mackay Communications Canada Inc","MACKAY MARINE CANADA","MACKAY MARINE CANADA","Mackay Marine Canada","Mackay Marine Canada","200 to 499 employees","200 à 499 employés","7 Mellor Avenue<br>Unit 16","7 Mellor Avenue<br>Unit 16","Dartmouth","Dartmouth","Nova Scotia","Nova Scotia","B3B0E8","Canada","Canada","Public Works and Government Services Canada","Travaux publics et Services gouvernementaux Canada","","","","","","","","","","Fisheries and Oceans Canada","Pêches et Océans Canada","MAJOR CROWN PROJECTS DIR.","DIR GRANDS PROJETS D'ETAT","3RD FL.<br>200 ELGIN ST,OTTAWA,Ontario,K2P1L5,Canada","3RD FL.<br>200 ELGIN ST,OTTAWA,Ontario,K2P1L5,Canada","","","","","","","","","","","","","","","",""
"R2SONIC, LLC (F2915-230840/001/ML~000)","R2SONIC, LLC (F2915-230840/001/ML~000)","F2915-230840/001/ML","000","F2915-230840","","F2915-230840/001/ML","1","2024-04-29","2024-04-10","","","2024-09-30","33805.00","33805.00","CAD","","","","","","","*JX2090","*Ship and Marine Miscellaneous Equipment - Repair","*Matériels nautiques divers - réparation","","","","*SRVTGD","","","Non-competitive","Non concurrentielle","","","Exclusive Rights","Droits exclusifs","*Canadian Free Trade Agreement (CFTA)","*Accord de libre-échange canadien (ALEC)","","","R2Sonic, LLC","R2Sonic, LLC","R2SONIC, LLC","R2SONIC, LLC","R2Sonic, LLC","R2Sonic, LLC","20 to 49 employees","20 à 49 employés","5307 Industrial Oaks Blvd<br>Suite 120","5307 Industrial Oaks Blvd<br>Suite 120","Austin","Austin","Texas","Texas","78735","United States","United States","Public Works and Government Services Canada","Travaux publics et Services gouvernementaux Canada","","","","","","","","","","Fisheries and Oceans Canada","Pêches et Océans Canada","DIRECTOR HYDROGRAPHY","N/D","867 LAKESHORE BLVD<br>P.O.BOX 5050,BURLINGTON,Ontario,L7R4A6,Canada","867 LAKESHORE BLVD<br>P.O.BOX 5050,BURLINGTON,Ontario,L7R4A6,Canada","","","","","","","","","","","","","","","",""
"VARD (F7044-230497/001/ML~000)","VARD (F7044-230497/001/ML~000)","F7044-230497/001/ML","000","F7044-230497","","F7044-230497/001/ML","1","2024-01-31","2023-11-15","","","2024-03-31","71405.00","71405.00","CAD","","","","","","","*JX2090","*Ship and Marine Miscellaneous Equipment - Repair","*Matériels nautiques divers - réparation","","","","*SRVTGD","","","Non-competitive","Non concurrentielle","","","Exclusive Rights","Droits exclusifs","*Canadian Free Trade Agreement (CFTA)","*Accord de libre-échange canadien (ALEC)","","","Vard Electro Canada Inc","Vard Electro Canada Inc","VARD","VARD","Vard Electro","Vard Electro","20 to 49 employees","20 à 49 employés","Vard Electro Canada Inc.<br>2955 Virtual Way","Vard Electro Canada Inc.<br>2955 Virtual Way","Vancouver","Vancouver","British Columbia","British Columbia","V5M4X6","Canada","Canada","Public Works and Government Services Canada","Travaux publics et Services gouvernementaux Canada","","","","","","","","","","Fisheries and Oceans Canada / Fisheries and Oceans Canada","Pêches et Océans Canada / Pêches et Océans Canada","D/PROJ.MGR STIMULUS PACKAGE / D/PROJ.MGR STIMULUS PACKAGE","GEST.A.PRGM PLAN ACTION ECON. / GEST.A.PRGM PLAN ACTION ECON.","INTEGRATED TECHNICAL SERVICES<br>200 KENT ST STN. 7W060,OTTAWA,Ontario,K1A0E6,Canada / INTEGRATED TECHNICAL SERVICES<br>200 KENT ST STN. 7W060,OTTAWA,Ontario,K1A0E6,Canada","INTEGRATED TECHNICAL SERVICES<br>200 KENT ST STN. 7W060,OTTAWA,Ontario,K1A0E6,Canada / INTEGRATED TECHNICAL SERVICES<br>200 KENT ST STN. 7W060,OTTAWA,Ontario,K1A0E6,Canada","","","","","","","","","","","","","","","",""
"GRIFFON MARINE LTD (F7049-240023/001/ML~000)","GRIFFON MARINE LTD (F7049-240023/001/ML~000)","F7049-240023/001/ML","000","F7049-240023","","F7049-240023/001/ML","1","2025-06-29","2024-06-10","","","2024-08-31","18537.00","18537.00","CAD","","","","","","","*JX2520","*Vehicular Power Transmission Components - Repair","*Composants de transmission de puissance des véhicules - réparation","","","","*SRVTGD","","","Non-competitive","Non concurrentielle","","","Exclusive Rights","Droits exclusifs","*Canada-Chile Free Trade Agreement (CCFTA)
*Comprehensive and Progressive Agreement for Trans-Pacific Partnership (CPTPP)","*Accord de libre-échange Canada-Chili (ALECC)
*Accord de Partenariat transpacifique global et progressiste (PTPGP)","","","GRIFFON MARINE LIMITED","GRIFFON MARINE LIMITED","GRIFFON MARINE LTD","GRIFFON MARINE LTD","GRIFFON MARINE LIMITED","GRIFFON MARINE LIMITED","20 to 49 employees","20 à 49 employés","Griffon Hoverwork Limited<br>8 HAZEL  Road","Griffon Hoverwork Limited<br>8 HAZEL  Road","SOUTHAMPTON","SOUTHAMPTON","","","S0197GB","United Kingdom","United Kingdom","Public Works and Government Services Canada","Travaux publics et Services gouvernementaux Canada","","","","","","","","","","Fisheries and Oceans Canada","Pêches et Océans Canada","INTEGRATED TECHNICAL SERVICES","SERVICES TECHNIQUES INTEGRÉS","VLE MLM PROGRAM<br>200 KENT ST., STN 7N157,OTTAWA,Ontario,K1A0E6,Canada","VLE MLM PROGRAM<br>200 KENT ST., STN 7N157,OTTAWA,Ontario,K1A0E6,Canada","","","","","","","","","","","","","","","",""
"WAJAX LTD (F7044-240109/001/ML~000)","WAJAX LTD (F7044-240109/001/ML~000)","F7044-240109/001/ML","000","F7044-240109","","F7044-240109/001/ML","2","2025-04-29","2025-03-21","","","2025-12-31","5000000.00","5000000.00","CAD","","","","","","","*JX2815C","*Diesel Engines, Repair, Overhaul, Modification and Maintenance","*Moteurs diesel - réparation, révision, modification et entretien","","","","*SRVTGD","","","Competitive - Traditional","Concurrentielle - Traditionnelle","Lowest Price","Prix le plus bas","","","","","","","Wajax limited","Wajax limited","WAJAX LTD","WAJAX LTD","Wajax limited","Wajax limited","2500 to 4999 employees","2500 à 4999 employés","10 Diesel Drive","10 Diesel Drive","Toronto","Toronto","Ontario","Ontario","M8W2T8","Canada","Canada","Public Works and Government Services Canada","Travaux publics et Services gouvernementaux Canada","","","","","","","","","","Fisheries and Oceans Canada","Pêches et Océans Canada","D/PROJ.MGR STIMULUS PACKAGE","GEST.A.PRGM PLAN ACTION ECON.","INTEGRATED TECHNICAL SERVICES<br>200 KENT ST STN. 7W060,OTTAWA,Ontario,K1A0E6,Canada","INTEGRATED TECHNICAL SERVICES<br>200 KENT ST STN. 7W060,OTTAWA,Ontario,K1A0E6,Canada","","","","","","","","","","","","","","","",""
"WAJAX LTD (F7044-230289/001/ML~000)","WAJAX LTD (F7044-230289/001/ML~000)","F7044-230289/001/ML","000","F7044-230289","","F7044-230289/001/ML","2","2024-07-27","2023-11-15","","","2029-11-15","1894942.00","1902828.00","CAD","","","","","","","*JX1990","*Vessels, Miscellaneous - Repair","*Bateaux divers - réparation","","","","*SRVTGD","","","Competitive - Traditional","Concurrentielle - Traditionnelle","Lowest Price","Prix le plus bas","","","*Canada-UK Trade Continuity Agreement (Canada-UK TCA)
*Canada-European Union Comprehensive Economic and Trade Agreement (CETA)
*World Trade Organization Agreement on Government Procurement (WTO GPA)
*Canada-Chile Free Trade Agreement (CCFTA)
*Comprehensive and Progressive Agreement for Trans-Pacific Partnership (CPTPP)","*Accord de continuité commerciale Canada–Royaume-Uni (ACC Canada-Royaume-Uni)
*Accord économique et commercial global (AECG) entre le Canada et l’Union européenne (UE)
*Accord sur les marchés publics de l'Organisation mondiale du commerce (AMP-OMC)
*Accord de libre-échange Canada-Chili (ALECC)
*Accord de Partenariat transpacifique global et progressiste (PTPGP)","","","Wajax limited","Wajax limited","WAJAX LTD","WAJAX LTD","Wajax limited","Wajax limited","2500 to 4999 employees","2500 à 4999 employés","10 Diesel Drive","10 Diesel Drive","Toronto","Toronto","Ontario","Ontario","M8W2T8","Canada","Canada","Public Works and Government Services Canada","Travaux publics et Services gouvernementaux Canada","","","","","","","","","","Fisheries and Oceans Canada","Pêches et Océans Canada","D/PROJ.MGR STIMULUS PACKAGE","GEST.A.PRGM PLAN ACTION ECON.","INTEGRATED TECHNICAL SERVICES<br>200 KENT ST STN. 7W060,OTTAWA,Ontario,K1A0E6,Canada","INTEGRATED TECHNICAL SERVICES<br>200 KENT ST STN. 7W060,OTTAWA,Ontario,K1A0E6,Canada","","","","","","","","","","","","","","","",""
"CULLEN DIESEL POWER LTD (F7044-240109/002/ML~000)","CULLEN DIESEL POWER LTD (F7044-240109/002/ML~000)","F7044-240109/002/ML","000","F7044-240109","","F7044-240109/002/ML","2","2025-04-29","2025-03-21","","","2025-12-31","5000000.00","5000000.00","CAD","","","","","","","*JX2815C","*Diesel Engines, Repair, Overhaul, Modification and Maintenance","*Moteurs diesel - réparation, révision, modification et entretien","","","","*SRVTGD","","","Competitive - Traditional","Concurrentielle - Traditionnelle","Lowest Price","Prix le plus bas","","","","","","","CULLEN DIESEL POWER LTD.","CULLEN DIESEL POWER LTD.","CULLEN DIESEL POWER LTD","CULLEN DIESEL POWER LTD","CULLEN DIESEL POWER LTD.","CULLEN DIESEL POWER LTD.","200 to 499 employees","200 à 499 employés","9300 192nd street","9300 192nd street","Surrey","Surrey","British Columbia","British Columbia","V4N3R8","Canada","Canada","Public Works and Government Services Canada","Travaux publics et Services gouvernementaux Canada","","","","","","","","","","Fisheries and Oceans Canada","Pêches et Océans Canada","D/PROJ.MGR STIMULUS PACKAGE","GEST.A.PRGM PLAN ACTION ECON.","INTEGRATED TECHNICAL SERVICES<br>200 KENT ST STN. 7W060,OTTAWA,Ontario,K1A0E6,Canada","INTEGRATED TECHNICAL SERVICES<br>200 KENT ST STN. 7W060,OTTAWA,Ontario,K1A0E6,Canada","","","","","","","","","","","","","","","",""
"UNITED STATES DEPARTMENT OF THE NAVY (NAVAIR) (W636A-23PTMU/001/USW~000)","UNITED STATES DEPARTMENT OF THE NAVY (NAVAIR) (W636A-23PTMU/001/USW~000)","W636A-23PTMU/001/USW","000","W636A-23PTMU","","W636A-23PTMU/001/USW","1","2023-06-22","2023-06-15","","","2030-05-31","11418106.00","11418106.00","CAD","","","","","","","*JX5865","*Electronic Countermeasures, Counter-Countermeasures and Quick Reaction Capability Equipment - Repair","*Équipements de contre-mesures et d'anti-contre mesures électroniques et équipements à capacité de réaction rapide - réparation","","","","*SRVTGD","","","Non-competitive","Non concurrentielle","Government Objectives Representing Best Interests/Value to Govt","Objectifs gouvern.  représentant  les meilleurs intérets/valeur pour l'État","","","*None","*Aucun","","","UNITED STATES DEPARTMENT OF THE NAVY (NAVAIR)","UNITED STATES DEPARTMENT OF THE NAVY (NAVAIR)","UNITED STATES DEPARTMENT OF THE NAVY (NAVAIR)","UNITED STATES DEPARTMENT OF THE NAVY (NAVAIR)","Not applicable","Not applicable","UNKNOWN","INCONNU","2521 South Clark Street<br>Suite 800","2521 South Clark Street<br>Suite 800","Arlington","Arlington","Virginia","Virginia","22202-3928","United States","United States","Public Works and Government Services Canada","Travaux publics et Services gouvernementaux Canada","","","","","","","","","","Department of National Defence","Ministère de la défense nationale","D MJR PROC 5 PMO CATS","N/D","DND HDQRTS<br>101 COLONEL BY DR.,OTTAWA,Ontario,K1A0K2,Canada","DND HDQRTS<br>101 COLONEL BY DR.,OTTAWA,Ontario,K1A0K2,Canada","","","","","","","","","","","","","","","",""
"LEONARDO MW LTD (W8486-217874/001/QD~000)","LEONARDO MW LTD (W8486-217874/001/QD~000)","W8486-217874/001/QD","000","W8486-217874","","W8486-217874/001/QD","1","2024-12-27","2024-12-19","","","2029-03-31","3360000.00","3360000.00","CAD","","","","","","","*JX5895","*Aircraft (Military) Miscellaneous Communications Equipment - Repair and Overhaul","*Équipements divers de télécommunications pour aéronef (militaires) - réparation et révision","","","","*SRVTGD","","","Non-competitive","Non concurrentielle","","","Exclusive Rights","Droits exclusifs","*None","*Aucun","","","LEONARDO UK LTD","LEONARDO UK LTD","LEONARDO MW LTD","LEONARDO MW LTD","Leonardo UK Ltd.","Leonardo UK Ltd.","5000 employees and over","5000 employés et plus","Leonardo UK Ltd.<br>One Eagle Place","Leonardo UK Ltd.<br>One Eagle Place","London","London","","","SW1Y6AF","United Kingdom","United Kingdom","Public Works and Government Services Canada","Travaux publics et Services gouvernementaux Canada","","","","","","","","","","Department of National Defence","Ministère de la défense nationale","NDHQ DGLEPM","N/D","101 COLONEL BY DR.,OTTAWA,Ontario,K1A0K2,Canada","101 COLONEL BY DR.,OTTAWA,Ontario,K1A0K2,Canada","","","","","","","","","","","","","","","",""
"BCS AUTOMATION LTD (F7044-200246/001/ML~000)","BCS AUTOMATION LTD (F7044-200246/001/ML~000)","F7044-200246/001/ML","000","F7044-200246","","F7044-200246/001/ML","11","2023-08-23","2023-08-02","","","2024-09-02","1702077.00","5984352.84","CAD","","","","","","","*JX6320","*Shipboard Alarm and Signal Systems - Repair","*Systèmes d'alarme et de signalisation de bord, navires - réparation","","","","*SRVTGD","","","Competitive - Open bidding","Concurrentielle - Invitation ouverte à soumissionner","Lowest Price","Prix le plus bas","","","","","","","BCS automation ltd.","BCS automation ltd.","BCS AUTOMATION LTD","BCS AUTOMATION LTD","BCS automation ltd.","BCS automation ltd.","10 to 19 employees","10 à 19 employés","316 Dundas Street E.","316 Dundas Street E.","Belleville","Belleville","Ontario","Ontario","K8N1E6","Canada","Canada","Public Works and Government Services Canada","Travaux publics et Services gouvernementaux Canada","","","","","","","","","","Fisheries and Oceans Canada","Pêches et Océans Canada","D/PROJ.MGR STIMULUS PACKAGE","GEST.A.PRGM PLAN ACTION ECON.","INTEGRATED TECHNICAL SERVICES<br>200 KENT ST STN. 7W060,OTTAWA,Ontario,K1A0E6,Canada","INTEGRATED TECHNICAL SERVICES<br>200 KENT ST STN. 7W060,OTTAWA,Ontario,K1A0E6,Canada","","","","","","","","","","","","","","","",""
"GENERAL DYNAMICS CANADA LTD (W8486-249184/001/QD~000)","GENERAL DYNAMICS CANADA LTD (W8486-249184/001/QD~000)","W8486-249184/001/QD","000","W8486-249184","","W8486-249184/001/QD","4","2024-04-29","2024-03-28","","","2028-03-31","7641852.00","7641852.00","CAD","","","","","","","*JX5810","*Communications Security Equipment and Components - Repair","*Équipement de sécurité des télécommunications et composants - réparation","","","","*SRVTGD","","","Non-competitive","Non concurrentielle","","","Exclusive Rights","Droits exclusifs","","","","","General Dynamics Canada Ltd.","General Dynamics Canada Ltd.","GENERAL DYNAMICS CANADA LTD","GENERAL DYNAMICS CANADA LTD","General Dynamics Canada Ltd.","General Dynamics Canada Ltd.","1000 to 1499 employees","1000 à 1499 employés","1941 Robertson Road","1941 Robertson Road","Ottawa","Ottawa","Ontario","Ontario","K2H5B7","Canada","Canada","Public Works and Government Services Canada","Travaux publics et Services gouvernementaux Canada","","","","","","","","","","Department of National Defence","Ministère de la défense nationale","NDHQ DGLEPM","N/D","101 COLONEL BY DR.,OTTAWA,Ontario,K1A0K2,Canada","101 COLONEL BY DR.,OTTAWA,Ontario,K1A0K2,Canada","","","","","","","","","","","","","","","",""
"TROY LIFE & FIRE SAFETY LTD (F2599-240190/001/ML~000)","TROY LIFE & FIRE SAFETY LTD (F2599-240190/001/ML~000)","F2599-240190/001/ML","000","F2599-240190","","F2599-240190/001/ML","2","2024-11-29","2024-10-28","","","2024-12-31","75531.00","77358.00","CAD","","","","","","","*JX4210","*Firefighting Equipment - Repair and Overhaul","*Équipement de lutte contre l'incendie - réparation et révision","","","","*SRVTGD","","","Competitive - Open bidding","Concurrentielle - Invitation ouverte à soumissionner","Only One Response to Bid Solicitation","Une seule réponse à une invitation à soumissionner","","","*None","*Aucun","","","Troy Life & Fire Safety Ltd./Protection incendie Troy Ltée","Troy Life & Fire Safety Ltd./Protection incendie Troy Ltée","TROY LIFE & FIRE SAFETY LTD","TROY LIFE & FIRE SAFETY LTD","Troy Life & Fire Safety Ltd","Troy Life & Fire Safety Ltd","500 to 999 employees","500  à  999 employés","1-900 Maple Grove Rd","1-900 Maple Grove Rd","Cambridge","Cambridge","Ontario","Ontario","N3H4R7","Canada","Canada","Public Works and Government Services Canada","Travaux publics et Services gouvernementaux Canada","","","","","","","","","","Fisheries and Oceans Canada","Pêches et Océans Canada","CCG CENTRAL&ARCTIC RGN","N/D","MARINE ENGINEERING<br>520 EXMOUTH ST,SARNIA,Ontario,N7T8B1,Canada","MARINE ENGINEERING<br>520 EXMOUTH ST,SARNIA,Ontario,N7T8B1,Canada","","","","","","","","","","","","","","","",""
"CAE USA (W8485-20CF18/001/BF~000)","CAE USA (W8485-20CF18/001/BF~000)","W8485-20CF18/001/BF","000","W8485-20CF18","","W8485-20CF18/001/BF","1","2024-10-25","2024-10-17","","","2027-12-31","14128705.00","14128705.00","CAD","","","","","","","*JX6930","*Operation Training Devices - Repair","*Appareils d'instruction opérationnels - réparation","","","","*SRVTGD","","","Non-competitive","Non concurrentielle","","","Exclusive Rights","Droits exclusifs","","","","","CAE USA Inc.","CAE USA Inc.","CAE USA","CAE USA","CAE USA Inc.","CAE USA Inc.","UNKNOWN","INCONNU","2200 Arlington Downs Road,","2200 Arlington Downs Road,","Arlington","Arlington","Texas","Texas","76011","United States","United States","Public Works and Government Services Canada","Travaux publics et Services gouvernementaux Canada","","","","","","","","","","Department of National Defence","Ministère de la défense nationale","NDHQ","N/D","DGAEPM<br>101 COLONEL BY DR.,OTTAWA,Ontario,K1A0K2,Canada","DGAEPM<br>101 COLONEL BY DR.,OTTAWA,Ontario,K1A0K2,Canada","","","","","","","","","","","","","","","",""
"UNITED STATES DEPARTMENT OF THE ARMY (USASAC) (W8484-21XA01/001/USW~000)","UNITED STATES DEPARTMENT OF THE ARMY (USASAC) (W8484-21XA01/001/USW~000)","W8484-21XA01/001/USW","000","W8484-21XA01","","W8484-21XA01/001/USW","2","2024-04-02","2024-02-22","","","2027-09-22","4763347.00","10006504.00","CAD","","","","","","","*N1390","*Fuses and Primers","*Fusées et amorces","","","","*GD","","","Non-competitive","Non concurrentielle","Government Objectives Representing Best Interests/Value to Govt","Objectifs gouvern.  représentant  les meilleurs intérets/valeur pour l'État","","","*None","*Aucun","","","UNITED STATES DEPARTMENT OF THE ARMY (USASAC)","UNITED STATES DEPARTMENT OF THE ARMY (USASAC)","UNITED STATES DEPARTMENT OF THE ARMY (USASAC)","UNITED STATES DEPARTMENT OF THE ARMY (USASAC)","UNITED STATES DEPARTMENT OF THE ARMY (USASAC)","UNITED STATES DEPARTMENT OF THE ARMY (USASAC)","5 to 9 employees","5 à 9 employés","7613 CARDINAL ROAD","7613 CARDINAL ROAD","REDSTONE ARSENAL","REDSTONE ARSENAL","Alabama","Alabama","35898-5000","United States","United States","Public Works and Government Services Canada","Travaux publics et Services gouvernementaux Canada","","","","","","","","","","Department of National Defence","Ministère de la défense nationale","COMMANDING OFFICER","N/D","CF AMMUNITION DEPOT,ANGUS,Ontario,L0M1B0,Canada","CF AMMUNITION DEPOT,ANGUS,Ontario,L0M1B0,Canada","","","","","","","","","","","","","","","",""
"FACTA GLOBAL INC (M7594-230897/001/BK~000)","FACTA GLOBAL INC (M7594-230897/001/BK~000)","M7594-230897/001/BK","000","M7594-230897","","M7594-230897/001/BK","1","2025-03-03","2024-06-28","","","2028-06-28","277972.00","277972.00","CAD","","","","","","","*N1395","*Miscellaneous Ammunition","*Munitions diverses","","","","*GD","","","Competitive - Open bidding","Concurrentielle - Invitation ouverte à soumissionner","Only One Response to Bid Solicitation","Une seule réponse à une invitation à soumissionner","","","*None","*Aucun","","","FACTA GLOBAL Inc.","FACTA GLOBAL Inc.","FACTA GLOBAL INC","FACTA GLOBAL INC","FACTA GLOBAL Inc.","FACTA GLOBAL Inc.","1 to 4 employees","1 à 4 employés","cp 398 succ place d'armes","cp 398 succ place d'armes","Montréal","Montréal","Quebec","Quebec","H2Y3H1","Canada","Canada","Public Works and Government Services Canada","Travaux publics et Services gouvernementaux Canada","","","","","","","","","","Royal Canadian Mounted Police","Gendarmerie royale du Canada","HQ PROCURE.&CONTRACT.SERVS","SERVS APPROVISION.&CONTRATS QG","4TH FL.<br>73 LEIKIN DR. M1,OTTAWA,Ontario,K1A0R2,Canada","4TH FL.<br>73 LEIKIN DR. M1,OTTAWA,Ontario,K1A0R2,Canada","","","","","","","","","","","","","","","",""
"GENERAL DYNAMICS ORDNANCE AND TACTICAL SYSTEMS - CANADA INC (W3524-24BC07/001/BK~000)","GENERAL DYNAMICS ORDNANCE AND TACTICAL SYSTEMS - CANADA INC (W3524-24BC07/001/BK~000)","W3524-24BC07/001/BK","000","W3524-24BC07","","W3524-24BC07/001/BK","1","2024-04-02","2024-03-01","","","2025-12-31","26559404.00","26559404.00","CAD","","","","","","","*N1395","*Miscellaneous Ammunition","*Munitions diverses","","","","*GD","","","Non-competitive","Non concurrentielle","Government Objectives Representing Best Interests/Value to Govt","Objectifs gouvern.  représentant  les meilleurs intérets/valeur pour l'État","","","*Canadian Free Trade Agreement (CFTA)","*Accord de libre-échange canadien (ALEC)","","","GENERAL DYNAMICS ORDNANCE AND TACTICAL SYSTEMS - CANADA INC.","GENERAL DYNAMICS ORDNANCE AND TACTICAL SYSTEMS - CANADA INC.","GENERAL DYNAMICS ORDNANCE AND TACTICAL SYSTEMS - CANADA INC","GENERAL DYNAMICS ORDNANCE AND TACTICAL SYSTEMS - CANADA INC","General Dynamics Ordnance and Tactical Systems - Canada Inc","General Dynamics Ordnance and Tactical Systems - Canada Inc","1000 to 1499 employees","1000 à 1499 employés","5 Montée des Arsenaux","5 Montée des Arsenaux","Repentigny","Repentigny","Quebec","Quebec","J5Z2P4","Canada","Canada","Public Works and Government Services Canada","Travaux publics et Services gouvernementaux Canada","","","","","","","","","","Department of National Defence","Ministère de la défense nationale","NDHQ DGLEPM","N/D","101 COLONEL BY DR.,OTTAWA,Ontario,K1A0K2,Canada","101 COLONEL BY DR.,OTTAWA,Ontario,K1A0K2,Canada","","","","","","","","","","","","","","","",""
"GENERAL DYNAMICS PRODUITS DE DEFENSE ET SYSTEMES TACTIQUES - CANADA VALLEYFIELD INC (W3524-24BC08/001/BK~000)","GENERAL DYNAMICS PRODUITS DE DEFENSE ET SYSTEMES TACTIQUES - CANADA VALLEYFIELD INC (W3524-24BC08/001/BK~000)","W3524-24BC08/001/BK","000","W3524-24BC08","","W3524-24BC08/001/BK","1","2024-04-02","2024-03-18","","","2026-12-31","1.00","1.00","CAD","","","","","","","*N1395","*Miscellaneous Ammunition","*Munitions diverses","","","","*GD","","","Non-competitive","Non concurrentielle","Government Objectives Representing Best Interests/Value to Govt","Objectifs gouvern.  représentant  les meilleurs intérets/valeur pour l'État","","","*Canadian Free Trade Agreement (CFTA)","*Accord de libre-échange canadien (ALEC)","","","GENERAL DYNAMICS PRODUITS DE DEFENSE ET SYSTEMES TACTIQUES - CANADA VALLEYFIELD INC.","GENERAL DYNAMICS PRODUITS DE DEFENSE ET SYSTEMES TACTIQUES - CANADA VALLEYFIELD INC.","GENERAL DYNAMICS PRODUITS DE DEFENSE ET SYSTEMES TACTIQUES - CANADA VALLEYFIELD INC","GENERAL DYNAMICS PRODUITS DE DEFENSE ET SYSTEMES TACTIQUES - CANADA VALLEYFIELD INC","GENERAL DYNAMICS PRODUITS DE DEFENSE ET SYSTEMES TACTIQUES - CANADA VALLEYFIELD INC.","GENERAL DYNAMICS PRODUITS DE DEFENSE ET SYSTEMES TACTIQUES - CANADA VALLEYFIELD INC.","200 to 499 employees","200 à 499 employés","55 rue Masson","55 rue Masson","Valleyfield","Valleyfield","Quebec","Quebec","J6S4V9","Canada","Canada","Public Works and Government Services Canada","Travaux publics et Services gouvernementaux Canada","","","","","","","","","","Department of National Defence","Ministère de la défense nationale","ADM (MAT) DGLEPM","SMA (MAT) DGGPET","101 COLONEL BY DRIVE,OTTAWA,Ontario,K1A0K2,Canada","101 COLONEL BY DRIVE,OTTAWA,Ontario,K1A0K2,Canada","","","","","","","","","","","","","","","",""
"IMT PARTNERSHIP (W3524-24BC09/001/BK~000)","IMT PARTNERSHIP (W3524-24BC09/001/BK~000)","W3524-24BC09/001/BK","000","W3524-24BC09","","W3524-24BC09/001/BK","1","2024-04-29","2024-03-27","","","2024-12-31","11700018.00","11700018.00","CAD","","","","","","","*N1395","*Miscellaneous Ammunition","*Munitions diverses","","","","*GD","","","Non-competitive","Non concurrentielle","","","Exclusive Rights","Droits exclusifs","*Canadian Free Trade Agreement (CFTA)","*Accord de libre-échange canadien (ALEC)","","","IMT Partnership","IMT Partnership","IMT PARTNERSHIP","IMT PARTNERSHIP","IMT Partnership","IMT Partnership","200 to 499 employees","200 à 499 employés","347 King Street West","347 King Street West","Ingersoll","Ingersoll","Ontario","Ontario","N5C3K6","Canada","Canada","Public Works and Government Services Canada","Travaux publics et Services gouvernementaux Canada","","","","","","","","","","Department of National Defence","Ministère de la défense nationale","ADM (MAT) DGLEPM","SMA (MAT) DGGPET","101 COLONEL BY DRIVE,OTTAWA,Ontario,K1A0K2,Canada","101 COLONEL BY DRIVE,OTTAWA,Ontario,K1A0K2,Canada","","","","","","","","","","","","","","","",""
"GENERAL DYNAMICS ORDNANCE AND TACTICAL SYSTEMS - CANADA INC (W8486-24XA34/001/BK~000)","GENERAL DYNAMICS ORDNANCE AND TACTICAL SYSTEMS - CANADA INC (W8486-24XA34/001/BK~000)","W8486-24XA34/001/BK","000","W8486-24XA34","","W8486-24XA34/001/BK","1","2024-04-02","2024-03-13","","","2027-12-31","2761037.00","2761037.00","CAD","","","","","","","*N1395","*Miscellaneous Ammunition","*Munitions diverses","","","","*GD","","","Non-competitive","Non concurrentielle","Government Objectives Representing Best Interests/Value to Govt","Objectifs gouvern.  représentant  les meilleurs intérets/valeur pour l'État","","","*Canadian Free Trade Agreement (CFTA)","*Accord de libre-échange canadien (ALEC)","","","GENERAL DYNAMICS ORDNANCE AND TACTICAL SYSTEMS - CANADA INC.","GENERAL DYNAMICS ORDNANCE AND TACTICAL SYSTEMS - CANADA INC.","GENERAL DYNAMICS ORDNANCE AND TACTICAL SYSTEMS - CANADA INC","GENERAL DYNAMICS ORDNANCE AND TACTICAL SYSTEMS - CANADA INC","General Dynamics Ordnance and Tactical Systems - Canada Inc","General Dynamics Ordnance and Tactical Systems - Canada Inc","1000 to 1499 employees","1000 à 1499 employés","5 Montée des Arsenaux","5 Montée des Arsenaux","Repentigny","Repentigny","Quebec","Quebec","J5Z2P4","Canada","Canada","Public Works and Government Services Canada","Travaux publics et Services gouvernementaux Canada","","","","","","","","","","Department of National Defence","Ministère de la défense nationale","NDHQ DGLEPM","N/D","101 COLONEL BY DR.,OTTAWA,Ontario,K1A0K2,Canada","101 COLONEL BY DR.,OTTAWA,Ontario,K1A0K2,Canada","","","","","","","","","","","","","","","",""
"NATO SEASPARROW SURFACE MISSILE SYSTEM PROJECT (W8472-185703/024/USW~000)","NATO SEASPARROW SURFACE MISSILE SYSTEM PROJECT (W8472-185703/024/USW~000)","W8472-185703/024/USW","000","W8472-185703","","W8472-185703/024/USW","2","2023-10-25","2023-09-22","","","2030-09-22","1702493.00","2130672.00","CAD","","","","","","","*N1410","*Guided Missiles","*Missiles","","","","*GD","","","Non-competitive","Non concurrentielle","Government Objectives Representing Best Interests/Value to Govt","Objectifs gouvern.  représentant  les meilleurs intérets/valeur pour l'État","","","*None","*Aucun","","","Not applicable","Not applicable","NATO SEASPARROW SURFACE MISSILE SYSTEM PROJECT","NATO SEASPARROW SURFACE MISSILE SYSTEM PROJECT","NATO SEASPARROW SURFACE       MISSILE SYSTEM PROJECT","NATO SEASPARROW SURFACE       MISSILE SYSTEM PROJECT","UNKNOWN","INCONNU","","","WASHINGTON","WASHINGTON","District of Columbia","District of Columbia","","United States","United States","Public Works and Government Services Canada","Travaux publics et Services gouvernementaux Canada","","","","","","","","","","Department of National Defence","Ministère de la défense nationale","NDHQ","N/D","ATTN DGMEPM CAP - DMARP<br>101 COLONEL BY DR.,OTTAWA,Ontario,K1A0K2,Canada","ATTN DGMEPM CAP - DMARP<br>101 COLONEL BY DR.,OTTAWA,Ontario,K1A0K2,Canada","","","","","","","","","","","","","","","",""
"UNITED STATES DEPARTMENT OF THE ARMY (USASAC) (W8486-22CE01/001/USW~000)","UNITED STATES DEPARTMENT OF THE ARMY (USASAC) (W8486-22CE01/001/USW~000)","W8486-22CE01/001/USW","000","W8486-22CE01","","W8486-22CE01/001/USW","2","2023-10-25","2023-09-08","","","2027-04-27","212766.00","255549.00","CAD","","","","","","","*N1390","*Fuses and Primers","*Fusées et amorces","","","","*GD","","","Non-competitive","Non concurrentielle","Government Objectives Representing Best Interests/Value to Govt","Objectifs gouvern.  représentant  les meilleurs intérets/valeur pour l'État","","","*None","*Aucun","","","UNITED STATES DEPARTMENT OF THE ARMY (USASAC)","UNITED STATES DEPARTMENT OF THE ARMY (USASAC)","UNITED STATES DEPARTMENT OF THE ARMY (USASAC)","UNITED STATES DEPARTMENT OF THE ARMY (USASAC)","UNITED STATES DEPARTMENT OF THE ARMY (USASAC)","UNITED STATES DEPARTMENT OF THE ARMY (USASAC)","5 to 9 employees","5 à 9 employés","7613 CARDINAL ROAD","7613 CARDINAL ROAD","REDSTONE ARSENAL","REDSTONE ARSENAL","Alabama","Alabama","35898-5000","United States","United States","Public Works and Government Services Canada","Travaux publics et Services gouvernementaux Canada","","","","","","","","","","Department of National Defence","Ministère de la défense nationale","NDHQ DGLEPM","N/D","101 COLONEL BY DR.,OTTAWA,Ontario,K1A0K2,Canada","101 COLONEL BY DR.,OTTAWA,Ontario,K1A0K2,Canada","","","","","","","","","","","","","","","",""
"NATO SEASPARROW SURFACE MISSILE SYSTEM PROJECT (W8472-185703/025/USW~000)","NATO SEASPARROW SURFACE MISSILE SYSTEM PROJECT (W8472-185703/025/USW~000)","W8472-185703/025/USW","000","W8472-185703","","W8472-185703/025/USW","2","2023-10-25","2023-09-22","","","2030-09-22","2723415.00","3408357.00","CAD","","","","","","","*N1410","*Guided Missiles","*Missiles","","","","*GD","","","Non-competitive","Non concurrentielle","Government Objectives Representing Best Interests/Value to Govt","Objectifs gouvern.  représentant  les meilleurs intérets/valeur pour l'État","","","*None","*Aucun","","","Not applicable","Not applicable","NATO SEASPARROW SURFACE MISSILE SYSTEM PROJECT","NATO SEASPARROW SURFACE MISSILE SYSTEM PROJECT","NATO SEASPARROW SURFACE       MISSILE SYSTEM PROJECT","NATO SEASPARROW SURFACE       MISSILE SYSTEM PROJECT","UNKNOWN","INCONNU","","","WASHINGTON","WASHINGTON","District of Columbia","District of Columbia","","United States","United States","Public Works and Government Services Canada","Travaux publics et Services gouvernementaux Canada","","","","","","","","","","Department of National Defence","Ministère de la défense nationale","NDHQ","N/D","ATTN DGMEPM CAP - DMARP<br>101 COLONEL BY DR.,OTTAWA,Ontario,K1A0K2,Canada","ATTN DGMEPM CAP - DMARP<br>101 COLONEL BY DR.,OTTAWA,Ontario,K1A0K2,Canada","","","","","","","","","","","","","","","",""
"NATO SEASPARROW SURFACE MISSILE SYSTEM PROJECT (W8472-185703/026/USW~000)","NATO SEASPARROW SURFACE MISSILE SYSTEM PROJECT (W8472-185703/026/USW~000)","W8472-185703/026/USW","000","W8472-185703","","W8472-185703/026/USW","2","2023-10-25","2023-09-22","","","2030-09-22","4059440.00","5080394.00","CAD","","","","","","","*N1410","*Guided Missiles","*Missiles","","","","*GD","","","Non-competitive","Non concurrentielle","Government Objectives Representing Best Interests/Value to Govt","Objectifs gouvern.  représentant  les meilleurs intérets/valeur pour l'État","","","*None","*Aucun","","","Not applicable","Not applicable","NATO SEASPARROW SURFACE MISSILE SYSTEM PROJECT","NATO SEASPARROW SURFACE MISSILE SYSTEM PROJECT","NATO SEASPARROW SURFACE       MISSILE SYSTEM PROJECT","NATO SEASPARROW SURFACE       MISSILE SYSTEM PROJECT","UNKNOWN","INCONNU","","","WASHINGTON","WASHINGTON","District of Columbia","District of Columbia","","United States","United States","Public Works and Government Services Canada","Travaux publics et Services gouvernementaux Canada","","","","","","","","","","Department of National Defence","Ministère de la défense nationale","NDHQ","N/D","ATTN DGMEPM CAP - DMARP<br>101 COLONEL BY DR.,OTTAWA,Ontario,K1A0K2,Canada","ATTN DGMEPM CAP - DMARP<br>101 COLONEL BY DR.,OTTAWA,Ontario,K1A0K2,Canada","","","","","","","","","","","","","","","",""
"NATO SEASPARROW SURFACE MISSILE SYSTEM PROJECT (W8472-185703/027/USW~000)","NATO SEASPARROW SURFACE MISSILE SYSTEM PROJECT (W8472-185703/027/USW~000)","W8472-185703/027/USW","000","W8472-185703","","W8472-185703/027/USW","2","2023-10-25","2023-09-22","","","2030-09-22","4205485.00","8133647.00","CAD","","","","","","","*N1410","*Guided Missiles","*Missiles","","","","*GD","","","Non-competitive","Non concurrentielle","Government Objectives Representing Best Interests/Value to Govt","Objectifs gouvern.  représentant  les meilleurs intérets/valeur pour l'État","","","*None","*Aucun","","","Not applicable","Not applicable","NATO SEASPARROW SURFACE MISSILE SYSTEM PROJECT","NATO SEASPARROW SURFACE MISSILE SYSTEM PROJECT","NATO SEASPARROW SURFACE       MISSILE SYSTEM PROJECT","NATO SEASPARROW SURFACE       MISSILE SYSTEM PROJECT","UNKNOWN","INCONNU","","","WASHINGTON","WASHINGTON","District of Columbia","District of Columbia","","United States","United States","Public Works and Government Services Canada","Travaux publics et Services gouvernementaux Canada","","","","","","","","","","Department of National Defence","Ministère de la défense nationale","NDHQ","N/D","ATTN DGMEPM CAP - DMARP<br>101 COLONEL BY DR.,OTTAWA,Ontario,K1A0K2,Canada","ATTN DGMEPM CAP - DMARP<br>101 COLONEL BY DR.,OTTAWA,Ontario,K1A0K2,Canada","","","","","","","","","","","","","","","",""
"NATO SEASPARROW SURFACE MISSILE SYSTEM PROJECT (W8472-185703/028/USW~000)","NATO SEASPARROW SURFACE MISSILE SYSTEM PROJECT (W8472-185703/028/USW~000)","W8472-185703/028/USW","000","W8472-185703","","W8472-185703/028/USW","2","2024-09-24","2024-09-04","","","2039-09-30","1646523.00","2080119.00","CAD","","","","","","","*N1410","*Guided Missiles","*Missiles","","","","*GD","","","Non-competitive","Non concurrentielle","Government Objectives Representing Best Interests/Value to Govt","Objectifs gouvern.  représentant  les meilleurs intérets/valeur pour l'État","","","*None","*Aucun","","","Not applicable","Not applicable","NATO SEASPARROW SURFACE MISSILE SYSTEM PROJECT","NATO SEASPARROW SURFACE MISSILE SYSTEM PROJECT","NATO SEASPARROW SURFACE       MISSILE SYSTEM PROJECT","NATO SEASPARROW SURFACE       MISSILE SYSTEM PROJECT","UNKNOWN","INCONNU","","","WASHINGTON","WASHINGTON","District of Columbia","District of Columbia","","United States","United States","Public Works and Government Services Canada","Travaux publics et Services gouvernementaux Canada","","","","","","","","","","Department of National Defence","Ministère de la défense nationale","NDHQ","N/D","ATTN DGMEPM CAP - DMARP<br>101 COLONEL BY DR.,OTTAWA,Ontario,K1A0K2,Canada","ATTN DGMEPM CAP - DMARP<br>101 COLONEL BY DR.,OTTAWA,Ontario,K1A0K2,Canada","","","","","","","","","","","","","","","",""
"NATO SEASPARROW SURFACE MISSILE SYSTEM PROJECT (W8472-185703/029/USW~000)","NATO SEASPARROW SURFACE MISSILE SYSTEM PROJECT (W8472-185703/029/USW~000)","W8472-185703/029/USW","000","W8472-185703","","W8472-185703/029/USW","2","2024-09-24","2024-09-04","","","2039-09-30","2382271.00","3013774.00","CAD","","","","","","","*N1410","*Guided Missiles","*Missiles","","","","*GD","","","Non-competitive","Non concurrentielle","Government Objectives Representing Best Interests/Value to Govt","Objectifs gouvern.  représentant  les meilleurs intérets/valeur pour l'État","","","*None","*Aucun","","","Not applicable","Not applicable","NATO SEASPARROW SURFACE MISSILE SYSTEM PROJECT","NATO SEASPARROW SURFACE MISSILE SYSTEM PROJECT","NATO SEASPARROW SURFACE       MISSILE SYSTEM PROJECT","NATO SEASPARROW SURFACE       MISSILE SYSTEM PROJECT","UNKNOWN","INCONNU","","","WASHINGTON","WASHINGTON","District of Columbia","District of Columbia","","United States","United States","Public Works and Government Services Canada","Travaux publics et Services gouvernementaux Canada","","","","","","","","","","Department of National Defence","Ministère de la défense nationale","NDHQ","N/D","ATTN DGMEPM CAP - DMARP<br>101 COLONEL BY DR.,OTTAWA,Ontario,K1A0K2,Canada","ATTN DGMEPM CAP - DMARP<br>101 COLONEL BY DR.,OTTAWA,Ontario,K1A0K2,Canada","","","","","","","","","","","","","","","",""
"NATO SEASPARROW SURFACE MISSILE SYSTEM PROJECT (W8472-185703/030/USW~000)","NATO SEASPARROW SURFACE MISSILE SYSTEM PROJECT (W8472-185703/030/USW~000)","W8472-185703/030/USW","000","W8472-185703","","W8472-185703/030/USW","2","2024-09-24","2024-09-04","","","2039-09-30","4394467.00","5559373.00","CAD","","","","","","","*N1410","*Guided Missiles","*Missiles","","","","*GD","","","Non-competitive","Non concurrentielle","Government Objectives Representing Best Interests/Value to Govt","Objectifs gouvern.  représentant  les meilleurs intérets/valeur pour l'État","","","*None","*Aucun","","","Not applicable","Not applicable","NATO SEASPARROW SURFACE MISSILE SYSTEM PROJECT","NATO SEASPARROW SURFACE MISSILE SYSTEM PROJECT","NATO SEASPARROW SURFACE       MISSILE SYSTEM PROJECT","NATO SEASPARROW SURFACE       MISSILE SYSTEM PROJECT","UNKNOWN","INCONNU","","","WASHINGTON","WASHINGTON","District of Columbia","District of Columbia","","United States","United States","Public Works and Government Services Canada","Travaux publics et Services gouvernementaux Canada","","","","","","","","","","Department of National Defence","Ministère de la défense nationale","NDHQ","N/D","ATTN DGMEPM CAP - DMARP<br>101 COLONEL BY DR.,OTTAWA,Ontario,K1A0K2,Canada","ATTN DGMEPM CAP - DMARP<br>101 COLONEL BY DR.,OTTAWA,Ontario,K1A0K2,Canada","","","","","","","","","","","","","","","",""
"NATO SEASPARROW SURFACE MISSILE SYSTEM PROJECT (W8472-185703/031/USW~000)","NATO SEASPARROW SURFACE MISSILE SYSTEM PROJECT (W8472-185703/031/USW~000)","W8472-185703/031/USW","000","W8472-185703","","W8472-185703/031/USW","2","2024-09-24","2024-09-04","","","2039-09-30","5465282.00","6909481.00","CAD","","","","","","","*N1410","*Guided Missiles","*Missiles","","","","*GD","","","Non-competitive","Non concurrentielle","Government Objectives Representing Best Interests/Value to Govt","Objectifs gouvern.  représentant  les meilleurs intérets/valeur pour l'État","","","*None","*Aucun","","","Not applicable","Not applicable","NATO SEASPARROW SURFACE MISSILE SYSTEM PROJECT","NATO SEASPARROW SURFACE MISSILE SYSTEM PROJECT","NATO SEASPARROW SURFACE       MISSILE SYSTEM PROJECT","NATO SEASPARROW SURFACE       MISSILE SYSTEM PROJECT","UNKNOWN","INCONNU","","","WASHINGTON","WASHINGTON","District of Columbia","District of Columbia","","United States","United States","Public Works and Government Services Canada","Travaux publics et Services gouvernementaux Canada","","","","","","","","","","Department of National Defence","Ministère de la défense nationale","NDHQ","N/D","ATTN DGMEPM CAP - DMARP<br>101 COLONEL BY DR.,OTTAWA,Ontario,K1A0K2,Canada","ATTN DGMEPM CAP - DMARP<br>101 COLONEL BY DR.,OTTAWA,Ontario,K1A0K2,Canada","","","","","","","","","","","","","","","",""
"NATO SEASPARROW SURFACE MISSILE SYSTEM PROJECT (W8472-185703/033/USW~000)","NATO SEASPARROW SURFACE MISSILE SYSTEM PROJECT (W8472-185703/033/USW~000)","W8472-185703/033/USW","000","W8472-185703","","W8472-185703/033/USW","1","2025-03-27","2025-02-25","","","2030-03-31","34140000.00","34140000.00","CAD","","","","","","","*N1410","*Guided Missiles","*Missiles","","","","*GD","","","Non-competitive","Non concurrentielle","Government Objectives Representing Best Interests/Value to Govt","Objectifs gouvern.  représentant  les meilleurs intérets/valeur pour l'État","","","*None","*Aucun","","","Not applicable","Not applicable","NATO SEASPARROW SURFACE MISSILE SYSTEM PROJECT","NATO SEASPARROW SURFACE MISSILE SYSTEM PROJECT","NATO SEASPARROW SURFACE       MISSILE SYSTEM PROJECT","NATO SEASPARROW SURFACE       MISSILE SYSTEM PROJECT","UNKNOWN","INCONNU","","","WASHINGTON","WASHINGTON","District of Columbia","District of Columbia","","United States","United States","Public Works and Government Services Canada","Travaux publics et Services gouvernementaux Canada","","","","","","","","","","Department of National Defence","Ministère de la défense nationale","NDHQ","N/D","ATTN DGMEPM CAP - DMARP<br>101 COLONEL BY DR.,OTTAWA,Ontario,K1A0K2,Canada","ATTN DGMEPM CAP - DMARP<br>101 COLONEL BY DR.,OTTAWA,Ontario,K1A0K2,Canada","","","","","","","","","","","","","","","",""
"NATO SEASPARROW SURFACE MISSILE SYSTEM PROJECT (W8472-185703/034/USW~000)","NATO SEASPARROW SURFACE MISSILE SYSTEM PROJECT (W8472-185703/034/USW~000)","W8472-185703/034/USW","000","W8472-185703","","W8472-185703/034/USW","1","2025-03-27","2025-02-26","","","2030-03-31","19287450.00","19287450.00","CAD","","","","","","","*N1410","*Guided Missiles","*Missiles","","","","*GD","","","Non-competitive","Non concurrentielle","Government Objectives Representing Best Interests/Value to Govt","Objectifs gouvern.  représentant  les meilleurs intérets/valeur pour l'État","","","*None","*Aucun","","","Not applicable","Not applicable","NATO SEASPARROW SURFACE MISSILE SYSTEM PROJECT","NATO SEASPARROW SURFACE MISSILE SYSTEM PROJECT","NATO SEASPARROW SURFACE       MISSILE SYSTEM PROJECT","NATO SEASPARROW SURFACE       MISSILE SYSTEM PROJECT","UNKNOWN","INCONNU","","","WASHINGTON","WASHINGTON","District of Columbia","District of Columbia","","United States","United States","Public Works and Government Services Canada","Travaux publics et Services gouvernementaux Canada","","","","","","","","","","Department of National Defence","Ministère de la défense nationale","NDHQ","N/D","ATTN DGMEPM CAP - DMARP<br>101 COLONEL BY DR.,OTTAWA,Ontario,K1A0K2,Canada","ATTN DGMEPM CAP - DMARP<br>101 COLONEL BY DR.,OTTAWA,Ontario,K1A0K2,Canada","","","","","","","","","","","","","","","",""
"NATO SEASPARROW SURFACE MISSILE SYSTEM PROJECT (W8472-185703/035/USW~000)","NATO SEASPARROW SURFACE MISSILE SYSTEM PROJECT (W8472-185703/035/USW~000)","W8472-185703/035/USW","000","W8472-185703","","W8472-185703/035/USW","2","2025-03-27","2025-02-27","","","2030-03-31","2857400.00","7143500.00","CAD","","","","","","","*N1410","*Guided Missiles","*Missiles","","","","*GD","","","Non-competitive","Non concurrentielle","Government Objectives Representing Best Interests/Value to Govt","Objectifs gouvern.  représentant  les meilleurs intérets/valeur pour l'État","","","*None","*Aucun","","","Not applicable","Not applicable","NATO SEASPARROW SURFACE MISSILE SYSTEM PROJECT","NATO SEASPARROW SURFACE MISSILE SYSTEM PROJECT","NATO SEASPARROW SURFACE       MISSILE SYSTEM PROJECT","NATO SEASPARROW SURFACE       MISSILE SYSTEM PROJECT","UNKNOWN","INCONNU","","","WASHINGTON","WASHINGTON","District of Columbia","District of Columbia","","United States","United States","Public Works and Government Services Canada","Travaux publics et Services gouvernementaux Canada","","","","","","","","","","Department of National Defence","Ministère de la défense nationale","NDHQ","N/D","ATTN DGMEPM CAP - DMARP<br>101 COLONEL BY DR.,OTTAWA,Ontario,K1A0K2,Canada","ATTN DGMEPM CAP - DMARP<br>101 COLONEL BY DR.,OTTAWA,Ontario,K1A0K2,Canada","","","","","","","","","","","","","","","",""
"DRONEXPERTS (W1786-235266/001/QD~000)","DRONEXPERTS (W1786-235266/001/QD~000)","W1786-235266/001/QD","000","W1786-235266","","W1786-235266/001/QD","1","2024-01-31","2023-11-08","","","2024-03-29","82430.00","82430.00","CAD","","","","","","","*N1550","*Unmanned Aircraft","*Aéronef sans pilote","","","","*GD","","","Non-competitive","Non concurrentielle","","","Exclusive Rights","Droits exclusifs","*Canadian Free Trade Agreement (CFTA)","*Accord de libre-échange canadien (ALEC)","","","DRONEXPERTS INC.","DRONEXPERTS INC.","DRONEXPERTS","DRONEXPERTS","DroneXperts","DroneXperts","10 to 19 employees","10 à 19 employés","101-2059 branly","101-2059 branly","Quebec","Quebec","Quebec","Quebec","G1N4C7","Canada","Canada","Public Works and Government Services Canada","Travaux publics et Services gouvernementaux Canada","","","","","","","","","","Department of National Defence / Department of National Defence","Ministère de la défense nationale / Ministère de la défense nationale","MCE / MCE","N/D / N/D","101 COLONEL BY DR.,OTTAWA,Ontario,K1A0K2,Canada / 101 COLONEL BY DR.,OTTAWA,Ontario,K1A0K2,Canada","101 COLONEL BY DR.,OTTAWA,Ontario,K1A0K2,Canada / 101 COLONEL BY DR.,OTTAWA,Ontario,K1A0K2,Canada","","","","","","","","","","","","","","","",""
"MDA SYSTEMS LTD (W8472-175664/001/QD ~000)","MDA SYSTEMS LTD (W8472-175664/001/QD ~000)","W8472-175664/001/QD ","000","W8472-175664","","W8472-175664/001/QD ","1","2025-11-06","2025-07-18","","","2030-07-18","39769274.00","39769274.00","CAD","","","","","","","*N1550","*Unmanned Aircraft","*Aéronef sans pilote","","","","*GD","","","Competitive - Open bidding","Concurrentielle - Invitation ouverte à soumissionner","Highest Combined Rating of Technical Merit and Price","Cote combinée la plus élevée pour le mérite technique et le prix","","","","","","","MDA SYSTEMS LTD.","MDA SYSTEMS LTD.","MDA SYSTEMS LTD","MDA SYSTEMS LTD","MDA Systems","MDA Systems","500 to 999 employees","500  à  999 employés","13800 Commerce Parkway","13800 Commerce Parkway","Richmond","Richmond","British Columbia","British Columbia","V6V2J3","Canada","Canada","Public Works and Government Services Canada","Travaux publics et Services gouvernementaux Canada","","","","","","","","","","Department of National Defence","Ministère de la défense nationale","NDHQ","N/D","ATTN DGMEPM CAP - DMARP<br>101 COLONEL BY DR.,OTTAWA,Ontario,K1A0K2,Canada","ATTN DGMEPM CAP - DMARP<br>101 COLONEL BY DR.,OTTAWA,Ontario,K1A0K2,Canada","","","","","","","","","","","","","","","",""
"RMUS CANADA (W8472-245929/001/QD~000)","RMUS CANADA (W8472-245929/001/QD~000)","W8472-245929/001/QD","000","W8472-245929","","W8472-245929/001/QD","1","2024-07-27","2024-02-27","","","2026-03-31","2770255.00","2770255.00","CAD","","","","","","","*N1550","*Unmanned Aircraft","*Aéronef sans pilote","","","","*GD","","","Non-competitive","Non concurrentielle","","","Exclusive Rights","Droits exclusifs","*Comprehensive and Progressive Agreement for Trans-Pacific Partnership (CPTPP)
*Canada-Chile Free Trade Agreement (CCFTA)","*Accord de Partenariat transpacifique global et progressiste (PTPGP)
*Accord de libre-échange Canada-Chili (ALECC)","","","Incite Experiential Design inc.","Incite Experiential Design inc.","RMUS CANADA","RMUS CANADA","RMUS Canada","RMUS Canada","1 to 4 employees","1 à 4 employés","1137 Woodeden Drive","1137 Woodeden Drive","Mississauga","Mississauga","Ontario","Ontario","L5H2T7","Canada","Canada","Public Works and Government Services Canada","Travaux publics et Services gouvernementaux Canada","","","","","","","","","","Department of National Defence","Ministère de la défense nationale","NDHQ","N/D","ATTN DGMEPM CAP - DMARP<br>101 COLONEL BY DR.,OTTAWA,Ontario,K1A0K2,Canada","ATTN DGMEPM CAP - DMARP<br>101 COLONEL BY DR.,OTTAWA,Ontario,K1A0K2,Canada","","","","","","","","","","","","","","","",""
"SHERPA 6, INC (W8476-246837/001/QD~000)","SHERPA 6, INC (W8476-246837/001/QD~000)","W8476-246837/001/QD","000","W8476-246837","","W8476-246837/001/QD","2","2024-08-27","2024-07-24","","","2029-07-24","1923720.00","2953050.50","CAD","","","","","","","*N1550","*Unmanned Aircraft","*Aéronef sans pilote","","","","*GD","","","Non-competitive","Non concurrentielle","","","Exclusive Rights","Droits exclusifs","*Canadian Free Trade Agreement (CFTA)","*Accord de libre-échange canadien (ALEC)","","","Sherpa 6, Inc.","Sherpa 6, Inc.","SHERPA 6, INC","SHERPA 6, INC","Sherpa 6, Inc.","Sherpa 6, Inc.","100 to 199 employees","100 à 199 employés","18022 West TOLLER DR STE 180","18022 West TOLLER DR STE 180","Littleton","Littleton","Colorado","Colorado","80127","United States","United States","Public Works and Government Services Canada","Travaux publics et Services gouvernementaux Canada","","","","","","","","","","Department of National Defence","Ministère de la défense nationale","DGLEPM CAPITAL","N/D","101 COLONEL BY DR.,OTTAWA,Ontario,K1A0K2,Canada","101 COLONEL BY DR.,OTTAWA,Ontario,K1A0K2,Canada","","","","","","","","","","","","","","","",""
"GENERAL ATOMICS AERONAUTICAL SYSTEMS, INC (W847A-190247/001/RPS~000)","GENERAL ATOMICS AERONAUTICAL SYSTEMS, INC (W847A-190247/001/RPS~000)","W847A-190247/001/RPS","000","W847A-190247","","W847A-190247/001/RPS","2","2024-01-31","2023-12-18","","","2032-11-30","1832241708.00","1803148326.97","CAD","","","","","","","*N1550","*Unmanned Aircraft","*Aéronef sans pilote","","","","*GD","","","Competitive - Open bidding","Concurrentielle - Invitation ouverte à soumissionner","Only One Response to Bid Solicitation","Une seule réponse à une invitation à soumissionner","","","*None","*Aucun","","","General Atomics Aeronautical Systems, Inc","General Atomics Aeronautical Systems, Inc","GENERAL ATOMICS AERONAUTICAL SYSTEMS, INC","GENERAL ATOMICS AERONAUTICAL SYSTEMS, INC","General Atomics Aeronautical Systems, Inc","General Atomics Aeronautical Systems, Inc","5000 employees and over","5000 employés et plus","14200 Kirkham Way","14200 Kirkham Way","Poway","Poway","California","California","92064","United States","United States","Public Works and Government Services Canada","Travaux publics et Services gouvernementaux Canada","","","","","","","","","","Department of National Defence / Department of National Defence","Ministère de la défense nationale / Ministère de la défense nationale","NDHQ DGMPD AIR / NDHQ DGMPD AIR","NDHQ DGMPD FORCE AERIENNE / NDHQ DGMPD FORCE AERIENNE","101 COLONEL BY DR.,OTTAWA,Ontario,K1A0K2,Canada / 101 COLONEL BY DR.,OTTAWA,Ontario,K1A0K2,Canada","101 COLONEL BY DR.,OTTAWA,Ontario,K1A0K2,Canada / 101 COLONEL BY DR.,OTTAWA,Ontario,K1A0K2,Canada","","","","","","","","","","","","","","","",""
"UNITED STATES DEPARTMENT OF THE AIR FORCE (AFSAC) (W847A-240368/001/USW~000)","UNITED STATES DEPARTMENT OF THE AIR FORCE (AFSAC) (W847A-240368/001/USW~000)","W847A-240368/001/USW","000","W847A-240368","","W847A-240368/001/USW","1","2023-09-22","2023-09-07","","","2027-10-31","2587018.00","2587018.00","CAD","","","","","","","*N1550","*Unmanned Aircraft","*Aéronef sans pilote","","","","*GD","","","Non-competitive","Non concurrentielle","Government Objectives Representing Best Interests/Value to Govt","Objectifs gouvern.  représentant  les meilleurs intérets/valeur pour l'État","","","*None","*Aucun","","","UNITED STATES DEPARTMENT OF THE AIR FORCE (AFSAC)","UNITED STATES DEPARTMENT OF THE AIR FORCE (AFSAC)","UNITED STATES DEPARTMENT OF THE AIR FORCE (AFSAC)","UNITED STATES DEPARTMENT OF THE AIR FORCE (AFSAC)","Not applicable","Not applicable","UNKNOWN","INCONNU","1822 VAN PATTON DRIVE","1822 VAN PATTON DRIVE","WP AFB","WP AFB","Ohio","Ohio","45433","United States","United States","Public Works and Government Services Canada","Travaux publics et Services gouvernementaux Canada","","","","","","","","","","Department of National Defence","Ministère de la défense nationale","NDHQ DGMPD AIR","NDHQ DGMPD FORCE AERIENNE","101 COLONEL BY DR.,OTTAWA,Ontario,K1A0K2,Canada","101 COLONEL BY DR.,OTTAWA,Ontario,K1A0K2,Canada","","","","","","","","","","","","","","","",""
"MDA SYSTEMS LTD (W8482-231104/001/QD ~000)","MDA SYSTEMS LTD (W8482-231104/001/QD ~000)","W8482-231104/001/QD ","000","W8482-231104","","W8482-231104/001/QD ","1","2025-11-06","2025-07-18","","","2030-07-18","27513908.00","27513908.00","CAD","","","","","","","*N1550","*Unmanned Aircraft","*Aéronef sans pilote","","","","*GD","","","Competitive - Open bidding","Concurrentielle - Invitation ouverte à soumissionner","Highest Combined Rating of Technical Merit and Price","Cote combinée la plus élevée pour le mérite technique et le prix","","","","","","","MDA SYSTEMS LTD.","MDA SYSTEMS LTD.","MDA SYSTEMS LTD","MDA SYSTEMS LTD","MDA Systems","MDA Systems","500 to 999 employees","500  à  999 employés","13800 Commerce Parkway","13800 Commerce Parkway","Richmond","Richmond","British Columbia","British Columbia","V6V2J3","Canada","Canada","Public Works and Government Services Canada","Travaux publics et Services gouvernementaux Canada","","","","","","","","","","Department of National Defence","Ministère de la défense nationale","NDHQ","N/D","ATTN DGMEPM NP - DMARP<br>101 COLONEL BY DR.,OTTAWA,Ontario,K1A0K2,Canada","ATTN DGMEPM NP - DMARP<br>101 COLONEL BY DR.,OTTAWA,Ontario,K1A0K2,Canada","","","","","","","","","","","","","","","",""
"INTER-OP CANADA INC (W8486-249536/001/QD~000)","INTER-OP CANADA INC (W8486-249536/001/QD~000)","W8486-249536/001/QD","000","W8486-249536","","W8486-249536/001/QD","1","2025-03-27","2024-03-08","","","2027-03-31","2189258.00","2189258.00","CAD","","","","","","","*N1550","*Unmanned Aircraft","*Aéronef sans pilote","","","","*GD","","","Non-competitive","Non concurrentielle","","","Exclusive Rights","Droits exclusifs","*Canadian Free Trade Agreement (CFTA)","*Accord de libre-échange canadien (ALEC)","","","Inter-Op Canada Inc.","Inter-Op Canada Inc.","INTER-OP CANADA INC","INTER-OP CANADA INC","Inter-Op Canada Inc.","Inter-Op Canada Inc.","5 to 9 employees","5 à 9 employés","74C Ste-Anne St","74C Ste-Anne St","Ste-Anne-de-Bellevue","Ste-Anne-de-Bellevue","Quebec","Quebec","H9X1L8","Canada","Canada","Public Works and Government Services Canada","Travaux publics et Services gouvernementaux Canada","","","","","","","","","","Department of National Defence","Ministère de la défense nationale","NDHQ DGLEPM","N/D","101 COLONEL BY DR.,OTTAWA,Ontario,K1A0K2,Canada","101 COLONEL BY DR.,OTTAWA,Ontario,K1A0K2,Canada","","","","","","","","","","","","","","","",""
"UNITED STATES DEPARTMENT OF THE NAVY (NAVAIR) (W8486-259755/001/USW~000)","UNITED STATES DEPARTMENT OF THE NAVY (NAVAIR) (W8486-259755/001/USW~000)","W8486-259755/001/USW","000","W8486-259755","","W8486-259755/001/USW","1","2025-05-27","2025-05-15","","","2028-12-31","4424523.00","4424523.00","CAD","","","","","","","*N1550","*Unmanned Aircraft","*Aéronef sans pilote","","","","*GD","","","Non-competitive","Non concurrentielle","Government Objectives Representing Best Interests/Value to Govt","Objectifs gouvern.  représentant  les meilleurs intérets/valeur pour l'État","","","*None","*Aucun","","","UNITED STATES DEPARTMENT OF THE NAVY (NAVAIR)","UNITED STATES DEPARTMENT OF THE NAVY (NAVAIR)","UNITED STATES DEPARTMENT OF THE NAVY (NAVAIR)","UNITED STATES DEPARTMENT OF THE NAVY (NAVAIR)","Not applicable","Not applicable","UNKNOWN","INCONNU","2521 South Clark Street<br>Suite 800","2521 South Clark Street<br>Suite 800","Arlington","Arlington","Virginia","Virginia","22202-3928","United States","United States","Public Works and Government Services Canada","Travaux publics et Services gouvernementaux Canada","","","","","","","","","","Department of National Defence","Ministère de la défense nationale","COMMANDING  OFFICER","N/D","CFSD MONTREAL<br>6363 RUE NOTRE DAME ST E.,MONTREAL,Quebec,H1N2E9,Canada","CFSD MONTREAL<br>6363 RUE NOTRE DAME ST E.,MONTREAL,Quebec,H1N2E9,Canada","","","","","","","","","","","","","","","",""
"INTERNATIONAL AIRFINANCE CORPORATION (W847A-230341/001/STT~000)","INTERNATIONAL AIRFINANCE CORPORATION (W847A-230341/001/STT~000)","W847A-230341/001/STT","000","W847A-230341","","W847A-230341/001/STT","1","2023-10-25","2023-06-30","","","2026-12-31","204000000.00","204000000.00","CAD","","","","","","","*N1510","*Aircraft, Fixed Wing","*Aéronef à voilure fixe","","","","*GD","","","Competitive - Traditional","Concurrentielle - Traditionnelle","Highest Combined Rating of Technical Merit and Price","Cote combinée la plus élevée pour le mérite technique et le prix","","","*None","*Aucun","","","International Airfinance Corporation","International Airfinance Corporation","INTERNATIONAL AIRFINANCE CORPORATION","INTERNATIONAL AIRFINANCE CORPORATION","International Airfinance Corporation","International Airfinance Corporation","UNKNOWN","INCONNU","c/o Walkers Corporate Limited<br>190 Elgin Avenue,","c/o Walkers Corporate Limited<br>190 Elgin Avenue,","George Town","George Town","","","KY1-9008","Cayman Islands","Cayman Islands","Public Works and Government Services Canada","Travaux publics et Services gouvernementaux Canada","","","","","","","","","","Department of National Defence","Ministère de la défense nationale","NDHQ DGMPD AIR","NDHQ DGMPD FORCE AERIENNE","101 COLONEL BY DR.,OTTAWA,Ontario,K1A0K2,Canada","101 COLONEL BY DR.,OTTAWA,Ontario,K1A0K2,Canada","","","","","","","","","","","","","","","",""
"RMUS CANADA (E60QD-250036/001/QD~000)","RMUS CANADA (E60QD-250036/001/QD~000)","E60QD-250036/001/QD","000","E60QD-250036","","E60QD-250036/001/QD","1","2025-03-03","2025-01-23","","","2026-01-23","0.00","0.00","CAD","","","","","","","*N1550","*Unmanned Aircraft","*Aéronef sans pilote","","","","*GD","","","Non-competitive","Non concurrentielle","","","Exclusive Rights","Droits exclusifs","*Canadian Free Trade Agreement (CFTA)","*Accord de libre-échange canadien (ALEC)","","","Incite Experiential Design inc.","Incite Experiential Design inc.","RMUS CANADA","RMUS CANADA","RMUS Canada","RMUS Canada","1 to 4 employees","1 à 4 employés","1137 Woodeden Drive","1137 Woodeden Drive","Mississauga","Mississauga","Ontario","Ontario","L5H2T7","Canada","Canada","Public Works and Government Services Canada","Travaux publics et Services gouvernementaux Canada","","","","","","","","","","Public Works and Government Services Canada","Travaux publics et Services gouvernementaux Canada","CONSOLIDATED PROC QD AMES","N/D","PORTAGE III 5C1<br>11 LAURIER ST,GATINEAU,Quebec,K1A0S5,Canada","PORTAGE III 5C1<br>11 LAURIER ST,GATINEAU,Quebec,K1A0S5,Canada","","","","","","","","","","","","","","","",""
"CARTOCANADA INC (W1786-235252/001/QD~000)","CARTOCANADA INC (W1786-235252/001/QD~000)","W1786-235252/001/QD","000","W1786-235252","","W1786-235252/001/QD","2","2024-01-31","2023-11-02","","","2024-03-31","56926.00","56926.00","CAD","","","","","","","*N1550","*Unmanned Aircraft","*Aéronef sans pilote","","","","*GD","","","Non-competitive","Non concurrentielle","","","Exclusive Rights","Droits exclusifs","","","","","CARTOCANADA INC.","CARTOCANADA INC.","CARTOCANADA INC","CARTOCANADA INC","CARTOCANADA INC.","CARTOCANADA INC.","10 to 19 employees","10 à 19 employés","402-11012 MACLEOD TRAIL SE","402-11012 MACLEOD TRAIL SE","CALGARY,","CALGARY,","Alberta","Alberta","T2J6A5","Canada","Canada","Public Works and Government Services Canada","Travaux publics et Services gouvernementaux Canada","","","","","","","","","","Department of National Defence / Department of National Defence","Ministère de la défense nationale / Ministère de la défense nationale","MCE / MCE","N/D / N/D","101 COLONEL BY DR.,OTTAWA,Ontario,K1A0K2,Canada / 101 COLONEL BY DR.,OTTAWA,Ontario,K1A0K2,Canada","101 COLONEL BY DR.,OTTAWA,Ontario,K1A0K2,Canada / 101 COLONEL BY DR.,OTTAWA,Ontario,K1A0K2,Canada","","","","","","","","","","","","","","","",""
"UNITED STATES DEPARTMENT OF THE AIR FORCE (AFSAC) (W8485-247696/001/USW~000)","UNITED STATES DEPARTMENT OF THE AIR FORCE (AFSAC) (W8485-247696/001/USW~000)","W8485-247696/001/USW","000","W8485-247696","","W8485-247696/001/USW","1","2024-04-02","2024-03-22","","","2031-03-22","9994091.00","9994091.00","CAD","","","","","","","*N1410","*Guided Missiles","*Missiles","","","","*GD","","","Non-competitive","Non concurrentielle","Government Objectives Representing Best Interests/Value to Govt","Objectifs gouvern.  représentant  les meilleurs intérets/valeur pour l'État","","","*None","*Aucun","","","UNITED STATES DEPARTMENT OF THE AIR FORCE (AFSAC)","UNITED STATES DEPARTMENT OF THE AIR FORCE (AFSAC)","UNITED STATES DEPARTMENT OF THE AIR FORCE (AFSAC)","UNITED STATES DEPARTMENT OF THE AIR FORCE (AFSAC)","Not applicable","Not applicable","UNKNOWN","INCONNU","1822 VAN PATTON DRIVE","1822 VAN PATTON DRIVE","WP AFB","WP AFB","Ohio","Ohio","45433","United States","United States","Public Works and Government Services Canada","Travaux publics et Services gouvernementaux Canada","","","","","","","","","","Department of National Defence","Ministère de la défense nationale","NDHQ","N/D","DGAEPM<br>101 COLONEL BY DR.,OTTAWA,Ontario,K1A0K2,Canada","DGAEPM<br>101 COLONEL BY DR.,OTTAWA,Ontario,K1A0K2,Canada","","","","","","","","","","","","","","","",""
"UNITED STATES DEPARTMENT OF THE AIR FORCE (AFSAC) (W847A-230337/001/USW~000)","UNITED STATES DEPARTMENT OF THE AIR FORCE (AFSAC) (W847A-230337/001/USW~000)","W847A-230337/001/USW","000","W847A-230337","","W847A-230337/001/USW","2","2024-01-31","2023-12-14","","","2030-12-16","77662.00","77662.00","CAD","","","","","","","*N1510","*Aircraft, Fixed Wing","*Aéronef à voilure fixe","","","","*GD","","","Non-competitive","Non concurrentielle","Government Objectives Representing Best Interests/Value to Govt","Objectifs gouvern.  représentant  les meilleurs intérets/valeur pour l'État","","","*None","*Aucun","","","UNITED STATES DEPARTMENT OF THE AIR FORCE (AFSAC)","UNITED STATES DEPARTMENT OF THE AIR FORCE (AFSAC)","UNITED STATES DEPARTMENT OF THE AIR FORCE (AFSAC)","UNITED STATES DEPARTMENT OF THE AIR FORCE (AFSAC)","Not applicable","Not applicable","UNKNOWN","INCONNU","1822 VAN PATTON DRIVE","1822 VAN PATTON DRIVE","WP AFB","WP AFB","Ohio","Ohio","45433","United States","United States","Public Works and Government Services Canada","Travaux publics et Services gouvernementaux Canada","","","","","","","","","","Department of National Defence / Department of National Defence","Ministère de la défense nationale / Ministère de la défense nationale","CDN NAT.DISTRIBUTING AUTHORITY / CDN NAT.DISTRIBUTING AUTHORITY","N/D / N/D","ATTN SUPT CFB OTTAWA (N),OTTAWA,Ontario,K1A0K8,Canada / ATTN SUPT CFB OTTAWA (N),OTTAWA,Ontario,K1A0K8,Canada","ATTN SUPT CFB OTTAWA (N),OTTAWA,Ontario,K1A0K8,Canada / ATTN SUPT CFB OTTAWA (N),OTTAWA,Ontario,K1A0K8,Canada","","","","","","","","","","","","","","","",""
"UNITED STATES DEPARTMENT OF THE NAVY (NAVAIR) (W8485-237617/001/USW~000)","UNITED STATES DEPARTMENT OF THE NAVY (NAVAIR) (W8485-237617/001/USW~000)","W8485-237617/001/USW","000","W8485-237617","","W8485-237617/001/USW","2","2023-10-25","2023-10-16","","","2033-10-16","9996053.00","9996053.00","CAD","","","","","","","*N1610","*Aircraft Propellers and Components","*Hélices d'aéronefs et composants","","","","*GD","","","Non-competitive","Non concurrentielle","Government Objectives Representing Best Interests/Value to Govt","Objectifs gouvern.  représentant  les meilleurs intérets/valeur pour l'État","","","*None","*Aucun","","","UNITED STATES DEPARTMENT OF THE NAVY (NAVAIR)","UNITED STATES DEPARTMENT OF THE NAVY (NAVAIR)","UNITED STATES DEPARTMENT OF THE NAVY (NAVAIR)","UNITED STATES DEPARTMENT OF THE NAVY (NAVAIR)","Not applicable","Not applicable","UNKNOWN","INCONNU","2521 South Clark Street<br>Suite 800","2521 South Clark Street<br>Suite 800","Arlington","Arlington","Virginia","Virginia","22202-3928","United States","United States","Public Works and Government Services Canada","Travaux publics et Services gouvernementaux Canada","","","","","","","","","","Department of National Defence","Ministère de la défense nationale","NDHQ","N/D","DGAEPM<br>101 COLONEL BY DR.,OTTAWA,Ontario,K1A0K2,Canada","DGAEPM<br>101 COLONEL BY DR.,OTTAWA,Ontario,K1A0K2,Canada","","","","","","","","","","","","","","","",""
"PILATUS CENTER CANADA (M7594-232124/001/CAG~000)","PILATUS CENTER CANADA (M7594-232124/001/CAG~000)","M7594-232124/001/CAG","000","M7594-232124","","M7594-232124/001/CAG","1","2024-07-27","2023-08-16","","","2027-08-31","11300000.00","11300000.00","CAD","","","","","","","*N1680","*Miscellaneous Aircraft Accessories and Components","*Accessoires et composants divers pour aéronefs","","","","*GD","","","Competitive - Open bidding","Concurrentielle - Invitation ouverte à soumissionner","Lowest Price","Prix le plus bas","","","*Canada-European Union Comprehensive Economic and Trade Agreement (CETA)
*Canada-Colombia Free Trade Agreement
*Canada-Peru Free Trade Agreement (CPFTA)
*Canada-UK Trade Continuity Agreement (Canada-UK TCA)
*Canada-Chile Free Trade Agreement (CCFTA)
*Canada-Panama Free Trade Agreement
* Other trade agreements not listed here may apply
*World Trade Organization Agreement on Government Procurement (WTO GPA)
*Comprehensive and Progressive Agreement for Trans-Pacific Partnership (CPTPP)","*Accord économique et commercial global (AECG) entre le Canada et l’Union européenne (UE)
*Accord de libre-échange Canada-Colombie
*Accord de libre-échange Canada-Pérou (ALECP)
*Accord de continuité commerciale Canada–Royaume-Uni (ACC Canada-Royaume-Uni)
*Accord de libre-échange Canada-Chili (ALECC)
*Accord de libre-échange Canada-Panama
*d'autres accords commerciaux non répertoriés ici peuvent s'appliquer
*Accord sur les marchés publics de l'Organisation mondiale du commerce (AMP-OMC)
*Accord de Partenariat transpacifique global et progressiste (PTPGP)","","","LEVAERO AVIATION INC.","LEVAERO AVIATION INC.","PILATUS CENTER CANADA","PILATUS CENTER CANADA","Pilatus Center Canada","Pilatus Center Canada","20 to 49 employees","20 à 49 employés","2039 Derek Burney Dr.","2039 Derek Burney Dr.","Thunder Bay","Thunder Bay","Ontario","Ontario","P7K0A1","Canada","Canada","Public Works and Government Services Canada","Travaux publics et Services gouvernementaux Canada","","","","","","","","","","Royal Canadian Mounted Police","Gendarmerie royale du Canada","HQ PROCURE.&CONTRACT.SERVS","SERVS APPROVISION.&CONTRATS QG","4TH FL.<br>73 LEIKIN DR. M1,OTTAWA,Ontario,K1A0R2,Canada","4TH FL.<br>73 LEIKIN DR. M1,OTTAWA,Ontario,K1A0R2,Canada","","","","","","","","","","","","","","","",""
"WESCAM (T8493-220037/001/CAD~000)","WESCAM (T8493-220037/001/CAD~000)","T8493-220037/001/CAD","000","T8493-220037","","T8493-220037/001/CAD","1","2023-07-24","2023-07-10","","","2024-07-10","57280.00","57280.00","CAD","","","","","","","*N1680","*Miscellaneous Aircraft Accessories and Components","*Accessoires et composants divers pour aéronefs","","","","*GD","","","Non-competitive","Non concurrentielle","","","Exclusive Rights","Droits exclusifs","*Canadian Free Trade Agreement (CFTA)","*Accord de libre-échange canadien (ALEC)","","","Wescam Inc.","Wescam Inc.","WESCAM","WESCAM","L3Harris Wescam","L3Harris Wescam","1000 to 1499 employees","1000 à 1499 employés","50 Leavitt Blvd.","50 Leavitt Blvd.","Waterdown","Waterdown","Ontario","Ontario","L9H0C5","Canada","Canada","Public Works and Government Services Canada","Travaux publics et Services gouvernementaux Canada","","","","","","","","","","Transport Canada","Transports Canada","AIRCRAFT SERVICES DIRECTORATE","N/D","200 COMET PRIVATE,OTTAWA,Ontario,K1V9B2,Canada","200 COMET PRIVATE,OTTAWA,Ontario,K1V9B2,Canada","","","","","","","","","","","","","","","",""
"AERO SUPPLIES INC (T8493-230001/001/CAG~000)","AERO SUPPLIES INC (T8493-230001/001/CAG~000)","T8493-230001/001/CAG","000","T8493-230001","","T8493-230001/001/CAG","1","2024-07-27","2023-06-02","","","2024-03-31","93225.00","93225.00","CAD","","","","","","","*N1680","*Miscellaneous Aircraft Accessories and Components","*Accessoires et composants divers pour aéronefs","","","","*GD","","","Competitive - Open bidding","Concurrentielle - Invitation ouverte à soumissionner","Lowest Price","Prix le plus bas","","","* Other trade agreements not listed here may apply
*Canada-Colombia Free Trade Agreement
*Canada-European Union Comprehensive Economic and Trade Agreement (CETA)
*Canada-Peru Free Trade Agreement (CPFTA)
*World Trade Organization Agreement on Government Procurement (WTO GPA)
*Canada-Panama Free Trade Agreement
*Canada-Chile Free Trade Agreement (CCFTA)
*Comprehensive and Progressive Agreement for Trans-Pacific Partnership (CPTPP)
*Canada-UK Trade Continuity Agreement (Canada-UK TCA)","*d'autres accords commerciaux non répertoriés ici peuvent s'appliquer
*Accord de libre-échange Canada-Colombie
*Accord économique et commercial global (AECG) entre le Canada et l’Union européenne (UE)
*Accord de libre-échange Canada-Pérou (ALECP)
*Accord sur les marchés publics de l'Organisation mondiale du commerce (AMP-OMC)
*Accord de libre-échange Canada-Panama
*Accord de libre-échange Canada-Chili (ALECC)
*Accord de Partenariat transpacifique global et progressiste (PTPGP)
*Accord de continuité commerciale Canada–Royaume-Uni (ACC Canada-Royaume-Uni)","","","AERO SUPPLIES INC.","AERO SUPPLIES INC.","AERO SUPPLIES INC","AERO SUPPLIES INC","AERO SUPPLIES INC.","AERO SUPPLIES INC.","5 to 9 employees","5 à 9 employés","7486 Bath Road","7486 Bath Road","MISSISSAUGA","MISSISSAUGA","Ontario","Ontario","L4T1L2","Canada","Canada","Public Works and Government Services Canada","Travaux publics et Services gouvernementaux Canada","","","","","","","","","","Transport Canada","Transports Canada","AIRCRAFT SERVICES DIRECTORATE","N/D","200 COMET PRIVATE,OTTAWA,Ontario,K1V9B2,Canada","200 COMET PRIVATE,OTTAWA,Ontario,K1V9B2,Canada","","","","","","","","","","","","","","","",""
"AERO SUPPLIES INC (T8493-230010/001/CAG~000)","AERO SUPPLIES INC (T8493-230010/001/CAG~000)","T8493-230010/001/CAG","000","T8493-230010","","T8493-230010/001/CAG","1","2023-08-23","2023-08-10","","","2023-10-31","28815.00","28815.00","CAD","","","","","","","*N1680","*Miscellaneous Aircraft Accessories and Components","*Accessoires et composants divers pour aéronefs","","","","*GD","","","Competitive - Traditional","Concurrentielle - Traditionnelle","Lowest Price","Prix le plus bas","","","*Canadian Free Trade Agreement (CFTA)","*Accord de libre-échange canadien (ALEC)","","","AERO SUPPLIES INC.","AERO SUPPLIES INC.","AERO SUPPLIES INC","AERO SUPPLIES INC","AERO SUPPLIES INC.","AERO SUPPLIES INC.","5 to 9 employees","5 à 9 employés","7486 Bath Road","7486 Bath Road","MISSISSAUGA","MISSISSAUGA","Ontario","Ontario","L4T1L2","Canada","Canada","Public Works and Government Services Canada","Travaux publics et Services gouvernementaux Canada","","","","","","","","","","Transport Canada","Transports Canada","AIRCRAFT SERVICES DIRECTORATE","N/D","200 COMET PRIVATE,OTTAWA,Ontario,K1V9B2,Canada","200 COMET PRIVATE,OTTAWA,Ontario,K1V9B2,Canada","","","","","","","","","","","","","","","",""
"CANADA WEST AVIONICS LTD (T8493-230011/001/CAG~000)","CANADA WEST AVIONICS LTD (T8493-230011/001/CAG~000)","T8493-230011/001/CAG","000","T8493-230011","","T8493-230011/001/CAG","1","2024-07-27","2023-06-02","","","2024-03-31","27911.00","27911.00","CAD","","","","","","","*N1680","*Miscellaneous Aircraft Accessories and Components","*Accessoires et composants divers pour aéronefs","","","","*GD","","","Competitive - Open bidding","Concurrentielle - Invitation ouverte à soumissionner","Highest Combined Rating of Technical Merit and Price","Cote combinée la plus élevée pour le mérite technique et le prix","","","*Canada-Peru Free Trade Agreement (CPFTA)
*Canada-European Union Comprehensive Economic and Trade Agreement (CETA)
*Canada-UK Trade Continuity Agreement (Canada-UK TCA)
*Comprehensive and Progressive Agreement for Trans-Pacific Partnership (CPTPP)
* Other trade agreements not listed here may apply
*Canada-Chile Free Trade Agreement (CCFTA)
*Canada-Panama Free Trade Agreement
*Canada-Colombia Free Trade Agreement
*World Trade Organization Agreement on Government Procurement (WTO GPA)","*Accord de libre-échange Canada-Pérou (ALECP)
*Accord économique et commercial global (AECG) entre le Canada et l’Union européenne (UE)
*Accord de continuité commerciale Canada–Royaume-Uni (ACC Canada-Royaume-Uni)
*Accord de Partenariat transpacifique global et progressiste (PTPGP)
*d'autres accords commerciaux non répertoriés ici peuvent s'appliquer
*Accord de libre-échange Canada-Chili (ALECC)
*Accord de libre-échange Canada-Panama
*Accord de libre-échange Canada-Colombie
*Accord sur les marchés publics de l'Organisation mondiale du commerce (AMP-OMC)","","","Canada West Avionics Ltd","Canada West Avionics Ltd","CANADA WEST AVIONICS LTD","CANADA WEST AVIONICS LTD","Canada West Avionics Ltd","Canada West Avionics Ltd","10 to 19 employees","10 à 19 employés","Canada West Avionics Ltd<br>Unit 3, 7630 Montreal Street","Canada West Avionics Ltd<br>Unit 3, 7630 Montreal Street","Delta","Delta","British Columbia","British Columbia","V4K0A7","Canada","Canada","Public Works and Government Services Canada","Travaux publics et Services gouvernementaux Canada","","","","","","","","","","Transport Canada","Transports Canada","AIRCRAFT SERVICES DIRECTORATE","N/D","200 COMET PRIVATE,OTTAWA,Ontario,K1V9B2,Canada","200 COMET PRIVATE,OTTAWA,Ontario,K1V9B2,Canada","","","","","","","","","","","","","","","",""
"EXECAIRE (T8493-230014/001/CAG~000)","EXECAIRE (T8493-230014/001/CAG~000)","T8493-230014/001/CAG","000","T8493-230014","","T8493-230014/001/CAG","1","2024-07-27","2023-06-23","","","2024-03-31","14464.00","14464.00","CAD","","","","","","","*N1680","*Miscellaneous Aircraft Accessories and Components","*Accessoires et composants divers pour aéronefs","","","","*GD","","","Competitive - Open bidding","Concurrentielle - Invitation ouverte à soumissionner","Highest Combined Rating of Technical Merit and Price","Cote combinée la plus élevée pour le mérite technique et le prix","","","*Canada-Colombia Free Trade Agreement
*Comprehensive and Progressive Agreement for Trans-Pacific Partnership (CPTPP)
*Canada-European Union Comprehensive Economic and Trade Agreement (CETA)
*Canada-UK Trade Continuity Agreement (Canada-UK TCA)
*World Trade Organization Agreement on Government Procurement (WTO GPA)
*Canada-Peru Free Trade Agreement (CPFTA)
*Canada-Chile Free Trade Agreement (CCFTA)
* Other trade agreements not listed here may apply
*Canada-Panama Free Trade Agreement","*Accord de libre-échange Canada-Colombie
*Accord de Partenariat transpacifique global et progressiste (PTPGP)
*Accord économique et commercial global (AECG) entre le Canada et l’Union européenne (UE)
*Accord de continuité commerciale Canada–Royaume-Uni (ACC Canada-Royaume-Uni)
*Accord sur les marchés publics de l'Organisation mondiale du commerce (AMP-OMC)
*Accord de libre-échange Canada-Pérou (ALECP)
*Accord de libre-échange Canada-Chili (ALECC)
*d'autres accords commerciaux non répertoriés ici peuvent s'appliquer
*Accord de libre-échange Canada-Panama","","","I.M.P GROUP LIMITED","I.M.P GROUP LIMITED","EXECAIRE","EXECAIRE","execaire","execaire","200 to 499 employees","200 à 499 employés","10225 Ryan Ave","10225 Ryan Ave","DORVAL","DORVAL","Quebec","Quebec","H9P1A2","Canada","Canada","Public Works and Government Services Canada","Travaux publics et Services gouvernementaux Canada","","","","","","","","","","Transport Canada","Transports Canada","AIRCRAFT SERVICES DIRECTORATE","N/D","200 COMET PRIVATE,OTTAWA,Ontario,K1V9B2,Canada","200 COMET PRIVATE,OTTAWA,Ontario,K1V9B2,Canada","","","","","","","","","","","","","","","",""
"BELL HELICOPTER TEXTRON CANADA LTD (T8493-230015/001/CAG~000)","BELL HELICOPTER TEXTRON CANADA LTD (T8493-230015/001/CAG~000)","T8493-230015/001/CAG","000","T8493-230015","","T8493-230015/001/CAG","1","2024-07-27","2023-07-13","","","2024-07-13","18698.00","18698.00","CAD","","","","","","","*N1680","*Miscellaneous Aircraft Accessories and Components","*Accessoires et composants divers pour aéronefs","","","","*GD","","","Competitive - Open bidding","Concurrentielle - Invitation ouverte à soumissionner","Highest Combined Rating of Technical Merit and Price","Cote combinée la plus élevée pour le mérite technique et le prix","","","*Canada-Peru Free Trade Agreement (CPFTA)
*Canada-Colombia Free Trade Agreement
*Canada-UK Trade Continuity Agreement (Canada-UK TCA)
*Canada-European Union Comprehensive Economic and Trade Agreement (CETA)
* Other trade agreements not listed here may apply
*Canada-Panama Free Trade Agreement
*Canada-Chile Free Trade Agreement (CCFTA)
*World Trade Organization Agreement on Government Procurement (WTO GPA)
*Comprehensive and Progressive Agreement for Trans-Pacific Partnership (CPTPP)","*Accord de libre-échange Canada-Pérou (ALECP)
*Accord de libre-échange Canada-Colombie
*Accord de continuité commerciale Canada–Royaume-Uni (ACC Canada-Royaume-Uni)
*Accord économique et commercial global (AECG) entre le Canada et l’Union européenne (UE)
*d'autres accords commerciaux non répertoriés ici peuvent s'appliquer
*Accord de libre-échange Canada-Panama
*Accord de libre-échange Canada-Chili (ALECC)
*Accord sur les marchés publics de l'Organisation mondiale du commerce (AMP-OMC)
*Accord de Partenariat transpacifique global et progressiste (PTPGP)","","","Bell Textron Canada Limited","Bell Textron Canada Limited","BELL HELICOPTER TEXTRON CANADA LTD","BELL HELICOPTER TEXTRON CANADA LTD","Bell Textron Canada Limited","Bell Textron Canada Limited","1000 to 1499 employees","1000 à 1499 employés","12 800 rue de l'Avenir","12 800 rue de l'Avenir","Mirabel","Mirabel","Quebec","Quebec","J7J1R4","Canada","Canada","Public Works and Government Services Canada","Travaux publics et Services gouvernementaux Canada","","","","","","","","","","Transport Canada","Transports Canada","AIRCRAFT SERVICES DIRECTORATE","N/D","200 COMET PRIVATE,OTTAWA,Ontario,K1V9B2,Canada","200 COMET PRIVATE,OTTAWA,Ontario,K1V9B2,Canada","","","","","","","","","","","","","","","",""
"AERO SUPPLIES INC (T8493-230016/001/CAG~000)","AERO SUPPLIES INC (T8493-230016/001/CAG~000)","T8493-230016/001/CAG","000","T8493-230016","","T8493-230016/001/CAG","1","2023-07-24","2023-06-07","","","2023-07-30","75305.00","75305.00","CAD","","","","","","","*N1680","*Miscellaneous Aircraft Accessories and Components","*Accessoires et composants divers pour aéronefs","","","","*GD","","","Competitive - Traditional","Concurrentielle - Traditionnelle","Highest Combined Rating of Technical Merit and Price","Cote combinée la plus élevée pour le mérite technique et le prix","","","*Canadian Free Trade Agreement (CFTA)","*Accord de libre-échange canadien (ALEC)","","","AERO SUPPLIES INC.","AERO SUPPLIES INC.","AERO SUPPLIES INC","AERO SUPPLIES INC","AERO SUPPLIES INC.","AERO SUPPLIES INC.","5 to 9 employees","5 à 9 employés","7486 Bath Road","7486 Bath Road","MISSISSAUGA","MISSISSAUGA","Ontario","Ontario","L4T1L2","Canada","Canada","Public Works and Government Services Canada","Travaux publics et Services gouvernementaux Canada","","","","","","","","","","Transport Canada","Transports Canada","AIRCRAFT SERVICES DIRECTORATE","N/D","200 COMET PRIVATE,OTTAWA,Ontario,K1V9B2,Canada","200 COMET PRIVATE,OTTAWA,Ontario,K1V9B2,Canada","","","","","","","","","","","","","","","",""
"AERO SUPPLIES INC (T8493-230017/001/CAG~000)","AERO SUPPLIES INC (T8493-230017/001/CAG~000)","T8493-230017/001/CAG","000","T8493-230017","","T8493-230017/001/CAG","1","2023-06-22","2023-06-07","","","2024-03-31","31625.00","31625.00","CAD","","","","","","","*N1680","*Miscellaneous Aircraft Accessories and Components","*Accessoires et composants divers pour aéronefs","","","","*GD","","","Competitive - Traditional","Concurrentielle - Traditionnelle","Highest Combined Rating of Technical Merit and Price","Cote combinée la plus élevée pour le mérite technique et le prix","","","*Canadian Free Trade Agreement (CFTA)","*Accord de libre-échange canadien (ALEC)","","","AERO SUPPLIES INC.","AERO SUPPLIES INC.","AERO SUPPLIES INC","AERO SUPPLIES INC","AERO SUPPLIES INC.","AERO SUPPLIES INC.","5 to 9 employees","5 à 9 employés","7486 Bath Road","7486 Bath Road","MISSISSAUGA","MISSISSAUGA","Ontario","Ontario","L4T1L2","Canada","Canada","Public Works and Government Services Canada","Travaux publics et Services gouvernementaux Canada","","","","","","","","","","Transport Canada","Transports Canada","AIRCRAFT SERVICES DIRECTORATE","N/D","200 COMET PRIVATE,OTTAWA,Ontario,K1V9B2,Canada","200 COMET PRIVATE,OTTAWA,Ontario,K1V9B2,Canada","","","","","","","","","","","","","","","",""
"MHD - ROCKLAND INC (T8493-230062/001/CAG~000)","MHD - ROCKLAND INC (T8493-230062/001/CAG~000)","T8493-230062/001/CAG","000","T8493-230062","","T8493-230062/001/CAG","1","2024-03-05","2024-02-16","","","2024-03-07","59723.00","59723.00","CAD","","","","","","","*N1680","*Miscellaneous Aircraft Accessories and Components","*Accessoires et composants divers pour aéronefs","","","","*GD","","","Competitive - Traditional","Concurrentielle - Traditionnelle","Highest Combined Rating of Technical Merit and Price","Cote combinée la plus élevée pour le mérite technique et le prix","","","*Canadian Free Trade Agreement (CFTA)","*Accord de libre-échange canadien (ALEC)","","","MHD - ROCKLAND INC.","MHD - ROCKLAND INC.","MHD - ROCKLAND INC","MHD - ROCKLAND INC","MHD - ROCKLAND INC.","MHD - ROCKLAND INC.","20 to 49 employees","20 à 49 employés","21250 Industrial Blvd.","21250 Industrial Blvd.","Sainte-Anne-de-Bellevue","Sainte-Anne-de-Bellevue","Quebec","Quebec","H9X0B4","Canada","Canada","Public Works and Government Services Canada","Travaux publics et Services gouvernementaux Canada","","","","","","","","","","Transport Canada","Transports Canada","AIRCRAFT SERVICES DIRECTORATE","N/D","200 COMET PRIVATE,OTTAWA,Ontario,K1V9B2,Canada","200 COMET PRIVATE,OTTAWA,Ontario,K1V9B2,Canada","","","","","","","","","","","","","","","",""
"INDAL TECHNOLOGIES, A BUSINESS UNIT OF CURTISS-WRIGHT FLOW CONTROL COMPANY (W8482-231105/001/ML~000)","INDAL TECHNOLOGIES, A BUSINESS UNIT OF CURTISS-WRIGHT FLOW CONTROL COMPANY (W8482-231105/001/ML~000)","W8482-231105/001/ML","000","W8482-231105","","W8482-231105/001/ML","1","2025-03-27","2025-03-17","","","2030-03-16","4430000.00","4430000.00","CAD","","","","","","","*N1620","*Aircraft Landing Gear Components","*Composants de trains d'atterrissage","","","","*GD","","","Non-competitive","Non concurrentielle","","","Exclusive Rights","Droits exclusifs","*Canadian Free Trade Agreement (CFTA)","*Accord de libre-échange canadien (ALEC)","","","Indal Technologies Inc.","Indal Technologies Inc.","INDAL TECHNOLOGIES, A BUSINESS UNIT OF CURTISS-WRIGHT FLOW CONTROL COMPANY","INDAL TECHNOLOGIES, A BUSINESS UNIT OF CURTISS-WRIGHT FLOW CONTROL COMPANY","db as Indal Technologies Inc. / Curtiss-Wright Corporation","db as Indal Technologies Inc. / Curtiss-Wright Corporation","100 to 199 employees","100 à 199 employés","3570 Hawkestone Road","3570 Hawkestone Road","Mississauga","Mississauga","Ontario","Ontario","L5C2V8","Canada","Canada","Public Works and Government Services Canada","Travaux publics et Services gouvernementaux Canada","","","","","","","","","","Department of National Defence","Ministère de la défense nationale","NDHQ","N/D","ATTN DGMEPM NP - DMARP<br>101 COLONEL BY DR.,OTTAWA,Ontario,K1A0K2,Canada","ATTN DGMEPM NP - DMARP<br>101 COLONEL BY DR.,OTTAWA,Ontario,K1A0K2,Canada","","","","","","","","","","","","","","","",""
"AIRBUS HELICOPTERS CANADA LTD (M7594-223663/001/CAG~000)","AIRBUS HELICOPTERS CANADA LTD (M7594-223663/001/CAG~000)","M7594-223663/001/CAG","000","M7594-223663","","M7594-223663/001/CAG","4","2023-07-24","2023-07-04","","","2026-07-03","1500000.00","0.00","CAD","","","","","","","*N1680","*Miscellaneous Aircraft Accessories and Components","*Accessoires et composants divers pour aéronefs","","","","*GD","","","Non-competitive","Non concurrentielle","","","Exclusive Rights","Droits exclusifs","*Canadian Free Trade Agreement (CFTA)","*Accord de libre-échange canadien (ALEC)","","","Airbus Helicopters Canada Limited","Airbus Helicopters Canada Limited","AIRBUS HELICOPTERS CANADA LTD","AIRBUS HELICOPTERS CANADA LTD","Airbus Helicopters Canada Limited","Airbus Helicopters Canada Limited","200 to 499 employees","200 à 499 employés","Box 250<br>1100 Gilmore Road","Box 250<br>1100 Gilmore Road","Fort Erie","Fort Erie","Ontario","Ontario","L2A5M9","Canada","Canada","Public Works and Government Services Canada","Travaux publics et Services gouvernementaux Canada","","","","","","","","","","Royal Canadian Mounted Police","Gendarmerie royale du Canada","HQ PROCURE.&CONTRACT.SERVS","SERVS APPROVISION.&CONTRATS QG","4TH FL.<br>73 LEIKIN DR. M1,OTTAWA,Ontario,K1A0R2,Canada","4TH FL.<br>73 LEIKIN DR. M1,OTTAWA,Ontario,K1A0R2,Canada","","","","","","","","","","","","","","","",""
"KNIGHT AEROSPACE (W8485-247727/001/BY~000)","KNIGHT AEROSPACE (W8485-247727/001/BY~000)","W8485-247727/001/BY","000","W8485-247727","","W8485-247727/001/BY","2","2024-07-27","2024-02-22","","","2026-03-31","9705015.00","9955015.00","CAD","","","","","","","*N1680","*Miscellaneous Aircraft Accessories and Components","*Accessoires et composants divers pour aéronefs","","","","*GD","","","Advance contract award notice","Préavis d'attribution du contrat","Lowest Price","Prix le plus bas","","","*Canada-Chile Free Trade Agreement (CCFTA)
*Canada-European Union Comprehensive Economic and Trade Agreement (CETA)
* Other trade agreements not listed here may apply
*Canada-Colombia Free Trade Agreement
*Comprehensive and Progressive Agreement for Trans-Pacific Partnership (CPTPP)
*Canada-Panama Free Trade Agreement
*Canada-Peru Free Trade Agreement (CPFTA)
*World Trade Organization Agreement on Government Procurement (WTO GPA)
*Canada-UK Trade Continuity Agreement (Canada-UK TCA)","*Accord de libre-échange Canada-Chili (ALECC)
*Accord économique et commercial global (AECG) entre le Canada et l’Union européenne (UE)
*d'autres accords commerciaux non répertoriés ici peuvent s'appliquer
*Accord de libre-échange Canada-Colombie
*Accord de Partenariat transpacifique global et progressiste (PTPGP)
*Accord de libre-échange Canada-Panama
*Accord de libre-échange Canada-Pérou (ALECP)
*Accord sur les marchés publics de l'Organisation mondiale du commerce (AMP-OMC)
*Accord de continuité commerciale Canada–Royaume-Uni (ACC Canada-Royaume-Uni)","","","Knight Aerospace Medical Systems LLC","Knight Aerospace Medical Systems LLC","KNIGHT AEROSPACE","KNIGHT AEROSPACE","Knight Aerospace","Knight Aerospace","UNKNOWN","INCONNU","3606 SW 36th Street, Suite 101","3606 SW 36th Street, Suite 101","San Antonio","San Antonio","Texas","Texas","78226","United States","United States","Public Works and Government Services Canada","Travaux publics et Services gouvernementaux Canada","","","","","","","","","","Department of National Defence","Ministère de la défense nationale","NDHQ","N/D","DGAEPM<br>101 COLONEL BY DR.,OTTAWA,Ontario,K1A0K2,Canada","DGAEPM<br>101 COLONEL BY DR.,OTTAWA,Ontario,K1A0K2,Canada","","","","","","","","","","","","","","","",""
"UNITED STATES DEPARTMENT OF THE AIR FORCE (AFSAC) (W8485-258264/001/USW~000)","UNITED STATES DEPARTMENT OF THE AIR FORCE (AFSAC) (W8485-258264/001/USW~000)","W8485-258264/001/USW","000","W8485-258264","","W8485-258264/001/USW","1","2025-04-29","2025-04-17","","","2032-04-28","2787539.00","2787539.00","CAD","","","","","","","*N1680A","*Miscellaneous Aircraft Accessories and Components, N.E.S., ExceptElectrical and Electronic","*Accessoires divers pour aéronefs et composants, N.E.A., sauf électriques et électroniques","","","","*GD","","","Non-competitive","Non concurrentielle","Government Objectives Representing Best Interests/Value to Govt","Objectifs gouvern.  représentant  les meilleurs intérets/valeur pour l'État","","","*None","*Aucun","","","UNITED STATES DEPARTMENT OF THE AIR FORCE (AFSAC)","UNITED STATES DEPARTMENT OF THE AIR FORCE (AFSAC)","UNITED STATES DEPARTMENT OF THE AIR FORCE (AFSAC)","UNITED STATES DEPARTMENT OF THE AIR FORCE (AFSAC)","Not applicable","Not applicable","UNKNOWN","INCONNU","1822 VAN PATTON DRIVE","1822 VAN PATTON DRIVE","WP AFB","WP AFB","Ohio","Ohio","45433","United States","United States","Public Works and Government Services Canada","Travaux publics et Services gouvernementaux Canada","","","","","","","","","","Department of National Defence","Ministère de la défense nationale","NDHQ","N/D","DGAEPM<br>101 COLONEL BY DR.,OTTAWA,Ontario,K1A0K2,Canada","DGAEPM<br>101 COLONEL BY DR.,OTTAWA,Ontario,K1A0K2,Canada","","","","","","","","","","","","","","","",""
"UNITED STATES DEPARTMENT OF THE NAVY (NAVSEA) (W8482-229538/001/USW~000)","UNITED STATES DEPARTMENT OF THE NAVY (NAVSEA) (W8482-229538/001/USW~000)","W8482-229538/001/USW","000","W8482-229538","","W8482-229538/001/USW","1","2024-05-28","2024-05-08","","","2031-05-31","515640.00","515640.00","CAD","","","","","","","*N1905","*Combat Ships and Landing Vessels","*Navires de combat et bateaux de débarquement","","","","*GD","","","Non-competitive","Non concurrentielle","Government Objectives Representing Best Interests/Value to Govt","Objectifs gouvern.  représentant  les meilleurs intérets/valeur pour l'État","","","*None","*Aucun","","","UNITED STATES DEPARTMENT OF THE NAVY (NAVSEA)","UNITED STATES DEPARTMENT OF THE NAVY (NAVSEA)","UNITED STATES DEPARTMENT OF THE NAVY (NAVSEA)","UNITED STATES DEPARTMENT OF THE NAVY (NAVSEA)","Not applicable","Not applicable","UNKNOWN","INCONNU","2521 South Clark Street<br>Suite 800","2521 South Clark Street<br>Suite 800","Arlington","Arlington","Virginia","Virginia","22202-3928","United States","United States","Public Works and Government Services Canada","Travaux publics et Services gouvernementaux Canada","","","","","","","","","","Department of National Defence","Ministère de la défense nationale","NDHQ","N/D","ATTN DGMEPM NP - DMARP<br>101 COLONEL BY DR.,OTTAWA,Ontario,K1A0K2,Canada","ATTN DGMEPM NP - DMARP<br>101 COLONEL BY DR.,OTTAWA,Ontario,K1A0K2,Canada","","","","","","","","","","","","","","","",""
"FAB-TECH INDUSTRIES INC (5P114-220149/001/MC~000)","FAB-TECH INDUSTRIES INC (5P114-220149/001/MC~000)","5P114-220149/001/MC","000","5P114-220149","","5P114-220149/001/MC","4","2023-10-25","2023-10-11","","","2025-03-31","110371.00","118434.00","CAD","","","","","","","*N1910","*Transport Vessels, Passenger and Troop","*Navires de transport pour passagers et troupe","","","","*GD","","","Competitive - Open bidding","Concurrentielle - Invitation ouverte à soumissionner","Lowest Price","Prix le plus bas","","","*Canadian Free Trade Agreement (CFTA)","*Accord de libre-échange canadien (ALEC)","","","Fab-Tech Industries Inc.","Fab-Tech Industries Inc.","FAB-TECH INDUSTRIES INC","FAB-TECH INDUSTRIES INC","Fab-Tech Industries Inc.","Fab-Tech Industries Inc.","10 to 19 employees","10 à 19 employés","P.O. BOX 168","P.O. BOX 168","GLOVERTOWN","GLOVERTOWN","Newfoundland and Labrador","Newfoundland and Labrador","A0G2L0","Canada","Canada","Public Works and Government Services Canada","Travaux publics et Services gouvernementaux Canada","","","","","","","","","","Parks Canada","Parcs Canada","GROS MORNE NATL PARK","N/D","P.O.BOX 130,ROCKY HARBOUR,Newfoundland and Labrador,A0K4N0,Canada","P.O.BOX 130,ROCKY HARBOUR,Newfoundland and Labrador,A0K4N0,Canada","","","","","","","","","","","","","","","",""
"BARBER-NICHOLS INC (W8482-218163/001/VCI~000)","BARBER-NICHOLS INC (W8482-218163/001/VCI~000)","W8482-218163/001/VCI","000","W8482-218163","","W8482-218163/001/VCI","4","2024-08-27","2024-08-16","","","2028-08-16","2841594.00","2841594.00","CAD","","","","","","","*N1305","*Ammunition, through 30mm","*Munitions, jusqu'à 30 mm","","","","*GD","","","Non-competitive","Non concurrentielle","","","","","","","","","Barber-Nichols, LLC","Barber-Nichols, LLC","BARBER-NICHOLS INC","BARBER-NICHOLS INC","Barber-Nichols","Barber-Nichols","UNKNOWN","INCONNU","6325 West 55th Avenue","6325 West 55th Avenue","Arvada","Arvada","Colorado","Colorado","80002","United States","United States","Public Works and Government Services Canada","Travaux publics et Services gouvernementaux Canada","","","","","","","","","","Department of National Defence","Ministère de la défense nationale","NDHQ","N/D","ATTN DGMEPM NP - DMARP<br>101 COLONEL BY DR.,OTTAWA,Ontario,K1A0K2,Canada","ATTN DGMEPM NP - DMARP<br>101 COLONEL BY DR.,OTTAWA,Ontario,K1A0K2,Canada","","","","","","","","","","","","","","","",""
"GENERAL DYNAMICS ORDNANCE AND TACTICAL SYSTEMS - CANADA INC (W8486-24XA01/001/BK~000)","GENERAL DYNAMICS ORDNANCE AND TACTICAL SYSTEMS - CANADA INC (W8486-24XA01/001/BK~000)","W8486-24XA01/001/BK","000","W8486-24XA01","","W8486-24XA01/001/BK","1","2024-04-02","2024-03-08","","","2026-12-31","15238575.00","15238575.00","CAD","","","","","","","*N1305","*Ammunition, through 30mm","*Munitions, jusqu'à 30 mm","","","","*GD","","","Non-competitive","Non concurrentielle","Government Objectives Representing Best Interests/Value to Govt","Objectifs gouvern.  représentant  les meilleurs intérets/valeur pour l'État","","","*Canadian Free Trade Agreement (CFTA)","*Accord de libre-échange canadien (ALEC)","","","GENERAL DYNAMICS ORDNANCE AND TACTICAL SYSTEMS - CANADA INC.","GENERAL DYNAMICS ORDNANCE AND TACTICAL SYSTEMS - CANADA INC.","GENERAL DYNAMICS ORDNANCE AND TACTICAL SYSTEMS - CANADA INC","GENERAL DYNAMICS ORDNANCE AND TACTICAL SYSTEMS - CANADA INC","General Dynamics Ordnance and Tactical Systems - Canada Inc","General Dynamics Ordnance and Tactical Systems - Canada Inc","1000 to 1499 employees","1000 à 1499 employés","5 Montée des Arsenaux","5 Montée des Arsenaux","Repentigny","Repentigny","Quebec","Quebec","J5Z2P4","Canada","Canada","Public Works and Government Services Canada","Travaux publics et Services gouvernementaux Canada","","","","","","","","","","Department of National Defence","Ministère de la défense nationale","NDHQ DGLEPM","N/D","101 COLONEL BY DR.,OTTAWA,Ontario,K1A0K2,Canada","101 COLONEL BY DR.,OTTAWA,Ontario,K1A0K2,Canada","","","","","","","","","","","","","","","",""
"GENERAL DYNAMICS ORDNANCE AND TACTICAL SYSTEMS - CANADA INC (W8486-24XA02/001/BK~000)","GENERAL DYNAMICS ORDNANCE AND TACTICAL SYSTEMS - CANADA INC (W8486-24XA02/001/BK~000)","W8486-24XA02/001/BK","000","W8486-24XA02","","W8486-24XA02/001/BK","1","2024-04-02","2024-03-14","","","2027-12-31","5645398.00","5645398.00","CAD","","","","","","","*N1305","*Ammunition, through 30mm","*Munitions, jusqu'à 30 mm","","","","*GD","","","Non-competitive","Non concurrentielle","Government Objectives Representing Best Interests/Value to Govt","Objectifs gouvern.  représentant  les meilleurs intérets/valeur pour l'État","","","*Canadian Free Trade Agreement (CFTA)","*Accord de libre-échange canadien (ALEC)","","","GENERAL DYNAMICS ORDNANCE AND TACTICAL SYSTEMS - CANADA INC.","GENERAL DYNAMICS ORDNANCE AND TACTICAL SYSTEMS - CANADA INC.","GENERAL DYNAMICS ORDNANCE AND TACTICAL SYSTEMS - CANADA INC","GENERAL DYNAMICS ORDNANCE AND TACTICAL SYSTEMS - CANADA INC","General Dynamics Ordnance and Tactical Systems - Canada Inc","General Dynamics Ordnance and Tactical Systems - Canada Inc","1000 to 1499 employees","1000 à 1499 employés","5 Montée des Arsenaux","5 Montée des Arsenaux","Repentigny","Repentigny","Quebec","Quebec","J5Z2P4","Canada","Canada","Public Works and Government Services Canada","Travaux publics et Services gouvernementaux Canada","","","","","","","","","","Department of National Defence","Ministère de la défense nationale","NDHQ DGLEPM","N/D","101 COLONEL BY DR.,OTTAWA,Ontario,K1A0K2,Canada","101 COLONEL BY DR.,OTTAWA,Ontario,K1A0K2,Canada","","","","","","","","","","","","","","","",""
"GENERAL DYNAMICS ORDNANCE AND TACTICAL SYSTEMS - CANADA INC (W8486-24XA03/001/BK~000)","GENERAL DYNAMICS ORDNANCE AND TACTICAL SYSTEMS - CANADA INC (W8486-24XA03/001/BK~000)","W8486-24XA03/001/BK","000","W8486-24XA03","","W8486-24XA03/001/BK","1","2024-04-02","2024-03-14","","","2027-12-31","10073794.00","10073794.00","CAD","","","","","","","*N1305","*Ammunition, through 30mm","*Munitions, jusqu'à 30 mm","","","","*GD","","","Non-competitive","Non concurrentielle","Government Objectives Representing Best Interests/Value to Govt","Objectifs gouvern.  représentant  les meilleurs intérets/valeur pour l'État","","","*Canadian Free Trade Agreement (CFTA)","*Accord de libre-échange canadien (ALEC)","","","GENERAL DYNAMICS ORDNANCE AND TACTICAL SYSTEMS - CANADA INC.","GENERAL DYNAMICS ORDNANCE AND TACTICAL SYSTEMS - CANADA INC.","GENERAL DYNAMICS ORDNANCE AND TACTICAL SYSTEMS - CANADA INC","GENERAL DYNAMICS ORDNANCE AND TACTICAL SYSTEMS - CANADA INC","General Dynamics Ordnance and Tactical Systems - Canada Inc","General Dynamics Ordnance and Tactical Systems - Canada Inc","1000 to 1499 employees","1000 à 1499 employés","5 Montée des Arsenaux","5 Montée des Arsenaux","Repentigny","Repentigny","Quebec","Quebec","J5Z2P4","Canada","Canada","Public Works and Government Services Canada","Travaux publics et Services gouvernementaux Canada","","","","","","","","","","Department of National Defence","Ministère de la défense nationale","NDHQ DGLEPM","N/D","101 COLONEL BY DR.,OTTAWA,Ontario,K1A0K2,Canada","101 COLONEL BY DR.,OTTAWA,Ontario,K1A0K2,Canada","","","","","","","","","","","","","","","",""
"GENERAL DYNAMICS ORDNANCE AND TACTICAL SYSTEMS - CANADA INC (W8486-24XA04/001/BK~000)","GENERAL DYNAMICS ORDNANCE AND TACTICAL SYSTEMS - CANADA INC (W8486-24XA04/001/BK~000)","W8486-24XA04/001/BK","000","W8486-24XA04","","W8486-24XA04/001/BK","1","2024-04-02","2024-03-14","","","2027-12-31","4697012.00","4697012.00","CAD","","","","","","","*N1305","*Ammunition, through 30mm","*Munitions, jusqu'à 30 mm","","","","*GD","","","Non-competitive","Non concurrentielle","Government Objectives Representing Best Interests/Value to Govt","Objectifs gouvern.  représentant  les meilleurs intérets/valeur pour l'État","","","*Canadian Free Trade Agreement (CFTA)","*Accord de libre-échange canadien (ALEC)","","","GENERAL DYNAMICS ORDNANCE AND TACTICAL SYSTEMS - CANADA INC.","GENERAL DYNAMICS ORDNANCE AND TACTICAL SYSTEMS - CANADA INC.","GENERAL DYNAMICS ORDNANCE AND TACTICAL SYSTEMS - CANADA INC","GENERAL DYNAMICS ORDNANCE AND TACTICAL SYSTEMS - CANADA INC","General Dynamics Ordnance and Tactical Systems - Canada Inc","General Dynamics Ordnance and Tactical Systems - Canada Inc","1000 to 1499 employees","1000 à 1499 employés","5 Montée des Arsenaux","5 Montée des Arsenaux","Repentigny","Repentigny","Quebec","Quebec","J5Z2P4","Canada","Canada","Public Works and Government Services Canada","Travaux publics et Services gouvernementaux Canada","","","","","","","","","","Department of National Defence","Ministère de la défense nationale","NDHQ DGLEPM","N/D","101 COLONEL BY DR.,OTTAWA,Ontario,K1A0K2,Canada","101 COLONEL BY DR.,OTTAWA,Ontario,K1A0K2,Canada","","","","","","","","","","","","","","","",""
"GENERAL DYNAMICS ORDNANCE AND TACTICAL SYSTEMS - CANADA INC (W8486-24XA05/001/BK~000)","GENERAL DYNAMICS ORDNANCE AND TACTICAL SYSTEMS - CANADA INC (W8486-24XA05/001/BK~000)","W8486-24XA05/001/BK","000","W8486-24XA05","","W8486-24XA05/001/BK","1","2024-04-02","2024-03-14","","","2027-12-31","5544618.00","5544618.00","CAD","","","","","","","*N1305","*Ammunition, through 30mm","*Munitions, jusqu'à 30 mm","","","","*GD","","","Non-competitive","Non concurrentielle","Government Objectives Representing Best Interests/Value to Govt","Objectifs gouvern.  représentant  les meilleurs intérets/valeur pour l'État","","","*Canadian Free Trade Agreement (CFTA)","*Accord de libre-échange canadien (ALEC)","","","GENERAL DYNAMICS ORDNANCE AND TACTICAL SYSTEMS - CANADA INC.","GENERAL DYNAMICS ORDNANCE AND TACTICAL SYSTEMS - CANADA INC.","GENERAL DYNAMICS ORDNANCE AND TACTICAL SYSTEMS - CANADA INC","GENERAL DYNAMICS ORDNANCE AND TACTICAL SYSTEMS - CANADA INC","General Dynamics Ordnance and Tactical Systems - Canada Inc","General Dynamics Ordnance and Tactical Systems - Canada Inc","1000 to 1499 employees","1000 à 1499 employés","5 Montée des Arsenaux","5 Montée des Arsenaux","Repentigny","Repentigny","Quebec","Quebec","J5Z2P4","Canada","Canada","Public Works and Government Services Canada","Travaux publics et Services gouvernementaux Canada","","","","","","","","","","Department of National Defence","Ministère de la défense nationale","NDHQ DGLEPM","N/D","101 COLONEL BY DR.,OTTAWA,Ontario,K1A0K2,Canada","101 COLONEL BY DR.,OTTAWA,Ontario,K1A0K2,Canada","","","","","","","","","","","","","","","",""
"GENERAL DYNAMICS ORDNANCE AND TACTICAL SYSTEMS - CANADA INC (W8486-24XA06/001/BK~000)","GENERAL DYNAMICS ORDNANCE AND TACTICAL SYSTEMS - CANADA INC (W8486-24XA06/001/BK~000)","W8486-24XA06/001/BK","000","W8486-24XA06","","W8486-24XA06/001/BK","2","2024-07-27","2024-07-16","","","2026-05-31","457784.00","457784.00","CAD","","","","","","","*N1305","*Ammunition, through 30mm","*Munitions, jusqu'à 30 mm","","","","*GD","","","Non-competitive","Non concurrentielle","Government Objectives Representing Best Interests/Value to Govt","Objectifs gouvern.  représentant  les meilleurs intérets/valeur pour l'État","","","*Canadian Free Trade Agreement (CFTA)","*Accord de libre-échange canadien (ALEC)","","","GENERAL DYNAMICS ORDNANCE AND TACTICAL SYSTEMS - CANADA INC.","GENERAL DYNAMICS ORDNANCE AND TACTICAL SYSTEMS - CANADA INC.","GENERAL DYNAMICS ORDNANCE AND TACTICAL SYSTEMS - CANADA INC","GENERAL DYNAMICS ORDNANCE AND TACTICAL SYSTEMS - CANADA INC","General Dynamics Ordnance and Tactical Systems - Canada Inc","General Dynamics Ordnance and Tactical Systems - Canada Inc","1000 to 1499 employees","1000 à 1499 employés","5 Montée des Arsenaux","5 Montée des Arsenaux","Repentigny","Repentigny","Quebec","Quebec","J5Z2P4","Canada","Canada","Public Works and Government Services Canada","Travaux publics et Services gouvernementaux Canada","","","","","","","","","","Department of National Defence / Department of National Defence","Ministère de la défense nationale / Ministère de la défense nationale","NDHQ DGLEPM / NDHQ DGLEPM","N/D / N/D","101 COLONEL BY DR.,OTTAWA,Ontario,K1A0K2,Canada / 101 COLONEL BY DR.,OTTAWA,Ontario,K1A0K2,Canada","101 COLONEL BY DR.,OTTAWA,Ontario,K1A0K2,Canada / 101 COLONEL BY DR.,OTTAWA,Ontario,K1A0K2,Canada","","","","","","","","","","","","","","","",""
"GENERAL DYNAMICS ORDNANCE AND TACTICAL SYSTEMS - CANADA INC (W8486-24XA07/001/BK~000)","GENERAL DYNAMICS ORDNANCE AND TACTICAL SYSTEMS - CANADA INC (W8486-24XA07/001/BK~000)","W8486-24XA07/001/BK","000","W8486-24XA07","","W8486-24XA07/001/BK","1","2024-07-27","2024-07-15","","","2026-05-31","1437044.00","1437044.00","CAD","","","","","","","*N1305","*Ammunition, through 30mm","*Munitions, jusqu'à 30 mm","","","","*GD","","","Non-competitive","Non concurrentielle","Government Objectives Representing Best Interests/Value to Govt","Objectifs gouvern.  représentant  les meilleurs intérets/valeur pour l'État","","","*Canadian Free Trade Agreement (CFTA)","*Accord de libre-échange canadien (ALEC)","","","GENERAL DYNAMICS ORDNANCE AND TACTICAL SYSTEMS - CANADA INC.","GENERAL DYNAMICS ORDNANCE AND TACTICAL SYSTEMS - CANADA INC.","GENERAL DYNAMICS ORDNANCE AND TACTICAL SYSTEMS - CANADA INC","GENERAL DYNAMICS ORDNANCE AND TACTICAL SYSTEMS - CANADA INC","General Dynamics Ordnance and Tactical Systems - Canada Inc","General Dynamics Ordnance and Tactical Systems - Canada Inc","1000 to 1499 employees","1000 à 1499 employés","5 Montée des Arsenaux","5 Montée des Arsenaux","Repentigny","Repentigny","Quebec","Quebec","J5Z2P4","Canada","Canada","Public Works and Government Services Canada","Travaux publics et Services gouvernementaux Canada","","","","","","","","","","Department of National Defence / Department of National Defence","Ministère de la défense nationale / Ministère de la défense nationale","NDHQ DGLEPM / NDHQ DGLEPM","N/D / N/D","101 COLONEL BY DR.,OTTAWA,Ontario,K1A0K2,Canada / 101 COLONEL BY DR.,OTTAWA,Ontario,K1A0K2,Canada","101 COLONEL BY DR.,OTTAWA,Ontario,K1A0K2,Canada / 101 COLONEL BY DR.,OTTAWA,Ontario,K1A0K2,Canada","","","","","","","","","","","","","","","",""
"GENERAL DYNAMICS ORDNANCE AND TACTICAL SYSTEMS - CANADA INC (W8486-24XA08/001/BK~000)","GENERAL DYNAMICS ORDNANCE AND TACTICAL SYSTEMS - CANADA INC (W8486-24XA08/001/BK~000)","W8486-24XA08/001/BK","000","W8486-24XA08","","W8486-24XA08/001/BK","1","2024-04-02","2024-03-14","","","2027-12-31","13475019.00","13475019.00","CAD","","","","","","","*N1305","*Ammunition, through 30mm","*Munitions, jusqu'à 30 mm","","","","*GD","","","Non-competitive","Non concurrentielle","Government Objectives Representing Best Interests/Value to Govt","Objectifs gouvern.  représentant  les meilleurs intérets/valeur pour l'État","","","*Canadian Free Trade Agreement (CFTA)","*Accord de libre-échange canadien (ALEC)","","","GENERAL DYNAMICS ORDNANCE AND TACTICAL SYSTEMS - CANADA INC.","GENERAL DYNAMICS ORDNANCE AND TACTICAL SYSTEMS - CANADA INC.","GENERAL DYNAMICS ORDNANCE AND TACTICAL SYSTEMS - CANADA INC","GENERAL DYNAMICS ORDNANCE AND TACTICAL SYSTEMS - CANADA INC","General Dynamics Ordnance and Tactical Systems - Canada Inc","General Dynamics Ordnance and Tactical Systems - Canada Inc","1000 to 1499 employees","1000 à 1499 employés","5 Montée des Arsenaux","5 Montée des Arsenaux","Repentigny","Repentigny","Quebec","Quebec","J5Z2P4","Canada","Canada","Public Works and Government Services Canada","Travaux publics et Services gouvernementaux Canada","","","","","","","","","","Department of National Defence","Ministère de la défense nationale","NDHQ DGLEPM","N/D","101 COLONEL BY DR.,OTTAWA,Ontario,K1A0K2,Canada","101 COLONEL BY DR.,OTTAWA,Ontario,K1A0K2,Canada","","","","","","","","","","","","","","","",""
"GENERAL DYNAMICS ORDNANCE AND TACTICAL SYSTEMS - CANADA INC (W8486-24XA09/001/BK~000)","GENERAL DYNAMICS ORDNANCE AND TACTICAL SYSTEMS - CANADA INC (W8486-24XA09/001/BK~000)","W8486-24XA09/001/BK","000","W8486-24XA09","","W8486-24XA09/001/BK","1","2024-04-02","2024-03-15","","","2027-12-31","2036225.00","2036225.00","CAD","","","","","","","*N1305","*Ammunition, through 30mm","*Munitions, jusqu'à 30 mm","","","","*GD","","","Non-competitive","Non concurrentielle","Government Objectives Representing Best Interests/Value to Govt","Objectifs gouvern.  représentant  les meilleurs intérets/valeur pour l'État","","","*Canadian Free Trade Agreement (CFTA)","*Accord de libre-échange canadien (ALEC)","","","GENERAL DYNAMICS ORDNANCE AND TACTICAL SYSTEMS - CANADA INC.","GENERAL DYNAMICS ORDNANCE AND TACTICAL SYSTEMS - CANADA INC.","GENERAL DYNAMICS ORDNANCE AND TACTICAL SYSTEMS - CANADA INC","GENERAL DYNAMICS ORDNANCE AND TACTICAL SYSTEMS - CANADA INC","General Dynamics Ordnance and Tactical Systems - Canada Inc","General Dynamics Ordnance and Tactical Systems - Canada Inc","1000 to 1499 employees","1000 à 1499 employés","5 Montée des Arsenaux","5 Montée des Arsenaux","Repentigny","Repentigny","Quebec","Quebec","J5Z2P4","Canada","Canada","Public Works and Government Services Canada","Travaux publics et Services gouvernementaux Canada","","","","","","","","","","Department of National Defence","Ministère de la défense nationale","NDHQ DGLEPM","N/D","101 COLONEL BY DR.,OTTAWA,Ontario,K1A0K2,Canada","101 COLONEL BY DR.,OTTAWA,Ontario,K1A0K2,Canada","","","","","","","","","","","","","","","",""
"GENERAL DYNAMICS ORDNANCE AND TACTICAL SYSTEMS - CANADA INC (W8486-24XA10/001/BK~000)","GENERAL DYNAMICS ORDNANCE AND TACTICAL SYSTEMS - CANADA INC (W8486-24XA10/001/BK~000)","W8486-24XA10/001/BK","000","W8486-24XA10","","W8486-24XA10/001/BK","1","2024-04-02","2024-03-15","","","2027-12-31","738666.00","738666.00","CAD","","","","","","","*N1305","*Ammunition, through 30mm","*Munitions, jusqu'à 30 mm","","","","*GD","","","Non-competitive","Non concurrentielle","Government Objectives Representing Best Interests/Value to Govt","Objectifs gouvern.  représentant  les meilleurs intérets/valeur pour l'État","","","*Canadian Free Trade Agreement (CFTA)","*Accord de libre-échange canadien (ALEC)","","","GENERAL DYNAMICS ORDNANCE AND TACTICAL SYSTEMS - CANADA INC.","GENERAL DYNAMICS ORDNANCE AND TACTICAL SYSTEMS - CANADA INC.","GENERAL DYNAMICS ORDNANCE AND TACTICAL SYSTEMS - CANADA INC","GENERAL DYNAMICS ORDNANCE AND TACTICAL SYSTEMS - CANADA INC","General Dynamics Ordnance and Tactical Systems - Canada Inc","General Dynamics Ordnance and Tactical Systems - Canada Inc","1000 to 1499 employees","1000 à 1499 employés","5 Montée des Arsenaux","5 Montée des Arsenaux","Repentigny","Repentigny","Quebec","Quebec","J5Z2P4","Canada","Canada","Public Works and Government Services Canada","Travaux publics et Services gouvernementaux Canada","","","","","","","","","","Department of National Defence","Ministère de la défense nationale","NDHQ DGLEPM","N/D","101 COLONEL BY DR.,OTTAWA,Ontario,K1A0K2,Canada","101 COLONEL BY DR.,OTTAWA,Ontario,K1A0K2,Canada","","","","","","","","","","","","","","","",""
"GENERAL DYNAMICS ORDNANCE AND TACTICAL SYSTEMS - CANADA INC (W8486-24XA11/001/BK~000)","GENERAL DYNAMICS ORDNANCE AND TACTICAL SYSTEMS - CANADA INC (W8486-24XA11/001/BK~000)","W8486-24XA11/001/BK","000","W8486-24XA11","","W8486-24XA11/001/BK","1","2024-04-02","2024-03-15","","","2027-12-31","9100131.00","9100131.00","CAD","","","","","","","*N1305","*Ammunition, through 30mm","*Munitions, jusqu'à 30 mm","","","","*GD","","","Non-competitive","Non concurrentielle","Government Objectives Representing Best Interests/Value to Govt","Objectifs gouvern.  représentant  les meilleurs intérets/valeur pour l'État","","","*Canadian Free Trade Agreement (CFTA)","*Accord de libre-échange canadien (ALEC)","","","GENERAL DYNAMICS ORDNANCE AND TACTICAL SYSTEMS - CANADA INC.","GENERAL DYNAMICS ORDNANCE AND TACTICAL SYSTEMS - CANADA INC.","GENERAL DYNAMICS ORDNANCE AND TACTICAL SYSTEMS - CANADA INC","GENERAL DYNAMICS ORDNANCE AND TACTICAL SYSTEMS - CANADA INC","General Dynamics Ordnance and Tactical Systems - Canada Inc","General Dynamics Ordnance and Tactical Systems - Canada Inc","1000 to 1499 employees","1000 à 1499 employés","5 Montée des Arsenaux","5 Montée des Arsenaux","Repentigny","Repentigny","Quebec","Quebec","J5Z2P4","Canada","Canada","Public Works and Government Services Canada","Travaux publics et Services gouvernementaux Canada","","","","","","","","","","Department of National Defence","Ministère de la défense nationale","NDHQ DGLEPM","N/D","101 COLONEL BY DR.,OTTAWA,Ontario,K1A0K2,Canada","101 COLONEL BY DR.,OTTAWA,Ontario,K1A0K2,Canada","","","","","","","","","","","","","","","",""
"GENERAL DYNAMICS ORDNANCE AND TACTICAL SYSTEMS - CANADA INC (W8486-24XA12/001/BK~000)","GENERAL DYNAMICS ORDNANCE AND TACTICAL SYSTEMS - CANADA INC (W8486-24XA12/001/BK~000)","W8486-24XA12/001/BK","000","W8486-24XA12","","W8486-24XA12/001/BK","1","2024-04-02","2024-03-08","","","2027-12-31","22064805.00","22064805.00","CAD","","","","","","","*N1305","*Ammunition, through 30mm","*Munitions, jusqu'à 30 mm","","","","*GD","","","Non-competitive","Non concurrentielle","Government Objectives Representing Best Interests/Value to Govt","Objectifs gouvern.  représentant  les meilleurs intérets/valeur pour l'État","","","*Canadian Free Trade Agreement (CFTA)","*Accord de libre-échange canadien (ALEC)","","","GENERAL DYNAMICS ORDNANCE AND TACTICAL SYSTEMS - CANADA INC.","GENERAL DYNAMICS ORDNANCE AND TACTICAL SYSTEMS - CANADA INC.","GENERAL DYNAMICS ORDNANCE AND TACTICAL SYSTEMS - CANADA INC","GENERAL DYNAMICS ORDNANCE AND TACTICAL SYSTEMS - CANADA INC","General Dynamics Ordnance and Tactical Systems - Canada Inc","General Dynamics Ordnance and Tactical Systems - Canada Inc","1000 to 1499 employees","1000 à 1499 employés","5 Montée des Arsenaux","5 Montée des Arsenaux","Repentigny","Repentigny","Quebec","Quebec","J5Z2P4","Canada","Canada","Public Works and Government Services Canada","Travaux publics et Services gouvernementaux Canada","","","","","","","","","","Department of National Defence","Ministère de la défense nationale","NDHQ DGLEPM","N/D","101 COLONEL BY DR.,OTTAWA,Ontario,K1A0K2,Canada","101 COLONEL BY DR.,OTTAWA,Ontario,K1A0K2,Canada","","","","","","","","","","","","","","","",""
"GENERAL DYNAMICS ORDNANCE AND TACTICAL SYSTEMS - CANADA INC (W8486-24XA13/001/BK~000)","GENERAL DYNAMICS ORDNANCE AND TACTICAL SYSTEMS - CANADA INC (W8486-24XA13/001/BK~000)","W8486-24XA13/001/BK","000","W8486-24XA13","","W8486-24XA13/001/BK","1","2024-04-02","2024-03-15","","","2027-12-31","13129490.00","13129490.00","CAD","","","","","","","*N1305","*Ammunition, through 30mm","*Munitions, jusqu'à 30 mm","","","","*GD","","","Non-competitive","Non concurrentielle","Government Objectives Representing Best Interests/Value to Govt","Objectifs gouvern.  représentant  les meilleurs intérets/valeur pour l'État","","","*Canadian Free Trade Agreement (CFTA)","*Accord de libre-échange canadien (ALEC)","","","GENERAL DYNAMICS ORDNANCE AND TACTICAL SYSTEMS - CANADA INC.","GENERAL DYNAMICS ORDNANCE AND TACTICAL SYSTEMS - CANADA INC.","GENERAL DYNAMICS ORDNANCE AND TACTICAL SYSTEMS - CANADA INC","GENERAL DYNAMICS ORDNANCE AND TACTICAL SYSTEMS - CANADA INC","General Dynamics Ordnance and Tactical Systems - Canada Inc","General Dynamics Ordnance and Tactical Systems - Canada Inc","1000 to 1499 employees","1000 à 1499 employés","5 Montée des Arsenaux","5 Montée des Arsenaux","Repentigny","Repentigny","Quebec","Quebec","J5Z2P4","Canada","Canada","Public Works and Government Services Canada","Travaux publics et Services gouvernementaux Canada","","","","","","","","","","Department of National Defence","Ministère de la défense nationale","NDHQ DGLEPM","N/D","101 COLONEL BY DR.,OTTAWA,Ontario,K1A0K2,Canada","101 COLONEL BY DR.,OTTAWA,Ontario,K1A0K2,Canada","","","","","","","","","","","","","","","",""
"GENERAL DYNAMICS ORDNANCE AND TACTICAL SYSTEMS - CANADA INC (W8486-24XA32/001/BK~000)","GENERAL DYNAMICS ORDNANCE AND TACTICAL SYSTEMS - CANADA INC (W8486-24XA32/001/BK~000)","W8486-24XA32/001/BK","000","W8486-24XA32","","W8486-24XA32/001/BK","1","2024-04-02","2024-03-15","","","2027-12-31","501456.00","501456.00","CAD","","","","","","","*N1305","*Ammunition, through 30mm","*Munitions, jusqu'à 30 mm","","","","*GD","","","Non-competitive","Non concurrentielle","Government Objectives Representing Best Interests/Value to Govt","Objectifs gouvern.  représentant  les meilleurs intérets/valeur pour l'État","","","*Canadian Free Trade Agreement (CFTA)","*Accord de libre-échange canadien (ALEC)","","","GENERAL DYNAMICS ORDNANCE AND TACTICAL SYSTEMS - CANADA INC.","GENERAL DYNAMICS ORDNANCE AND TACTICAL SYSTEMS - CANADA INC.","GENERAL DYNAMICS ORDNANCE AND TACTICAL SYSTEMS - CANADA INC","GENERAL DYNAMICS ORDNANCE AND TACTICAL SYSTEMS - CANADA INC","General Dynamics Ordnance and Tactical Systems - Canada Inc","General Dynamics Ordnance and Tactical Systems - Canada Inc","1000 to 1499 employees","1000 à 1499 employés","5 Montée des Arsenaux","5 Montée des Arsenaux","Repentigny","Repentigny","Quebec","Quebec","J5Z2P4","Canada","Canada","Public Works and Government Services Canada","Travaux publics et Services gouvernementaux Canada","","","","","","","","","","Department of National Defence","Ministère de la défense nationale","NDHQ DGLEPM","N/D","101 COLONEL BY DR.,OTTAWA,Ontario,K1A0K2,Canada","101 COLONEL BY DR.,OTTAWA,Ontario,K1A0K2,Canada","","","","","","","","","","","","","","","",""
"GENERAL DYNAMICS ORDNANCE AND TACTICAL SYSTEMS - CANADA INC (W8486-24XA33/001/BK~000)","GENERAL DYNAMICS ORDNANCE AND TACTICAL SYSTEMS - CANADA INC (W8486-24XA33/001/BK~000)","W8486-24XA33/001/BK","000","W8486-24XA33","","W8486-24XA33/001/BK","1","2024-04-02","2024-03-15","","","2027-12-31","117410.00","117410.00","CAD","","","","","","","*N1305","*Ammunition, through 30mm","*Munitions, jusqu'à 30 mm","","","","*GD","","","Non-competitive","Non concurrentielle","Government Objectives Representing Best Interests/Value to Govt","Objectifs gouvern.  représentant  les meilleurs intérets/valeur pour l'État","","","*Canadian Free Trade Agreement (CFTA)","*Accord de libre-échange canadien (ALEC)","","","GENERAL DYNAMICS ORDNANCE AND TACTICAL SYSTEMS - CANADA INC.","GENERAL DYNAMICS ORDNANCE AND TACTICAL SYSTEMS - CANADA INC.","GENERAL DYNAMICS ORDNANCE AND TACTICAL SYSTEMS - CANADA INC","GENERAL DYNAMICS ORDNANCE AND TACTICAL SYSTEMS - CANADA INC","General Dynamics Ordnance and Tactical Systems - Canada Inc","General Dynamics Ordnance and Tactical Systems - Canada Inc","1000 to 1499 employees","1000 à 1499 employés","5 Montée des Arsenaux","5 Montée des Arsenaux","Repentigny","Repentigny","Quebec","Quebec","J5Z2P4","Canada","Canada","Public Works and Government Services Canada","Travaux publics et Services gouvernementaux Canada","","","","","","","","","","Department of National Defence","Ministère de la défense nationale","NDHQ DGLEPM","N/D","101 COLONEL BY DR.,OTTAWA,Ontario,K1A0K2,Canada","101 COLONEL BY DR.,OTTAWA,Ontario,K1A0K2,Canada","","","","","","","","","","","","","","","",""
"GENERAL DYNAMICS ORDNANCE AND TACTICAL SYSTEMS - CANADA INC (W8486-24XA16/001/BK~000)","GENERAL DYNAMICS ORDNANCE AND TACTICAL SYSTEMS - CANADA INC (W8486-24XA16/001/BK~000)","W8486-24XA16/001/BK","000","W8486-24XA16","","W8486-24XA16/001/BK","1","2024-04-02","2024-03-14","","","2025-12-31","9944348.00","9944348.00","CAD","","","","","","","*N1310","*Ammunition, over 30mm up To 75mm","*Munitions, de plus de 30 mm jusqu'à 75 mm","","","","*GD","","","Non-competitive","Non concurrentielle","Government Objectives Representing Best Interests/Value to Govt","Objectifs gouvern.  représentant  les meilleurs intérets/valeur pour l'État","","","*Canadian Free Trade Agreement (CFTA)","*Accord de libre-échange canadien (ALEC)","","","GENERAL DYNAMICS ORDNANCE AND TACTICAL SYSTEMS - CANADA INC.","GENERAL DYNAMICS ORDNANCE AND TACTICAL SYSTEMS - CANADA INC.","GENERAL DYNAMICS ORDNANCE AND TACTICAL SYSTEMS - CANADA INC","GENERAL DYNAMICS ORDNANCE AND TACTICAL SYSTEMS - CANADA INC","General Dynamics Ordnance and Tactical Systems - Canada Inc","General Dynamics Ordnance and Tactical Systems - Canada Inc","1000 to 1499 employees","1000 à 1499 employés","5 Montée des Arsenaux","5 Montée des Arsenaux","Repentigny","Repentigny","Quebec","Quebec","J5Z2P4","Canada","Canada","Public Works and Government Services Canada","Travaux publics et Services gouvernementaux Canada","","","","","","","","","","Department of National Defence","Ministère de la défense nationale","NDHQ DGLEPM","N/D","101 COLONEL BY DR.,OTTAWA,Ontario,K1A0K2,Canada","101 COLONEL BY DR.,OTTAWA,Ontario,K1A0K2,Canada","","","","","","","","","","","","","","","",""
"GENERAL DYNAMICS ORDNANCE AND TACTICAL SYSTEMS - CANADA INC (W8486-23XA43/001/BK~000)","GENERAL DYNAMICS ORDNANCE AND TACTICAL SYSTEMS - CANADA INC (W8486-23XA43/001/BK~000)","W8486-23XA43/001/BK","000","W8486-23XA43","","W8486-23XA43/001/BK","1","2024-05-28","2024-04-26","","","2027-12-31","14412714.00","14412714.00","CAD","","","","","","","*N1315","*Ammunition, 75mm through 125mm","*Munitions, de 75 mm jusqu'à 125 mm","","","","*GD","","","Non-competitive","Non concurrentielle","","","Exclusive Rights","Droits exclusifs","*Canadian Free Trade Agreement (CFTA)","*Accord de libre-échange canadien (ALEC)","","","GENERAL DYNAMICS ORDNANCE AND TACTICAL SYSTEMS - CANADA INC.","GENERAL DYNAMICS ORDNANCE AND TACTICAL SYSTEMS - CANADA INC.","GENERAL DYNAMICS ORDNANCE AND TACTICAL SYSTEMS - CANADA INC","GENERAL DYNAMICS ORDNANCE AND TACTICAL SYSTEMS - CANADA INC","General Dynamics Ordnance and Tactical Systems - Canada Inc","General Dynamics Ordnance and Tactical Systems - Canada Inc","1000 to 1499 employees","1000 à 1499 employés","5 Montée des Arsenaux","5 Montée des Arsenaux","Repentigny","Repentigny","Quebec","Quebec","J5Z2P4","Canada","Canada","Public Works and Government Services Canada","Travaux publics et Services gouvernementaux Canada","","","","","","","","","","Department of National Defence","Ministère de la défense nationale","NDHQ DGLEPM","N/D","101 COLONEL BY DR.,OTTAWA,Ontario,K1A0K2,Canada","101 COLONEL BY DR.,OTTAWA,Ontario,K1A0K2,Canada","","","","","","","","","","","","","","","",""
"GENERAL DYNAMICS ORDNANCE AND TACTICAL SYSTEMS - CANADA INC (W8486-23XA44/001/BK~000)","GENERAL DYNAMICS ORDNANCE AND TACTICAL SYSTEMS - CANADA INC (W8486-23XA44/001/BK~000)","W8486-23XA44/001/BK","000","W8486-23XA44","","W8486-23XA44/001/BK","1","2024-05-28","2024-04-26","","","2027-12-31","25234273.00","25234273.00","CAD","","","","","","","*N1315","*Ammunition, 75mm through 125mm","*Munitions, de 75 mm jusqu'à 125 mm","","","","*GD","","","Non-competitive","Non concurrentielle","","","Exclusive Rights","Droits exclusifs","*Canadian Free Trade Agreement (CFTA)","*Accord de libre-échange canadien (ALEC)","","","GENERAL DYNAMICS ORDNANCE AND TACTICAL SYSTEMS - CANADA INC.","GENERAL DYNAMICS ORDNANCE AND TACTICAL SYSTEMS - CANADA INC.","GENERAL DYNAMICS ORDNANCE AND TACTICAL SYSTEMS - CANADA INC","GENERAL DYNAMICS ORDNANCE AND TACTICAL SYSTEMS - CANADA INC","General Dynamics Ordnance and Tactical Systems - Canada Inc","General Dynamics Ordnance and Tactical Systems - Canada Inc","1000 to 1499 employees","1000 à 1499 employés","5 Montée des Arsenaux","5 Montée des Arsenaux","Repentigny","Repentigny","Quebec","Quebec","J5Z2P4","Canada","Canada","Public Works and Government Services Canada","Travaux publics et Services gouvernementaux Canada","","","","","","","","","","Department of National Defence","Ministère de la défense nationale","NDHQ DGLEPM","N/D","101 COLONEL BY DR.,OTTAWA,Ontario,K1A0K2,Canada","101 COLONEL BY DR.,OTTAWA,Ontario,K1A0K2,Canada","","","","","","","","","","","","","","","",""
"GENERAL DYNAMICS ORDNANCE AND TACTICAL SYSTEMS - CANADA INC (W8486-24XA17/001/BK~000)","GENERAL DYNAMICS ORDNANCE AND TACTICAL SYSTEMS - CANADA INC (W8486-24XA17/001/BK~000)","W8486-24XA17/001/BK","000","W8486-24XA17","","W8486-24XA17/001/BK","1","2024-07-27","2024-06-26","","","2028-12-31","13550130.00","13550130.00","CAD","","","","","","","*N1315","*Ammunition, 75mm through 125mm","*Munitions, de 75 mm jusqu'à 125 mm","","","","*GD","","","Non-competitive","Non concurrentielle","","","Exclusive Rights","Droits exclusifs","*Canadian Free Trade Agreement (CFTA)","*Accord de libre-échange canadien (ALEC)","","","GENERAL DYNAMICS ORDNANCE AND TACTICAL SYSTEMS - CANADA INC.","GENERAL DYNAMICS ORDNANCE AND TACTICAL SYSTEMS - CANADA INC.","GENERAL DYNAMICS ORDNANCE AND TACTICAL SYSTEMS - CANADA INC","GENERAL DYNAMICS ORDNANCE AND TACTICAL SYSTEMS - CANADA INC","General Dynamics Ordnance and Tactical Systems - Canada Inc","General Dynamics Ordnance and Tactical Systems - Canada Inc","1000 to 1499 employees","1000 à 1499 employés","5 Montée des Arsenaux","5 Montée des Arsenaux","Repentigny","Repentigny","Quebec","Quebec","J5Z2P4","Canada","Canada","Public Works and Government Services Canada","Travaux publics et Services gouvernementaux Canada","","","","","","","","","","Department of National Defence / Department of National Defence","Ministère de la défense nationale / Ministère de la défense nationale","NDHQ DGLEPM / NDHQ DGLEPM","N/D / N/D","101 COLONEL BY DR.,OTTAWA,Ontario,K1A0K2,Canada / 101 COLONEL BY DR.,OTTAWA,Ontario,K1A0K2,Canada","101 COLONEL BY DR.,OTTAWA,Ontario,K1A0K2,Canada / 101 COLONEL BY DR.,OTTAWA,Ontario,K1A0K2,Canada","","","","","","","","","","","","","","","",""
"GENERAL DYNAMICS ORDNANCE AND TACTICAL SYSTEMS - CANADA INC (W8486-24XA18/001/BK~000)","GENERAL DYNAMICS ORDNANCE AND TACTICAL SYSTEMS - CANADA INC (W8486-24XA18/001/BK~000)","W8486-24XA18/001/BK","000","W8486-24XA18","","W8486-24XA18/001/BK","1","2024-07-27","2024-06-26","","","2028-12-31","9759781.00","9759781.00","CAD","","","","","","","*N1315","*Ammunition, 75mm through 125mm","*Munitions, de 75 mm jusqu'à 125 mm","","","","*GD","","","Non-competitive","Non concurrentielle","","","Exclusive Rights","Droits exclusifs","*Canadian Free Trade Agreement (CFTA)","*Accord de libre-échange canadien (ALEC)","","","GENERAL DYNAMICS ORDNANCE AND TACTICAL SYSTEMS - CANADA INC.","GENERAL DYNAMICS ORDNANCE AND TACTICAL SYSTEMS - CANADA INC.","GENERAL DYNAMICS ORDNANCE AND TACTICAL SYSTEMS - CANADA INC","GENERAL DYNAMICS ORDNANCE AND TACTICAL SYSTEMS - CANADA INC","General Dynamics Ordnance and Tactical Systems - Canada Inc","General Dynamics Ordnance and Tactical Systems - Canada Inc","1000 to 1499 employees","1000 à 1499 employés","5 Montée des Arsenaux","5 Montée des Arsenaux","Repentigny","Repentigny","Quebec","Quebec","J5Z2P4","Canada","Canada","Public Works and Government Services Canada","Travaux publics et Services gouvernementaux Canada","","","","","","","","","","Department of National Defence / Department of National Defence","Ministère de la défense nationale / Ministère de la défense nationale","NDHQ DGLEPM / NDHQ DGLEPM","N/D / N/D","101 COLONEL BY DR.,OTTAWA,Ontario,K1A0K2,Canada / 101 COLONEL BY DR.,OTTAWA,Ontario,K1A0K2,Canada","101 COLONEL BY DR.,OTTAWA,Ontario,K1A0K2,Canada / 101 COLONEL BY DR.,OTTAWA,Ontario,K1A0K2,Canada","","","","","","","","","","","","","","","",""
"GENERAL DYNAMICS ORDNANCE AND TACTICAL SYSTEMS - CANADA INC (W8486-24XA19/001/BK~000)","GENERAL DYNAMICS ORDNANCE AND TACTICAL SYSTEMS - CANADA INC (W8486-24XA19/001/BK~000)","W8486-24XA19/001/BK","000","W8486-24XA19","","W8486-24XA19/001/BK","1","2024-07-27","2024-06-26","","","2028-12-31","22526661.00","22526661.00","CAD","","","","","","","*N1315","*Ammunition, 75mm through 125mm","*Munitions, de 75 mm jusqu'à 125 mm","","","","*GD","","","Non-competitive","Non concurrentielle","","","Exclusive Rights","Droits exclusifs","*Canadian Free Trade Agreement (CFTA)","*Accord de libre-échange canadien (ALEC)","","","GENERAL DYNAMICS ORDNANCE AND TACTICAL SYSTEMS - CANADA INC.","GENERAL DYNAMICS ORDNANCE AND TACTICAL SYSTEMS - CANADA INC.","GENERAL DYNAMICS ORDNANCE AND TACTICAL SYSTEMS - CANADA INC","GENERAL DYNAMICS ORDNANCE AND TACTICAL SYSTEMS - CANADA INC","General Dynamics Ordnance and Tactical Systems - Canada Inc","General Dynamics Ordnance and Tactical Systems - Canada Inc","1000 to 1499 employees","1000 à 1499 employés","5 Montée des Arsenaux","5 Montée des Arsenaux","Repentigny","Repentigny","Quebec","Quebec","J5Z2P4","Canada","Canada","Public Works and Government Services Canada","Travaux publics et Services gouvernementaux Canada","","","","","","","","","","Department of National Defence / Department of National Defence","Ministère de la défense nationale / Ministère de la défense nationale","NDHQ DGLEPM / NDHQ DGLEPM","N/D / N/D","101 COLONEL BY DR.,OTTAWA,Ontario,K1A0K2,Canada / 101 COLONEL BY DR.,OTTAWA,Ontario,K1A0K2,Canada","101 COLONEL BY DR.,OTTAWA,Ontario,K1A0K2,Canada / 101 COLONEL BY DR.,OTTAWA,Ontario,K1A0K2,Canada","","","","","","","","","","","","","","","",""
"GENERAL DYNAMICS ORDNANCE AND TACTICAL SYSTEMS - CANADA INC (W8486-24XA20/001/BK~000)","GENERAL DYNAMICS ORDNANCE AND TACTICAL SYSTEMS - CANADA INC (W8486-24XA20/001/BK~000)","W8486-24XA20/001/BK","000","W8486-24XA20","","W8486-24XA20/001/BK","1","2024-04-02","2024-03-15","","","2026-12-31","16635560.00","16635560.00","CAD","","","","","","","*N1315","*Ammunition, 75mm through 125mm","*Munitions, de 75 mm jusqu'à 125 mm","","","","*GD","","","Non-competitive","Non concurrentielle","Government Objectives Representing Best Interests/Value to Govt","Objectifs gouvern.  représentant  les meilleurs intérets/valeur pour l'État","","","*Canadian Free Trade Agreement (CFTA)","*Accord de libre-échange canadien (ALEC)","","","GENERAL DYNAMICS ORDNANCE AND TACTICAL SYSTEMS - CANADA INC.","GENERAL DYNAMICS ORDNANCE AND TACTICAL SYSTEMS - CANADA INC.","GENERAL DYNAMICS ORDNANCE AND TACTICAL SYSTEMS - CANADA INC","GENERAL DYNAMICS ORDNANCE AND TACTICAL SYSTEMS - CANADA INC","General Dynamics Ordnance and Tactical Systems - Canada Inc","General Dynamics Ordnance and Tactical Systems - Canada Inc","1000 to 1499 employees","1000 à 1499 employés","5 Montée des Arsenaux","5 Montée des Arsenaux","Repentigny","Repentigny","Quebec","Quebec","J5Z2P4","Canada","Canada","Public Works and Government Services Canada","Travaux publics et Services gouvernementaux Canada","","","","","","","","","","Department of National Defence","Ministère de la défense nationale","NDHQ DGLEPM","N/D","101 COLONEL BY DR.,OTTAWA,Ontario,K1A0K2,Canada","101 COLONEL BY DR.,OTTAWA,Ontario,K1A0K2,Canada","","","","","","","","","","","","","","","",""
"GENERAL DYNAMICS ORDNANCE AND TACTICAL SYSTEMS - CANADA INC (W8486-24XA27/001/BK~000)","GENERAL DYNAMICS ORDNANCE AND TACTICAL SYSTEMS - CANADA INC (W8486-24XA27/001/BK~000)","W8486-24XA27/001/BK","000","W8486-24XA27","","W8486-24XA27/001/BK","1","2024-04-02","2024-03-15","","","2026-12-31","16941152.00","16941152.00","CAD","","","","","","","*N1315","*Ammunition, 75mm through 125mm","*Munitions, de 75 mm jusqu'à 125 mm","","","","*GD","","","Non-competitive","Non concurrentielle","Government Objectives Representing Best Interests/Value to Govt","Objectifs gouvern.  représentant  les meilleurs intérets/valeur pour l'État","","","*Canadian Free Trade Agreement (CFTA)","*Accord de libre-échange canadien (ALEC)","","","GENERAL DYNAMICS ORDNANCE AND TACTICAL SYSTEMS - CANADA INC.","GENERAL DYNAMICS ORDNANCE AND TACTICAL SYSTEMS - CANADA INC.","GENERAL DYNAMICS ORDNANCE AND TACTICAL SYSTEMS - CANADA INC","GENERAL DYNAMICS ORDNANCE AND TACTICAL SYSTEMS - CANADA INC","General Dynamics Ordnance and Tactical Systems - Canada Inc","General Dynamics Ordnance and Tactical Systems - Canada Inc","1000 to 1499 employees","1000 à 1499 employés","5 Montée des Arsenaux","5 Montée des Arsenaux","Repentigny","Repentigny","Quebec","Quebec","J5Z2P4","Canada","Canada","Public Works and Government Services Canada","Travaux publics et Services gouvernementaux Canada","","","","","","","","","","Department of National Defence","Ministère de la défense nationale","NDHQ DGLEPM","N/D","101 COLONEL BY DR.,OTTAWA,Ontario,K1A0K2,Canada","101 COLONEL BY DR.,OTTAWA,Ontario,K1A0K2,Canada","","","","","","","","","","","","","","","",""
"UNITED STATES DEPARTMENT OF THE ARMY (USASAC) (W3524-24BC04/001/USW~000)","UNITED STATES DEPARTMENT OF THE ARMY (USASAC) (W3524-24BC04/001/USW~000)","W3524-24BC04/001/USW","000","W3524-24BC04","","W3524-24BC04/001/USW","1","2023-08-23","2023-08-16","","","2026-08-31","1148903.00","1148903.00","CAD","","","","","","","*N1320","*Ammunition, over 125mm","*Munitions, de plus de 125 mm","","","","*GD","","","Non-competitive","Non concurrentielle","Government Objectives Representing Best Interests/Value to Govt","Objectifs gouvern.  représentant  les meilleurs intérets/valeur pour l'État","","","*None","*Aucun","","","UNITED STATES DEPARTMENT OF THE ARMY (USASAC)","UNITED STATES DEPARTMENT OF THE ARMY (USASAC)","UNITED STATES DEPARTMENT OF THE ARMY (USASAC)","UNITED STATES DEPARTMENT OF THE ARMY (USASAC)","UNITED STATES DEPARTMENT OF THE ARMY (USASAC)","UNITED STATES DEPARTMENT OF THE ARMY (USASAC)","5 to 9 employees","5 à 9 employés","7613 CARDINAL ROAD","7613 CARDINAL ROAD","REDSTONE ARSENAL","REDSTONE ARSENAL","Alabama","Alabama","35898-5000","United States","United States","Public Works and Government Services Canada","Travaux publics et Services gouvernementaux Canada","","","","","","","","","","Department of National Defence","Ministère de la défense nationale","ADM (MAT) DGLEPM","SMA (MAT) DGGPET","101 COLONEL BY DRIVE,OTTAWA,Ontario,K1A0K2,Canada","101 COLONEL BY DRIVE,OTTAWA,Ontario,K1A0K2,Canada","","","","","","","","","","","","","","","",""
"GENERAL DYNAMICS ORDNANCE AND TACTICAL SYSTEMS - CANADA INC (W8486-24XA21/001/BK~000)","GENERAL DYNAMICS ORDNANCE AND TACTICAL SYSTEMS - CANADA INC (W8486-24XA21/001/BK~000)","W8486-24XA21/001/BK","000","W8486-24XA21","","W8486-24XA21/001/BK","1","2024-04-02","2024-03-15","","","2026-12-31","8465770.00","8465770.00","CAD","","","","","","","*N1320","*Ammunition, over 125mm","*Munitions, de plus de 125 mm","","","","*GD","","","Non-competitive","Non concurrentielle","Government Objectives Representing Best Interests/Value to Govt","Objectifs gouvern.  représentant  les meilleurs intérets/valeur pour l'État","","","*Canadian Free Trade Agreement (CFTA)","*Accord de libre-échange canadien (ALEC)","","","GENERAL DYNAMICS ORDNANCE AND TACTICAL SYSTEMS - CANADA INC.","GENERAL DYNAMICS ORDNANCE AND TACTICAL SYSTEMS - CANADA INC.","GENERAL DYNAMICS ORDNANCE AND TACTICAL SYSTEMS - CANADA INC","GENERAL DYNAMICS ORDNANCE AND TACTICAL SYSTEMS - CANADA INC","General Dynamics Ordnance and Tactical Systems - Canada Inc","General Dynamics Ordnance and Tactical Systems - Canada Inc","1000 to 1499 employees","1000 à 1499 employés","5 Montée des Arsenaux","5 Montée des Arsenaux","Repentigny","Repentigny","Quebec","Quebec","J5Z2P4","Canada","Canada","Public Works and Government Services Canada","Travaux publics et Services gouvernementaux Canada","","","","","","","","","","Department of National Defence","Ministère de la défense nationale","NDHQ DGLEPM","N/D","101 COLONEL BY DR.,OTTAWA,Ontario,K1A0K2,Canada","101 COLONEL BY DR.,OTTAWA,Ontario,K1A0K2,Canada","","","","","","","","","","","","","","","",""
"GENERAL DYNAMICS ORDNANCE AND TACTICAL SYSTEMS - CANADA INC (W8486-24XA23/001/BK~000)","GENERAL DYNAMICS ORDNANCE AND TACTICAL SYSTEMS - CANADA INC (W8486-24XA23/001/BK~000)","W8486-24XA23/001/BK","000","W8486-24XA23","","W8486-24XA23/001/BK","1","2024-04-02","2024-03-15","","","2025-12-31","6458514.00","6458514.00","CAD","","","","","","","*N1320","*Ammunition, over 125mm","*Munitions, de plus de 125 mm","","","","*GD","","","Non-competitive","Non concurrentielle","Government Objectives Representing Best Interests/Value to Govt","Objectifs gouvern.  représentant  les meilleurs intérets/valeur pour l'État","","","*Canadian Free Trade Agreement (CFTA)","*Accord de libre-échange canadien (ALEC)","","","GENERAL DYNAMICS ORDNANCE AND TACTICAL SYSTEMS - CANADA INC.","GENERAL DYNAMICS ORDNANCE AND TACTICAL SYSTEMS - CANADA INC.","GENERAL DYNAMICS ORDNANCE AND TACTICAL SYSTEMS - CANADA INC","GENERAL DYNAMICS ORDNANCE AND TACTICAL SYSTEMS - CANADA INC","General Dynamics Ordnance and Tactical Systems - Canada Inc","General Dynamics Ordnance and Tactical Systems - Canada Inc","1000 to 1499 employees","1000 à 1499 employés","5 Montée des Arsenaux","5 Montée des Arsenaux","Repentigny","Repentigny","Quebec","Quebec","J5Z2P4","Canada","Canada","Public Works and Government Services Canada","Travaux publics et Services gouvernementaux Canada","","","","","","","","","","Department of National Defence","Ministère de la défense nationale","NDHQ DGLEPM","N/D","101 COLONEL BY DR.,OTTAWA,Ontario,K1A0K2,Canada","101 COLONEL BY DR.,OTTAWA,Ontario,K1A0K2,Canada","","","","","","","","","","","","","","","",""
"GENERAL DYNAMICS ORDNANCE AND TACTICAL SYSTEMS - CANADA INC (W8486-24XA36/001/BK~000)","GENERAL DYNAMICS ORDNANCE AND TACTICAL SYSTEMS - CANADA INC (W8486-24XA36/001/BK~000)","W8486-24XA36/001/BK","000","W8486-24XA36","","W8486-24XA36/001/BK","2","2023-08-23","2023-08-01","","","2025-12-31","33614045.00","37481413.00","CAD","","","","","","","*N1320","*Ammunition, over 125mm","*Munitions, de plus de 125 mm","","","","*GD","","","Non-competitive","Non concurrentielle","Government Objectives Representing Best Interests/Value to Govt","Objectifs gouvern.  représentant  les meilleurs intérets/valeur pour l'État","","","*Canadian Free Trade Agreement (CFTA)","*Accord de libre-échange canadien (ALEC)","","","GENERAL DYNAMICS ORDNANCE AND TACTICAL SYSTEMS - CANADA INC.","GENERAL DYNAMICS ORDNANCE AND TACTICAL SYSTEMS - CANADA INC.","GENERAL DYNAMICS ORDNANCE AND TACTICAL SYSTEMS - CANADA INC","GENERAL DYNAMICS ORDNANCE AND TACTICAL SYSTEMS - CANADA INC","General Dynamics Ordnance and Tactical Systems - Canada Inc","General Dynamics Ordnance and Tactical Systems - Canada Inc","1000 to 1499 employees","1000 à 1499 employés","5 Montée des Arsenaux","5 Montée des Arsenaux","Repentigny","Repentigny","Quebec","Quebec","J5Z2P4","Canada","Canada","Public Works and Government Services Canada","Travaux publics et Services gouvernementaux Canada","","","","","","","","","","Department of National Defence","Ministère de la défense nationale","NDHQ DGLEPM","N/D","101 COLONEL BY DR.,OTTAWA,Ontario,K1A0K2,Canada","101 COLONEL BY DR.,OTTAWA,Ontario,K1A0K2,Canada","","","","","","","","","","","","","","","",""
"GENERAL DYNAMICS ORDNANCE AND TACTICAL SYSTEMS - CANADA INC (W8486-24XA28/001/BK~000)","GENERAL DYNAMICS ORDNANCE AND TACTICAL SYSTEMS - CANADA INC (W8486-24XA28/001/BK~000)","W8486-24XA28/001/BK","000","W8486-24XA28","","W8486-24XA28/001/BK","1","2024-04-02","2024-03-14","","","2026-12-31","2794513.00","2794513.00","CAD","","","","","","","*N1330","*Grenades","*Grenades","","","","*GD","","","Non-competitive","Non concurrentielle","Government Objectives Representing Best Interests/Value to Govt","Objectifs gouvern.  représentant  les meilleurs intérets/valeur pour l'État","","","*Canadian Free Trade Agreement (CFTA)","*Accord de libre-échange canadien (ALEC)","","","GENERAL DYNAMICS ORDNANCE AND TACTICAL SYSTEMS - CANADA INC.","GENERAL DYNAMICS ORDNANCE AND TACTICAL SYSTEMS - CANADA INC.","GENERAL DYNAMICS ORDNANCE AND TACTICAL SYSTEMS - CANADA INC","GENERAL DYNAMICS ORDNANCE AND TACTICAL SYSTEMS - CANADA INC","General Dynamics Ordnance and Tactical Systems - Canada Inc","General Dynamics Ordnance and Tactical Systems - Canada Inc","1000 to 1499 employees","1000 à 1499 employés","5 Montée des Arsenaux","5 Montée des Arsenaux","Repentigny","Repentigny","Quebec","Quebec","J5Z2P4","Canada","Canada","Public Works and Government Services Canada","Travaux publics et Services gouvernementaux Canada","","","","","","","","","","Department of National Defence","Ministère de la défense nationale","NDHQ DGLEPM","N/D","101 COLONEL BY DR.,OTTAWA,Ontario,K1A0K2,Canada","101 COLONEL BY DR.,OTTAWA,Ontario,K1A0K2,Canada","","","","","","","","","","","","","","","",""
"GENERAL DYNAMICS ORDNANCE AND TACTICAL SYSTEMS - CANADA INC (W8486-24XA29/001/BK~000)","GENERAL DYNAMICS ORDNANCE AND TACTICAL SYSTEMS - CANADA INC (W8486-24XA29/001/BK~000)","W8486-24XA29/001/BK","000","W8486-24XA29","","W8486-24XA29/001/BK","1","2024-04-02","2024-03-14","","","2025-12-31","1997907.00","1997907.00","CAD","","","","","","","*N1330","*Grenades","*Grenades","","","","*GD","","","Non-competitive","Non concurrentielle","Government Objectives Representing Best Interests/Value to Govt","Objectifs gouvern.  représentant  les meilleurs intérets/valeur pour l'État","","","*Canadian Free Trade Agreement (CFTA)","*Accord de libre-échange canadien (ALEC)","","","GENERAL DYNAMICS ORDNANCE AND TACTICAL SYSTEMS - CANADA INC.","GENERAL DYNAMICS ORDNANCE AND TACTICAL SYSTEMS - CANADA INC.","GENERAL DYNAMICS ORDNANCE AND TACTICAL SYSTEMS - CANADA INC","GENERAL DYNAMICS ORDNANCE AND TACTICAL SYSTEMS - CANADA INC","General Dynamics Ordnance and Tactical Systems - Canada Inc","General Dynamics Ordnance and Tactical Systems - Canada Inc","1000 to 1499 employees","1000 à 1499 employés","5 Montée des Arsenaux","5 Montée des Arsenaux","Repentigny","Repentigny","Quebec","Quebec","J5Z2P4","Canada","Canada","Public Works and Government Services Canada","Travaux publics et Services gouvernementaux Canada","","","","","","","","","","Department of National Defence","Ministère de la défense nationale","NDHQ DGLEPM","N/D","101 COLONEL BY DR.,OTTAWA,Ontario,K1A0K2,Canada","101 COLONEL BY DR.,OTTAWA,Ontario,K1A0K2,Canada","","","","","","","","","","","","","","","",""
"NATO SEASPARROW SURFACE MISSILE SYSTEM PROJECT (W8472-165645/009/USW~000)","NATO SEASPARROW SURFACE MISSILE SYSTEM PROJECT (W8472-165645/009/USW~000)","W8472-165645/009/USW","000","W8472-165645","","W8472-165645/009/USW","1","2024-01-31","2023-12-14","","","2028-12-14","15714530.00","15714530.00","CAD","","","","","","","*N1336","*Guided Missile Warheads and Explosive Components","*Sections chargées monoblocs de missiles et composants explosifs","","","","*GD","","","Non-competitive","Non concurrentielle","Government Objectives Representing Best Interests/Value to Govt","Objectifs gouvern.  représentant  les meilleurs intérets/valeur pour l'État","","","*None","*Aucun","","","Not applicable","Not applicable","NATO SEASPARROW SURFACE MISSILE SYSTEM PROJECT","NATO SEASPARROW SURFACE MISSILE SYSTEM PROJECT","NATO SEASPARROW SURFACE       MISSILE SYSTEM PROJECT","NATO SEASPARROW SURFACE       MISSILE SYSTEM PROJECT","UNKNOWN","INCONNU","","","WASHINGTON","WASHINGTON","District of Columbia","District of Columbia","","United States","United States","Public Works and Government Services Canada","Travaux publics et Services gouvernementaux Canada","","","","","","","","","","Department of National Defence / Department of National Defence","Ministère de la défense nationale / Ministère de la défense nationale","NDHQ / NDHQ","N/D / N/D","ATTN DGMEPM CAP - DMARP<br>101 COLONEL BY DR.,OTTAWA,Ontario,K1A0K2,Canada / ATTN DGMEPM CAP - DMARP<br>101 COLONEL BY DR.,OTTAWA,Ontario,K1A0K2,Canada","ATTN DGMEPM CAP - DMARP<br>101 COLONEL BY DR.,OTTAWA,Ontario,K1A0K2,Canada / ATTN DGMEPM CAP - DMARP<br>101 COLONEL BY DR.,OTTAWA,Ontario,K1A0K2,Canada","","","","","","","","","","","","","","","",""
"NATO SEASPARROW SURFACE MISSILE SYSTEM PROJECT (W8472-165645/010/USW~000)","NATO SEASPARROW SURFACE MISSILE SYSTEM PROJECT (W8472-165645/010/USW~000)","W8472-165645/010/USW","000","W8472-165645","","W8472-165645/010/USW","1","2025-03-03","2025-01-23","","","2029-10-02","97775259.00","97775259.00","CAD","","","","","","","*N1336","*Guided Missile Warheads and Explosive Components","*Sections chargées monoblocs de missiles et composants explosifs","","","","*GD","","","Non-competitive","Non concurrentielle","Government Objectives Representing Best Interests/Value to Govt","Objectifs gouvern.  représentant  les meilleurs intérets/valeur pour l'État","","","*None","*Aucun","","","Not applicable","Not applicable","NATO SEASPARROW SURFACE MISSILE SYSTEM PROJECT","NATO SEASPARROW SURFACE MISSILE SYSTEM PROJECT","NATO SEASPARROW SURFACE       MISSILE SYSTEM PROJECT","NATO SEASPARROW SURFACE       MISSILE SYSTEM PROJECT","UNKNOWN","INCONNU","","","WASHINGTON","WASHINGTON","District of Columbia","District of Columbia","","United States","United States","Public Works and Government Services Canada","Travaux publics et Services gouvernementaux Canada","","","","","","","","","","Department of National Defence","Ministère de la défense nationale","NDHQ","N/D","ATTN DGMEPM CAP - DMARP<br>101 COLONEL BY DR.,OTTAWA,Ontario,K1A0K2,Canada","ATTN DGMEPM CAP - DMARP<br>101 COLONEL BY DR.,OTTAWA,Ontario,K1A0K2,Canada","","","","","","","","","","","","","","","",""
"NATO SEASPARROW SURFACE MISSILE SYSTEM PROJECT (W8472-165645/011/USW~000)","NATO SEASPARROW SURFACE MISSILE SYSTEM PROJECT (W8472-165645/011/USW~000)","W8472-165645/011/USW","000","W8472-165645","","W8472-165645/011/USW","1","2025-03-27","2025-02-25","","","2030-03-31","108110000.00","108110000.00","CAD","","","","","","","*N1336","*Guided Missile Warheads and Explosive Components","*Sections chargées monoblocs de missiles et composants explosifs","","","","*GD","","","Non-competitive","Non concurrentielle","Government Objectives Representing Best Interests/Value to Govt","Objectifs gouvern.  représentant  les meilleurs intérets/valeur pour l'État","","","*None","*Aucun","","","Not applicable","Not applicable","NATO SEASPARROW SURFACE MISSILE SYSTEM PROJECT","NATO SEASPARROW SURFACE MISSILE SYSTEM PROJECT","NATO SEASPARROW SURFACE       MISSILE SYSTEM PROJECT","NATO SEASPARROW SURFACE       MISSILE SYSTEM PROJECT","UNKNOWN","INCONNU","","","WASHINGTON","WASHINGTON","District of Columbia","District of Columbia","","United States","United States","Public Works and Government Services Canada","Travaux publics et Services gouvernementaux Canada","","","","","","","","","","Department of National Defence","Ministère de la défense nationale","NDHQ","N/D","ATTN DGMEPM CAP - DMARP<br>101 COLONEL BY DR.,OTTAWA,Ontario,K1A0K2,Canada","ATTN DGMEPM CAP - DMARP<br>101 COLONEL BY DR.,OTTAWA,Ontario,K1A0K2,Canada","","","","","","","","","","","","","","","",""
"NATO SEASPARROW SURFACE MISSILE SYSTEM PROJECT (W8472-165645/012/USW~000)","NATO SEASPARROW SURFACE MISSILE SYSTEM PROJECT (W8472-165645/012/USW~000)","W8472-165645/012/USW","000","W8472-165645","","W8472-165645/012/USW","1","2025-03-27","2025-01-03","","","2030-03-31","7398040.00","7398040.00","CAD","","","","","","","*N1336","*Guided Missile Warheads and Explosive Components","*Sections chargées monoblocs de missiles et composants explosifs","","","","*GD","","","Non-competitive","Non concurrentielle","Government Objectives Representing Best Interests/Value to Govt","Objectifs gouvern.  représentant  les meilleurs intérets/valeur pour l'État","","","*None","*Aucun","","","Not applicable","Not applicable","NATO SEASPARROW SURFACE MISSILE SYSTEM PROJECT","NATO SEASPARROW SURFACE MISSILE SYSTEM PROJECT","NATO SEASPARROW SURFACE       MISSILE SYSTEM PROJECT","NATO SEASPARROW SURFACE       MISSILE SYSTEM PROJECT","UNKNOWN","INCONNU","","","WASHINGTON","WASHINGTON","District of Columbia","District of Columbia","","United States","United States","Public Works and Government Services Canada","Travaux publics et Services gouvernementaux Canada","","","","","","","","","","Department of National Defence","Ministère de la défense nationale","NDHQ","N/D","ATTN DGMEPM CAP - DMARP<br>101 COLONEL BY DR.,OTTAWA,Ontario,K1A0K2,Canada","ATTN DGMEPM CAP - DMARP<br>101 COLONEL BY DR.,OTTAWA,Ontario,K1A0K2,Canada","","","","","","","","","","","","","","","",""
"GENERAL DYNAMICS ORDNANCE AND TACTICAL SYSTEMS - CANADA INC (W8486-23XA45/001/BK~000)","GENERAL DYNAMICS ORDNANCE AND TACTICAL SYSTEMS - CANADA INC (W8486-23XA45/001/BK~000)","W8486-23XA45/001/BK","000","W8486-23XA45","","W8486-23XA45/001/BK","1","2024-01-31","2023-12-20","","","2026-12-31","26414750.00","26414750.00","CAD","","","","","","","*N1340","*Rockets, Rocket Ammunition and Rocket Components","*Roquettes et composants pyrotechniques de roquettes","","","","*GD","","","Non-competitive","Non concurrentielle","Government Objectives Representing Best Interests/Value to Govt","Objectifs gouvern.  représentant  les meilleurs intérets/valeur pour l'État","","","*Canadian Free Trade Agreement (CFTA)","*Accord de libre-échange canadien (ALEC)","","","GENERAL DYNAMICS ORDNANCE AND TACTICAL SYSTEMS - CANADA INC.","GENERAL DYNAMICS ORDNANCE AND TACTICAL SYSTEMS - CANADA INC.","GENERAL DYNAMICS ORDNANCE AND TACTICAL SYSTEMS - CANADA INC","GENERAL DYNAMICS ORDNANCE AND TACTICAL SYSTEMS - CANADA INC","General Dynamics Ordnance and Tactical Systems - Canada Inc","General Dynamics Ordnance and Tactical Systems - Canada Inc","1000 to 1499 employees","1000 à 1499 employés","5 Montée des Arsenaux","5 Montée des Arsenaux","Repentigny","Repentigny","Quebec","Quebec","J5Z2P4","Canada","Canada","Public Works and Government Services Canada","Travaux publics et Services gouvernementaux Canada","","","","","","","","","","Department of National Defence / Department of National Defence","Ministère de la défense nationale / Ministère de la défense nationale","NDHQ DGLEPM / NDHQ DGLEPM","N/D / N/D","101 COLONEL BY DR.,OTTAWA,Ontario,K1A0K2,Canada / 101 COLONEL BY DR.,OTTAWA,Ontario,K1A0K2,Canada","101 COLONEL BY DR.,OTTAWA,Ontario,K1A0K2,Canada / 101 COLONEL BY DR.,OTTAWA,Ontario,K1A0K2,Canada","","","","","","","","","","","","","","","",""
"MAGELLAN AEROSPACE, WINNIPEG (W8486-23WA02/001/BK~000)","MAGELLAN AEROSPACE, WINNIPEG (W8486-23WA02/001/BK~000)","W8486-23WA02/001/BK","000","W8486-23WA02","","W8486-23WA02/001/BK","5","2024-01-31","2023-10-31","","","2027-12-31","39300000.00","39300000.00","CAD","","","","","","","*N1370","*Pyrotechnics","*Matériel pyrotechnique","","","","*GD","","","Non-competitive","Non concurrentielle","Government Objectives Representing Best Interests/Value to Govt","Objectifs gouvern.  représentant  les meilleurs intérets/valeur pour l'État","","","*Canadian Free Trade Agreement (CFTA)","*Accord de libre-échange canadien (ALEC)","","","Magellan Aerospace Limited","Magellan Aerospace Limited","MAGELLAN AEROSPACE, WINNIPEG","MAGELLAN AEROSPACE, WINNIPEG","Magellan Aerospace, Winnipeg","Magellan Aerospace, Winnipeg","1000 to 1499 employees","1000 à 1499 employés","P.O. Box 874<br>660 Berry Street","P.O. Box 874<br>660 Berry Street","Winnipeg","Winnipeg","Manitoba","Manitoba","R3C2S4","Canada","Canada","Public Works and Government Services Canada","Travaux publics et Services gouvernementaux Canada","","","","","","","","","","Department of National Defence / Department of National Defence","Ministère de la défense nationale / Ministère de la défense nationale","NDHQ DGLEPM / NDHQ DGLEPM","N/D / N/D","101 COLONEL BY DR.,OTTAWA,Ontario,K1A0K2,Canada / 101 COLONEL BY DR.,OTTAWA,Ontario,K1A0K2,Canada","101 COLONEL BY DR.,OTTAWA,Ontario,K1A0K2,Canada / 101 COLONEL BY DR.,OTTAWA,Ontario,K1A0K2,Canada","","","","","","","","","","","","","","","",""
"UNITED STATES DEPARTMENT OF THE ARMY (USASAC) (W8484-23XA48/001/USW~000)","UNITED STATES DEPARTMENT OF THE ARMY (USASAC) (W8484-23XA48/001/USW~000)","W8484-23XA48/001/USW","000","W8484-23XA48","","W8484-23XA48/001/USW","1","2024-09-24","2024-08-23","","","2030-06-01","2831729.00","2831729.00","CAD","","","","","","","*N1375","*Demolition Materials","*Explosifs de démolition","","","","*GD","","","Non-competitive","Non concurrentielle","Government Objectives Representing Best Interests/Value to Govt","Objectifs gouvern.  représentant  les meilleurs intérets/valeur pour l'État","","","*None","*Aucun","","","UNITED STATES DEPARTMENT OF THE ARMY (USASAC)","UNITED STATES DEPARTMENT OF THE ARMY (USASAC)","UNITED STATES DEPARTMENT OF THE ARMY (USASAC)","UNITED STATES DEPARTMENT OF THE ARMY (USASAC)","UNITED STATES DEPARTMENT OF THE ARMY (USASAC)","UNITED STATES DEPARTMENT OF THE ARMY (USASAC)","5 to 9 employees","5 à 9 employés","7613 CARDINAL ROAD","7613 CARDINAL ROAD","REDSTONE ARSENAL","REDSTONE ARSENAL","Alabama","Alabama","35898-5000","United States","United States","Public Works and Government Services Canada","Travaux publics et Services gouvernementaux Canada","","","","","","","","","","Department of National Defence","Ministère de la défense nationale","COMMANDING OFFICER","N/D","CF AMMUNITION DEPOT,ANGUS,Ontario,L0M1B0,Canada","CF AMMUNITION DEPOT,ANGUS,Ontario,L0M1B0,Canada","","","","","","","","","","","","","","","",""
"GENERAL DYNAMICS ORDNANCE AND TACTICAL SYSTEMS - CANADA INC (W8486-24XA31/001/BK~000)","GENERAL DYNAMICS ORDNANCE AND TACTICAL SYSTEMS - CANADA INC (W8486-24XA31/001/BK~000)","W8486-24XA31/001/BK","000","W8486-24XA31","","W8486-24XA31/001/BK","1","2024-04-02","2024-03-14","","","2025-12-31","3081990.00","3081990.00","CAD","","","","","","","*N1375","*Demolition Materials","*Explosifs de démolition","","","","*GD","","","Non-competitive","Non concurrentielle","Government Objectives Representing Best Interests/Value to Govt","Objectifs gouvern.  représentant  les meilleurs intérets/valeur pour l'État","","","*Canadian Free Trade Agreement (CFTA)","*Accord de libre-échange canadien (ALEC)","","","GENERAL DYNAMICS ORDNANCE AND TACTICAL SYSTEMS - CANADA INC.","GENERAL DYNAMICS ORDNANCE AND TACTICAL SYSTEMS - CANADA INC.","GENERAL DYNAMICS ORDNANCE AND TACTICAL SYSTEMS - CANADA INC","GENERAL DYNAMICS ORDNANCE AND TACTICAL SYSTEMS - CANADA INC","General Dynamics Ordnance and Tactical Systems - Canada Inc","General Dynamics Ordnance and Tactical Systems - Canada Inc","1000 to 1499 employees","1000 à 1499 employés","5 Montée des Arsenaux","5 Montée des Arsenaux","Repentigny","Repentigny","Quebec","Quebec","J5Z2P4","Canada","Canada","Public Works and Government Services Canada","Travaux publics et Services gouvernementaux Canada","","","","","","","","","","Department of National Defence","Ministère de la défense nationale","NDHQ DGLEPM","N/D","101 COLONEL BY DR.,OTTAWA,Ontario,K1A0K2,Canada","101 COLONEL BY DR.,OTTAWA,Ontario,K1A0K2,Canada","","","","","","","","","","","","","","","",""
"UNITED STATES DEPARTMENT OF THE NAVY (NAVAIR) (W8484-23WA03/001/USW~000)","UNITED STATES DEPARTMENT OF THE NAVY (NAVAIR) (W8484-23WA03/001/USW~000)","W8484-23WA03/001/USW","000","W8484-23WA03","","W8484-23WA03/001/USW","1","2025-05-27","2024-02-01","","","2031-06-30","1863792.00","1863792.00","CAD","","","","","","","*N1377","*Cartridge and Propellant Actuated Devices and Components","*Dispositifs actionnés par cartouches ou agents propulsifs et composants","","","","*GD","","","Non-competitive","Non concurrentielle","Government Objectives Representing Best Interests/Value to Govt","Objectifs gouvern.  représentant  les meilleurs intérets/valeur pour l'État","","","*None","*Aucun","","","UNITED STATES DEPARTMENT OF THE NAVY (NAVAIR)","UNITED STATES DEPARTMENT OF THE NAVY (NAVAIR)","UNITED STATES DEPARTMENT OF THE NAVY (NAVAIR)","UNITED STATES DEPARTMENT OF THE NAVY (NAVAIR)","Not applicable","Not applicable","UNKNOWN","INCONNU","2521 South Clark Street<br>Suite 800","2521 South Clark Street<br>Suite 800","Arlington","Arlington","Virginia","Virginia","22202-3928","United States","United States","Public Works and Government Services Canada","Travaux publics et Services gouvernementaux Canada","","","","","","","","","","Department of National Defence","Ministère de la défense nationale","","N/D","CFAMMUNITION DEPOT DUNDURN,DUNDURN,Saskatchewan,S0K1K0,Canada","CFAMMUNITION DEPOT DUNDURN,DUNDURN,Saskatchewan,S0K1K0,Canada","","","","","","","","","","","","","","","",""
"GENERAL DYNAMICS ORDNANCE AND TACTICAL SYSTEMS - CANADA INC (W8486-24WA01/001/BK~000)","GENERAL DYNAMICS ORDNANCE AND TACTICAL SYSTEMS - CANADA INC (W8486-24WA01/001/BK~000)","W8486-24WA01/001/BK","000","W8486-24WA01","","W8486-24WA01/001/BK","1","2024-04-02","2024-03-15","","","2026-12-31","6760415.00","6760415.00","CAD","","","","","","","*N1377","*Cartridge and Propellant Actuated Devices and Components","*Dispositifs actionnés par cartouches ou agents propulsifs et composants","","","","*GD","","","Non-competitive","Non concurrentielle","Government Objectives Representing Best Interests/Value to Govt","Objectifs gouvern.  représentant  les meilleurs intérets/valeur pour l'État","","","*Canadian Free Trade Agreement (CFTA)","*Accord de libre-échange canadien (ALEC)","","","GENERAL DYNAMICS ORDNANCE AND TACTICAL SYSTEMS - CANADA INC.","GENERAL DYNAMICS ORDNANCE AND TACTICAL SYSTEMS - CANADA INC.","GENERAL DYNAMICS ORDNANCE AND TACTICAL SYSTEMS - CANADA INC","GENERAL DYNAMICS ORDNANCE AND TACTICAL SYSTEMS - CANADA INC","General Dynamics Ordnance and Tactical Systems - Canada Inc","General Dynamics Ordnance and Tactical Systems - Canada Inc","1000 to 1499 employees","1000 à 1499 employés","5 Montée des Arsenaux","5 Montée des Arsenaux","Repentigny","Repentigny","Quebec","Quebec","J5Z2P4","Canada","Canada","Public Works and Government Services Canada","Travaux publics et Services gouvernementaux Canada","","","","","","","","","","Department of National Defence","Ministère de la défense nationale","NDHQ DGLEPM","N/D","101 COLONEL BY DR.,OTTAWA,Ontario,K1A0K2,Canada","101 COLONEL BY DR.,OTTAWA,Ontario,K1A0K2,Canada","","","","","","","","","","","","","","","",""
"UNITED STATES DEPARTMENT OF THE NAVY (NAVAIR) (W8486-24WA07/001/USW~000)","UNITED STATES DEPARTMENT OF THE NAVY (NAVAIR) (W8486-24WA07/001/USW~000)","W8486-24WA07/001/USW","000","W8486-24WA07","","W8486-24WA07/001/USW","3","2025-05-27","2025-02-11","","","2033-06-30","3960159.00","3960159.00","CAD","","","","","","","*N1377","*Cartridge and Propellant Actuated Devices and Components","*Dispositifs actionnés par cartouches ou agents propulsifs et composants","","","","*GD","","","Non-competitive","Non concurrentielle","Government Objectives Representing Best Interests/Value to Govt","Objectifs gouvern.  représentant  les meilleurs intérets/valeur pour l'État","","","*None","*Aucun","","","UNITED STATES DEPARTMENT OF THE NAVY (NAVAIR)","UNITED STATES DEPARTMENT OF THE NAVY (NAVAIR)","UNITED STATES DEPARTMENT OF THE NAVY (NAVAIR)","UNITED STATES DEPARTMENT OF THE NAVY (NAVAIR)","Not applicable","Not applicable","UNKNOWN","INCONNU","2521 South Clark Street<br>Suite 800","2521 South Clark Street<br>Suite 800","Arlington","Arlington","Virginia","Virginia","22202-3928","United States","United States","Public Works and Government Services Canada","Travaux publics et Services gouvernementaux Canada","","","","","","","","","","Department of National Defence","Ministère de la défense nationale","","N/D","CFAMMUNITION DEPOT DUNDURN,DUNDURN,Saskatchewan,S0K1K0,Canada","CFAMMUNITION DEPOT DUNDURN,DUNDURN,Saskatchewan,S0K1K0,Canada","","","","","","","","","","","","","","","",""
"A B PRECISION (POOLE) LTD (W8486-239027/001/BK~000)","A B PRECISION (POOLE) LTD (W8486-239027/001/BK~000)","W8486-239027/001/BK","000","W8486-239027","","W8486-239027/001/BK","3","2024-05-28","2024-05-01","","","2026-05-31","2811443.00","3048606.16","CAD","","","","","","","*N1385","*Explosive Ordnance Disposal Tools, Surface","*Équipement de neutralisation des munitions explosives de surface","","","","*GD","","","Non-competitive","Non concurrentielle","","","Exclusive Rights","Droits exclusifs","*Canadian Free Trade Agreement (CFTA)","*Accord de libre-échange canadien (ALEC)","","","A B Precision (Poole) Ltd","A B Precision (Poole) Ltd","A B PRECISION (POOLE) LTD","A B PRECISION (POOLE) LTD","A B Precision (Poole) Ltd","A B Precision (Poole) Ltd","50 to 99 employees","50 à 99 employés","1 Fleets Lane","1 Fleets Lane","Poole, Dorset","Poole, Dorset","","","BH153BZ","United Kingdom","United Kingdom","Public Works and Government Services Canada","Travaux publics et Services gouvernementaux Canada","","","","","","","","","","Department of National Defence","Ministère de la défense nationale","NDHQ DGLEPM","N/D","101 COLONEL BY DR.,OTTAWA,Ontario,K1A0K2,Canada","101 COLONEL BY DR.,OTTAWA,Ontario,K1A0K2,Canada","","","","","","","","","","","","","","","",""
"COLT CANADA (21120-241267/001/BM~000)","COLT CANADA (21120-241267/001/BM~000)","21120-241267/001/BM","000","21120-241267","","21120-241267/001/BM","1","2024-01-31","2023-11-28","","","2024-03-31","145244.00","145244.00","CAD","","","","","","","*N1005","*Guns, through 30 mm, unless installed in a vehicle, aircraft, ship","*Canons, jusqu'à 30 mm","","","","*GD","","","Non-competitive","Non concurrentielle","Government Objectives Representing Best Interests/Value to Govt","Objectifs gouvern.  représentant  les meilleurs intérets/valeur pour l'État","","","*Canadian Free Trade Agreement (CFTA)","*Accord de libre-échange canadien (ALEC)","","","COLT CANADA CORPORATION","COLT CANADA CORPORATION","COLT CANADA","COLT CANADA","Colt Canada","Colt Canada","100 to 199 employees","100 à 199 employés","1036 Wilson Avenue","1036 Wilson Avenue","Kitchener","Kitchener","Ontario","Ontario","N2C1J3","Canada","Canada","Public Works and Government Services Canada","Travaux publics et Services gouvernementaux Canada","","","","","","","","","","Correctional Service of Canada / Correctional Service of Canada","Service correctionnel du Canada / Service correctionnel du Canada","CONTRACTING&MATERIEL SERVS / CONTRACTING&MATERIEL SERVS","N/D / N/D","340 LAURIER AVE W.,OTTAWA,Ontario,K1A0P9,Canada / 340 LAURIER AVE W.,OTTAWA,Ontario,K1A0P9,Canada","340 LAURIER AVE W.,OTTAWA,Ontario,K1A0P9,Canada / 340 LAURIER AVE W.,OTTAWA,Ontario,K1A0P9,Canada","","","","","","","","","","","","","","","",""
"SAVIT CORPORATION (W8476-226544/001/BM~000)","SAVIT CORPORATION (W8476-226544/001/BM~000)","W8476-226544/001/BM","000","W8476-226544","","W8476-226544/001/BM","3","2024-08-27","2024-08-14","","","2027-12-31","480633.00","640295.00","CAD","","","","","","","*N1005","*Guns, through 30 mm, unless installed in a vehicle, aircraft, ship","*Canons, jusqu'à 30 mm","","","","*GD","","","Advance contract award notice","Préavis d'attribution du contrat","","","Exclusive Rights","Droits exclusifs","","","","","SAVIT Corporation","SAVIT Corporation","SAVIT CORPORATION","SAVIT CORPORATION","SAVIT Corporation","SAVIT Corporation","20 to 49 employees","20 à 49 employés","400 Commons Way Suite D","400 Commons Way Suite D","Rockaway","Rockaway","New Jersey","New Jersey","07866","United States","United States","Public Works and Government Services Canada","Travaux publics et Services gouvernementaux Canada","","","","","","","","","","Department of National Defence","Ministère de la défense nationale","DGLEPM CAPITAL","N/D","101 COLONEL BY DR.,OTTAWA,Ontario,K1A0K2,Canada","101 COLONEL BY DR.,OTTAWA,Ontario,K1A0K2,Canada","","","","","","","","","","","","","","","",""
"COLT CANADA (W8476-236601/001/BM~000)","COLT CANADA (W8476-236601/001/BM~000)","W8476-236601/001/BM","000","W8476-236601","","W8476-236601/001/BM","1","2023-08-23","2023-07-21","","","2023-11-30","80833.00","80833.00","CAD","","","","","","","*N1005","*Guns, through 30 mm, unless installed in a vehicle, aircraft, ship","*Canons, jusqu'à 30 mm","","","","*GD","","","Non-competitive","Non concurrentielle","","","Exclusive Rights","Droits exclusifs","*Canadian Free Trade Agreement (CFTA)","*Accord de libre-échange canadien (ALEC)","","","COLT CANADA CORPORATION","COLT CANADA CORPORATION","COLT CANADA","COLT CANADA","Colt Canada","Colt Canada","100 to 199 employees","100 à 199 employés","1036 Wilson Avenue","1036 Wilson Avenue","Kitchener","Kitchener","Ontario","Ontario","N2C1J3","Canada","Canada","Public Works and Government Services Canada","Travaux publics et Services gouvernementaux Canada","","","","","","","","","","Department of National Defence","Ministère de la défense nationale","DGLEPM CAPITAL","N/D","101 COLONEL BY DR.,OTTAWA,Ontario,K1A0K2,Canada","101 COLONEL BY DR.,OTTAWA,Ontario,K1A0K2,Canada","","","","","","","","","","","","","","","",""
"UNITED STATES DEPARTMENT OF THE NAVY (NAVSEA) (W8482-231385/001/USW~000)","UNITED STATES DEPARTMENT OF THE NAVY (NAVSEA) (W8482-231385/001/USW~000)","W8482-231385/001/USW","000","W8482-231385","","W8482-231385/001/USW","1","2024-11-29","2024-11-19","","","2031-11-30","1982289.00","1982289.00","CAD","","","","","","","*N1005","*Guns, through 30 mm, unless installed in a vehicle, aircraft, ship","*Canons, jusqu'à 30 mm","","","","*GD","","","Non-competitive","Non concurrentielle","Government Objectives Representing Best Interests/Value to Govt","Objectifs gouvern.  représentant  les meilleurs intérets/valeur pour l'État","","","*None","*Aucun","","","UNITED STATES DEPARTMENT OF THE NAVY (NAVSEA)","UNITED STATES DEPARTMENT OF THE NAVY (NAVSEA)","UNITED STATES DEPARTMENT OF THE NAVY (NAVSEA)","UNITED STATES DEPARTMENT OF THE NAVY (NAVSEA)","Not applicable","Not applicable","UNKNOWN","INCONNU","2521 South Clark Street<br>Suite 800","2521 South Clark Street<br>Suite 800","Arlington","Arlington","Virginia","Virginia","22202-3928","United States","United States","Public Works and Government Services Canada","Travaux publics et Services gouvernementaux Canada","","","","","","","","","","Department of National Defence","Ministère de la défense nationale","NDHQ","N/D","ATTN DGMEPM NP - DMARP<br>101 COLONEL BY DR.,OTTAWA,Ontario,K1A0K2,Canada","ATTN DGMEPM NP - DMARP<br>101 COLONEL BY DR.,OTTAWA,Ontario,K1A0K2,Canada","","","","","","","","","","","","","","","",""
"COLT CANADA (W8486-238930/001/BM~000)","COLT CANADA (W8486-238930/001/BM~000)","W8486-238930/001/BM","000","W8486-238930","","W8486-238930/001/BM","2","2023-10-25","2023-10-03","","","2024-12-31","1921000.00","2938000.00","CAD","","","","","","","*N1005","*Guns, through 30 mm, unless installed in a vehicle, aircraft, ship","*Canons, jusqu'à 30 mm","","","","*GD","","","Non-competitive","Non concurrentielle","Government Objectives Representing Best Interests/Value to Govt","Objectifs gouvern.  représentant  les meilleurs intérets/valeur pour l'État","","","*Canadian Free Trade Agreement (CFTA)","*Accord de libre-échange canadien (ALEC)","","","COLT CANADA CORPORATION","COLT CANADA CORPORATION","COLT CANADA","COLT CANADA","Colt Canada","Colt Canada","100 to 199 employees","100 à 199 employés","1036 Wilson Avenue","1036 Wilson Avenue","Kitchener","Kitchener","Ontario","Ontario","N2C1J3","Canada","Canada","Public Works and Government Services Canada","Travaux publics et Services gouvernementaux Canada","","","","","","","","","","Department of National Defence","Ministère de la défense nationale","NDHQ DGLEPM","N/D","101 COLONEL BY DR.,OTTAWA,Ontario,K1A0K2,Canada","101 COLONEL BY DR.,OTTAWA,Ontario,K1A0K2,Canada","","","","","","","","","","","","","","","",""
"COLT CANADA (W8486-239020/001/BM~000)","COLT CANADA (W8486-239020/001/BM~000)","W8486-239020/001/BM","000","W8486-239020","","W8486-239020/001/BM","1","2023-09-22","2023-08-31","","","2023-12-31","173670.00","173670.00","CAD","","","","","","","*N1005","*Guns, through 30 mm, unless installed in a vehicle, aircraft, ship","*Canons, jusqu'à 30 mm","","","","*GD","","","Non-competitive","Non concurrentielle","Government Objectives Representing Best Interests/Value to Govt","Objectifs gouvern.  représentant  les meilleurs intérets/valeur pour l'État","","","*Canadian Free Trade Agreement (CFTA)","*Accord de libre-échange canadien (ALEC)","","","COLT CANADA CORPORATION","COLT CANADA CORPORATION","COLT CANADA","COLT CANADA","Colt Canada","Colt Canada","100 to 199 employees","100 à 199 employés","1036 Wilson Avenue","1036 Wilson Avenue","Kitchener","Kitchener","Ontario","Ontario","N2C1J3","Canada","Canada","Public Works and Government Services Canada","Travaux publics et Services gouvernementaux Canada","","","","","","","","","","Department of National Defence","Ministère de la défense nationale","NDHQ DGLEPM","N/D","101 COLONEL BY DR.,OTTAWA,Ontario,K1A0K2,Canada","101 COLONEL BY DR.,OTTAWA,Ontario,K1A0K2,Canada","","","","","","","","","","","","","","","",""
"COLT CANADA (W8486-249173/001/BM~000)","COLT CANADA (W8486-249173/001/BM~000)","W8486-249173/001/BM","000","W8486-249173","","W8486-249173/001/BM","1","2023-10-25","2023-09-21","","","2024-04-01","1230299.00","1230299.00","CAD","","","","","","","*N1005","*Guns, through 30 mm, unless installed in a vehicle, aircraft, ship","*Canons, jusqu'à 30 mm","","","","*GD","","","Non-competitive","Non concurrentielle","Government Objectives Representing Best Interests/Value to Govt","Objectifs gouvern.  représentant  les meilleurs intérets/valeur pour l'État","","","*Canadian Free Trade Agreement (CFTA)","*Accord de libre-échange canadien (ALEC)","","","COLT CANADA CORPORATION","COLT CANADA CORPORATION","COLT CANADA","COLT CANADA","Colt Canada","Colt Canada","100 to 199 employees","100 à 199 employés","1036 Wilson Avenue","1036 Wilson Avenue","Kitchener","Kitchener","Ontario","Ontario","N2C1J3","Canada","Canada","Public Works and Government Services Canada","Travaux publics et Services gouvernementaux Canada","","","","","","","","","","Department of National Defence","Ministère de la défense nationale","NDHQ DGLEPM","N/D","101 COLONEL BY DR.,OTTAWA,Ontario,K1A0K2,Canada","101 COLONEL BY DR.,OTTAWA,Ontario,K1A0K2,Canada","","","","","","","","","","","","","","","",""
"COLT CANADA (W8486-249281/001/BM~000)","COLT CANADA (W8486-249281/001/BM~000)","W8486-249281/001/BM","000","W8486-249281","","W8486-249281/001/BM","2","2024-01-31","2023-11-17","","","2024-03-31","115374.00","115374.00","CAD","","","","","","","*N1005","*Guns, through 30 mm, unless installed in a vehicle, aircraft, ship","*Canons, jusqu'à 30 mm","","","","*GD","","","Non-competitive","Non concurrentielle","Government Objectives Representing Best Interests/Value to Govt","Objectifs gouvern.  représentant  les meilleurs intérets/valeur pour l'État","","","*Canadian Free Trade Agreement (CFTA)","*Accord de libre-échange canadien (ALEC)","","","COLT CANADA CORPORATION","COLT CANADA CORPORATION","COLT CANADA","COLT CANADA","Colt Canada","Colt Canada","100 to 199 employees","100 à 199 employés","1036 Wilson Avenue","1036 Wilson Avenue","Kitchener","Kitchener","Ontario","Ontario","N2C1J3","Canada","Canada","Public Works and Government Services Canada","Travaux publics et Services gouvernementaux Canada","","","","","","","","","","Department of National Defence / Department of National Defence","Ministère de la défense nationale / Ministère de la défense nationale","NDHQ DGLEPM / NDHQ DGLEPM","N/D / N/D","101 COLONEL BY DR.,OTTAWA,Ontario,K1A0K2,Canada / 101 COLONEL BY DR.,OTTAWA,Ontario,K1A0K2,Canada","101 COLONEL BY DR.,OTTAWA,Ontario,K1A0K2,Canada / 101 COLONEL BY DR.,OTTAWA,Ontario,K1A0K2,Canada","","","","","","","","","","","","","","","",""
"DISTRIBUTION ELITE CANADA INC (21120-247378/001/BM~000)","DISTRIBUTION ELITE CANADA INC (21120-247378/001/BM~000)","21120-247378/001/BM","000","21120-247378","","21120-247378/001/BM","1","2024-01-31","2024-01-11","","","2024-12-31","84128.00","84128.00","CAD","","","","","","","*N1005A","*Small Arms and Accessories (Law Enforcement)","*Armes portatives et accessoires,mise en vigueur de la loi","","","","*GD","","","Non-competitive","Non concurrentielle","","","Exclusive Rights","Droits exclusifs","*Canadian Free Trade Agreement (CFTA)","*Accord de libre-échange canadien (ALEC)","","","DISTRIBUTION ÉLITE CANADA INC.","DISTRIBUTION ÉLITE CANADA INC.","DISTRIBUTION ELITE CANADA INC","DISTRIBUTION ELITE CANADA INC","DISTRIBUTION ÉLITE CANADA INC.","DISTRIBUTION ÉLITE CANADA INC.","1 to 4 employees","1 à 4 employés","74 rue Goodfellow, #110","74 rue Goodfellow, #110","Delson","Delson","Quebec","Quebec","J5B1V4","Canada","Canada","Public Works and Government Services Canada","Travaux publics et Services gouvernementaux Canada","","","","","","","","","","Correctional Service of Canada / Correctional Service of Canada","Service correctionnel du Canada / Service correctionnel du Canada","CONTRACTING&MATERIEL SERVS / CONTRACTING&MATERIEL SERVS","N/D / N/D","340 LAURIER AVE W.,OTTAWA,Ontario,K1A0P9,Canada / 340 LAURIER AVE W.,OTTAWA,Ontario,K1A0P9,Canada","340 LAURIER AVE W.,OTTAWA,Ontario,K1A0P9,Canada / 340 LAURIER AVE W.,OTTAWA,Ontario,K1A0P9,Canada","","","","","","","","","","","","","","","",""
"COLT CANADA (87055-221076/001/BM~000)","COLT CANADA (87055-221076/001/BM~000)","87055-221076/001/BM","000","87055-221076","","87055-221076/001/BM","1","2024-07-27","2023-12-20","","","2024-05-16","111395.00","111395.00","CAD","","","","","","","*N1005A","*Small Arms and Accessories (Law Enforcement)","*Armes portatives et accessoires,mise en vigueur de la loi","","","","*GD","","","Competitive - Open bidding","Concurrentielle - Invitation ouverte à soumissionner","Lowest Price","Prix le plus bas","","","*Canada-Chile Free Trade Agreement (CCFTA)
*Comprehensive and Progressive Agreement for Trans-Pacific Partnership (CPTPP)","*Accord de libre-échange Canada-Chili (ALECC)
*Accord de Partenariat transpacifique global et progressiste (PTPGP)","","","COLT CANADA CORPORATION","COLT CANADA CORPORATION","COLT CANADA","COLT CANADA","Colt Canada","Colt Canada","100 to 199 employees","100 à 199 employés","1036 Wilson Avenue","1036 Wilson Avenue","Kitchener","Kitchener","Ontario","Ontario","N2C1J3","Canada","Canada","Public Works and Government Services Canada","Travaux publics et Services gouvernementaux Canada","","","","","","","","","","Canadian Nuclear Safety Commission","Commission canadienne de sûreté nucléaire","MAILROOM","N/D","2ND FLR.<br>280 SLATER ST STN B PO BX 1046,OTTAWA,Ontario,K1P5S9,Canada","2ND FLR.<br>280 SLATER ST STN B PO BX 1046,OTTAWA,Ontario,K1P5S9,Canada","","","","","","","","","","","","","","","",""
"NEXTER SYSTEMS (W8486-238782/001/BM~000)","NEXTER SYSTEMS (W8486-238782/001/BM~000)","W8486-238782/001/BM","000","W8486-238782","","W8486-238782/001/BM","2","2024-07-27","2023-09-26","","","2025-09-26","629487.00","629487.00","CAD","","","","","","","*N1015","*Guns, 75 mm through 125 mm, unless installed in a vehicle, aircraft, ship","*Canons, de 75 mm jusqu'à 125 mm","","","","*GD","","","Non-competitive","Non concurrentielle","","","Exclusive Rights","Droits exclusifs","*Comprehensive and Progressive Agreement for Trans-Pacific Partnership (CPTPP)
*World Trade Organization Agreement on Government Procurement (WTO GPA)","*Accord de Partenariat transpacifique global et progressiste (PTPGP)
*Accord sur les marchés publics de l'Organisation mondiale du commerce (AMP-OMC)","","","NEXTER SYSTEMS","NEXTER SYSTEMS","NEXTER SYSTEMS","NEXTER SYSTEMS","NEXTER SYSTEMS","NEXTER SYSTEMS","2500 to 4999 employees","2500 à 4999 employés","13 route de la minière","13 route de la minière","versailles","versailles","","","78034","France","France","Public Works and Government Services Canada","Travaux publics et Services gouvernementaux Canada","","","","","","","","","","Department of National Defence","Ministère de la défense nationale","NDHQ DGLEPM","N/D","101 COLONEL BY DR.,OTTAWA,Ontario,K1A0K2,Canada","101 COLONEL BY DR.,OTTAWA,Ontario,K1A0K2,Canada","","","","","","","","","","","","","","","",""
"COLT CANADA (W8486-239016/001/BM~000)","COLT CANADA (W8486-239016/001/BM~000)","W8486-239016/001/BM","000","W8486-239016","","W8486-239016/001/BM","2","2023-09-22","2023-08-28","","","2024-12-31","187088.00","187088.00","CAD","","","","","","","*N1005","*Guns, through 30 mm, unless installed in a vehicle, aircraft, ship","*Canons, jusqu'à 30 mm","","","","*GD","","","Non-competitive","Non concurrentielle","Government Objectives Representing Best Interests/Value to Govt","Objectifs gouvern.  représentant  les meilleurs intérets/valeur pour l'État","","","*Canadian Free Trade Agreement (CFTA)","*Accord de libre-échange canadien (ALEC)","","","COLT CANADA CORPORATION","COLT CANADA CORPORATION","COLT CANADA","COLT CANADA","Colt Canada","Colt Canada","100 to 199 employees","100 à 199 employés","1036 Wilson Avenue","1036 Wilson Avenue","Kitchener","Kitchener","Ontario","Ontario","N2C1J3","Canada","Canada","Public Works and Government Services Canada","Travaux publics et Services gouvernementaux Canada","","","","","","","","","","Department of National Defence","Ministère de la défense nationale","NDHQ DGLEPM","N/D","101 COLONEL BY DR.,OTTAWA,Ontario,K1A0K2,Canada","101 COLONEL BY DR.,OTTAWA,Ontario,K1A0K2,Canada","","","","","","","","","","","","","","","",""
"UNITED STATES DEPARTMENT OF THE ARMY (USASAC) (W8486-249638/001/USW~000)","UNITED STATES DEPARTMENT OF THE ARMY (USASAC) (W8486-249638/001/USW~000)","W8486-249638/001/USW","000","W8486-249638","","W8486-249638/001/USW","2","2025-03-03","2025-01-22","","","2030-08-30","37201875.00","45030573.00","CAD","","","","","","","*N1045","*Launchers, Torpedo and Depth Charges, Unless Installed in a Vehicle, Aircraft, Ship","*Appareils de lancement de torpilles et grenades sous-marines","","","","*GD","","","Non-competitive","Non concurrentielle","Government Objectives Representing Best Interests/Value to Govt","Objectifs gouvern.  représentant  les meilleurs intérets/valeur pour l'État","","","*None","*Aucun","","","UNITED STATES DEPARTMENT OF THE ARMY (USASAC)","UNITED STATES DEPARTMENT OF THE ARMY (USASAC)","UNITED STATES DEPARTMENT OF THE ARMY (USASAC)","UNITED STATES DEPARTMENT OF THE ARMY (USASAC)","UNITED STATES DEPARTMENT OF THE ARMY (USASAC)","UNITED STATES DEPARTMENT OF THE ARMY (USASAC)","5 to 9 employees","5 à 9 employés","7613 CARDINAL ROAD","7613 CARDINAL ROAD","REDSTONE ARSENAL","REDSTONE ARSENAL","Alabama","Alabama","35898-5000","United States","United States","Public Works and Government Services Canada","Travaux publics et Services gouvernementaux Canada","","","","","","","","","","Department of National Defence","Ministère de la défense nationale","NDHQ DGLEPM","N/D","101 COLONEL BY DR.,OTTAWA,Ontario,K1A0K2,Canada","101 COLONEL BY DR.,OTTAWA,Ontario,K1A0K2,Canada","","","","","","","","","","","","","","","",""
"AXON PUBLIC SAFETY CANADA INC (M5000-241278/001/BM~000)","AXON PUBLIC SAFETY CANADA INC (M5000-241278/001/BM~000)","M5000-241278/001/BM","000","M5000-241278","","M5000-241278/001/BM","2","2024-04-02","2024-02-21","","","2024-06-14","384510.00","384510.00","CAD","","","","","","","*N1095","*Miscellaneous Weapons","*Armes diverses","","","","*GD","","","Non-competitive","Non concurrentielle","","","Exclusive Rights","Droits exclusifs","*Canadian Free Trade Agreement (CFTA)","*Accord de libre-échange canadien (ALEC)","","","Axon Public Safety Canada Inc.","Axon Public Safety Canada Inc.","AXON PUBLIC SAFETY CANADA INC","AXON PUBLIC SAFETY CANADA INC","Axon Public Safety Canada Inc.","Axon Public Safety Canada Inc.","500 to 999 employees","500  à  999 employés","16 FOUR SEASONS PLACE<br>SUITE 110","16 FOUR SEASONS PLACE<br>SUITE 110","Toronto","Toronto","Ontario","Ontario","M9B6E5","Canada","Canada","Public Works and Government Services Canada","Travaux publics et Services gouvernementaux Canada","","","","","","","","","","Royal Canadian Mounted Police","Gendarmerie royale du Canada","NORTH WEST REGION K-DIVISION","N/D","ASSET & CONTRACTING BRANCH<br>111140-109TH ST,Edmonton,Alberta,T5G2T4,Canada","ASSET & CONTRACTING BRANCH<br>111140-109TH ST,Edmonton,Alberta,T5G2T4,Canada","","","","","","","","","","","","","","","",""
"COLT CANADA (M7594-234222/001/BM~000)","COLT CANADA (M7594-234222/001/BM~000)","M7594-234222/001/BM","000","M7594-234222","","M7594-234222/001/BM","3","2023-06-22","2023-06-15","","","2028-03-31","0.00","0.00","CAD","","","","","","","*N1095","*Miscellaneous Weapons","*Armes diverses","","","","*GD","","","Non-competitive","Non concurrentielle","Government Objectives Representing Best Interests/Value to Govt","Objectifs gouvern.  représentant  les meilleurs intérets/valeur pour l'État","","","*Canadian Free Trade Agreement (CFTA)","*Accord de libre-échange canadien (ALEC)","","","COLT CANADA CORPORATION","COLT CANADA CORPORATION","COLT CANADA","COLT CANADA","Colt Canada","Colt Canada","100 to 199 employees","100 à 199 employés","1036 Wilson Avenue","1036 Wilson Avenue","Kitchener","Kitchener","Ontario","Ontario","N2C1J3","Canada","Canada","Public Works and Government Services Canada","Travaux publics et Services gouvernementaux Canada","","","","","","","","","","Royal Canadian Mounted Police","Gendarmerie royale du Canada","HQ PROCURE.&CONTRACT.SERVS","SERVS APPROVISION.&CONTRATS QG","4TH FL.<br>73 LEIKIN DR. M1,OTTAWA,Ontario,K1A0R2,Canada","4TH FL.<br>73 LEIKIN DR. M1,OTTAWA,Ontario,K1A0R2,Canada","","","","","","","","","","","","","","","",""
"ATLAS DEVICES (W6399-23LM19/001/BM~000)","ATLAS DEVICES (W6399-23LM19/001/BM~000)","W6399-23LM19/001/BM","000","W6399-23LM19","","W6399-23LM19/001/BM","1","2024-01-31","2023-11-23","","","2034-12-22","823848.00","823848.00","CAD","","","","","","","*N1095","*Miscellaneous Weapons","*Armes diverses","","","","*GD","","","Non-competitive","Non concurrentielle","","","Exclusive Rights","Droits exclusifs","*Canadian Free Trade Agreement (CFTA)","*Accord de libre-échange canadien (ALEC)","","","Atlas Devices","Atlas Devices","ATLAS DEVICES","ATLAS DEVICES","Atlas Devices","Atlas Devices","UNKNOWN","INCONNU","21 Alpha Rd<br>Suite 202","21 Alpha Rd<br>Suite 202","Chelmsford","Chelmsford","Massachusetts","Massachusetts","01824","United States","United States","Public Works and Government Services Canada","Travaux publics et Services gouvernementaux Canada","","","","","","","","","","Department of National Defence / Department of National Defence","Ministère de la défense nationale / Ministère de la défense nationale","CANSOFCOM HQ / CANSOFCOM HQ","N/D / N/D","101 COLONEL BY DR.,OTTAWA,Ontario,K1A0K2,Canada / 101 COLONEL BY DR.,OTTAWA,Ontario,K1A0K2,Canada","101 COLONEL BY DR.,OTTAWA,Ontario,K1A0K2,Canada / 101 COLONEL BY DR.,OTTAWA,Ontario,K1A0K2,Canada","","","","","","","","","","","","","","","",""
"UNITED STATES DEPARTMENT OF THE NAVY (NAVAIR) (W8485-237432/001/USW~000)","UNITED STATES DEPARTMENT OF THE NAVY (NAVAIR) (W8485-237432/001/USW~000)","W8485-237432/001/USW","000","W8485-237432","","W8485-237432/001/USW","1","2024-04-02","2024-03-15","","","2031-03-31","7763970.00","7763970.00","CAD","","","","","","","*N1095","*Miscellaneous Weapons","*Armes diverses","","","","*GD","","","Non-competitive","Non concurrentielle","Government Objectives Representing Best Interests/Value to Govt","Objectifs gouvern.  représentant  les meilleurs intérets/valeur pour l'État","","","*None","*Aucun","","","UNITED STATES DEPARTMENT OF THE NAVY (NAVAIR)","UNITED STATES DEPARTMENT OF THE NAVY (NAVAIR)","UNITED STATES DEPARTMENT OF THE NAVY (NAVAIR)","UNITED STATES DEPARTMENT OF THE NAVY (NAVAIR)","Not applicable","Not applicable","UNKNOWN","INCONNU","2521 South Clark Street<br>Suite 800","2521 South Clark Street<br>Suite 800","Arlington","Arlington","Virginia","Virginia","22202-3928","United States","United States","Public Works and Government Services Canada","Travaux publics et Services gouvernementaux Canada","","","","","","","","","","Department of National Defence","Ministère de la défense nationale","NDHQ","N/D","DGAEPM<br>101 COLONEL BY DR.,OTTAWA,Ontario,K1A0K2,Canada","DGAEPM<br>101 COLONEL BY DR.,OTTAWA,Ontario,K1A0K2,Canada","","","","","","","","","","","","","","","",""
"LOCKHEED MARTIN CANADA INC (W8482-220150/001/QF~000)","LOCKHEED MARTIN CANADA INC (W8482-220150/001/QF~000)","W8482-220150/001/QF","000","W8482-220150","","W8482-220150/001/QF","3","2025-01-27","2024-10-25","","","2034-03-31","92000000.00","287500000.00","CAD","","","","","","","*N1230","*Fire Control Systems, Complete","*Systèmes de conduite de tir, complets","","","","*GD","","","Non-competitive","Non concurrentielle","","","Exclusive Rights","Droits exclusifs","*Canadian Free Trade Agreement (CFTA)","*Accord de libre-échange canadien (ALEC)","","","Lockheed Martin Canada Inc.","Lockheed Martin Canada Inc.","LOCKHEED MARTIN CANADA INC","LOCKHEED MARTIN CANADA INC","Lockheed Martin Canada Inc.","Lockheed Martin Canada Inc.","500 to 999 employees","500  à  999 employés","501 Palladium Dr","501 Palladium Dr","Kanata","Kanata","Ontario","Ontario","K2V0A2","Canada","Canada","Public Works and Government Services Canada","Travaux publics et Services gouvernementaux Canada","","","","","","","","","","Department of National Defence","Ministère de la défense nationale","NDHQ","N/D","ATTN DGMEPM NP - DMARP<br>101 COLONEL BY DR.,OTTAWA,Ontario,K1A0K2,Canada","ATTN DGMEPM NP - DMARP<br>101 COLONEL BY DR.,OTTAWA,Ontario,K1A0K2,Canada","","","","","","","","","","","","","","","",""
"UNITED STATES DEPARTMENT OF THE NAVY (NAVSEA) (W8482-230449/001/USW~000)","UNITED STATES DEPARTMENT OF THE NAVY (NAVSEA) (W8482-230449/001/USW~000)","W8482-230449/001/USW","000","W8482-230449","","W8482-230449/001/USW","1","2024-04-02","2024-02-28","","","2031-03-01","5178035.00","5178035.00","CAD","","","","","","","*N1230","*Fire Control Systems, Complete","*Systèmes de conduite de tir, complets","","","","*GD","","","Non-competitive","Non concurrentielle","Government Objectives Representing Best Interests/Value to Govt","Objectifs gouvern.  représentant  les meilleurs intérets/valeur pour l'État","","","*None","*Aucun","","","UNITED STATES DEPARTMENT OF THE NAVY (NAVSEA)","UNITED STATES DEPARTMENT OF THE NAVY (NAVSEA)","UNITED STATES DEPARTMENT OF THE NAVY (NAVSEA)","UNITED STATES DEPARTMENT OF THE NAVY (NAVSEA)","Not applicable","Not applicable","UNKNOWN","INCONNU","2521 South Clark Street<br>Suite 800","2521 South Clark Street<br>Suite 800","Arlington","Arlington","Virginia","Virginia","22202-3928","United States","United States","Public Works and Government Services Canada","Travaux publics et Services gouvernementaux Canada","","","","","","","","","","Department of National Defence","Ministère de la défense nationale","NDHQ","N/D","ATTN DGMEPM NP - DMARP<br>101 COLONEL BY DR.,OTTAWA,Ontario,K1A0K2,Canada","ATTN DGMEPM NP - DMARP<br>101 COLONEL BY DR.,OTTAWA,Ontario,K1A0K2,Canada","","","","","","","","","","","","","","","",""
"AGENCE GRAVEL INC (21107-233006/001/QF~000)","AGENCE GRAVEL INC (21107-233006/001/QF~000)","21107-233006/001/QF","000","21107-233006","","21107-233006/001/QF","1","2024-03-05","2024-02-08","","","2027-02-06","202722.00","202722.00","CAD","","","","","","","*N1240","*Optical Sighting and Ranging Equipment","*Instruments optiques de visée et de télémétrie","","","","*GD","","","Competitive - Open bidding","Concurrentielle - Invitation ouverte à soumissionner","Lowest Price","Prix le plus bas","","","*Canadian Free Trade Agreement (CFTA)","*Accord de libre-échange canadien (ALEC)","","","AGENCE GRAVEL INC.","AGENCE GRAVEL INC.","AGENCE GRAVEL INC","AGENCE GRAVEL INC","AGENCE GRAVEL INC.","AGENCE GRAVEL INC.","20 to 49 employees","20 à 49 employés","5175 John Molson","5175 John Molson","QUEBEC","QUEBEC","Quebec","Quebec","G1X3X4","Canada","Canada","Public Works and Government Services Canada","Travaux publics et Services gouvernementaux Canada","","","","","","","","","","Correctional Service of Canada","Service correctionnel du Canada","PWGSC TB CONFERENCE INTERPRETN","TPSGC BT INTERPRETN CONFERENCE","5TH<br>975 ST JOSEPH BLVD,GATINEAU,Quebec,K1A0S5,Canada","5TH<br>975 ST JOSEPH BLVD,GATINEAU,Quebec,K1A0S5,Canada","","","","","","","","","","","","","","","",""
"NYE FANAFJORD AS (T8010-230079/001/MB~000)","NYE FANAFJORD AS (T8010-230079/001/MB~000)","T8010-230079/001/MB","000","T8010-230079","","T8010-230079/001/MB","7","2024-01-31","2023-11-10","","","2024-11-10","38559390.00","42731452.00","CAD","","","","","","","*N1910","*Transport Vessels, Passenger and Troop","*Navires de transport pour passagers et troupe","","","","*GD","","","Advance contract award notice","Préavis d'attribution du contrat","Lowest Price","Prix le plus bas","","","","","","","Nye Fanafjord AS","Nye Fanafjord AS","NYE FANAFJORD AS","NYE FANAFJORD AS","Nye Fanafjord AS","Nye Fanafjord AS","UNKNOWN","INCONNU","Strandavegen 15<br>Post boks 356 6905 Florø,","Strandavegen 15<br>Post boks 356 6905 Florø,","Florø","Florø","","","6905","Norway","Norway","Public Works and Government Services Canada","Travaux publics et Services gouvernementaux Canada","","","","","","","","","","Transport Canada / Transport Canada","Transports Canada / Transports Canada","AIR & MARINE PROGRAMS (AHP) / AIR & MARINE PROGRAMS (AHP)","N/D / N/D","330 SPARKS ST., 19TH FLOOR<br>PLACE DE VILLE, TOWER C,OTTAWA,Ontario,K1A0N5,Canada / 330 SPARKS ST., 19TH FLOOR<br>PLACE DE VILLE, TOWER C,OTTAWA,Ontario,K1A0N5,Canada","330 SPARKS ST., 19TH FLOOR<br>PLACE DE VILLE, TOWER C,OTTAWA,Ontario,K1A0N5,Canada / 330 SPARKS ST., 19TH FLOOR<br>PLACE DE VILLE, TOWER C,OTTAWA,Ontario,K1A0N5,Canada","","","","","","","","","","","","","","","",""
"SKYDEX TECHNOLOGIES, INC (F2565-230001/001/ML~000)","SKYDEX TECHNOLOGIES, INC (F2565-230001/001/ML~000)","F2565-230001/001/ML","000","F2565-230001","","F2565-230001/001/ML","1","2024-09-24","2024-08-26","","","2025-08-26","19761.00","19761.00","CAD","","","","","","","*N1940","*Small Craft","*Embarcations légères","","","","*GD","","","Non-competitive","Non concurrentielle","","","Exclusive Rights","Droits exclusifs","*Canadian Free Trade Agreement (CFTA)","*Accord de libre-échange canadien (ALEC)","","","SKYDEX Technologies, Inc.","SKYDEX Technologies, Inc.","SKYDEX TECHNOLOGIES, INC","SKYDEX TECHNOLOGIES, INC","SKYDEX Technologies, Inc.","SKYDEX Technologies, Inc.","10 to 19 employees","10 à 19 employés","12508 E. Briarwood Ave.<br>Suite 1-F","12508 E. Briarwood Ave.<br>Suite 1-F","Centennial","Centennial","Colorado","Colorado","80112","United States","United States","Public Works and Government Services Canada","Travaux publics et Services gouvernementaux Canada","","","","","","","","","","Fisheries and Oceans Canada","Pêches et Océans Canada","CCG CENTRAL&ARCTIC REGION","N/D","MCI, AREA SUPERVISOR WEST<br>42037 MACKENZIE HIGHWAY,HAY RIVER,Northwest Territories,X0E0R9,Canada","MCI, AREA SUPERVISOR WEST<br>42037 MACKENZIE HIGHWAY,HAY RIVER,Northwest Territories,X0E0R9,Canada","","","","","","","","","","","","","","","",""
"SEA ESCAPE MARINECOM (M4500-233974/001/MC~000)","SEA ESCAPE MARINECOM (M4500-233974/001/MC~000)","M4500-233974/001/MC","000","M4500-233974","","M4500-233974/001/MC","5","2023-10-25","2023-10-10","","","2025-03-31","125845.00","129997.00","CAD","","","","","","","*N1940","*Small Craft","*Embarcations légères","","","","*GD","","","Competitive - Open bidding","Concurrentielle - Invitation ouverte à soumissionner","Lowest Price","Prix le plus bas","","","*Canadian Free Trade Agreement (CFTA)","*Accord de libre-échange canadien (ALEC)","","","Grand international import export inc.","Grand international import export inc.","SEA ESCAPE MARINECOM","SEA ESCAPE MARINECOM","Sea Escape Marine.com","Sea Escape Marine.com","5 to 9 employees","5 à 9 employés","110 rue de la Cime","110 rue de la Cime","Saint-Colomban","Saint-Colomban","Quebec","Quebec","J5K1L1","Canada","Canada","Public Works and Government Services Canada","Travaux publics et Services gouvernementaux Canada","","","","","","","","","","Royal Canadian Mounted Police","Gendarmerie royale du Canada","CO J DIV.ATTN FSS","N/D","1445 REGENT ST<br>BOX 3900,FREDERICTON,New Brunswick,E3B4Z8,Canada","1445 REGENT ST<br>BOX 3900,FREDERICTON,New Brunswick,E3B4Z8,Canada","","","","","","","","","","","","","","","",""
"INGETEAM (F7044-240408/001/ML~000)","INGETEAM (F7044-240408/001/ML~000)","F7044-240408/001/ML","000","F7044-240408","","F7044-240408/001/ML","1","2024-12-27","2024-12-13","","","2025-12-31","84494.00","84494.00","CAD","","","","","","","*N2090","*Ship and Marine Miscellaneous Equipment","*Équipement de navire et matériel naval","","","","*GD","","","Advance contract award notice","Préavis d'attribution du contrat","","","Exclusive Rights","Droits exclusifs","*Canadian Free Trade Agreement (CFTA)","*Accord de libre-échange canadien (ALEC)","","","Ingeteam S.A.","Ingeteam S.A.","INGETEAM","INGETEAM","Ingeteam","Ingeteam","UNKNOWN","INCONNU","Zamudio, Parque Tecnológico,<br>Edificio 110 - 48170 Zamudio","Zamudio, Parque Tecnológico,<br>Edificio 110 - 48170 Zamudio","Bizkaia","Bizkaia","","","48170","Spain","Spain","Public Works and Government Services Canada","Travaux publics et Services gouvernementaux Canada","","","","","","","","","","Fisheries and Oceans Canada","Pêches et Océans Canada","D/PROJ.MGR STIMULUS PACKAGE","GEST.A.PRGM PLAN ACTION ECON.","INTEGRATED TECHNICAL SERVICES<br>200 KENT ST STN. 7W060,OTTAWA,Ontario,K1A0E6,Canada","INTEGRATED TECHNICAL SERVICES<br>200 KENT ST STN. 7W060,OTTAWA,Ontario,K1A0E6,Canada","","","","","","","","","","","","","","","",""
"WAJAX LTD (F7044-250069/001/ML ~000)","WAJAX LTD (F7044-250069/001/ML ~000)","F7044-250069/001/ML ","000","F7044-250069","","F7044-250069/001/ML ","1","2025-09-05","2025-07-08","","","2027-05-30","147592.00","147592.00","CAD","","","","","","","*N2090","*Ship and Marine Miscellaneous Equipment","*Équipement de navire et matériel naval","","","","*GD","","","Non-competitive","Non concurrentielle","","","Exclusive Rights","Droits exclusifs","","","","","Wajax limited","Wajax limited","WAJAX LTD","WAJAX LTD","Wajax limited","Wajax limited","2500 to 4999 employees","2500 à 4999 employés","10 Diesel Drive","10 Diesel Drive","Toronto","Toronto","Ontario","Ontario","M8W2T8","Canada","Canada","Public Works and Government Services Canada","Travaux publics et Services gouvernementaux Canada","","","","","","","","","","Fisheries and Oceans Canada","Pêches et Océans Canada","D/PROJ.MGR STIMULUS PACKAGE","GEST.A.PRGM PLAN ACTION ECON.","INTEGRATED TECHNICAL SERVICES<br>200 KENT ST STN. 7W060,OTTAWA,Ontario,K1A0E6,Canada","INTEGRATED TECHNICAL SERVICES<br>200 KENT ST STN. 7W060,OTTAWA,Ontario,K1A0E6,Canada","","","","","","","","","","","","","","","",""
"MARINEX FIRE PROTECTION (F7044-250086/001/ML~000)","MARINEX FIRE PROTECTION (F7044-250086/001/ML~000)","F7044-250086/001/ML","000","F7044-250086","","F7044-250086/001/ML","2","2025-01-27","2025-01-15","","","2026-01-15","158700.00","158700.00","CAD","","","","","","","*N2090","*Ship and Marine Miscellaneous Equipment","*Équipement de navire et matériel naval","","","","*GD","","","Non-competitive","Non concurrentielle","","","Exclusive Rights","Droits exclusifs","","","","","Peter Day","Peter Day","MARINEX FIRE PROTECTION","MARINEX FIRE PROTECTION","Marinex Fire Protection","Marinex Fire Protection","1 to 4 employees","1 à 4 employés","Marinex Fire Protection<br>Pen Y Bryn","Marinex Fire Protection<br>Pen Y Bryn","Tynygongl","Tynygongl","","","LL748NS","United Kingdom","United Kingdom","Public Works and Government Services Canada","Travaux publics et Services gouvernementaux Canada","","","","","","","","","","Fisheries and Oceans Canada","Pêches et Océans Canada","D/PROJ.MGR STIMULUS PACKAGE","GEST.A.PRGM PLAN ACTION ECON.","INTEGRATED TECHNICAL SERVICES<br>200 KENT ST STN. 7W060,OTTAWA,Ontario,K1A0E6,Canada","INTEGRATED TECHNICAL SERVICES<br>200 KENT ST STN. 7W060,OTTAWA,Ontario,K1A0E6,Canada","","","","","","","","","","","","","","","",""
"ADVANTEC MANUFACTURING CANADA INC (F7049-240091/001/ML~000)","ADVANTEC MANUFACTURING CANADA INC (F7049-240091/001/ML~000)","F7049-240091/001/ML","000","F7049-240091","","F7049-240091/001/ML","3","2025-03-27","2025-03-10","","","2026-07-31","586355.00","730450.32","CAD","","","","","","","*N2090","*Ship and Marine Miscellaneous Equipment","*Équipement de navire et matériel naval","","","","*GD","","","Competitive - Open bidding","Concurrentielle - Invitation ouverte à soumissionner","Lowest Price","Prix le plus bas","","","","","","","Advantec Manufacturing Canada Inc.","Advantec Manufacturing Canada Inc.","ADVANTEC MANUFACTURING CANADA INC","ADVANTEC MANUFACTURING CANADA INC","Advantec Manufacturing Canada Inc.","Advantec Manufacturing Canada Inc.","200 to 499 employees","200 à 499 employés","26995 Gloucester Way","26995 Gloucester Way","Langley","Langley","British Columbia","British Columbia","V4W3Y3","Canada","Canada","Public Works and Government Services Canada","Travaux publics et Services gouvernementaux Canada","","","","","","","","","","Fisheries and Oceans Canada","Pêches et Océans Canada","INTEGRATED TECHNICAL SERVICES","SERVICES TECHNIQUES INTEGRÉS","VLE MLM PROGRAM<br>200 KENT ST., STN 7N157,OTTAWA,Ontario,K1A0E6,Canada","VLE MLM PROGRAM<br>200 KENT ST., STN 7N157,OTTAWA,Ontario,K1A0E6,Canada","","","","","","","","","","","","","","","",""
"GE ENERGY POWER CONVERSION CANADA INC (F7049-240216/001/ML~000)","GE ENERGY POWER CONVERSION CANADA INC (F7049-240216/001/ML~000)","F7049-240216/001/ML","000","F7049-240216","","F7049-240216/001/ML","1","2025-06-29","2025-05-21","","","2027-01-15","177630.00","177630.00","CAD","","","","","","","*N2090","*Ship and Marine Miscellaneous Equipment","*Équipement de navire et matériel naval","","","","*GD","","","Non-competitive","Non concurrentielle","","","Exclusive Rights","Droits exclusifs","*Canadian Free Trade Agreement (CFTA)","*Accord de libre-échange canadien (ALEC)","","","GE Energy Power Conversion Canada Inc","GE Energy Power Conversion Canada Inc","GE ENERGY POWER CONVERSION CANADA INC","GE ENERGY POWER CONVERSION CANADA INC","GE Energy Power Conversion Canada Inc.","GE Energy Power Conversion Canada Inc.","10 to 19 employees","10 à 19 employés","Unit 1 2155 Rosser Ave.","Unit 1 2155 Rosser Ave.","Burnaby","Burnaby","British Columbia","British Columbia","V5C5E2","Canada","Canada","Public Works and Government Services Canada","Travaux publics et Services gouvernementaux Canada","","","","","","","","","","Fisheries and Oceans Canada","Pêches et Océans Canada","INTEGRATED TECHNICAL SERVICES","SERVICES TECHNIQUES INTEGRÉS","VLE MLM PROGRAM<br>200 KENT ST., STN 7N157,OTTAWA,Ontario,K1A0E6,Canada","VLE MLM PROGRAM<br>200 KENT ST., STN 7N157,OTTAWA,Ontario,K1A0E6,Canada","","","","","","","","","","","","","","","",""
"SCHOTTEL INC (F7049-240279/001/ML~000)","SCHOTTEL INC (F7049-240279/001/ML~000)","F7049-240279/001/ML","000","F7049-240279","","F7049-240279/001/ML","1","2025-05-27","2025-05-15","","","2025-10-31","58561.00","58561.00","CAD","","","","","","","*N2090","*Ship and Marine Miscellaneous Equipment","*Équipement de navire et matériel naval","","","","*GD","","","Non-competitive","Non concurrentielle","","","Exclusive Rights","Droits exclusifs","*Canadian Free Trade Agreement (CFTA)","*Accord de libre-échange canadien (ALEC)","","","SCHOTTEL INC","SCHOTTEL INC","SCHOTTEL INC","SCHOTTEL INC","SCHOTTEL INC","SCHOTTEL INC","20 to 49 employees","20 à 49 employés","1741 Denley Rd","1741 Denley Rd","Houma","Houma","Louisiana","Louisiana","70363","United States","United States","Public Works and Government Services Canada","Travaux publics et Services gouvernementaux Canada","","","","","","","","","","Fisheries and Oceans Canada","Pêches et Océans Canada","INTEGRATED TECHNICAL SERVICES","SERVICES TECHNIQUES INTEGRÉS","VLE MLM PROGRAM<br>200 KENT ST., STN 7N157,OTTAWA,Ontario,K1A0E6,Canada","VLE MLM PROGRAM<br>200 KENT ST., STN 7N157,OTTAWA,Ontario,K1A0E6,Canada","","","","","","","","","","","","","","","",""
"GRIFFON MARINE LTD (F7049-250033/001/ML ~000)","GRIFFON MARINE LTD (F7049-250033/001/ML ~000)","F7049-250033/001/ML ","000","F7049-250033","","F7049-250033/001/ML ","1","2025-11-06","2025-08-12","","","2025-09-30","27327.00","27327.00","CAD","","","","","","","*N2090","*Ship and Marine Miscellaneous Equipment","*Équipement de navire et matériel naval","","","","*GD","","","Non-competitive","Non concurrentielle","","","Exclusive Rights","Droits exclusifs","","","","","GRIFFON MARINE LIMITED","GRIFFON MARINE LIMITED","GRIFFON MARINE LTD","GRIFFON MARINE LTD","GRIFFON MARINE LIMITED","GRIFFON MARINE LIMITED","20 to 49 employees","20 à 49 employés","Griffon Hoverwork Limited<br>8 HAZEL  Road","Griffon Hoverwork Limited<br>8 HAZEL  Road","SOUTHAMPTON","SOUTHAMPTON","","","S0197GB","United Kingdom","United Kingdom","Public Works and Government Services Canada","Travaux publics et Services gouvernementaux Canada","","","","","","","","","","Fisheries and Oceans Canada","Pêches et Océans Canada","INTEGRATED TECHNICAL SERVICES","SERVICES TECHNIQUES INTEGRÉS","VLE MLM PROGRAM<br>200 KENT ST., STN 7N157,OTTAWA,Ontario,K1A0E6,Canada","VLE MLM PROGRAM<br>200 KENT ST., STN 7N157,OTTAWA,Ontario,K1A0E6,Canada","","","","","","","","","","","","","","","",""
"SHARK MARINE TECHNOLOGIES INC (W8482-231092/001/ML~000)","SHARK MARINE TECHNOLOGIES INC (W8482-231092/001/ML~000)","W8482-231092/001/ML","000","W8482-231092","","W8482-231092/001/ML","2","2024-01-31","2023-12-21","","","2024-12-23","2998210.00","2998210.00","CAD","","","","","","","*N2090","*Ship and Marine Miscellaneous Equipment","*Équipement de navire et matériel naval","","","","*GD","","","Non-competitive","Non concurrentielle","","","Exclusive Rights","Droits exclusifs","*Canadian Free Trade Agreement (CFTA)","*Accord de libre-échange canadien (ALEC)","","","Shark Marine Technologies Inc.","Shark Marine Technologies Inc.","SHARK MARINE TECHNOLOGIES INC","SHARK MARINE TECHNOLOGIES INC","Shark Marine Technologies Inc.","Shark Marine Technologies Inc.","10 to 19 employees","10 à 19 employés","23 Nihan Dr. Unit 4","23 Nihan Dr. Unit 4","St.Catharines","St.Catharines","Ontario","Ontario","L2N1L2","Canada","Canada","Public Works and Government Services Canada","Travaux publics et Services gouvernementaux Canada","","","","","","","","","","Department of National Defence / Department of National Defence","Ministère de la défense nationale / Ministère de la défense nationale","NDHQ / NDHQ","N/D / N/D","ATTN DGMEPM NP - DMARP<br>101 COLONEL BY DR.,OTTAWA,Ontario,K1A0K2,Canada / ATTN DGMEPM NP - DMARP<br>101 COLONEL BY DR.,OTTAWA,Ontario,K1A0K2,Canada","ATTN DGMEPM NP - DMARP<br>101 COLONEL BY DR.,OTTAWA,Ontario,K1A0K2,Canada / ATTN DGMEPM NP - DMARP<br>101 COLONEL BY DR.,OTTAWA,Ontario,K1A0K2,Canada","","","","","","","","","","","","","","","",""
"TELEDYNE INSTRUMENTS, INC (FP934-230002/001/QF~000)","TELEDYNE INSTRUMENTS, INC (FP934-230002/001/QF~000)","FP934-230002/001/QF","000","FP934-230002","","FP934-230002/001/QF","3","2024-04-02","2024-03-14","","","2027-03-17","1724437.00","1724437.19","CAD","","","","","","","*N2090D","*Locker, Clothing and Cleaning Gear, Shipboard Type","*Casiers, vêtements et appareils de nettoyage, type à bord navire","","","","*GD","","","Competitive - Open bidding","Concurrentielle - Invitation ouverte à soumissionner","Lowest Price","Prix le plus bas","","","","","","","Teledyne Instruments, Inc.","Teledyne Instruments, Inc.","TELEDYNE INSTRUMENTS, INC","TELEDYNE INSTRUMENTS, INC","Teledyne Instruments, Inc. dba Teledyne Webb Research","Teledyne Instruments, Inc. dba Teledyne Webb Research","5000 employees and over","5000 employés et plus","49 Edgerton Drive","49 Edgerton Drive","North Falmouth","North Falmouth","Massachusetts","Massachusetts","02556","United States","United States","Public Works and Government Services Canada","Travaux publics et Services gouvernementaux Canada","","","","","","","","","","Fisheries and Oceans Canada","Pêches et Océans Canada","OCEANOGRAPHY&CLIMATE BR.","N/D","STATION 12W057A<br>200 KENT STREET,OTTAWA,Ontario,K1A0E6,Canada","STATION 12W057A<br>200 KENT STREET,OTTAWA,Ontario,K1A0E6,Canada","","","","","","","","","","","","","","","",""
"KRAUSS-MAFFEI WEGMANN GMBH & CO KG (W8486-207266/001/BL~000)","KRAUSS-MAFFEI WEGMANN GMBH & CO KG (W8486-207266/001/BL~000)","W8486-207266/001/BL","000","W8486-207266","","W8486-207266/001/BL","3","2024-09-24","2024-09-12","","","2031-03-31","653212475.00","654902379.00","CAD","","","","","","","*N2350","*Combat, Assault, and Tactical Vehicles, Tracked","*Véhicules de combat, d'assaut et tactiques, à chenilles","","","","*GD","","","Advance contract award notice","Préavis d'attribution du contrat","","","Exclusive Rights","Droits exclusifs","*None","*Aucun","","","KNDS Deutschland GmbH & Co. KG","KNDS Deutschland GmbH & Co. KG","KRAUSS-MAFFEI WEGMANN GMBH & CO KG","KRAUSS-MAFFEI WEGMANN GMBH & CO KG","KNDS Deutschland GmbH & Co. KG","KNDS Deutschland GmbH & Co. KG","2500 to 4999 employees","2500 à 4999 employés","Krauss-Maffei-Strasse 11","Krauss-Maffei-Strasse 11","Munich","Munich","","","80997","Germany","Germany","Public Works and Government Services Canada","Travaux publics et Services gouvernementaux Canada","","","","","","","","","","Department of National Defence","Ministère de la défense nationale","NDHQ DGLEPM","N/D","101 COLONEL BY DR.,OTTAWA,Ontario,K1A0K2,Canada","101 COLONEL BY DR.,OTTAWA,Ontario,K1A0K2,Canada","","","","","","","","","","","","","","","",""
"MACKAY MARINE CANADA (F7048-240690/001/ML~000)","MACKAY MARINE CANADA (F7048-240690/001/ML~000)","F7048-240690/001/ML","000","F7048-240690","","F7048-240690/001/ML","2","2025-03-03","2025-01-28","","","2026-10-31","1051320.00","1058777.00","CAD","","","","","","","*N2090","*Ship and Marine Miscellaneous Equipment","*Équipement de navire et matériel naval","","","","*GD","","","Non-competitive","Non concurrentielle","","","Exclusive Rights","Droits exclusifs","*Canadian Free Trade Agreement (CFTA)","*Accord de libre-échange canadien (ALEC)","","","Mackay Communications Canada Inc","Mackay Communications Canada Inc","MACKAY MARINE CANADA","MACKAY MARINE CANADA","Mackay Marine Canada","Mackay Marine Canada","200 to 499 employees","200 à 499 employés","7 Mellor Avenue<br>Unit 16","7 Mellor Avenue<br>Unit 16","Dartmouth","Dartmouth","Nova Scotia","Nova Scotia","B3B0E8","Canada","Canada","Public Works and Government Services Canada","Travaux publics et Services gouvernementaux Canada","","","","","","","","","","Fisheries and Oceans Canada","Pêches et Océans Canada","DIRECTOR, ENGINEERING SERVICES","DIRECTEUR, SERVICES D'INGÉNRIE","INTEGRATED TECHNICAL SERVICES<br>200 KENT ST - STN 7W064,OTTAWA,Ontario,K1A0E6,Canada","INTEGRATED TECHNICAL SERVICES<br>200 KENT ST - STN 7W064,OTTAWA,Ontario,K1A0E6,Canada","","","","","","","","","","","","","","","",""
"KRAUSS-MAFFEI WEGMANN GMBH & CO KG (W8486-228607/001/BL~000)","KRAUSS-MAFFEI WEGMANN GMBH & CO KG (W8486-228607/001/BL~000)","W8486-228607/001/BL","000","W8486-228607","","W8486-228607/001/BL","1","2024-09-24","2023-11-20","","","2025-11-20","8286666.00","8286666.00","CAD","","","","","","","*N2350","*Combat, Assault, and Tactical Vehicles, Tracked","*Véhicules de combat, d'assaut et tactiques, à chenilles","","","","*GD","","","Non-competitive","Non concurrentielle","","","Exclusive Rights","Droits exclusifs","*None","*Aucun","","","KNDS Deutschland GmbH & Co. KG","KNDS Deutschland GmbH & Co. KG","KRAUSS-MAFFEI WEGMANN GMBH & CO KG","KRAUSS-MAFFEI WEGMANN GMBH & CO KG","KNDS Deutschland GmbH & Co. KG","KNDS Deutschland GmbH & Co. KG","2500 to 4999 employees","2500 à 4999 employés","Krauss-Maffei-Strasse 11","Krauss-Maffei-Strasse 11","Munich","Munich","","","80997","Germany","Germany","Public Works and Government Services Canada","Travaux publics et Services gouvernementaux Canada","","","","","","","","","","Department of National Defence","Ministère de la défense nationale","NDHQ DGLEPM","N/D","101 COLONEL BY DR.,OTTAWA,Ontario,K1A0K2,Canada","101 COLONEL BY DR.,OTTAWA,Ontario,K1A0K2,Canada","","","","","","","","","","","","","","","",""
"GRIFFON HOVERWORK LTD (F7044-240108/001/ML~000)","GRIFFON HOVERWORK LTD (F7044-240108/001/ML~000)","F7044-240108/001/ML","000","F7044-240108","","F7044-240108/001/ML","2","2025-05-27","2025-05-09","","","2025-12-31","0.00","827700.00","CAD","","","","","","","*N2520","*Vehicular Power Transmission Components","*Composants des transmissions de puissance des véhicules","","","","*GD","","","Non-competitive","Non concurrentielle","","","Exclusive Rights","Droits exclusifs","","","","","GRIFFON MARINE LIMITED","GRIFFON MARINE LIMITED","GRIFFON HOVERWORK LTD","GRIFFON HOVERWORK LTD","GRIFFON MARINE LIMITED","GRIFFON MARINE LIMITED","20 to 49 employees","20 à 49 employés","Griffon Hoverwork Limited<br>8 HAZEL  Road","Griffon Hoverwork Limited<br>8 HAZEL  Road","SOUTHAMPTON","SOUTHAMPTON","","","S0197GB","United Kingdom","United Kingdom","Public Works and Government Services Canada","Travaux publics et Services gouvernementaux Canada","","","","","","","","","","Fisheries and Oceans Canada","Pêches et Océans Canada","D/PROJ.MGR STIMULUS PACKAGE","GEST.A.PRGM PLAN ACTION ECON.","INTEGRATED TECHNICAL SERVICES<br>200 KENT ST STN. 7W060,OTTAWA,Ontario,K1A0E6,Canada","INTEGRATED TECHNICAL SERVICES<br>200 KENT ST STN. 7W060,OTTAWA,Ontario,K1A0E6,Canada","","","","","","","","","","","","","","","",""
"UNITED STATES DEPARTMENT OF THE ARMY (USASAC) (W8486-228389/001/USW~000)","UNITED STATES DEPARTMENT OF THE ARMY (USASAC) (W8486-228389/001/USW~000)","W8486-228389/001/USW","000","W8486-228389","","W8486-228389/001/USW","1","2024-04-02","2024-03-21","","","2028-05-31","5279777.00","5279777.00","CAD","","","","","","","*N2590C","*Miscellaneous Vehicular Components, Armoured Fighting Vehicle, S.M.P.","*Composants divers de véhicules, véhicules blindés de combat, modèle militaire standard","","","","*GD","","","Non-competitive","Non concurrentielle","Government Objectives Representing Best Interests/Value to Govt","Objectifs gouvern.  représentant  les meilleurs intérets/valeur pour l'État","","","*None","*Aucun","","","UNITED STATES DEPARTMENT OF THE ARMY (USASAC)","UNITED STATES DEPARTMENT OF THE ARMY (USASAC)","UNITED STATES DEPARTMENT OF THE ARMY (USASAC)","UNITED STATES DEPARTMENT OF THE ARMY (USASAC)","UNITED STATES DEPARTMENT OF THE ARMY (USASAC)","UNITED STATES DEPARTMENT OF THE ARMY (USASAC)","5 to 9 employees","5 à 9 employés","7613 CARDINAL ROAD","7613 CARDINAL ROAD","REDSTONE ARSENAL","REDSTONE ARSENAL","Alabama","Alabama","35898-5000","United States","United States","Public Works and Government Services Canada","Travaux publics et Services gouvernementaux Canada","","","","","","","","","","Department of National Defence","Ministère de la défense nationale","NDHQ DGLEPM","N/D","101 COLONEL BY DR.,OTTAWA,Ontario,K1A0K2,Canada","101 COLONEL BY DR.,OTTAWA,Ontario,K1A0K2,Canada","","","","","","","","","","","","","","","",""
"YAMAHA MOTOR CANADA LTD (E60ML-230001/001/ML~000)","YAMAHA MOTOR CANADA LTD (E60ML-230001/001/ML~000)","E60ML-230001/001/ML","000","E60ML-230001","","E60ML-230001/001/ML","1","2023-10-25","2023-09-26","","","2024-08-31","3400000.00","3400000.00","CAD","","","","","","","*N2805","*Gasoline Reciprocating Engines (Except Aircraft) and Components","*Moteurs alternatifs à explosion, sauf aéronefs et composants","","","","*GD","","","Non-competitive","Non concurrentielle","","","Exclusive Rights","Droits exclusifs","*Canadian Free Trade Agreement (CFTA)","*Accord de libre-échange canadien (ALEC)","","","Yamaha Motor Canada Ltd.","Yamaha Motor Canada Ltd.","YAMAHA MOTOR CANADA LTD","YAMAHA MOTOR CANADA LTD","Yamaha Motor Canada Ltd.","Yamaha Motor Canada Ltd.","100 to 199 employees","100 à 199 employés","480 Gordon Baker Rd.","480 Gordon Baker Rd.","Toronto","Toronto","Ontario","Ontario","M2H3B4","Canada","Canada","Public Works and Government Services Canada","Travaux publics et Services gouvernementaux Canada","","","","","","","","","","Public Works and Government Services Canada","Travaux publics et Services gouvernementaux Canada","CONSOLIDATED PROC ML AMES","N/D","PORTAGE III 6C2<br>11 LAURIER ST,GATINEAU,Quebec,K1A0S5,Canada","PORTAGE III 6C2<br>11 LAURIER ST,GATINEAU,Quebec,K1A0S5,Canada","","","","","","","","","","","","","","","",""
"MERCURY MARINE LTD (E60ML-230001/002/ML~000)","MERCURY MARINE LTD (E60ML-230001/002/ML~000)","E60ML-230001/002/ML","000","E60ML-230001","","E60ML-230001/002/ML","2","2023-10-25","2023-10-06","","","2024-08-31","1600000.00","1600000.00","CAD","","","","","","","*N2805","*Gasoline Reciprocating Engines (Except Aircraft) and Components","*Moteurs alternatifs à explosion, sauf aéronefs et composants","","","","*GD","","","Non-competitive","Non concurrentielle","","","Exclusive Rights","Droits exclusifs","*Canadian Free Trade Agreement (CFTA)","*Accord de libre-échange canadien (ALEC)","","","Mercury Marine Limited","Mercury Marine Limited","MERCURY MARINE LTD","MERCURY MARINE LTD","Mercury Marine Limited","Mercury Marine Limited","50 to 99 employees","50 à 99 employés","8698 Escarpment Way","8698 Escarpment Way","Milton","Milton","Ontario","Ontario","L9T0M1","Canada","Canada","Public Works and Government Services Canada","Travaux publics et Services gouvernementaux Canada","","","","","","","","","","Public Works and Government Services Canada","Travaux publics et Services gouvernementaux Canada","CONSOLIDATED PROC ML AMES","N/D","PORTAGE III 6C2<br>11 LAURIER ST,GATINEAU,Quebec,K1A0S5,Canada","PORTAGE III 6C2<br>11 LAURIER ST,GATINEAU,Quebec,K1A0S5,Canada","","","","","","","","","","","","","","","",""
"WAJAX LTD (E60ML-230001/004/ML~000)","WAJAX LTD (E60ML-230001/004/ML~000)","E60ML-230001/004/ML","000","E60ML-230001","","E60ML-230001/004/ML","1","2024-04-29","2023-11-20","","","2024-08-31","400000.00","400000.00","CAD","","","","","","","*N2805","*Gasoline Reciprocating Engines (Except Aircraft) and Components","*Moteurs alternatifs à explosion, sauf aéronefs et composants","","","","*GD","","","Non-competitive","Non concurrentielle","","","Exclusive Rights","Droits exclusifs","*Canadian Free Trade Agreement (CFTA)","*Accord de libre-échange canadien (ALEC)","","","Wajax limited","Wajax limited","WAJAX LTD","WAJAX LTD","Wajax limited","Wajax limited","2500 to 4999 employees","2500 à 4999 employés","10 Diesel Drive","10 Diesel Drive","Toronto","Toronto","Ontario","Ontario","M8W2T8","Canada","Canada","Public Works and Government Services Canada","Travaux publics et Services gouvernementaux Canada","","","","","","","","","","Public Works and Government Services Canada","Travaux publics et Services gouvernementaux Canada","CONSOLIDATED PROC ML AMES","N/D","PORTAGE III 6C2<br>11 LAURIER ST,GATINEAU,Quebec,K1A0S5,Canada","PORTAGE III 6C2<br>11 LAURIER ST,GATINEAU,Quebec,K1A0S5,Canada","","","","","","","","","","","","","","","",""
"CULLEN DIESEL POWER LTD (E60ML-230001/005/ML~000)","CULLEN DIESEL POWER LTD (E60ML-230001/005/ML~000)","E60ML-230001/005/ML","000","E60ML-230001","","E60ML-230001/005/ML","1","2024-04-02","2024-03-14","","","2024-08-31","250000.00","250000.00","CAD","","","","","","","*N2805","*Gasoline Reciprocating Engines (Except Aircraft) and Components","*Moteurs alternatifs à explosion, sauf aéronefs et composants","","","","*GD","","","Non-competitive","Non concurrentielle","","","Exclusive Rights","Droits exclusifs","*Canadian Free Trade Agreement (CFTA)","*Accord de libre-échange canadien (ALEC)","","","CULLEN DIESEL POWER LTD.","CULLEN DIESEL POWER LTD.","CULLEN DIESEL POWER LTD","CULLEN DIESEL POWER LTD","CULLEN DIESEL POWER LTD.","CULLEN DIESEL POWER LTD.","200 to 499 employees","200 à 499 employés","9300 192nd street","9300 192nd street","Surrey","Surrey","British Columbia","British Columbia","V4N3R8","Canada","Canada","Public Works and Government Services Canada","Travaux publics et Services gouvernementaux Canada","","","","","","","","","","Public Works and Government Services Canada","Travaux publics et Services gouvernementaux Canada","CONSOLIDATED PROC ML AMES","N/D","PORTAGE III 6C2<br>11 LAURIER ST,GATINEAU,Quebec,K1A0S5,Canada","PORTAGE III 6C2<br>11 LAURIER ST,GATINEAU,Quebec,K1A0S5,Canada","","","","","","","","","","","","","","","",""
"YAMAHA MOTOR CANADA LTD (E60ML-240001/001/ML~000)","YAMAHA MOTOR CANADA LTD (E60ML-240001/001/ML~000)","E60ML-240001/001/ML","000","E60ML-240001","","E60ML-240001/001/ML","1","2024-09-24","2024-09-06","","","2025-08-31","3400000.00","3400000.00","CAD","","","","","","","*N2805","*Gasoline Reciprocating Engines (Except Aircraft) and Components","*Moteurs alternatifs à explosion, sauf aéronefs et composants","","","","*GD","","","Non-competitive","Non concurrentielle","","","Exclusive Rights","Droits exclusifs","*Canadian Free Trade Agreement (CFTA)","*Accord de libre-échange canadien (ALEC)","","","Yamaha Motor Canada Ltd.","Yamaha Motor Canada Ltd.","YAMAHA MOTOR CANADA LTD","YAMAHA MOTOR CANADA LTD","Yamaha Motor Canada Ltd.","Yamaha Motor Canada Ltd.","100 to 199 employees","100 à 199 employés","480 Gordon Baker Rd.","480 Gordon Baker Rd.","Toronto","Toronto","Ontario","Ontario","M2H3B4","Canada","Canada","Public Works and Government Services Canada","Travaux publics et Services gouvernementaux Canada","","","","","","","","","","Public Works and Government Services Canada","Travaux publics et Services gouvernementaux Canada","CONSOLIDATED PROC ML AMES","N/D","PORTAGE III 6C2<br>11 LAURIER ST,GATINEAU,Quebec,K1A0S5,Canada","PORTAGE III 6C2<br>11 LAURIER ST,GATINEAU,Quebec,K1A0S5,Canada","","","","","","","","","","","","","","","",""
"MERCURY MARINE LTD (E60ML-240001/002/ML~000)","MERCURY MARINE LTD (E60ML-240001/002/ML~000)","E60ML-240001/002/ML","000","E60ML-240001","","E60ML-240001/002/ML","1","2024-09-24","2024-09-11","","","2025-08-31","1600000.00","1600000.00","CAD","","","","","","","*N2805","*Gasoline Reciprocating Engines (Except Aircraft) and Components","*Moteurs alternatifs à explosion, sauf aéronefs et composants","","","","*GD","","","Non-competitive","Non concurrentielle","","","Exclusive Rights","Droits exclusifs","*Canadian Free Trade Agreement (CFTA)","*Accord de libre-échange canadien (ALEC)","","","Mercury Marine Limited","Mercury Marine Limited","MERCURY MARINE LTD","MERCURY MARINE LTD","Mercury Marine Limited","Mercury Marine Limited","50 to 99 employees","50 à 99 employés","8698 Escarpment Way","8698 Escarpment Way","Milton","Milton","Ontario","Ontario","L9T0M1","Canada","Canada","Public Works and Government Services Canada","Travaux publics et Services gouvernementaux Canada","","","","","","","","","","Public Works and Government Services Canada","Travaux publics et Services gouvernementaux Canada","CONSOLIDATED PROC ML AMES","N/D","PORTAGE III 6C2<br>11 LAURIER ST,GATINEAU,Quebec,K1A0S5,Canada","PORTAGE III 6C2<br>11 LAURIER ST,GATINEAU,Quebec,K1A0S5,Canada","","","","","","","","","","","","","","","",""
"CULLEN DIESEL POWER LTD (E60ML-240001/003/ML~000)","CULLEN DIESEL POWER LTD (E60ML-240001/003/ML~000)","E60ML-240001/003/ML","000","E60ML-240001","","E60ML-240001/003/ML","1","2024-09-24","2024-09-16","","","2025-08-31","250000.00","250000.00","CAD","","","","","","","*N2805","*Gasoline Reciprocating Engines (Except Aircraft) and Components","*Moteurs alternatifs à explosion, sauf aéronefs et composants","","","","*GD","","","Non-competitive","Non concurrentielle","","","Exclusive Rights","Droits exclusifs","*Canadian Free Trade Agreement (CFTA)","*Accord de libre-échange canadien (ALEC)","","","CULLEN DIESEL POWER LTD.","CULLEN DIESEL POWER LTD.","CULLEN DIESEL POWER LTD","CULLEN DIESEL POWER LTD","CULLEN DIESEL POWER LTD.","CULLEN DIESEL POWER LTD.","200 to 499 employees","200 à 499 employés","9300 192nd street","9300 192nd street","Surrey","Surrey","British Columbia","British Columbia","V4N3R8","Canada","Canada","Public Works and Government Services Canada","Travaux publics et Services gouvernementaux Canada","","","","","","","","","","Public Works and Government Services Canada","Travaux publics et Services gouvernementaux Canada","CONSOLIDATED PROC ML AMES","N/D","PORTAGE III 6C2<br>11 LAURIER ST,GATINEAU,Quebec,K1A0S5,Canada","PORTAGE III 6C2<br>11 LAURIER ST,GATINEAU,Quebec,K1A0S5,Canada","","","","","","","","","","","","","","","",""
"WAJAX LTD (E60ML-240001/004/ML~000)","WAJAX LTD (E60ML-240001/004/ML~000)","E60ML-240001/004/ML","000","E60ML-240001","","E60ML-240001/004/ML","1","2024-10-25","2024-09-25","","","2025-08-31","400000.00","400000.00","CAD","","","","","","","*N2805","*Gasoline Reciprocating Engines (Except Aircraft) and Components","*Moteurs alternatifs à explosion, sauf aéronefs et composants","","","","*GD","","","Non-competitive","Non concurrentielle","","","Exclusive Rights","Droits exclusifs","*Canadian Free Trade Agreement (CFTA)","*Accord de libre-échange canadien (ALEC)","","","Wajax limited","Wajax limited","WAJAX LTD","WAJAX LTD","Wajax limited","Wajax limited","2500 to 4999 employees","2500 à 4999 employés","10 Diesel Drive","10 Diesel Drive","Toronto","Toronto","Ontario","Ontario","M8W2T8","Canada","Canada","Public Works and Government Services Canada","Travaux publics et Services gouvernementaux Canada","","","","","","","","","","Public Works and Government Services Canada","Travaux publics et Services gouvernementaux Canada","CONSOLIDATED PROC ML AMES","N/D","PORTAGE III 6C2<br>11 LAURIER ST,GATINEAU,Quebec,K1A0S5,Canada","PORTAGE III 6C2<br>11 LAURIER ST,GATINEAU,Quebec,K1A0S5,Canada","","","","","","","","","","","","","","","",""
"YAMAHA MOTOR CANADA LTD (E60ML-250001/001/ML ~000)","YAMAHA MOTOR CANADA LTD (E60ML-250001/001/ML ~000)","E60ML-250001/001/ML ","000","E60ML-250001","","E60ML-250001/001/ML ","1","2025-11-06","2025-08-12","","","2026-08-31","3400000.00","3400000.00","CAD","","","","","","","*N2805","*Gasoline Reciprocating Engines (Except Aircraft) and Components","*Moteurs alternatifs à explosion, sauf aéronefs et composants","","","","*GD","","","Non-competitive","Non concurrentielle","","","Exclusive Rights","Droits exclusifs","","","","","Yamaha Motor Canada Ltd.","Yamaha Motor Canada Ltd.","YAMAHA MOTOR CANADA LTD","YAMAHA MOTOR CANADA LTD","Yamaha Motor Canada Ltd.","Yamaha Motor Canada Ltd.","100 to 199 employees","100 à 199 employés","480 Gordon Baker Rd.","480 Gordon Baker Rd.","Toronto","Toronto","Ontario","Ontario","M2H3B4","Canada","Canada","Public Works and Government Services Canada","Travaux publics et Services gouvernementaux Canada","","","","","","","","","","Public Works and Government Services Canada","Travaux publics et Services gouvernementaux Canada","CONSOLIDATED PROC ML AMES","N/D","PORTAGE III 6C2<br>11 LAURIER ST,GATINEAU,Quebec,K1A0S5,Canada","PORTAGE III 6C2<br>11 LAURIER ST,GATINEAU,Quebec,K1A0S5,Canada","","","","","","","","","","","","","","","",""
"MERCURY MARINE LTD (E60ML-250001/002/ML ~000)","MERCURY MARINE LTD (E60ML-250001/002/ML ~000)","E60ML-250001/002/ML ","000","E60ML-250001","","E60ML-250001/002/ML ","1","2025-11-06","2025-08-12","","","2026-08-31","1600000.00","1600000.00","CAD","","","","","","","*N2805","*Gasoline Reciprocating Engines (Except Aircraft) and Components","*Moteurs alternatifs à explosion, sauf aéronefs et composants","","","","*GD","","","Non-competitive","Non concurrentielle","","","Exclusive Rights","Droits exclusifs","","","","","Mercury Marine Limited","Mercury Marine Limited","MERCURY MARINE LTD","MERCURY MARINE LTD","Mercury Marine Limited","Mercury Marine Limited","50 to 99 employees","50 à 99 employés","8698 Escarpment Way","8698 Escarpment Way","Milton","Milton","Ontario","Ontario","L9T0M1","Canada","Canada","Public Works and Government Services Canada","Travaux publics et Services gouvernementaux Canada","","","","","","","","","","Public Works and Government Services Canada","Travaux publics et Services gouvernementaux Canada","CONSOLIDATED PROC ML AMES","N/D","PORTAGE III 6C2<br>11 LAURIER ST,GATINEAU,Quebec,K1A0S5,Canada","PORTAGE III 6C2<br>11 LAURIER ST,GATINEAU,Quebec,K1A0S5,Canada","","","","","","","","","","","","","","","",""
"CULLEN DIESEL POWER LTD (E60ML-250001/003/ML ~000)","CULLEN DIESEL POWER LTD (E60ML-250001/003/ML ~000)","E60ML-250001/003/ML ","000","E60ML-250001","","E60ML-250001/003/ML ","1","2025-11-06","2025-08-12","","","2026-08-31","250000.00","250000.00","CAD","","","","","","","*N2805","*Gasoline Reciprocating Engines (Except Aircraft) and Components","*Moteurs alternatifs à explosion, sauf aéronefs et composants","","","","*GD","","","Non-competitive","Non concurrentielle","","","Exclusive Rights","Droits exclusifs","","","","","CULLEN DIESEL POWER LTD.","CULLEN DIESEL POWER LTD.","CULLEN DIESEL POWER LTD","CULLEN DIESEL POWER LTD","CULLEN DIESEL POWER LTD.","CULLEN DIESEL POWER LTD.","200 to 499 employees","200 à 499 employés","9300 192nd street","9300 192nd street","Surrey","Surrey","British Columbia","British Columbia","V4N3R8","Canada","Canada","Public Works and Government Services Canada","Travaux publics et Services gouvernementaux Canada","","","","","","","","","","Public Works and Government Services Canada","Travaux publics et Services gouvernementaux Canada","CONSOLIDATED PROC ML AMES","N/D","PORTAGE III 6C2<br>11 LAURIER ST,GATINEAU,Quebec,K1A0S5,Canada","PORTAGE III 6C2<br>11 LAURIER ST,GATINEAU,Quebec,K1A0S5,Canada","","","","","","","","","","","","","","","",""
"BRIDGEVIEW MARINE LTD (F1672-240779/001/ML~000)","BRIDGEVIEW MARINE LTD (F1672-240779/001/ML~000)","F1672-240779/001/ML","000","F1672-240779","","F1672-240779/001/ML","2","2024-04-02","2024-02-26","","","2025-02-22","120167.00","120544.00","CAD","","","","","","","*N2805","*Gasoline Reciprocating Engines (Except Aircraft) and Components","*Moteurs alternatifs à explosion, sauf aéronefs et composants","","","","*GD","","","Non-competitive","Non concurrentielle","","","Exclusive Rights","Droits exclusifs","*Canadian Free Trade Agreement (CFTA)","*Accord de libre-échange canadien (ALEC)","","","Bridgeview Marine Ltd.","Bridgeview Marine Ltd.","BRIDGEVIEW MARINE LTD","BRIDGEVIEW MARINE LTD","Bridgeview Marine Ltd.","Bridgeview Marine Ltd.","10 to 19 employees","10 à 19 employés","8550 River Road","8550 River Road","Delta","Delta","British Columbia","British Columbia","V4G1B5","Canada","Canada","Public Works and Government Services Canada","Travaux publics et Services gouvernementaux Canada","","","","","","","","","","Fisheries and Oceans Canada","Pêches et Océans Canada","CONSERVATION&PROTECTION","N/D","GENERAL DUTY<br>224-417 2ND AVE W.,PRINCE RUPERT,British Columbia,V8J1G8,Canada","GENERAL DUTY<br>224-417 2ND AVE W.,PRINCE RUPERT,British Columbia,V8J1G8,Canada","","","","","","","","","","","","","","","",""
"MERCURY MARINE LTD (M6500-253056/001/ML~000)","MERCURY MARINE LTD (M6500-253056/001/ML~000)","M6500-253056/001/ML","000","M6500-253056","","M6500-253056/001/ML","1","2025-01-27","2025-01-09","","","2026-01-31","225397.00","225397.00","CAD","","","","","","","*N2805","*Gasoline Reciprocating Engines (Except Aircraft) and Components","*Moteurs alternatifs à explosion, sauf aéronefs et composants","","","","*GD","","","Non-competitive","Non concurrentielle","","","Exclusive Rights","Droits exclusifs","*Canadian Free Trade Agreement (CFTA)","*Accord de libre-échange canadien (ALEC)","","","Mercury Marine Limited","Mercury Marine Limited","MERCURY MARINE LTD","MERCURY MARINE LTD","Mercury Marine Limited","Mercury Marine Limited","50 to 99 employees","50 à 99 employés","8698 Escarpment Way","8698 Escarpment Way","Milton","Milton","Ontario","Ontario","L9T0M1","Canada","Canada","Public Works and Government Services Canada","Travaux publics et Services gouvernementaux Canada","","","","","","","","","","Royal Canadian Mounted Police","Gendarmerie royale du Canada","COMMISSIONAIRES LEVEL","N/D","O DIV. 5TH FL.<br>130 DUFFERIN AVE,LONDON,Ontario,N6A5R2,Canada","O DIV. 5TH FL.<br>130 DUFFERIN AVE,LONDON,Ontario,N6A5R2,Canada","","","","","","","","","","","","","","","",""
"MERCURY MARINE LTD (M6500-242209/001/ML~000)","MERCURY MARINE LTD (M6500-242209/001/ML~000)","M6500-242209/001/ML","000","M6500-242209","","M6500-242209/001/ML","3","2024-01-31","2024-01-16","","","2024-03-28","503469.00","514743.00","CAD","","","","","","","*N2805001","*Motors, Outboard","*Moteurs hors-bord","","","","*GD","","","Non-competitive","Non concurrentielle","","","Exclusive Rights","Droits exclusifs","*Canadian Free Trade Agreement (CFTA)","*Accord de libre-échange canadien (ALEC)","","","Mercury Marine Limited","Mercury Marine Limited","MERCURY MARINE LTD","MERCURY MARINE LTD","Mercury Marine Limited","Mercury Marine Limited","50 to 99 employees","50 à 99 employés","8698 Escarpment Way","8698 Escarpment Way","Milton","Milton","Ontario","Ontario","L9T0M1","Canada","Canada","Public Works and Government Services Canada","Travaux publics et Services gouvernementaux Canada","","","","","","","","","","Royal Canadian Mounted Police / Royal Canadian Mounted Police","Gendarmerie royale du Canada / Gendarmerie royale du Canada","COMMISSIONAIRES LEVEL / COMMISSIONAIRES LEVEL","N/D / N/D","O DIV. 5TH FL.<br>130 DUFFERIN AVE,LONDON,Ontario,N6A5R2,Canada / O DIV. 5TH FL.<br>130 DUFFERIN AVE,LONDON,Ontario,N6A5R2,Canada","O DIV. 5TH FL.<br>130 DUFFERIN AVE,LONDON,Ontario,N6A5R2,Canada / O DIV. 5TH FL.<br>130 DUFFERIN AVE,LONDON,Ontario,N6A5R2,Canada","","","","","","","","","","","","","","","",""
"WAJAX LTD (5P213-232209/001/ML~000)","WAJAX LTD (5P213-232209/001/ML~000)","5P213-232209/001/ML","000","5P213-232209","","5P213-232209/001/ML","1","2024-04-29","2023-12-14","","","2024-03-31","133571.00","133571.00","CAD","","","","","","","*N2815","*Diesel Engines and Components","*Moteurs diesel et composants","","","","*GD","","","Non-competitive","Non concurrentielle","","","Exclusive Rights","Droits exclusifs","*Canadian Free Trade Agreement (CFTA)","*Accord de libre-échange canadien (ALEC)","","","Wajax limited","Wajax limited","WAJAX LTD","WAJAX LTD","Wajax limited","Wajax limited","2500 to 4999 employees","2500 à 4999 employés","10 Diesel Drive","10 Diesel Drive","Toronto","Toronto","Ontario","Ontario","M8W2T8","Canada","Canada","Public Works and Government Services Canada","Travaux publics et Services gouvernementaux Canada","","","","","","","","","","Parks Canada","Parcs Canada","MINGAN FIELD UNIT","UNITE GESTION MINGAN","1340 DE LA DIGUE,HAVRE ST PIERRE,Quebec,G0G1P0,Canada","1340 DE LA DIGUE,HAVRE ST PIERRE,Quebec,G0G1P0,Canada","","","","","","","","","","","","","","","",""
"WAJAX LTD (F7049-230198/001/ML~000)","WAJAX LTD (F7049-230198/001/ML~000)","F7049-230198/001/ML","000","F7049-230198","","F7049-230198/001/ML","2","2024-04-29","2024-02-27","","","2025-02-26","255231.00","256947.00","CAD","","","","","","","*N2815","*Diesel Engines and Components","*Moteurs diesel et composants","","","","*GD","","","Non-competitive","Non concurrentielle","","","Exclusive Rights","Droits exclusifs","*Canadian Free Trade Agreement (CFTA)","*Accord de libre-échange canadien (ALEC)","","","Wajax limited","Wajax limited","WAJAX LTD","WAJAX LTD","Wajax limited","Wajax limited","2500 to 4999 employees","2500 à 4999 employés","10 Diesel Drive","10 Diesel Drive","Toronto","Toronto","Ontario","Ontario","M8W2T8","Canada","Canada","Public Works and Government Services Canada","Travaux publics et Services gouvernementaux Canada","","","","","","","","","","Fisheries and Oceans Canada","Pêches et Océans Canada","INTEGRATED TECHNICAL SERVICES","SERVICES TECHNIQUES INTEGRÉS","VLE MLM PROGRAM<br>200 KENT ST., STN 7N157,OTTAWA,Ontario,K1A0E6,Canada","VLE MLM PROGRAM<br>200 KENT ST., STN 7N157,OTTAWA,Ontario,K1A0E6,Canada","","","","","","","","","","","","","","","",""
"CULLEN DIESEL POWER LTD (F1782-23C049/001/ML~000)","CULLEN DIESEL POWER LTD (F1782-23C049/001/ML~000)","F1782-23C049/001/ML","000","F1782-23C049","","F1782-23C049/001/ML","2","2023-08-23","2023-08-14","","","2023-12-31","233075.00","218508.00","CAD","","","","","","","*N2805","*Gasoline Reciprocating Engines (Except Aircraft) and Components","*Moteurs alternatifs à explosion, sauf aéronefs et composants","","","","*GD","","","Non-competitive","Non concurrentielle","","","Exclusive Rights","Droits exclusifs","*Canadian Free Trade Agreement (CFTA)","*Accord de libre-échange canadien (ALEC)","","","CULLEN DIESEL POWER LTD.","CULLEN DIESEL POWER LTD.","CULLEN DIESEL POWER LTD","CULLEN DIESEL POWER LTD","CULLEN DIESEL POWER LTD.","CULLEN DIESEL POWER LTD.","200 to 499 employees","200 à 499 employés","9300 192nd street","9300 192nd street","Surrey","Surrey","British Columbia","British Columbia","V4N3R8","Canada","Canada","Public Works and Government Services Canada","Travaux publics et Services gouvernementaux Canada","","","","","","","","","","Fisheries and Oceans Canada","Pêches et Océans Canada","CCG MARINE ENGINEERING","N/D","P.O.BOX 6000<br>9860 W.SAANICH RD,SIDNEY,British Columbia,V8L4B2,Canada","P.O.BOX 6000<br>9860 W.SAANICH RD,SIDNEY,British Columbia,V8L4B2,Canada","","","","","","","","","","","","","","","",""
"CANADIAN BABBITT BEARINGS LTD (F7044-220205/001/ML~000)","CANADIAN BABBITT BEARINGS LTD (F7044-220205/001/ML~000)","F7044-220205/001/ML","000","F7044-220205","","F7044-220205/001/ML","5","2024-01-31","2023-12-08","","","2024-03-31","661039.00","1323981.00","CAD","","","","","","","*N3120","*Bearings, Plain, Unmounted","*Paliers lisses nus","","","","*GD","","","Competitive - Open bidding","Concurrentielle - Invitation ouverte à soumissionner","Lowest Price","Prix le plus bas","","","*Canadian Free Trade Agreement (CFTA)","*Accord de libre-échange canadien (ALEC)","","","Canadian Babbitt Bearings Ltd.","Canadian Babbitt Bearings Ltd.","CANADIAN BABBITT BEARINGS LTD","CANADIAN BABBITT BEARINGS LTD","Canadian Babbitt Bearings Ltd.","Canadian Babbitt Bearings Ltd.","100 to 199 employees","100 à 199 employés","64 Dalkeith Drive","64 Dalkeith Drive","Brantford","Brantford","Ontario","Ontario","N3P1N6","Canada","Canada","Public Works and Government Services Canada","Travaux publics et Services gouvernementaux Canada","","","","","","","","","","Fisheries and Oceans Canada / Fisheries and Oceans Canada","Pêches et Océans Canada / Pêches et Océans Canada","D/PROJ.MGR STIMULUS PACKAGE / D/PROJ.MGR STIMULUS PACKAGE","GEST.A.PRGM PLAN ACTION ECON. / GEST.A.PRGM PLAN ACTION ECON.","INTEGRATED TECHNICAL SERVICES<br>200 KENT ST STN. 7W060,OTTAWA,Ontario,K1A0E6,Canada / INTEGRATED TECHNICAL SERVICES<br>200 KENT ST STN. 7W060,OTTAWA,Ontario,K1A0E6,Canada","INTEGRATED TECHNICAL SERVICES<br>200 KENT ST STN. 7W060,OTTAWA,Ontario,K1A0E6,Canada / INTEGRATED TECHNICAL SERVICES<br>200 KENT ST STN. 7W060,OTTAWA,Ontario,K1A0E6,Canada","","","","","","","","","","","","","","","",""
"HAWBOLDT INDUSTRIES (1989) LTD (W8482-230649/001/ML~000)","HAWBOLDT INDUSTRIES (1989) LTD (W8482-230649/001/ML~000)","W8482-230649/001/ML","000","W8482-230649","","W8482-230649/001/ML","1","2024-07-27","2024-01-30","","","2028-12-31","2500000.00","2500000.00","CAD","","","","","","","*N3950","*Winches, Hoists, Cranes and Derricks","*Treuils, monte-charge, grues, tours et derricks","","","","*GD","","","Non-competitive","Non concurrentielle","","","Exclusive Rights","Droits exclusifs","*Comprehensive and Progressive Agreement for Trans-Pacific Partnership (CPTPP)
*Canada-Chile Free Trade Agreement (CCFTA)
* Other trade agreements not listed here may apply
*Canada-European Union Comprehensive Economic and Trade Agreement (CETA)
*World Trade Organization Agreement on Government Procurement (WTO GPA)
*Canada-Panama Free Trade Agreement
*Canada-Colombia Free Trade Agreement
*Canada-UK Trade Continuity Agreement (Canada-UK TCA)
*Canada-Peru Free Trade Agreement (CPFTA)","*Accord de Partenariat transpacifique global et progressiste (PTPGP)
*Accord de libre-échange Canada-Chili (ALECC)
*d'autres accords commerciaux non répertoriés ici peuvent s'appliquer
*Accord économique et commercial global (AECG) entre le Canada et l’Union européenne (UE)
*Accord sur les marchés publics de l'Organisation mondiale du commerce (AMP-OMC)
*Accord de libre-échange Canada-Panama
*Accord de libre-échange Canada-Colombie
*Accord de continuité commerciale Canada–Royaume-Uni (ACC Canada-Royaume-Uni)
*Accord de libre-échange Canada-Pérou (ALECP)","","","HAWBOLDT INDUSTRIES (1989) LIMITED","HAWBOLDT INDUSTRIES (1989) LIMITED","HAWBOLDT INDUSTRIES (1989) LTD","HAWBOLDT INDUSTRIES (1989) LTD","HAWBOLDT INDUSTRIES (1989) LTD","HAWBOLDT INDUSTRIES (1989) LTD","50 to 99 employees","50 à 99 employés","PO Box 80<br>220 Windsor Road","PO Box 80<br>220 Windsor Road","Chester","Chester","Nova Scotia","Nova Scotia","B0J1J0","Canada","Canada","Public Works and Government Services Canada","Travaux publics et Services gouvernementaux Canada","","","","","","","","","","Department of National Defence","Ministère de la défense nationale","NDHQ","N/D","ATTN DGMEPM NP - DMARP<br>101 COLONEL BY DR.,OTTAWA,Ontario,K1A0K2,Canada","ATTN DGMEPM NP - DMARP<br>101 COLONEL BY DR.,OTTAWA,Ontario,K1A0K2,Canada","","","","","","","","","","","","","","","",""
"RAYCO WYLIE (F2599-240142/001/ML~000)","RAYCO WYLIE (F2599-240142/001/ML~000)","F2599-240142/001/ML","000","F2599-240142","","F2599-240142/001/ML","1","2024-08-27","2024-08-08","","","2025-08-08","53273.00","53273.00","CAD","","","","","","","*N3950BJ","*Cranes, Shipboard","*Grues à bord d'un navire","","","","*GD","","","Non-competitive","Non concurrentielle","","","Exclusive Rights","Droits exclusifs","*Canadian Free Trade Agreement (CFTA)","*Accord de libre-échange canadien (ALEC)","","","SYSTEME ÉLECTRONIQUE RAYCO LTÉE","SYSTEME ÉLECTRONIQUE RAYCO LTÉE","RAYCO WYLIE","RAYCO WYLIE","Rayco Wylie","Rayco Wylie","50 to 99 employees","50 à 99 employés","2440, avenue Dalton","2440, avenue Dalton","Sainte-Foy","Sainte-Foy","Quebec","Quebec","G1P3X1","Canada","Canada","Public Works and Government Services Canada","Travaux publics et Services gouvernementaux Canada","","","","","","","","","","Fisheries and Oceans Canada","Pêches et Océans Canada","CCG CENTRAL&ARCTIC RGN","N/D","MARINE ENGINEERING<br>520 EXMOUTH ST,SARNIA,Ontario,N7T8B1,Canada","MARINE ENGINEERING<br>520 EXMOUTH ST,SARNIA,Ontario,N7T8B1,Canada","","","","","","","","","","","","","","","",""
"ARVA INDUSTRIES INC (F2599-250017/001/ML ~000)","ARVA INDUSTRIES INC (F2599-250017/001/ML ~000)","F2599-250017/001/ML ","000","F2599-250017","","F2599-250017/001/ML ","1","2025-11-06","2025-07-30","","","2026-01-30","84794.00","84794.00","CAD","","","","","","","*N3950BJ","*Cranes, Shipboard","*Grues à bord d'un navire","","","","*GD","","","Non-competitive","Non concurrentielle","","","Exclusive Rights","Droits exclusifs","","","","","Arva Industries Inc.","Arva Industries Inc.","ARVA INDUSTRIES INC","ARVA INDUSTRIES INC","Arva Industries Inc.","Arva Industries Inc.","20 to 49 employees","20 à 49 employés","43 Gaylord Road","43 Gaylord Road","St. Thomas","St. Thomas","Ontario","Ontario","N5P3R9","Canada","Canada","Public Works and Government Services Canada","Travaux publics et Services gouvernementaux Canada","","","","","","","","","","Fisheries and Oceans Canada","Pêches et Océans Canada","CCG CENTRAL&ARCTIC RGN","N/D","MARINE ENGINEERING<br>520 EXMOUTH ST,SARNIA,Ontario,N7T8B1,Canada","MARINE ENGINEERING<br>520 EXMOUTH ST,SARNIA,Ontario,N7T8B1,Canada","","","","","","","","","","","","","","","",""
"RHEINMETALL CANADA INC (W8482-229876/001/QT~000)","RHEINMETALL CANADA INC (W8482-229876/001/QT~000)","W8482-229876/001/QT","000","W8482-229876","","W8482-229876/001/QT","1","2024-08-27","2024-07-24","","","2026-03-31","0.00","0.00","CAD","","","","","","","*N4220","*Marine Life Saving and Diving Equipment","*Équipements marins de plongée et de sauvetage","","","","*GD","","","Non-competitive","Non concurrentielle","","","Exclusive Rights","Droits exclusifs","*Canadian Free Trade Agreement (CFTA)","*Accord de libre-échange canadien (ALEC)","","","RHEINMETALL CANADA INC.","RHEINMETALL CANADA INC.","RHEINMETALL CANADA INC","RHEINMETALL CANADA INC","RHEINMETALL CANADA INC.","RHEINMETALL CANADA INC.","200 to 499 employees","200 à 499 employés","225 boul.du Seminaire sud","225 boul.du Seminaire sud","Saint-Jean-sur-Richelieu","Saint-Jean-sur-Richelieu","Quebec","Quebec","J3B8E9","Canada","Canada","Public Works and Government Services Canada","Travaux publics et Services gouvernementaux Canada","","","","","","","","","","Department of National Defence","Ministère de la défense nationale","NDHQ","N/D","ATTN DGMEPM NP - DMARP<br>101 COLONEL BY DR.,OTTAWA,Ontario,K1A0K2,Canada","ATTN DGMEPM NP - DMARP<br>101 COLONEL BY DR.,OTTAWA,Ontario,K1A0K2,Canada","","","","","","","","","","","","","","","",""
"XYLEM CANADA LP (F7047-220004/001/ERD~000)","XYLEM CANADA LP (F7047-220004/001/ERD~000)","F7047-220004/001/ERD","000","F7047-220004","","F7047-220004/001/ERD","3","2024-07-27","2023-10-24","","","2025-03-31","1250737.00","1376710.62","CAD","","","","","","","*N4235","*Hazardous Material Spill Containment and Clean-up Equipment and Material","*Retenue des fuites et débordements de produits dangereux et matérial de nettoyage","","","","*GD","","","Competitive - Open bidding","Concurrentielle - Invitation ouverte à soumissionner","Lowest Price","Prix le plus bas","","","*Canada-Peru Free Trade Agreement (CPFTA)
*Canada-European Union Comprehensive Economic and Trade Agreement (CETA)
*Comprehensive and Progressive Agreement for Trans-Pacific Partnership (CPTPP)
*Canada-Chile Free Trade Agreement (CCFTA)
* Other trade agreements not listed here may apply
*Canada-Colombia Free Trade Agreement
*Canada-Panama Free Trade Agreement
*Canada-UK Trade Continuity Agreement (Canada-UK TCA)
*World Trade Organization Agreement on Government Procurement (WTO GPA)","*Accord de libre-échange Canada-Pérou (ALECP)
*Accord économique et commercial global (AECG) entre le Canada et l’Union européenne (UE)
*Accord de Partenariat transpacifique global et progressiste (PTPGP)
*Accord de libre-échange Canada-Chili (ALECC)
*d'autres accords commerciaux non répertoriés ici peuvent s'appliquer
*Accord de libre-échange Canada-Colombie
*Accord de libre-échange Canada-Panama
*Accord de continuité commerciale Canada–Royaume-Uni (ACC Canada-Royaume-Uni)
*Accord sur les marchés publics de l'Organisation mondiale du commerce (AMP-OMC)","","","Xylem Canada LP","Xylem Canada LP","XYLEM CANADA LP","XYLEM CANADA LP","Xylem Canada LP","Xylem Canada LP","10 to 19 employees","10 à 19 employés","93 Claireville Drive,","93 Claireville Drive,","TORONTO,","TORONTO,","Ontario","Ontario","M9W6K9","Canada","Canada","Public Works and Government Services Canada","Travaux publics et Services gouvernementaux Canada","","","","","","","","","","Fisheries and Oceans Canada","Pêches et Océans Canada","CCG DIRECTOR SERVICES DELIVERY","DIRECTEUR, PRESTATN DE SERVICE","INTEGRATED TECHNICAL SERVICES<br>200 KENT ST - STN 7S036,OTTAWA,Ontario,K1A0E6,Canada","INTEGRATED TECHNICAL SERVICES<br>200 KENT ST - STN 7S036,OTTAWA,Ontario,K1A0E6,Canada","","","","","","","","","","","","","","","",""
"GRIFFIN ENGINEERED SYSTEMS INC (F7047-220015/001/ERD~000)","GRIFFIN ENGINEERED SYSTEMS INC (F7047-220015/001/ERD~000)","F7047-220015/001/ERD","000","F7047-220015","","F7047-220015/001/ERD","6","2024-09-24","2024-09-11","","","2028-03-31","4659050.00","9105205.50","CAD","","","","","","","*N4235","*Hazardous Material Spill Containment and Clean-up Equipment and Material","*Retenue des fuites et débordements de produits dangereux et matérial de nettoyage","","","","*GD","","","Competitive - Open bidding","Concurrentielle - Invitation ouverte à soumissionner","Lowest Price","Prix le plus bas","","","","","","","GRIFFIN Engineered Systems Inc.","GRIFFIN Engineered Systems Inc.","GRIFFIN ENGINEERED SYSTEMS INC","GRIFFIN ENGINEERED SYSTEMS INC","GRIFFIN Engineered Systems Inc.","GRIFFIN Engineered Systems Inc.","1 to 4 employees","1 à 4 employés","GRIFFIN Engineered Systems<br>1680 Bedford Row, Founders Square","GRIFFIN Engineered Systems<br>1680 Bedford Row, Founders Square","Halifax","Halifax","Nova Scotia","Nova Scotia","B3J2L4","Canada","Canada","Public Works and Government Services Canada","Travaux publics et Services gouvernementaux Canada","","","","","","","","","","Fisheries and Oceans Canada","Pêches et Océans Canada","CCG DIRECTOR SERVICES DELIVERY","DIRECTEUR, PRESTATN DE SERVICE","INTEGRATED TECHNICAL SERVICES<br>200 KENT ST - STN 7S036,OTTAWA,Ontario,K1A0E6,Canada","INTEGRATED TECHNICAL SERVICES<br>200 KENT ST - STN 7S036,OTTAWA,Ontario,K1A0E6,Canada","","","","","","","","","","","","","","","",""
"CANADYNE TECHNOLOGIES INC (F7047-230025/001/ERD~000)","CANADYNE TECHNOLOGIES INC (F7047-230025/001/ERD~000)","F7047-230025/001/ERD","000","F7047-230025","","F7047-230025/001/ERD","2","2025-03-27","2024-04-30","","","2024-04-30","1039051.00","1031201.00","CAD","","","","","","","*N4235","*Hazardous Material Spill Containment and Clean-up Equipment and Material","*Retenue des fuites et débordements de produits dangereux et matérial de nettoyage","","","","*GD","","","Competitive - Open bidding","Concurrentielle - Invitation ouverte à soumissionner","Lowest Price","Prix le plus bas","","","","","","","Canadyne Technologies Inc.","Canadyne Technologies Inc.","CANADYNE TECHNOLOGIES INC","CANADYNE TECHNOLOGIES INC","Canadyne Technologies Inc.","Canadyne Technologies Inc.","5 to 9 employees","5 à 9 employés","12400 Vulcan Way","12400 Vulcan Way","Richmond","Richmond","British Columbia","British Columbia","V6V1J8","Canada","Canada","Public Works and Government Services Canada","Travaux publics et Services gouvernementaux Canada","","","","","","","","","","Fisheries and Oceans Canada","Pêches et Océans Canada","CCG DIRECTOR SERVICES DELIVERY","DIRECTEUR, PRESTATN DE SERVICE","INTEGRATED TECHNICAL SERVICES<br>200 KENT ST - STN 7S036,OTTAWA,Ontario,K1A0E6,Canada","INTEGRATED TECHNICAL SERVICES<br>200 KENT ST - STN 7S036,OTTAWA,Ontario,K1A0E6,Canada","","","","","","","","","","","","","","","",""
"NORTH RIDGE PUMPS LTD (F7013-251175/001/ML ~000)","NORTH RIDGE PUMPS LTD (F7013-251175/001/ML ~000)","F7013-251175/001/ML ","000","F7013-251175","","F7013-251175/001/ML ","1","2025-11-06","2025-09-22","","","2026-12-15","12402.00","12402.00","CAD","","","","","","","*N4310","*Compressors and Vacuum Pumps","*Compresseurs et pompes à vide","","","","*GD","","","Non-competitive","Non concurrentielle","","","Exclusive Rights","Droits exclusifs","","","","","North Ridge Pumps Ltd","North Ridge Pumps Ltd","NORTH RIDGE PUMPS LTD","NORTH RIDGE PUMPS LTD","North Ridge Pumps Ltd","North Ridge Pumps Ltd","unknown","inconnu","North Ridge House<br>3 Chrysalis Way","North Ridge House<br>3 Chrysalis Way","Eastwood, Nottinghamshire","Eastwood, Nottinghamshire","","","NG16 3RY","United Kingdom","United Kingdom","Public Works and Government Services Canada","Travaux publics et Services gouvernementaux Canada","","","","","","","","","","Fisheries and Oceans Canada","Pêches et Océans Canada","MAJOR CROWN PROJECTS DIR.","DIR GRANDS PROJETS D'ETAT","3RD FL.<br>200 ELGIN ST,OTTAWA,Ontario,K2P1L5,Canada","3RD FL.<br>200 ELGIN ST,OTTAWA,Ontario,K2P1L5,Canada","","","","","","","","","","","","","","","",""
"DESMI CANADA INC (F7013-251270/001/ML ~000)","DESMI CANADA INC (F7013-251270/001/ML ~000)","F7013-251270/001/ML ","000","F7013-251270","","F7013-251270/001/ML ","2","2025-09-05","2025-06-25","","","2026-12-25","131428.00","113771.90","CAD","","","","","","","*N4310","*Compressors and Vacuum Pumps","*Compresseurs et pompes à vide","","","","*GD","","","Non-competitive","Non concurrentielle","","","Exclusive Rights","Droits exclusifs","","","","","DESMI CANADA INC","DESMI CANADA INC","DESMI CANADA INC","DESMI CANADA INC","DESMI CANADA INC","DESMI CANADA INC","5 to 9 employees","5 à 9 employés","21 King St W, 5th Floor, PO Box 6","21 King St W, 5th Floor, PO Box 6","Hamilton","Hamilton","Ontario","Ontario","L8P4W7","Canada","Canada","Public Works and Government Services Canada","Travaux publics et Services gouvernementaux Canada","","","","","","","","","","Fisheries and Oceans Canada","Pêches et Océans Canada","MAJOR CROWN PROJECTS DIR.","DIR GRANDS PROJETS D'ETAT","3RD FL.<br>200 ELGIN ST,OTTAWA,Ontario,K2P1L5,Canada","3RD FL.<br>200 ELGIN ST,OTTAWA,Ontario,K2P1L5,Canada","","","","","","","","","","","","","","","",""
"PUMPS PLUS LTD (F7044-210726/002/ML~000)","PUMPS PLUS LTD (F7044-210726/002/ML~000)","F7044-210726/002/ML","000","F7044-210726","","F7044-210726/002/ML","1","2024-12-27","2024-11-26","","","2025-11-03","100000.00","100000.00","CAD","","","","","","","*N4310D","*Pump, Vacuum","*Pompes à vide","","","","*GD","","","Non-competitive","Non concurrentielle","","","Exclusive Rights","Droits exclusifs","","","","","Pumps Plus Ltd.","Pumps Plus Ltd.","PUMPS PLUS LTD","PUMPS PLUS LTD","Pumps Plus Ltd.","Pumps Plus Ltd.","10 to 19 employees","10 à 19 employés","48 Hatheway Crescent Unit 5B","48 Hatheway Crescent Unit 5B","Saint John","Saint John","New Brunswick","New Brunswick","E2M5V3","Canada","Canada","Public Works and Government Services Canada","Travaux publics et Services gouvernementaux Canada","","","","","","","","","","Fisheries and Oceans Canada","Pêches et Océans Canada","D/PROJ.MGR STIMULUS PACKAGE","GEST.A.PRGM PLAN ACTION ECON.","INTEGRATED TECHNICAL SERVICES<br>200 KENT ST STN. 7W060,OTTAWA,Ontario,K1A0E6,Canada","INTEGRATED TECHNICAL SERVICES<br>200 KENT ST STN. 7W060,OTTAWA,Ontario,K1A0E6,Canada","","","","","","","","","","","","","","","",""
"GEA MECHANICAL EQUIPMENT INC (W8482-229539/001/ML~000)","GEA MECHANICAL EQUIPMENT INC (W8482-229539/001/ML~000)","W8482-229539/001/ML","000","W8482-229539","","W8482-229539/001/ML","2","2024-07-27","2023-07-20","","","2025-03-31","2093922.00","2093922.00","CAD","","","","","","","*N4330","*Centrifugals, Separators, and Pressure and Vacuum Filters","*Centrifugeurs, séparateurs et filtres à pression et à vide","","","","*GD","","","Non-competitive","Non concurrentielle","","","Exclusive Rights","Droits exclusifs","*Canada-Peru Free Trade Agreement (CPFTA)
*Canada-Chile Free Trade Agreement (CCFTA)
* Other trade agreements not listed here may apply
*Canada-European Union Comprehensive Economic and Trade Agreement (CETA)
*Comprehensive and Progressive Agreement for Trans-Pacific Partnership (CPTPP)
*Canada-Colombia Free Trade Agreement
*Canada-UK Trade Continuity Agreement (Canada-UK TCA)
*Canada-Panama Free Trade Agreement
*World Trade Organization Agreement on Government Procurement (WTO GPA)","*Accord de libre-échange Canada-Pérou (ALECP)
*Accord de libre-échange Canada-Chili (ALECC)
*d'autres accords commerciaux non répertoriés ici peuvent s'appliquer
*Accord économique et commercial global (AECG) entre le Canada et l’Union européenne (UE)
*Accord de Partenariat transpacifique global et progressiste (PTPGP)
*Accord de libre-échange Canada-Colombie
*Accord de continuité commerciale Canada–Royaume-Uni (ACC Canada-Royaume-Uni)
*Accord de libre-échange Canada-Panama
*Accord sur les marchés publics de l'Organisation mondiale du commerce (AMP-OMC)","","","GEA CANADA INC.","GEA CANADA INC.","GEA MECHANICAL EQUIPMENT INC","GEA MECHANICAL EQUIPMENT INC","GEA CANADA INC.","GEA CANADA INC.","10 to 19 employees","10 à 19 employés","4145 North Service Road<br>2nd floor","4145 North Service Road<br>2nd floor","Burlington","Burlington","Ontario","Ontario","L7L6A3","Canada","Canada","Public Works and Government Services Canada","Travaux publics et Services gouvernementaux Canada","","","","","","","","","","Department of National Defence","Ministère de la défense nationale","NDHQ","N/D","ATTN DGMEPM NP - DMARP<br>101 COLONEL BY DR.,OTTAWA,Ontario,K1A0K2,Canada","ATTN DGMEPM NP - DMARP<br>101 COLONEL BY DR.,OTTAWA,Ontario,K1A0K2,Canada","","","","","","","","","","","","","","","",""
"ABCO INDUSTRIES INC (F7044-230537/001/MC~000)","ABCO INDUSTRIES INC (F7044-230537/001/MC~000)","F7044-230537/001/MC","000","F7044-230537","","F7044-230537/001/MC","4","2025-05-27","2025-05-08","","","2027-11-10","8761277.00","8746244.78","CAD","","","","","","","*N1940G","*Boats, Small, Aluminum","*Bateaux légers, aluminium","","","","*GD","","","Competitive - Open bidding","Concurrentielle - Invitation ouverte à soumissionner","Highest Combined Rating of Technical Merit and Price","Cote combinée la plus élevée pour le mérite technique et le prix","","","*Canadian Free Trade Agreement (CFTA)","*Accord de libre-échange canadien (ALEC)","","","ABCO Industries Inc.","ABCO Industries Inc.","ABCO INDUSTRIES INC","ABCO INDUSTRIES INC","ABCO Industries Inc.","ABCO Industries Inc.","50 to 99 employees","50 à 99 employés","PO Box 1120<br>81 Tannery Road","PO Box 1120<br>81 Tannery Road","Lunenburg","Lunenburg","Nova Scotia","Nova Scotia","B0J2C0","Canada","Canada","Public Works and Government Services Canada","Travaux publics et Services gouvernementaux Canada","","","","","","","","","","Fisheries and Oceans Canada","Pêches et Océans Canada","D/PROJ.MGR STIMULUS PACKAGE","GEST.A.PRGM PLAN ACTION ECON.","INTEGRATED TECHNICAL SERVICES<br>200 KENT ST STN. 7W060,OTTAWA,Ontario,K1A0E6,Canada","INTEGRATED TECHNICAL SERVICES<br>200 KENT ST STN. 7W060,OTTAWA,Ontario,K1A0E6,Canada","","","","","","","","","","","","","","","",""
"LONG RANGE OUTDOORS (K2B79-240550/001/MC~000)","LONG RANGE OUTDOORS (K2B79-240550/001/MC~000)","K2B79-240550/001/MC","000","K2B79-240550","","K2B79-240550/001/MC","3","2024-05-28","2024-05-08","","","2025-05-07","86580.00","95612.00","CAD","","","","","","","*N1940G","*Boats, Small, Aluminum","*Bateaux légers, aluminium","","","","*GD","","","Non-competitive","Non concurrentielle","Government Objectives Representing Best Interests/Value to Govt","Objectifs gouvern.  représentant  les meilleurs intérets/valeur pour l'État","","","*Canadian Free Trade Agreement (CFTA)","*Accord de libre-échange canadien (ALEC)","","","Snow & Water Sports Ltd.","Snow & Water Sports Ltd.","LONG RANGE OUTDOORS","LONG RANGE OUTDOORS","LONG RANGE OUTDOORS","LONG RANGE OUTDOORS","20 to 49 employees","20 à 49 employés","PO BOX 1164 STN MAIN<br>22 CONFEDERATION DRIVE","PO BOX 1164 STN MAIN<br>22 CONFEDERATION DRIVE","CORNER BROOK","CORNER BROOK","","","A2H6T2","Canada","Canada","Public Works and Government Services Canada","Travaux publics et Services gouvernementaux Canada","","","","","","","","","","Environment Canada","Environnement Canada","ENFORCEMENT BRANCH - WED","N/D","DONOVAN'S INDUSTRIAL PARK<br>6 BRUCE ST,MOUNT PEARL,Newfoundland and Labrador,A1N4T3,Canada","DONOVAN'S INDUSTRIAL PARK<br>6 BRUCE ST,MOUNT PEARL,Newfoundland and Labrador,A1N4T3,Canada","","","","","","","","","","","","","","","",""
"CHANTIER NAVAL FORILLON INC (F7013-220306/001/MC~000)","CHANTIER NAVAL FORILLON INC (F7013-220306/001/MC~000)","F7013-220306/001/MC","000","F7013-220306","","F7013-220306/001/MC","3","2024-01-31","2023-10-18","","","2026-11-01","63804256.00","63758266.00","CAD","","","","","","","*N1990","*Vessels, Miscellaneous","*Bateaux divers","","","","*GD","","","Competitive - Open bidding","Concurrentielle - Invitation ouverte à soumissionner","Lowest Price","Prix le plus bas","","","","","","","CHANTIER NAVAL FORILLON INC","CHANTIER NAVAL FORILLON INC","CHANTIER NAVAL FORILLON INC","CHANTIER NAVAL FORILLON INC","CHANTIER NAVAL FORILLON INC","CHANTIER NAVAL FORILLON INC","20 to 49 employees","20 à 49 employés","6 rue du Chantier Maritime<br>C.P. 6023","6 rue du Chantier Maritime<br>C.P. 6023","Gaspé","Gaspé","Quebec","Quebec","G4X2R6","Canada","Canada","Public Works and Government Services Canada","Travaux publics et Services gouvernementaux Canada","","","","","","","","","","Fisheries and Oceans Canada / Fisheries and Oceans Canada","Pêches et Océans Canada / Pêches et Océans Canada","MAJOR CROWN PROJECTS DIR. / MAJOR CROWN PROJECTS DIR.","DIR GRANDS PROJETS D'ETAT / DIR GRANDS PROJETS D'ETAT","3RD FL.<br>200 ELGIN ST,OTTAWA,Ontario,K2P1L5,Canada / 3RD FL.<br>200 ELGIN ST,OTTAWA,Ontario,K2P1L5,Canada","3RD FL.<br>200 ELGIN ST,OTTAWA,Ontario,K2P1L5,Canada / 3RD FL.<br>200 ELGIN ST,OTTAWA,Ontario,K2P1L5,Canada","","","","","","","","","","","","","","","",""
"HARTZELL PROPELLER PRODUCTS DIV (F7044-240104/001/ML~000)","HARTZELL PROPELLER PRODUCTS DIV (F7044-240104/001/ML~000)","F7044-240104/001/ML","000","F7044-240104","","F7044-240104/001/ML","1","2025-05-27","2025-05-12","","","2026-05-11","750000.00","750000.00","CAD","","","","","","","*N2010C","*Propellers (Marine)","*Hélices-marine","","","","*GD","","","Non-competitive","Non concurrentielle","","","Exclusive Rights","Droits exclusifs","*Canadian Free Trade Agreement (CFTA)","*Accord de libre-échange canadien (ALEC)","","","Hartzell Propeller LLC","Hartzell Propeller LLC","HARTZELL PROPELLER PRODUCTS DIV","HARTZELL PROPELLER PRODUCTS DIV","Hartzell Propeller LLC","Hartzell Propeller LLC","UNKNOWN","INCONNU","ONE PROPELLER PLACE","ONE PROPELLER PLACE","PIQUA","PIQUA","Ohio","Ohio","45356-2634","United States","United States","Public Works and Government Services Canada","Travaux publics et Services gouvernementaux Canada","","","","","","","","","","Fisheries and Oceans Canada","Pêches et Océans Canada","D/PROJ.MGR STIMULUS PACKAGE","GEST.A.PRGM PLAN ACTION ECON.","INTEGRATED TECHNICAL SERVICES<br>200 KENT ST STN. 7W060,OTTAWA,Ontario,K1A0E6,Canada","INTEGRATED TECHNICAL SERVICES<br>200 KENT ST STN. 7W060,OTTAWA,Ontario,K1A0E6,Canada","","","","","","","","","","","","","","","",""
"WAJAX LTD (F6855-230130/001/ML~000)","WAJAX LTD (F6855-230130/001/ML~000)","F6855-230130/001/ML","000","F6855-230130","","F6855-230130/001/ML","1","2024-04-29","2023-06-05","","","2024-05-31","116148.00","116148.00","CAD","","","","","","","*N2010F","*Shafts, Propeller (Marine)","*Arbres, hélice-marines","","","","*GD","","","Non-competitive","Non concurrentielle","","","Exclusive Rights","Droits exclusifs","*Canadian Free Trade Agreement (CFTA)","*Accord de libre-échange canadien (ALEC)","","","Wajax limited","Wajax limited","WAJAX LTD","WAJAX LTD","Wajax limited","Wajax limited","2500 to 4999 employees","2500 à 4999 employés","10 Diesel Drive","10 Diesel Drive","Toronto","Toronto","Ontario","Ontario","M8W2T8","Canada","Canada","Public Works and Government Services Canada","Travaux publics et Services gouvernementaux Canada","","","","","","","","","","Fisheries and Oceans Canada","Pêches et Océans Canada","CCG SUPVR ENGINEERING","N/D","C/O SUPPLY DEPOT<br>SOUTHSIDE RD PO BOX 5667,ST JOHNS,Newfoundland and Labrador,A1C5X1,Canada","C/O SUPPLY DEPOT<br>SOUTHSIDE RD PO BOX 5667,ST JOHNS,Newfoundland and Labrador,A1C5X1,Canada","","","","","","","","","","","","","","","",""
"PALFINGER MARINE CANADA, INC (F7044-240113/001/ML ~000)","PALFINGER MARINE CANADA, INC (F7044-240113/001/ML ~000)","F7044-240113/001/ML ","000","F7044-240113","","F7044-240113/001/ML ","1","2025-11-06","2025-10-15","","","2026-12-31","4000000.00","4000000.00","CAD","","","","","","","*N2030","*Deck Machinery","*Machinerie de pont","","","","*GD","","","Non-competitive","Non concurrentielle","","","Exclusive Rights","Droits exclusifs","","","","","Palfinger Marine Canada, Inc.","Palfinger Marine Canada, Inc.","PALFINGER MARINE CANADA, INC","PALFINGER MARINE CANADA, INC","Palfinger Marine Canada Inc.","Palfinger Marine Canada Inc.","5 to 9 employees","5 à 9 employés","#120-20575 Langley By Pass","#120-20575 Langley By Pass","Langley","Langley","British Columbia","British Columbia","V3A5E8","Canada","Canada","Public Works and Government Services Canada","Travaux publics et Services gouvernementaux Canada","","","","","","","","","","Fisheries and Oceans Canada","Pêches et Océans Canada","D/PROJ.MGR STIMULUS PACKAGE","GEST.A.PRGM PLAN ACTION ECON.","INTEGRATED TECHNICAL SERVICES<br>200 KENT ST STN. 7W060,OTTAWA,Ontario,K1A0E6,Canada","INTEGRATED TECHNICAL SERVICES<br>200 KENT ST STN. 7W060,OTTAWA,Ontario,K1A0E6,Canada","","","","","","","","","","","","","","","",""
"L-3 COMMUNICATIONS MAPPS INC (W8482-178553/001/MC~000)","L-3 COMMUNICATIONS MAPPS INC (W8482-178553/001/MC~000)","W8482-178553/001/MC","000","W8482-178553","","W8482-178553/001/MC","3","2023-07-24","2023-06-23","","","2028-06-23","18952176.00","20033174.00","CAD","","","","","","","*N2030","*Deck Machinery","*Machinerie de pont","","","","*GD","","","Competitive - Open bidding","Concurrentielle - Invitation ouverte à soumissionner","Highest Combined Rating of Technical Merit and Price","Cote combinée la plus élevée pour le mérite technique et le prix","","","","","","","L3HARRIS MAPPS Inc.","L3HARRIS MAPPS Inc.","L-3 COMMUNICATIONS MAPPS INC","L-3 COMMUNICATIONS MAPPS INC","L3HARRIS MAPPS Inc.","L3HARRIS MAPPS Inc.","200 to 499 employees","200 à 499 employés","8565 Cote de Liesse","8565 Cote de Liesse","Montreal","Montreal","Quebec","Quebec","H4T1G5","Canada","Canada","Public Works and Government Services Canada","Travaux publics et Services gouvernementaux Canada","","","","","","","","","","Department of National Defence","Ministère de la défense nationale","NDHQ","N/D","ATTN DGMEPM NP - DMARP<br>101 COLONEL BY DR.,OTTAWA,Ontario,K1A0K2,Canada","ATTN DGMEPM NP - DMARP<br>101 COLONEL BY DR.,OTTAWA,Ontario,K1A0K2,Canada","","","","","","","","","","","","","","","",""
"KNUDSEN ENGINEERING LTD (F7013-251207/001/ML~000)","KNUDSEN ENGINEERING LTD (F7013-251207/001/ML~000)","F7013-251207/001/ML","000","F7013-251207","","F7013-251207/001/ML","1","2025-05-27","2025-05-05","","","2026-10-15","90102.00","90102.00","CAD","","","","","","","*N2010","*Ship and Boat Propulsion Components","*Organes de propulsion pour bateaux et navires","","","","*GD","","","Non-competitive","Non concurrentielle","","","Exclusive Rights","Droits exclusifs","*Canadian Free Trade Agreement (CFTA)","*Accord de libre-échange canadien (ALEC)","","","Knudsen Engineering Limited","Knudsen Engineering Limited","KNUDSEN ENGINEERING LTD","KNUDSEN ENGINEERING LTD","Knudsen Engineering Limited","Knudsen Engineering Limited","10 to 19 employees","10 à 19 employés","10 Industrial Road","10 Industrial Road","Perth","Perth","Ontario","Ontario","K7H3P2","Canada","Canada","Public Works and Government Services Canada","Travaux publics et Services gouvernementaux Canada","","","","","","","","","","Fisheries and Oceans Canada","Pêches et Océans Canada","MAJOR CROWN PROJECTS DIR.","DIR GRANDS PROJETS D'ETAT","3RD FL.<br>200 ELGIN ST,OTTAWA,Ontario,K2P1L5,Canada","3RD FL.<br>200 ELGIN ST,OTTAWA,Ontario,K2P1L5,Canada","","","","","","","","","","","","","","","",""
"TERRAGON (F7044-240111/001/ML~000)","TERRAGON (F7044-240111/001/ML~000)","F7044-240111/001/ML","000","F7044-240111","","F7044-240111/001/ML","4","2025-04-29","2025-03-21","","","2025-12-31","1000000.00","1000000.00","CAD","","","","","","","*N4610","*Water Purification Equipment","*Équipement de purification des eaux","","","","*GD","","","Non-competitive","Non concurrentielle","","","Exclusive Rights","Droits exclusifs","*Canadian Free Trade Agreement (CFTA)","*Accord de libre-échange canadien (ALEC)","","","Terragon Environmental Technologies Inc.","Terragon Environmental Technologies Inc.","TERRAGON","TERRAGON","Terragon","Terragon","20 to 49 employees","20 à 49 employés","9130, av. du Parc","9130, av. du Parc","Montreal","Montreal","Quebec","Quebec","H2N1Z2","Canada","Canada","Public Works and Government Services Canada","Travaux publics et Services gouvernementaux Canada","","","","","","","","","","Fisheries and Oceans Canada","Pêches et Océans Canada","D/PROJ.MGR STIMULUS PACKAGE","GEST.A.PRGM PLAN ACTION ECON.","INTEGRATED TECHNICAL SERVICES<br>200 KENT ST STN. 7W060,OTTAWA,Ontario,K1A0E6,Canada","INTEGRATED TECHNICAL SERVICES<br>200 KENT ST STN. 7W060,OTTAWA,Ontario,K1A0E6,Canada","","","","","","","","","","","","","","","",""
"HIKE METAL PRODUCTS LTD (F7044-221218/001/MC~000)","HIKE METAL PRODUCTS LTD (F7044-221218/001/MC~000)","F7044-221218/001/MC","000","F7044-221218","","F7044-221218/001/MC","4","2023-09-22","2023-09-11","","","2026-03-31","4240822.00","5981162.58","CAD","","","","","","","*N1940G","*Boats, Small, Aluminum","*Bateaux légers, aluminium","","","","*GD","","","Competitive - Open bidding","Concurrentielle - Invitation ouverte à soumissionner","Lowest Price","Prix le plus bas","","","*Canadian Free Trade Agreement (CFTA)","*Accord de libre-échange canadien (ALEC)","","","Hike Metal Products Limited","Hike Metal Products Limited","HIKE METAL PRODUCTS LTD","HIKE METAL PRODUCTS LTD","Hike Metal Products Ltd.","Hike Metal Products Ltd.","20 to 49 employees","20 à 49 employés","P.O. BOX 698,","P.O. BOX 698,","Wheatley","Wheatley","Ontario","Ontario","N0P2P0","Canada","Canada","Public Works and Government Services Canada","Travaux publics et Services gouvernementaux Canada","","","","","","","","","","Fisheries and Oceans Canada","Pêches et Océans Canada","D/PROJ.MGR STIMULUS PACKAGE","GEST.A.PRGM PLAN ACTION ECON.","INTEGRATED TECHNICAL SERVICES<br>200 KENT ST STN. 7W060,OTTAWA,Ontario,K1A0E6,Canada","INTEGRATED TECHNICAL SERVICES<br>200 KENT ST STN. 7W060,OTTAWA,Ontario,K1A0E6,Canada","","","","","","","","","","","","","","","",""
"ABCO INDUSTRIES INC (W8472-245912/001/MC~000)","ABCO INDUSTRIES INC (W8472-245912/001/MC~000)","W8472-245912/001/MC","000","W8472-245912","","W8472-245912/001/MC","8","2024-07-27","2024-06-17","","","2026-09-01","3457800.00","4281838.35","CAD","","","","","","","*N1940","*Small Craft","*Embarcations légères","","","","*GD","","","Competitive - Traditional","Concurrentielle - Traditionnelle","Lowest Price","Prix le plus bas","","","*Canadian Free Trade Agreement (CFTA)","*Accord de libre-échange canadien (ALEC)","","","ABCO Industries Inc.","ABCO Industries Inc.","ABCO INDUSTRIES INC","ABCO INDUSTRIES INC","ABCO Industries Inc.","ABCO Industries Inc.","50 to 99 employees","50 à 99 employés","PO Box 1120<br>81 Tannery Road","PO Box 1120<br>81 Tannery Road","Lunenburg","Lunenburg","Nova Scotia","Nova Scotia","B0J2C0","Canada","Canada","Public Works and Government Services Canada","Travaux publics et Services gouvernementaux Canada","","","","","","","","","","Department of National Defence / Department of National Defence","Ministère de la défense nationale / Ministère de la défense nationale","NDHQ / NDHQ","N/D / N/D","ATTN DGMEPM CAP - DMARP<br>101 COLONEL BY DR.,OTTAWA,Ontario,K1A0K2,Canada / ATTN DGMEPM CAP - DMARP<br>101 COLONEL BY DR.,OTTAWA,Ontario,K1A0K2,Canada","ATTN DGMEPM CAP - DMARP<br>101 COLONEL BY DR.,OTTAWA,Ontario,K1A0K2,Canada / ATTN DGMEPM CAP - DMARP<br>101 COLONEL BY DR.,OTTAWA,Ontario,K1A0K2,Canada","","","","","","","","","","","","","","","",""
"TITAN BOATS LTD (FP197-240002/001/XLV~000)","TITAN BOATS LTD (FP197-240002/001/XLV~000)","FP197-240002/001/XLV","000","FP197-240002","","FP197-240002/001/XLV","2","2023-09-22","2023-08-31","","","2025-09-25","732438.00","732437.82","CAD","","","","","","","*N1940DA","*Boats - Inflatable - Rigid Hull","*Bateaux pneumatiques, coque rigide","","","","*GD","","","Competitive - Traditional","Concurrentielle - Traditionnelle","Lowest Price","Prix le plus bas","","","","","","","TITAN BOATS LTD.","TITAN BOATS LTD.","TITAN BOATS LTD","TITAN BOATS LTD","TITAN BOATS LTD.","TITAN BOATS LTD.","20 to 49 employees","20 à 49 employés","2035 Beacon Ave. West","2035 Beacon Ave. West","Sidney","Sidney","British Columbia","British Columbia","V8L5W5","Canada","Canada","Public Works and Government Services Canada","Travaux publics et Services gouvernementaux Canada","","","","","","","","","","Fisheries and Oceans Canada","Pêches et Océans Canada","","N/D","SAINT JOHN FISH CULTURE STN<br>1700 LOCH LOMOND RD,SAINT JOHN,New Brunswick,E2J2A3,Canada","SAINT JOHN FISH CULTURE STN<br>1700 LOCH LOMOND RD,SAINT JOHN,New Brunswick,E2J2A3,Canada","","","","","","","","","","","","","","","",""
"ZODIAC HURRICANE TECHNOLOGIES, INC (M7594-243205/001/MC~000)","ZODIAC HURRICANE TECHNOLOGIES, INC (M7594-243205/001/MC~000)","M7594-243205/001/MC","000","M7594-243205","","M7594-243205/001/MC","2","2024-09-24","2024-08-23","","","2029-03-31","18855874.00","18855874.00","CAD","","","","","","","*N1940DA","*Boats - Inflatable - Rigid Hull","*Bateaux pneumatiques, coque rigide","","","","*GD","","","Competitive - Traditional","Concurrentielle - Traditionnelle","Lowest Price","Prix le plus bas","","","*Canadian Free Trade Agreement (CFTA)","*Accord de libre-échange canadien (ALEC)","","","Zodiac Hurricane Technologies, Inc.","Zodiac Hurricane Technologies, Inc.","ZODIAC HURRICANE TECHNOLOGIES, INC","ZODIAC HURRICANE TECHNOLOGIES, INC","Zodiac Hurricane Technologies, Inc.","Zodiac Hurricane Technologies, Inc.","100 to 199 employees","100 à 199 employés","7830 Vantage Way","7830 Vantage Way","Delta","Delta","British Columbia","British Columbia","V4G1A7","Canada","Canada","Public Works and Government Services Canada","Travaux publics et Services gouvernementaux Canada","","","","","","","","","","Royal Canadian Mounted Police","Gendarmerie royale du Canada","HQ PROCURE.&CONTRACT.SERVS","SERVS APPROVISION.&CONTRATS QG","4TH FL.<br>73 LEIKIN DR. M1,OTTAWA,Ontario,K1A0R2,Canada","4TH FL.<br>73 LEIKIN DR. M1,OTTAWA,Ontario,K1A0R2,Canada","","","","","","","","","","","","","","","",""
"VEMCO, A DIVISION OF AMIRIX SYSTEMS INC (F2402-240173/001/ML~000)","VEMCO, A DIVISION OF AMIRIX SYSTEMS INC (F2402-240173/001/ML~000)","F2402-240173/001/ML","000","F2402-240173","","F2402-240173/001/ML","1","2025-03-03","2025-01-24","","","2026-01-23","2000000.00","2000000.00","CAD","","","","","","","*N1940G","*Boats, Small, Aluminum","*Bateaux légers, aluminium","","","","*GD","","","Non-competitive","Non concurrentielle","","","Exclusive Rights","Droits exclusifs","*Canadian Free Trade Agreement (CFTA)","*Accord de libre-échange canadien (ALEC)","","","InnovaSea Marine Systems Canada Inc.","InnovaSea Marine Systems Canada Inc.","VEMCO, A DIVISION OF AMIRIX SYSTEMS INC","VEMCO, A DIVISION OF AMIRIX SYSTEMS INC","VEMCO","VEMCO","100 to 199 employees","100 à 199 employés","20 Angus Morton Drive","20 Angus Morton Drive","Bedford","Bedford","Nova Scotia","Nova Scotia","B4B0L9","Canada","Canada","Public Works and Government Services Canada","Travaux publics et Services gouvernementaux Canada","","","","","","","","","","Fisheries and Oceans Canada","Pêches et Océans Canada","ARCTIC AQUATIC RSRCH DIV","DIV RECHERCHES AQUA.ARTIQUE","CTRL&ARCTIC<br>501 UNIVERSITY CRES.,WINNIPEG,Manitoba,R3T2N6,Canada","CTRL&ARCTIC<br>501 UNIVERSITY CRES.,WINNIPEG,Manitoba,R3T2N6,Canada","","","","","","","","","","","","","","","",""
"SAMSON ENTERPRISES LTD (F7044-220119/001/MC~000)","SAMSON ENTERPRISES LTD (F7044-220119/001/MC~000)","F7044-220119/001/MC","000","F7044-220119","","F7044-220119/001/MC","4","2024-03-05","2024-02-16","","","2026-03-31","2329219.00","2338420.34","CAD","","","","","","","*N1940G","*Boats, Small, Aluminum","*Bateaux légers, aluminium","","","","*GD","","","Competitive - Open bidding","Concurrentielle - Invitation ouverte à soumissionner","Lowest Price","Prix le plus bas","","","*Canadian Free Trade Agreement (CFTA)","*Accord de libre-échange canadien (ALEC)","","","LES ENTREPRISES SAMSON ENTERPRISES LTEE.","LES ENTREPRISES SAMSON ENTERPRISES LTEE.","SAMSON ENTERPRISES LTD","SAMSON ENTERPRISES LTD","SAMSON ENTERPRISES LTD","SAMSON ENTERPRISES LTD","20 to 49 employees","20 à 49 employés","BOX 72","BOX 72","ARICHAT","ARICHAT","Nova Scotia","Nova Scotia","B0E1A0","Canada","Canada","Public Works and Government Services Canada","Travaux publics et Services gouvernementaux Canada","","","","","","","","","","Fisheries and Oceans Canada","Pêches et Océans Canada","D/PROJ.MGR STIMULUS PACKAGE","GEST.A.PRGM PLAN ACTION ECON.","INTEGRATED TECHNICAL SERVICES<br>200 KENT ST STN. 7W060,OTTAWA,Ontario,K1A0E6,Canada","INTEGRATED TECHNICAL SERVICES<br>200 KENT ST STN. 7W060,OTTAWA,Ontario,K1A0E6,Canada","","","","","","","","","","","","","","","",""
"NAUTIC & ART (23239-240287/001/MC~000)","NAUTIC & ART (23239-240287/001/MC~000)","23239-240287/001/MC","000","23239-240287","","23239-240287/001/MC","3","2024-01-31","2023-12-04","","","2029-07-31","93395.00","124617.00","CAD","","","","","","","*N1940DA","*Boats - Inflatable - Rigid Hull","*Bateaux pneumatiques, coque rigide","","","","*GD","","","Competitive - Traditional","Concurrentielle - Traditionnelle","Lowest Price","Prix le plus bas","","","*Canadian Free Trade Agreement (CFTA)","*Accord de libre-échange canadien (ALEC)","","","Nautic & Art","Nautic & Art","NAUTIC & ART","NAUTIC & ART","Nautic & Art","Nautic & Art","5 to 9 employees","5 à 9 employés","300 Parc Industriel","300 Parc Industriel","Windsor","Windsor","Quebec","Quebec","J1S2T2","Canada","Canada","Public Works and Government Services Canada","Travaux publics et Services gouvernementaux Canada","","","","","","","","","","Natural Resources Canada / Natural Resources Canada","Ressources naturelles Canada / Ressources naturelles Canada","POLAR CONT.SHELF PROJECT / POLAR CONT.SHELF PROJECT","N/D / N/D","2464 SHEFFIELD ROAD,OTTAWA,Ontario,K1B4E5,Canada / 2464 SHEFFIELD ROAD,OTTAWA,Ontario,K1B4E5,Canada","2464 SHEFFIELD ROAD,OTTAWA,Ontario,K1B4E5,Canada / 2464 SHEFFIELD ROAD,OTTAWA,Ontario,K1B4E5,Canada","","","","","","","","","","","","","","","",""
"ABCO INDUSTRIES LTD (F7044-220255/001/MC~000)","ABCO INDUSTRIES LTD (F7044-220255/001/MC~000)","F7044-220255/001/MC","000","F7044-220255","","F7044-220255/001/MC","3","2023-09-22","2023-09-12","","","2025-09-11","1578574.00","1621811.27","CAD","","","","","","","*N1940G","*Boats, Small, Aluminum","*Bateaux légers, aluminium","","","","*GD","","","Competitive - Open bidding","Concurrentielle - Invitation ouverte à soumissionner","Lowest Price","Prix le plus bas","","","*Canadian Free Trade Agreement (CFTA)","*Accord de libre-échange canadien (ALEC)","","","ABCO Industries Limited","ABCO Industries Limited","ABCO INDUSTRIES LTD","ABCO INDUSTRIES LTD","ABCO Industries Limited","ABCO Industries Limited","10 to 19 employees","10 à 19 employés","P O Box 1120","P O Box 1120","Lunenburg","Lunenburg","Nova Scotia","Nova Scotia","B0J2C0","Canada","Canada","Public Works and Government Services Canada","Travaux publics et Services gouvernementaux Canada","","","","","","","","","","Fisheries and Oceans Canada","Pêches et Océans Canada","D/PROJ.MGR STIMULUS PACKAGE","GEST.A.PRGM PLAN ACTION ECON.","INTEGRATED TECHNICAL SERVICES<br>200 KENT ST STN. 7W060,OTTAWA,Ontario,K1A0E6,Canada","INTEGRATED TECHNICAL SERVICES<br>200 KENT ST STN. 7W060,OTTAWA,Ontario,K1A0E6,Canada","","","","","","","","","","","","","","","",""
"TITAN BOATS LTD (F7044-220892/001/MC~000)","TITAN BOATS LTD (F7044-220892/001/MC~000)","F7044-220892/001/MC","000","F7044-220892","","F7044-220892/001/MC","6","2023-08-23","2023-07-26","","","2025-03-31","2952975.00","4044684.94","CAD","","","","","","","*N1940G","*Boats, Small, Aluminum","*Bateaux légers, aluminium","","","","*GD","","","Competitive - Open bidding","Concurrentielle - Invitation ouverte à soumissionner","Lowest Price","Prix le plus bas","","","*Canadian Free Trade Agreement (CFTA)","*Accord de libre-échange canadien (ALEC)","","","TITAN BOATS LTD.","TITAN BOATS LTD.","TITAN BOATS LTD","TITAN BOATS LTD","TITAN BOATS LTD.","TITAN BOATS LTD.","20 to 49 employees","20 à 49 employés","2035 Beacon Ave. West","2035 Beacon Ave. West","Sidney","Sidney","British Columbia","British Columbia","V8L5W5","Canada","Canada","Public Works and Government Services Canada","Travaux publics et Services gouvernementaux Canada","","","","","","","","","","Fisheries and Oceans Canada","Pêches et Océans Canada","D/PROJ.MGR STIMULUS PACKAGE","GEST.A.PRGM PLAN ACTION ECON.","INTEGRATED TECHNICAL SERVICES<br>200 KENT ST STN. 7W060,OTTAWA,Ontario,K1A0E6,Canada","INTEGRATED TECHNICAL SERVICES<br>200 KENT ST STN. 7W060,OTTAWA,Ontario,K1A0E6,Canada","","","","","","","","","","","","","","","",""
"ALLIED SYSTEMS COMPANY (F7044-240102/001/ML~000)","ALLIED SYSTEMS COMPANY (F7044-240102/001/ML~000)","F7044-240102/001/ML","000","F7044-240102","","F7044-240102/001/ML","2","2025-04-29","2025-03-27","","","2025-12-31","500000.00","500000.00","CAD","","","","","","","*N2030N","*Deck Machinery, Winches, Marine","*Machinerie de pont, treuils, marine","","","","*GD","","","Non-competitive","Non concurrentielle","","","Exclusive Rights","Droits exclusifs","*Canadian Free Trade Agreement (CFTA)","*Accord de libre-échange canadien (ALEC)","","","ALLIED SYSTEMS COMPANY","ALLIED SYSTEMS COMPANY","ALLIED SYSTEMS COMPANY","ALLIED SYSTEMS COMPANY","ALLIED SYSTEMS COMPANY","ALLIED SYSTEMS COMPANY","50 to 99 employees","50 à 99 employés","21433 SW Oregon Street","21433 SW Oregon Street","Sherwood","Sherwood","Oregon","Oregon","97140","United States","United States","Public Works and Government Services Canada","Travaux publics et Services gouvernementaux Canada","","","","","","","","","","Fisheries and Oceans Canada","Pêches et Océans Canada","D/PROJ.MGR STIMULUS PACKAGE","GEST.A.PRGM PLAN ACTION ECON.","INTEGRATED TECHNICAL SERVICES<br>200 KENT ST STN. 7W060,OTTAWA,Ontario,K1A0E6,Canada","INTEGRATED TECHNICAL SERVICES<br>200 KENT ST STN. 7W060,OTTAWA,Ontario,K1A0E6,Canada","","","","","","","","","","","","","","","",""
"HAWBOLDT INDUSTRIES (1989) LTD (F7044-240103/001/ML ~000)","HAWBOLDT INDUSTRIES (1989) LTD (F7044-240103/001/ML ~000)","F7044-240103/001/ML","000","F7044-240103","","F7044-240103/001/ML","1","2025-09-05","2025-06-02","","","2025-12-31","500000.00","500000.00","CAD","","","","","","","*N2030N","*Deck Machinery, Winches, Marine","*Machinerie de pont, treuils, marine","","","","*GD","","","Non-competitive","Non concurrentielle","","","Exclusive Rights","Droits exclusifs","","","","","HAWBOLDT INDUSTRIES (1989) LIMITED","HAWBOLDT INDUSTRIES (1989) LIMITED","HAWBOLDT INDUSTRIES (1989) LTD","HAWBOLDT INDUSTRIES (1989) LTD","HAWBOLDT INDUSTRIES (1989) LTD","HAWBOLDT INDUSTRIES (1989) LTD","50 to 99 employees","50 à 99 employés","PO Box 80<br>220 Windsor Road","PO Box 80<br>220 Windsor Road","Chester","Chester","Nova Scotia","Nova Scotia","B0J1J0","Canada","Canada","Public Works and Government Services Canada","Travaux publics et Services gouvernementaux Canada","","","","","","","","","","Fisheries and Oceans Canada","Pêches et Océans Canada","D/PROJ.MGR STIMULUS PACKAGE","GEST.A.PRGM PLAN ACTION ECON.","INTEGRATED TECHNICAL SERVICES<br>200 KENT ST STN. 7W060,OTTAWA,Ontario,K1A0E6,Canada","INTEGRATED TECHNICAL SERVICES<br>200 KENT ST STN. 7W060,OTTAWA,Ontario,K1A0E6,Canada","","","","","","","","","","","","","","","",""
"ABB INC (F7044-240106/001/ML~000)","ABB INC (F7044-240106/001/ML~000)","F7044-240106/001/ML","000","F7044-240106","","F7044-240106/001/ML","2","2025-04-29","2025-03-28","","","2025-12-31","1000000.00","3000000.00","CAD","","","","","","","*N2030N","*Deck Machinery, Winches, Marine","*Machinerie de pont, treuils, marine","","","","*GD","","","Non-competitive","Non concurrentielle","","","Exclusive Rights","Droits exclusifs","*Canadian Free Trade Agreement (CFTA)","*Accord de libre-échange canadien (ALEC)","","","ABB Inc.","ABB Inc.","ABB INC","ABB INC","ABB Inc.","ABB Inc.","1500 to 2499 employees","1500 à 2499 employés","ABB Inc.<br>800 Boul. Hymus","ABB Inc.<br>800 Boul. Hymus","St-Laurent","St-Laurent","Quebec","Quebec","H4S0B5","Canada","Canada","Public Works and Government Services Canada","Travaux publics et Services gouvernementaux Canada","","","","","","","","","","Fisheries and Oceans Canada","Pêches et Océans Canada","D/PROJ.MGR STIMULUS PACKAGE","GEST.A.PRGM PLAN ACTION ECON.","INTEGRATED TECHNICAL SERVICES<br>200 KENT ST STN. 7W060,OTTAWA,Ontario,K1A0E6,Canada","INTEGRATED TECHNICAL SERVICES<br>200 KENT ST STN. 7W060,OTTAWA,Ontario,K1A0E6,Canada","","","","","","","","","","","","","","","",""
"LIEBHERR-CANADA LTD (F2599-240176/001/ML~000)","LIEBHERR-CANADA LTD (F2599-240176/001/ML~000)","F2599-240176/001/ML","000","F2599-240176","","F2599-240176/001/ML","1","2024-07-27","2024-07-09","","","2024-09-30","33521.00","33521.00","CAD","","","","","","","*N2030S","*Deck Machinery, Cranes, Shipboard","*Machinerie de pont, grues, à bord","","","","*GD","","","Non-competitive","Non concurrentielle","","","Exclusive Rights","Droits exclusifs","*Canadian Free Trade Agreement (CFTA)","*Accord de libre-échange canadien (ALEC)","","","Liebherr-Canada Ltd","Liebherr-Canada Ltd","LIEBHERR-CANADA LTD","LIEBHERR-CANADA LTD","Liebherr-Canada Ltd","Liebherr-Canada Ltd","100 to 199 employees","100 à 199 employés","Liebherr-Canada Ltd<br>49 Mews Place","Liebherr-Canada Ltd<br>49 Mews Place","St. John's","St. John's","Newfoundland and Labrador","Newfoundland and Labrador","A1B4N2","Canada","Canada","Public Works and Government Services Canada","Travaux publics et Services gouvernementaux Canada","","","","","","","","","","Fisheries and Oceans Canada / Fisheries and Oceans Canada","Pêches et Océans Canada / Pêches et Océans Canada","CCG CENTRAL&ARCTIC RGN / CCG CENTRAL&ARCTIC RGN","N/D / N/D","MARINE ENGINEERING<br>520 EXMOUTH ST,SARNIA,Ontario,N7T8B1,Canada / MARINE ENGINEERING<br>520 EXMOUTH ST,SARNIA,Ontario,N7T8B1,Canada","MARINE ENGINEERING<br>520 EXMOUTH ST,SARNIA,Ontario,N7T8B1,Canada / MARINE ENGINEERING<br>520 EXMOUTH ST,SARNIA,Ontario,N7T8B1,Canada","","","","","","","","","","","","","","","",""
"PENNECON HYDRAULIC SYSTEMS LTD (F7044-240110/001/ML ~000)","PENNECON HYDRAULIC SYSTEMS LTD (F7044-240110/001/ML ~000)","F7044-240110/001/ML ","000","F7044-240110","","F7044-240110/001/ML ","1","2025-11-06","2025-10-10","","","2026-12-31","1000000.00","1000000.00","CAD","","","","","","","*N2030S","*Deck Machinery, Cranes, Shipboard","*Machinerie de pont, grues, à bord","","","","*GD","","","Non-competitive","Non concurrentielle","","","Exclusive Rights","Droits exclusifs","","","","","PENNECON HYDRAULIC SYSTEMS LIMITED","PENNECON HYDRAULIC SYSTEMS LIMITED","PENNECON HYDRAULIC SYSTEMS LTD","PENNECON HYDRAULIC SYSTEMS LTD","Pennecon Hydraulic Systems Limited (St. John's Branch)","Pennecon Hydraulic Systems Limited (St. John's Branch)","20 to 49 employees","20 à 49 employés","2 Maverick Place","2 Maverick Place","Paradise","Paradise","Newfoundland and Labrador","Newfoundland and Labrador","A1L0H6","Canada","Canada","Public Works and Government Services Canada","Travaux publics et Services gouvernementaux Canada","","","","","","","","","","Fisheries and Oceans Canada","Pêches et Océans Canada","D/PROJ.MGR STIMULUS PACKAGE","GEST.A.PRGM PLAN ACTION ECON.","INTEGRATED TECHNICAL SERVICES<br>200 KENT ST STN. 7W060,OTTAWA,Ontario,K1A0E6,Canada","INTEGRATED TECHNICAL SERVICES<br>200 KENT ST STN. 7W060,OTTAWA,Ontario,K1A0E6,Canada","","","","","","","","","","","","","","","",""
"KONGSBERG MARITIME (F1640-230881/001/ML~000)","KONGSBERG MARITIME (F1640-230881/001/ML~000)","F1640-230881/001/ML","000","F1640-230881","","F1640-230881/001/ML","2","2024-03-05","2024-02-05","","","2029-02-04","1913733.00","1913733.00","CAD","","","","","","","*N2040","*Marine Hardware and Hull Items","*Quincaillerie de marine et apparaux de coque","","","","*GD","","","Non-competitive","Non concurrentielle","","","Exclusive Rights","Droits exclusifs","","","","","KONGSBERG DISCOVERY CANADA LTD.","KONGSBERG DISCOVERY CANADA LTD.","KONGSBERG MARITIME","KONGSBERG MARITIME","KONGSBERG DISCOVERY CANADA LTD.","KONGSBERG DISCOVERY CANADA LTD.","50 to 99 employees","50 à 99 employés","238 Brownlow Avenue<br>Suite 210","238 Brownlow Avenue<br>Suite 210","Dartmouth","Dartmouth","Nova Scotia","Nova Scotia","B3B1Y2","Canada","Canada","Public Works and Government Services Canada","Travaux publics et Services gouvernementaux Canada","","","","","","","","","","Fisheries and Oceans Canada","Pêches et Océans Canada","CHS MGR DATA ACQ.&TECH.SERVS","SHC GEST.ACQ.DONNEES&SERVS TEC","9860 W.SAANICH RD<br>P.O.BOX 6000,SIDNEY,British Columbia,V8L4B2,Canada","9860 W.SAANICH RD<br>P.O.BOX 6000,SIDNEY,British Columbia,V8L4B2,Canada","","","","","","","","","","","","","","","",""
"IBM CANADA LTD/IBM CANADA LIMITEE (W8482-195793/001/ML~000)","IBM CANADA LTD/IBM CANADA LIMITEE (W8482-195793/001/ML~000)","W8482-195793/001/ML","000","W8482-195793","","W8482-195793/001/ML","1","2025-03-27","2025-03-13","","","2029-06-30","36669699.00","36669699.00","CAD","","","","","","","*N2040","*Marine Hardware and Hull Items","*Quincaillerie de marine et apparaux de coque","","","","*GD","","","Non-competitive","Non concurrentielle","","","Exclusive Rights","Droits exclusifs","*Canadian Free Trade Agreement (CFTA)","*Accord de libre-échange canadien (ALEC)","","","IBM CANADA LIMITED/IBM CANADA LIMITÉE","IBM CANADA LIMITED/IBM CANADA LIMITÉE","IBM CANADA LTD/IBM CANADA LIMITEE","IBM CANADA LTD/IBM CANADA LIMITEE","IBM CANADA LIMITED/IBM CANADA LIMITÉE","IBM CANADA LIMITED/IBM CANADA LIMITÉE","5000 employees and over","5000 employés et plus","3755 Riverside Drive","3755 Riverside Drive","Ottawa","Ottawa","Ontario","Ontario","K1G4K9","Canada","Canada","Public Works and Government Services Canada","Travaux publics et Services gouvernementaux Canada","","","","","","","","","","Department of National Defence","Ministère de la défense nationale","NDHQ","N/D","ATTN DGMEPM NP - DMARP<br>101 COLONEL BY DR.,OTTAWA,Ontario,K1A0K2,Canada","ATTN DGMEPM NP - DMARP<br>101 COLONEL BY DR.,OTTAWA,Ontario,K1A0K2,Canada","","","","","","","","","","","","","","","",""
"BAE SYSTEMS (CANADA) INC (W8482-242302/001/VCI~000)","BAE SYSTEMS (CANADA) INC (W8482-242302/001/VCI~000)","W8482-242302/001/VCI","000","W8482-242302","","W8482-242302/001/VCI","4","2025-03-03","2025-01-14","","","2028-06-15","13339860.00","13331195.00","CAD","","","","","","","*N2040","*Marine Hardware and Hull Items","*Quincaillerie de marine et apparaux de coque","","","","*GD","","","Non-competitive","Non concurrentielle","","","Exclusive Rights","Droits exclusifs","","","","","BAE SYSTEMS (CANADA) INC.","BAE SYSTEMS (CANADA) INC.","BAE SYSTEMS (CANADA) INC","BAE SYSTEMS (CANADA) INC","BAE SYSTEMS (CANADA) INC.","BAE SYSTEMS (CANADA) INC.","20 to 49 employees","20 à 49 employés","Suite 1200<br>220 Laurier Avenue West","Suite 1200<br>220 Laurier Avenue West","Ottawa","Ottawa","Ontario","Ontario","K1P6Z9","Canada","Canada","Public Works and Government Services Canada","Travaux publics et Services gouvernementaux Canada","","","","","","","","","","Department of National Defence","Ministère de la défense nationale","NDHQ","N/D","ATTN DGMEPM NP - DMARP<br>101 COLONEL BY DR.,OTTAWA,Ontario,K1A0K2,Canada","ATTN DGMEPM NP - DMARP<br>101 COLONEL BY DR.,OTTAWA,Ontario,K1A0K2,Canada","","","","","","","","","","","","","","","",""
"PROTEK INDUSTRIES LTD (F7047-230003/001/ERD~000)","PROTEK INDUSTRIES LTD (F7047-230003/001/ERD~000)","F7047-230003/001/ERD","000","F7047-230003","","F7047-230003/001/ERD","1","2024-12-27","2024-12-18","","","2027-12-20","0.00","0.00","CAD","","","","","","","*N2040A","*Anchors (Sea)","*Ancres, flottantes","","","","*GD","","","Competitive - Open bidding","Concurrentielle - Invitation ouverte à soumissionner","Lowest Price","Prix le plus bas","","","*Canadian Free Trade Agreement (CFTA)","*Accord de libre-échange canadien (ALEC)","","","Protek Industries Limited","Protek Industries Limited","PROTEK INDUSTRIES LTD","PROTEK INDUSTRIES LTD","Protek Industries Limited","Protek Industries Limited","1 to 4 employees","1 à 4 employés","152 Glencoe Drive","152 Glencoe Drive","Mt. Pearl","Mt. Pearl","Newfoundland and Labrador","Newfoundland and Labrador","A1N4S6","Canada","Canada","Public Works and Government Services Canada","Travaux publics et Services gouvernementaux Canada","","","","","","","","","","Fisheries and Oceans Canada","Pêches et Océans Canada","CCG DIRECTOR SERVICES DELIVERY","DIRECTEUR, PRESTATN DE SERVICE","INTEGRATED TECHNICAL SERVICES<br>200 KENT ST - STN 7S036,OTTAWA,Ontario,K1A0E6,Canada","INTEGRATED TECHNICAL SERVICES<br>200 KENT ST - STN 7S036,OTTAWA,Ontario,K1A0E6,Canada","","","","","","","","","","","","","","","",""
"KEYSTONE SUPPLIES CO CANADA LTD (F7047-230001/001/ERD~000)","KEYSTONE SUPPLIES CO CANADA LTD (F7047-230001/001/ERD~000)","F7047-230001/001/ERD","000","F7047-230001","","F7047-230001/001/ERD","2","2024-11-29","2024-11-19","","","2027-11-19","0.00","0.00","CAD","","","","","","","*N2040N","*Mooring Bits, Bollards and Cleats","*Bittes d'amarrage, bollards et taquets","","","","*GD","","","Competitive - Open bidding","Concurrentielle - Invitation ouverte à soumissionner","Lowest Price","Prix le plus bas","","","","","","","Keystone Supplies Co. Canada Ltd.","Keystone Supplies Co. Canada Ltd.","KEYSTONE SUPPLIES CO CANADA LTD","KEYSTONE SUPPLIES CO CANADA LTD","Keystone Supplies Co. Canada Ltd.","Keystone Supplies Co. Canada Ltd.","1 to 4 employees","1 à 4 employés","11060 river road","11060 river road","Richmond","Richmond","British Columbia","British Columbia","V6X1Z5","Canada","Canada","Public Works and Government Services Canada","Travaux publics et Services gouvernementaux Canada","","","","","","","","","","Fisheries and Oceans Canada","Pêches et Océans Canada","CCG DIRECTOR SERVICES DELIVERY","DIRECTEUR, PRESTATN DE SERVICE","INTEGRATED TECHNICAL SERVICES<br>200 KENT ST - STN 7S036,OTTAWA,Ontario,K1A0E6,Canada","INTEGRATED TECHNICAL SERVICES<br>200 KENT ST - STN 7S036,OTTAWA,Ontario,K1A0E6,Canada","","","","","","","","","","","","","","","",""
"GO DEEP INTERNATIONAL INC (F7047-231212/001/ERD~000)","GO DEEP INTERNATIONAL INC (F7047-231212/001/ERD~000)","F7047-231212/001/ERD","000","F7047-231212","","F7047-231212/001/ERD","2","2024-10-25","2024-09-26","","","2026-09-27","0.00","0.00","CAD","","","","","","","*N2050C","*Buoys, Plastic","*Bouées, en plastique","","","","*GD","","","Competitive - Open bidding","Concurrentielle - Invitation ouverte à soumissionner","Lowest Price","Prix le plus bas","","","","","","","Go Deep International Inc.","Go Deep International Inc.","GO DEEP INTERNATIONAL INC","GO DEEP INTERNATIONAL INC","Go Deep International Inc.","Go Deep International Inc.","10 to 19 employees","10 à 19 employés","10 Watertower Road","10 Watertower Road","Saint John","Saint John","New Brunswick","New Brunswick","E2M7K2","Canada","Canada","Public Works and Government Services Canada","Travaux publics et Services gouvernementaux Canada","","","","","","","","","","Fisheries and Oceans Canada","Pêches et Océans Canada","CCG DIRECTOR SERVICES DELIVERY","DIRECTEUR, PRESTATN DE SERVICE","INTEGRATED TECHNICAL SERVICES<br>200 KENT ST - STN 7S036,OTTAWA,Ontario,K1A0E6,Canada","INTEGRATED TECHNICAL SERVICES<br>200 KENT ST - STN 7S036,OTTAWA,Ontario,K1A0E6,Canada","","","","","","","","","","","","","","","",""
"R2SONIC, LLC (F2915-230386/001/ML~000)","R2SONIC, LLC (F2915-230386/001/ML~000)","F2915-230386/001/ML","000","F2915-230386","","F2915-230386/001/ML","1","2023-10-25","2023-09-27","","","2025-03-27","204430.00","204430.00","CAD","","","","","","","*N2090","*Ship and Marine Miscellaneous Equipment","*Équipement de navire et matériel naval","","","","*GD","","","Non-competitive","Non concurrentielle","","","Additional Deliveries","Livraisons supplémentaires","*Canadian Free Trade Agreement (CFTA)","*Accord de libre-échange canadien (ALEC)","","","R2Sonic, LLC","R2Sonic, LLC","R2SONIC, LLC","R2SONIC, LLC","R2Sonic, LLC","R2Sonic, LLC","20 to 49 employees","20 à 49 employés","5307 Industrial Oaks Blvd<br>Suite 120","5307 Industrial Oaks Blvd<br>Suite 120","Austin","Austin","Texas","Texas","78735","United States","United States","Public Works and Government Services Canada","Travaux publics et Services gouvernementaux Canada","","","","","","","","","","Fisheries and Oceans Canada","Pêches et Océans Canada","DIRECTOR HYDROGRAPHY","N/D","867 LAKESHORE BLVD<br>P.O.BOX 5050,BURLINGTON,Ontario,L7R4A6,Canada","867 LAKESHORE BLVD<br>P.O.BOX 5050,BURLINGTON,Ontario,L7R4A6,Canada","","","","","","","","","","","","","","","",""
"MARINENAV LTD (F2934-230439/001/ML~000)","MARINENAV LTD (F2934-230439/001/ML~000)","F2934-230439/001/ML","000","F2934-230439","","F2934-230439/001/ML","1","2024-07-27","2024-07-16","","","2025-07-16","28957.00","28957.00","CAD","","","","","","","*N2090","*Ship and Marine Miscellaneous Equipment","*Équipement de navire et matériel naval","","","","*GD","","","Non-competitive","Non concurrentielle","Low Dollar Value","Faible valeur","","","*None","*Aucun","","","MarineNav Ltd","MarineNav Ltd","MARINENAV LTD","MARINENAV LTD","MarineNav Ltd","MarineNav Ltd","10 to 19 employees","10 à 19 employés","Panmure Island Wharf<br>Panmure Island","Panmure Island Wharf<br>Panmure Island","Montague","Montague","Prince Edward Island","Prince Edward Island","C0A1R0","Canada","Canada","Public Works and Government Services Canada","Travaux publics et Services gouvernementaux Canada","","","","","","","","","","Fisheries and Oceans Canada / Fisheries and Oceans Canada","Pêches et Océans Canada / Pêches et Océans Canada","INFORMATICS / INFORMATICS","N/D / N/D","200 KENT STREET<br>11th FLOOR,OTTAWA,Ontario,K1A0E6,Canada / 200 KENT STREET<br>11th FLOOR,OTTAWA,Ontario,K1A0E6,Canada","200 KENT STREET<br>11th FLOOR,OTTAWA,Ontario,K1A0E6,Canada / 200 KENT STREET<br>11th FLOOR,OTTAWA,Ontario,K1A0E6,Canada","","","","","","","","","","","","","","","",""
"WARTSILA NORTH AMERICA, INC (F3065-240115/001/ML~000)","WARTSILA NORTH AMERICA, INC (F3065-240115/001/ML~000)","F3065-240115/001/ML","000","F3065-240115","","F3065-240115/001/ML","1","2024-06-27","2024-05-28","","","2024-08-15","91425.00","91425.00","CAD","","","","","","","*N2090","*Ship and Marine Miscellaneous Equipment","*Équipement de navire et matériel naval","","","","*GD","","","Non-competitive","Non concurrentielle","","","Exclusive Rights","Droits exclusifs","*Canadian Free Trade Agreement (CFTA)","*Accord de libre-échange canadien (ALEC)","","","Wärtsilä North America, Inc.","Wärtsilä North America, Inc.","WARTSILA NORTH AMERICA, INC","WARTSILA NORTH AMERICA, INC","Wärtsilä North America, Inc.","Wärtsilä North America, Inc.","UNKNOWN","INCONNU","11710 North Gessner Road, Suite A","11710 North Gessner Road, Suite A","Houston","Houston","Texas","Texas","77064","United States","United States","Public Works and Government Services Canada","Travaux publics et Services gouvernementaux Canada","","","","","","","","","","Fisheries and Oceans Canada","Pêches et Océans Canada","CCG NAVAL ENGINEERING","GCC INGENIERIE NAVALE","101 BOUL.CHAMPLAIN R.C.,QUEBEC,Quebec,G1K7Y7,Canada","101 BOUL.CHAMPLAIN R.C.,QUEBEC,Quebec,G1K7Y7,Canada","","","","","","","","","","","","","","","",""
"DSS MARINE INC (F5411-240101/001/ML~000)","DSS MARINE INC (F5411-240101/001/ML~000)","F5411-240101/001/ML","000","F5411-240101","","F5411-240101/001/ML","2","2025-01-27","2024-12-20","","","2025-03-31","261800.00","550800.00","CAD","","","","","","","*N2090","*Ship and Marine Miscellaneous Equipment","*Équipement de navire et matériel naval","","","","*GD","","","Advance contract award notice","Préavis d'attribution du contrat","","","Exclusive Rights","Droits exclusifs","","","","","DSS PROTECTION NS INC.","DSS PROTECTION NS INC.","DSS MARINE INC","DSS MARINE INC","DSS Marine Incorporated","DSS Marine Incorporated","10 to 19 employees","10 à 19 employés","71 Wright Ave.","71 Wright Ave.","Dartmouth","Dartmouth","Nova Scotia","Nova Scotia","B3B1H4","Canada","Canada","Public Works and Government Services Canada","Travaux publics et Services gouvernementaux Canada","","","","","","","","","","Fisheries and Oceans Canada","Pêches et Océans Canada","CCG/ OPRTNS INCDNT MNGMNT","OPRTNS GSTN INCDNTS","200 KENT ST, 6 FL,OTTAWA,Ontario,K1A0E6,Canada","200 KENT ST, 6 FL,OTTAWA,Ontario,K1A0E6,Canada","","","","","","","","","","","","","","","",""
"HAWBOLDT INDUSTRIES (1989) LTD (F7013-225005/001/ML ~000)","HAWBOLDT INDUSTRIES (1989) LTD (F7013-225005/001/ML ~000)","F7013-225005/001/ML ","000","F7013-225005","","F7013-225005/001/ML ","1","2025-11-06","2025-10-09","","","2026-10-08","2253804.00","2253804.00","CAD","","","","","","","*N2090","*Ship and Marine Miscellaneous Equipment","*Équipement de navire et matériel naval","","","","*GD","","","Non-competitive","Non concurrentielle","","","Exclusive Rights","Droits exclusifs","","","","","HAWBOLDT INDUSTRIES (1989) LIMITED","HAWBOLDT INDUSTRIES (1989) LIMITED","HAWBOLDT INDUSTRIES (1989) LTD","HAWBOLDT INDUSTRIES (1989) LTD","HAWBOLDT INDUSTRIES (1989) LTD","HAWBOLDT INDUSTRIES (1989) LTD","50 to 99 employees","50 à 99 employés","PO Box 80<br>220 Windsor Road","PO Box 80<br>220 Windsor Road","Chester","Chester","Nova Scotia","Nova Scotia","B0J1J0","Canada","Canada","Public Works and Government Services Canada","Travaux publics et Services gouvernementaux Canada","","","","","","","","","","Fisheries and Oceans Canada","Pêches et Océans Canada","MAJOR CROWN PROJECTS DIR.","DIR GRANDS PROJETS D'ETAT","3RD FL.<br>200 ELGIN ST,OTTAWA,Ontario,K2P1L5,Canada","3RD FL.<br>200 ELGIN ST,OTTAWA,Ontario,K2P1L5,Canada","","","","","","","","","","","","","","","",""
"SEACOAST MARINE ELECTRONICS LTD (F7013-230002/001/QF~000)","SEACOAST MARINE ELECTRONICS LTD (F7013-230002/001/QF~000)","F7013-230002/001/QF","000","F7013-230002","","F7013-230002/001/QF","1","2024-01-31","2023-12-11","","","2024-12-11","91437.00","91437.00","CAD","","","","","","","*N2090","*Ship and Marine Miscellaneous Equipment","*Équipement de navire et matériel naval","","","","*GD","","","Competitive - Traditional","Concurrentielle - Traditionnelle","Lowest Price","Prix le plus bas","","","*Canadian Free Trade Agreement (CFTA)","*Accord de libre-échange canadien (ALEC)","","","Seacoast Marine Electronics Ltd","Seacoast Marine Electronics Ltd","SEACOAST MARINE ELECTRONICS LTD","SEACOAST MARINE ELECTRONICS LTD","Seacoast Marine Electronics Ltd","Seacoast Marine Electronics Ltd","1 to 4 employees","1 à 4 employés","503-20170 Stewart Crescent","503-20170 Stewart Crescent","Maple Ridge","Maple Ridge","British Columbia","British Columbia","V2X0T4","Canada","Canada","Public Works and Government Services Canada","Travaux publics et Services gouvernementaux Canada","","","","","","","","","","Fisheries and Oceans Canada / Fisheries and Oceans Canada","Pêches et Océans Canada / Pêches et Océans Canada","MAJOR CROWN PROJECTS DIR. / MAJOR CROWN PROJECTS DIR.","DIR GRANDS PROJETS D'ETAT / DIR GRANDS PROJETS D'ETAT","3RD FL.<br>200 ELGIN ST,OTTAWA,Ontario,K2P1L5,Canada / 3RD FL.<br>200 ELGIN ST,OTTAWA,Ontario,K2P1L5,Canada","3RD FL.<br>200 ELGIN ST,OTTAWA,Ontario,K2P1L5,Canada / 3RD FL.<br>200 ELGIN ST,OTTAWA,Ontario,K2P1L5,Canada","","","","","","","","","","","","","","","",""
"ABB INC (F7013-230003/001/ML~000)","ABB INC (F7013-230003/001/ML~000)","F7013-230003/001/ML","000","F7013-230003","","F7013-230003/001/ML","1","2023-09-22","2023-09-13","","","2024-09-30","90977.00","90977.00","CAD","","","","","","","*N2090","*Ship and Marine Miscellaneous Equipment","*Équipement de navire et matériel naval","","","","*GD","","","Non-competitive","Non concurrentielle","","","Exclusive Rights","Droits exclusifs","*Canadian Free Trade Agreement (CFTA)","*Accord de libre-échange canadien (ALEC)","","","ABB Inc.","ABB Inc.","ABB INC","ABB INC","ABB Inc.","ABB Inc.","1500 to 2499 employees","1500 à 2499 employés","ABB Inc.<br>800 Boul. Hymus","ABB Inc.<br>800 Boul. Hymus","St-Laurent","St-Laurent","Quebec","Quebec","H4S0B5","Canada","Canada","Public Works and Government Services Canada","Travaux publics et Services gouvernementaux Canada","","","","","","","","","","Fisheries and Oceans Canada","Pêches et Océans Canada","MAJOR CROWN PROJECTS DIR.","DIR GRANDS PROJETS D'ETAT","3RD FL.<br>200 ELGIN ST,OTTAWA,Ontario,K2P1L5,Canada","3RD FL.<br>200 ELGIN ST,OTTAWA,Ontario,K2P1L5,Canada","","","","","","","","","","","","","","","",""
"GO-TEC SRL (F7013-236011/001/ML~000)","GO-TEC SRL (F7013-236011/001/ML~000)","F7013-236011/001/ML","000","F7013-236011","","F7013-236011/001/ML","1","2024-04-02","2024-03-18","","","2024-04-19","103085.00","103085.00","CAD","","","","","","","*N2090","*Ship and Marine Miscellaneous Equipment","*Équipement de navire et matériel naval","","","","*GD","","","Non-competitive","Non concurrentielle","","","Exclusive Rights","Droits exclusifs","*Canadian Free Trade Agreement (CFTA)","*Accord de libre-échange canadien (ALEC)","","","GO-TEC S.R.L.","GO-TEC S.R.L.","GO-TEC SRL","GO-TEC SRL","GO-TEC S.R.L.","GO-TEC S.R.L.","UNKNOWN","INCONNU","SALITA GUARDIA 60A","SALITA GUARDIA 60A","CERANESI (GE)","CERANESI (GE)","","","16014","Italy","Italy","Public Works and Government Services Canada","Travaux publics et Services gouvernementaux Canada","","","","","","","","","","Fisheries and Oceans Canada","Pêches et Océans Canada","MAJOR CROWN PROJECTS DIR.","DIR GRANDS PROJETS D'ETAT","3RD FL.<br>200 ELGIN ST,OTTAWA,Ontario,K2P1L5,Canada","3RD FL.<br>200 ELGIN ST,OTTAWA,Ontario,K2P1L5,Canada","","","","","","","","","","","","","","","",""
"SCHOTTEL INC (F7013-240240/001/ML~000)","SCHOTTEL INC (F7013-240240/001/ML~000)","F7013-240240/001/ML","000","F7013-240240","","F7013-240240/001/ML","2","2025-03-27","2025-03-12","","","2027-04-01","651675.00","651797.00","CAD","","","","","","","*N2090","*Ship and Marine Miscellaneous Equipment","*Équipement de navire et matériel naval","","","","*GD","","","Non-competitive","Non concurrentielle","","","Exclusive Rights","Droits exclusifs","","","","","SCHOTTEL INC","SCHOTTEL INC","SCHOTTEL INC","SCHOTTEL INC","SCHOTTEL INC","SCHOTTEL INC","20 to 49 employees","20 à 49 employés","1741 Denley Rd","1741 Denley Rd","Houma","Houma","Louisiana","Louisiana","70363","United States","United States","Public Works and Government Services Canada","Travaux publics et Services gouvernementaux Canada","","","","","","","","","","Fisheries and Oceans Canada","Pêches et Océans Canada","MAJOR CROWN PROJECTS DIR.","DIR GRANDS PROJETS D'ETAT","3RD FL.<br>200 ELGIN ST,OTTAWA,Ontario,K2P1L5,Canada","3RD FL.<br>200 ELGIN ST,OTTAWA,Ontario,K2P1L5,Canada","","","","","","","","","","","","","","","",""
"BRONSWERK MARINE INC (F7044-221204/001/ML~000)","BRONSWERK MARINE INC (F7044-221204/001/ML~000)","F7044-221204/001/ML","000","F7044-221204","","F7044-221204/001/ML","4","2023-09-22","2023-08-23","","","2024-08-23","750000.00","750000.00","CA