"title-titre-eng","title-titre-fra","referenceNumber-numeroReference","amendmentNumber-numeroModification","procurementNumber-numeroApprovisionnement","solicitationNumber-numeroSollicitation","contractNumber-numeroContrat","numberOfRecords-nombreEnregistrements","publicationDate-datePublication","contractAwardDate-dateAttributionContrat","amendmentDate-dateModification","contractStartDate-contratDateDebut","contractEndDate-dateFinContrat","contractAmount-montantContrat","totalContractValue-valeurTotaleContrat","contractCurrency-contratMonnaie","contractStatus-statutContrat-eng","contractStatus-statutContrat-fra","instrumentType-typeInstrument-eng","instrumentType-typeInstrument-fra","amendmentType-typeModification-eng","amendmentType-typeModification-fra","gsin-nibs","gsinDescription-nibsDescription-eng","gsinDescription-nibsDescription-fra","unspsc","unspscDescription-eng","unspscDescription-fra","procurementCategory-categorieApprovisionnement","noticeType-avisType-eng","noticeType-avisType-fra","procurementMethod-methodeApprovisionnement-eng","procurementMethod-methodeApprovisionnement-fra","selectionCriteria-criteresSelection-eng","selectionCriteria-criteresSelection-fra","limitedTenderingReason-raisonAppelOffresLimite-eng","limitedTenderingReason-raisonAppelOffresLimite-fra","tradeAgreements-accordsCommerciaux-eng","tradeAgreements-accordsCommerciaux-fra","regionsOfDelivery-regionsLivraison-eng","regionsOfDelivery-regionsLivraison-fra","supplierLegalName-nomLegalFournisseur-eng","supplierLegalName-nomLegalFournisseur-fra","supplierStandardizedName-nomNormaliseFournisseur-eng","supplierStandardizedName-nomNormaliseFournisseur-fra","supplierOperatingName-nomCommercialFournisseur-eng","supplierOperatingName-nomCommercialFournisseur-fra","supplierEmployeeCount-fournisseurNombreEmployes-eng","supplierEmployeeCount-fournisseurNombreEmployes-fra","supplierAddressLine-ligneAdresseFournisseur-eng","supplierAddressLine-ligneAdresseFournisseur-fra","supplierAddressCity-fournisseurAdresseVille-eng","supplierAddressCity-fournisseurAdresseVille-fra","supplierAddressProvince-fournisseurAdresseProvince-eng","supplierAddressProvince-fournisseurAdresseProvince-fra","supplierAddressPostalCode-fournisseurAdresseCodePostal","supplierAddressCountry-fournisseurAdressePays-eng","supplierAddressCountry-fournisseurAdressePays-fra","contractingEntityName-nomEntitContractante-eng","contractingEntityName-nomEntitContractante-fra","contractingEntityAddressLine-ligneAdresseEntiteContractante-eng","contractingEntityAddressLine-ligneAdresseEntiteContractante-fra","contractingEntityAddressCity-entiteContractanteAdresseVille-eng","contractingEntityAddressCity-entiteContractanteAdresseVille-fra","contractingEntityAddressProvince-entiteContractanteAdresseProvince-eng","contractingEntityAddressProvince-entiteContractanteAdresseProvince-fra","contractingEntityAddressPostalCode-entiteContractanteAdresseCodePostal","contractingEntityAddressCountry-entiteContractanteAdressePays-eng","contractingEntityAddressCountry-entiteContractanteAdressePays-fra","endUserEntitiesName-nomEntitesUtilisateurFinal-eng","endUserEntitiesName-nomEntitesUtilisateurFinal-fra","endUserEntitiesOfficeName-bureauNomEntitesUtilisateurFinal-eng","endUserEntitiesOfficeName-bureauNomEntitesUtilisateurFinal-fra","endUserEntitiesAddress-adresseEntitesUtilisateurFinal-eng","endUserEntitiesAddress-adresseEntitesUtilisateurFinal-fra","contactInfoName-informationsContactNom","contactInfoEmail-informationsContactCourriel","contactInfoPhone-contactInfoTelephone","contactInfoFax","contactInfoAddressLine-contactInfoAdresseLigne-eng","contactInfoAddressLine-contactInfoAdresseLigne-fra","contactInfoCity-contacterInfoVille-eng","contactInfoCity-contacterInfoVille-fra","contactInfoProvince-contacterInfoProvince-eng","contactInfoProvince-contacterInfoProvince-fra","contactInfoPostalcode","contactInfoCountry-contactInfoPays-eng","contactInfoCountry-contactInfoPays-fra","percentageOfGoodsByCountry-pourcentageDeBiensParPays","tenderDescription-descriptionAppelOffres-eng","tenderDescription-descriptionAppelOffres-fra"
"EMS TECHNOLOGIES CANADA, LTD (W3999-09M481/001/WPG~000)","EMS TECHNOLOGIES CANADA, LTD (W3999-09M481/001/WPG~000)","W3999-09M481/001/WPG","000","W3999-09M481","","W3999-09M481/001/WPG","4","","2009-09-30","","","2009-12-31","26513.00","100100.00","CAD","","","","","","","*N7030","*ADP Software","*Logiciel TAI","","","","*GD","","","Non-competitive","Non concurrentielle","","","Exclusive Rights","Droits exclusifs","* Other trade agreements not listed here may apply
*Canada-Peru Free Trade Agreement (CPFTA)
*Canada-Chile Free Trade Agreement (CCFTA)
*Canada-Colombia Free Trade Agreement
*North American Free Trade Agreement (NAFTA)
*Canada-Panama Free Trade Agreement","*d'autres accords commerciaux non répertoriés ici peuvent s'appliquer
*Accord de libre-échange Canada-Pérou (ALECP)
*Accord de libre-échange Canada-Chili (ALECC)
*Accord de libre-échange Canada-Colombie
*Accord de libre-échange nord-américain (ALENA)
*Accord de libre-échange Canada-Panama","","","EMS Technologies Canada, Ltd.","EMS Technologies Canada, Ltd.","EMS TECHNOLOGIES CANADA, LTD","EMS TECHNOLOGIES CANADA, LTD","EMS Technologies Canada, Ltd.","EMS Technologies Canada, Ltd.","200 to 499 employees","200 à 499 employés","400 Maple Grove Road","400 Maple Grove Road","Ottawa","Ottawa","Ontario","Ontario","K2V1B8","Canada","Canada","Public Works and Government Services Canada","Travaux publics et Services gouvernementaux Canada","","","","","","","","","","Department of National Defence","Ministère de la défense nationale","AIR COMMAND HEADQUARTERS","N/D","P.O.BOX 17000 STN FORCES,WINNIPEG,Manitoba,R3J3Y5,Canada","P.O.BOX 17000 STN FORCES,WINNIPEG,Manitoba,R3J3Y5,Canada","","","","","","","","","","","","","","","",""
"EMS TECHNOLOGIES CANADA, LTD (W3999-10M482/001/WPG~000)","EMS TECHNOLOGIES CANADA, LTD (W3999-10M482/001/WPG~000)","W3999-10M482/001/WPG","000","W3999-10M482","","W3999-10M482/001/WPG","4","","2010-01-28","","","2010-02-28","25025.00","100100.00","CAD","","","","","","","*N7030","*ADP Software","*Logiciel TAI","","","","*GD","","","Non-competitive","Non concurrentielle","","","Exclusive Rights","Droits exclusifs","*None","*Aucun","","","EMS Technologies Canada, Ltd.","EMS Technologies Canada, Ltd.","EMS TECHNOLOGIES CANADA, LTD","EMS TECHNOLOGIES CANADA, LTD","EMS Technologies Canada, Ltd.","EMS Technologies Canada, Ltd.","200 to 499 employees","200 à 499 employés","400 Maple Grove Road","400 Maple Grove Road","Ottawa","Ottawa","Ontario","Ontario","K2V1B8","Canada","Canada","Public Works and Government Services Canada","Travaux publics et Services gouvernementaux Canada","","","","","","","","","","Department of National Defence","Ministère de la défense nationale","AIR COMMAND HEADQUARTERS","N/D","P.O.BOX 17000 STN FORCES,WINNIPEG,Manitoba,R3J3Y5,Canada","P.O.BOX 17000 STN FORCES,WINNIPEG,Manitoba,R3J3Y5,Canada","","","","","","","","","","","","","","","",""
"EMS TECHNOLOGIES CANADA, LTD (W3999-13M481/001/WPG~000)","EMS TECHNOLOGIES CANADA, LTD (W3999-13M481/001/WPG~000)","W3999-13M481/001/WPG","000","W3999-13M481","","W3999-13M481/001/WPG","11","","2015-06-17","","","2016-06-17","250859.00","2587358.00","CAD","","","","","","","*N7030","*ADP Software","*Logiciel TAI","","","","*GD","","","Non-competitive","Non concurrentielle","","","Exclusive Rights","Droits exclusifs","*Canada-Peru Free Trade Agreement (CPFTA)
*North American Free Trade Agreement (NAFTA)
* Other trade agreements not listed here may apply
*Canada-European Union Comprehensive Economic and Trade Agreement (CETA)
*World Trade Organization Agreement on Government Procurement (WTO GPA)
*Canada-Chile Free Trade Agreement (CCFTA)
*Canada-Colombia Free Trade Agreement
*Canada-Panama Free Trade Agreement","*Accord de libre-échange Canada-Pérou (ALECP)
*Accord de libre-échange nord-américain (ALENA)
*d'autres accords commerciaux non répertoriés ici peuvent s'appliquer
*Accord économique et commercial global (AECG) entre le Canada et l’Union européenne (UE)
*Accord sur les marchés publics de l'Organisation mondiale du commerce (AMP-OMC)
*Accord de libre-échange Canada-Chili (ALECC)
*Accord de libre-échange Canada-Colombie
*Accord de libre-échange Canada-Panama","","","EMS Technologies Canada, Ltd.","EMS Technologies Canada, Ltd.","EMS TECHNOLOGIES CANADA, LTD","EMS TECHNOLOGIES CANADA, LTD","EMS Technologies Canada, Ltd.","EMS Technologies Canada, Ltd.","200 to 499 employees","200 à 499 employés","400 Maple Grove Road","400 Maple Grove Road","Ottawa","Ottawa","Ontario","Ontario","K2V1B8","Canada","Canada","Public Works and Government Services Canada","Travaux publics et Services gouvernementaux Canada","","","","","","","","","","Department of National Defence","Ministère de la défense nationale","AIR COMMAND HEADQUARTERS","N/D","P.O.BOX 17000 STN FORCES,WINNIPEG,Manitoba,R3J3Y5,Canada","P.O.BOX 17000 STN FORCES,WINNIPEG,Manitoba,R3J3Y5,Canada","","","","","","","","","","","","","","","",""
"MDA SYSTEMS (W3999-200034/001/CAL~000)","MDA SYSTEMS (W3999-200034/001/CAL~000)","W3999-200034/001/CAL","000","W3999-200034","","W3999-200034/001/CAL","1","2024-07-27","2021-02-19","","","2026-03-31","1378107.00","1378107.00","CAD","","","","","","","*N7030","*ADP Software","*Logiciel TAI","","","","*GD","","","Non-competitive","Non concurrentielle","","","Exclusive Rights","Droits exclusifs","* Other trade agreements not listed here may apply
*Canada-European Union Comprehensive Economic and Trade Agreement (CETA)
*Canada-Peru Free Trade Agreement (CPFTA)
*Canada-Chile Free Trade Agreement (CCFTA)
*Canada-Colombia Free Trade Agreement
*Comprehensive and Progressive Agreement for Trans-Pacific Partnership (CPTPP)
*Canada-Panama Free Trade Agreement
*World Trade Organization Agreement on Government Procurement (WTO GPA)","*d'autres accords commerciaux non répertoriés ici peuvent s'appliquer
*Accord économique et commercial global (AECG) entre le Canada et l’Union européenne (UE)
*Accord de libre-échange Canada-Pérou (ALECP)
*Accord de libre-échange Canada-Chili (ALECC)
*Accord de libre-échange Canada-Colombie
*Accord de Partenariat transpacifique global et progressiste (PTPGP)
*Accord de libre-échange Canada-Panama
*Accord sur les marchés publics de l'Organisation mondiale du commerce (AMP-OMC)","","","MDA SYSTEMS LTD.","MDA SYSTEMS LTD.","MDA SYSTEMS","MDA SYSTEMS","MDA Systems","MDA Systems","500 to 999 employees","500  à  999 employés","13800 Commerce Parkway","13800 Commerce Parkway","Richmond","Richmond","British Columbia","British Columbia","V6V2J3","Canada","Canada","Public Works and Government Services Canada","Travaux publics et Services gouvernementaux Canada","","","","","","","","","","Department of National Defence","Ministère de la défense nationale","AIR COMMAND HEADQUARTERS","N/D","P.O.BOX 17000 STN FORCES,WINNIPEG,Manitoba,R3J3Y5,Canada","P.O.BOX 17000 STN FORCES,WINNIPEG,Manitoba,R3J3Y5,Canada","","","","","","","","","","","","","","","",""
"EMS TECHNOLOGIES CANADA, LTD (W3999-210021/001/STN~000)","EMS TECHNOLOGIES CANADA, LTD (W3999-210021/001/STN~000)","W3999-210021/001/STN","000","W3999-210021","","W3999-210021/001/STN","3","2024-07-27","2022-12-21","","","2026-01-31","837402.00","1683041.77","CAD","","","","","","","*N7030","*ADP Software","*Logiciel TAI","","","","*GD","","","Non-competitive","Non concurrentielle","","","Exclusive Rights","Droits exclusifs","*Canada-UK Trade Continuity Agreement (Canada-UK TCA)
*Canada-European Union Comprehensive Economic and Trade Agreement (CETA)","*Accord de continuité commerciale Canada–Royaume-Uni (ACC Canada-Royaume-Uni)
*Accord économique et commercial global (AECG) entre le Canada et l’Union européenne (UE)","","","EMS Technologies Canada, Ltd.","EMS Technologies Canada, Ltd.","EMS TECHNOLOGIES CANADA, LTD","EMS TECHNOLOGIES CANADA, LTD","EMS Technologies Canada, Ltd.","EMS Technologies Canada, Ltd.","200 to 499 employees","200 à 499 employés","400 Maple Grove Road","400 Maple Grove Road","Ottawa","Ottawa","Ontario","Ontario","K2V1B8","Canada","Canada","Public Works and Government Services Canada","Travaux publics et Services gouvernementaux Canada","","","","","","","","","","Department of National Defence","Ministère de la défense nationale","AIR COMMAND HEADQUARTERS","N/D","P.O.BOX 17000 STN FORCES,WINNIPEG,Manitoba,R3J3Y5,Canada","P.O.BOX 17000 STN FORCES,WINNIPEG,Manitoba,R3J3Y5,Canada","","","","","","","","","","","","","","","",""
"ORATOR PLUC, INC CA (W4938-100001/001/KIN~000)","ORATOR PLUC, INC CA (W4938-100001/001/KIN~000)","W4938-100001/001/KIN","000","W4938-100001","","W4938-100001/001/KIN","1","","2011-03-22","","","2011-05-31","5800.00","5800.00","CAD","","","","","","","*N7030","*ADP Software","*Logiciel TAI","","","","*GD","","","Non-competitive","Non concurrentielle","","","Exclusive Rights","Droits exclusifs","*None","*Aucun","","","Orator Pluc, Inc CA","Orator Pluc, Inc CA","ORATOR PLUC, INC CA","ORATOR PLUC, INC CA","Not applicable","Not applicable","UNKNOWN","INCONNU","9825 Blue Larkspur Lane<br>Suite 100","9825 Blue Larkspur Lane<br>Suite 100","Monterey","Monterey","California","California","93940","United States","United States","Public Works and Government Services Canada","Travaux publics et Services gouvernementaux Canada","","","","","","","","","","Department of National Defence","Ministère de la défense nationale","CDN DEFENCE ACADEMY HDQTRS","N/D","STN FORCES<br>P.O.BOX 17000,KINGSTON,Ontario,K7K7B4,Canada","STN FORCES<br>P.O.BOX 17000,KINGSTON,Ontario,K7K7B4,Canada","","","","","","","","","","","","","","","",""
"ADOBE SYSTEMS INC (W4938-100002/001/KIN~000)","ADOBE SYSTEMS INC (W4938-100002/001/KIN~000)","W4938-100002/001/KIN","000","W4938-100002","","W4938-100002/001/KIN","1","","2011-03-16","","","2011-07-31","26175.00","26175.00","CAD","","","","","","","*N7030","*ADP Software","*Logiciel TAI","","","","*GD","","","Non-competitive","Non concurrentielle","Low Dollar Value","Faible valeur","","","*None","*Aucun","","","ADOBE INC.","ADOBE INC.","ADOBE SYSTEMS INC","ADOBE SYSTEMS INC","ADOBE INC.","ADOBE INC.","5000 employees and over","5000 employés et plus","345 Park Avenue","345 Park Avenue","San Jose","San Jose","California","California","95110-2704","United States","United States","Public Works and Government Services Canada","Travaux publics et Services gouvernementaux Canada","","","","","","","","","","Department of National Defence","Ministère de la défense nationale","CDN DEFENCE ACADEMY HDQTRS","N/D","STN FORCES<br>P.O.BOX 17000,KINGSTON,Ontario,K7K7B4,Canada","STN FORCES<br>P.O.BOX 17000,KINGSTON,Ontario,K7K7B4,Canada","","","","","","","","","","","","","","","",""
"AURALOG INC (W4938-101DTE/001/XL~000)","AURALOG INC (W4938-101DTE/001/XL~000)","W4938-101DTE/001/XL","000","W4938-101DTE","","W4938-101DTE/001/XL","4","","2011-05-20","","","2012-06-01","54000.00","223020.00","CAD","","","","","","","*N7030","*ADP Software","*Logiciel TAI","","","","*GD","","","Competitive - Open bidding","Concurrentielle - Invitation ouverte à soumissionner","Lowest Price","Prix le plus bas","","","*Canada-European Union Comprehensive Economic and Trade Agreement (CETA)
* Other trade agreements not listed here may apply
*North American Free Trade Agreement (NAFTA)
*Canada-Chile Free Trade Agreement (CCFTA)
*Canada-Colombia Free Trade Agreement
*Canada-Peru Free Trade Agreement (CPFTA)
*Canada-Panama Free Trade Agreement
*World Trade Organization Agreement on Government Procurement (WTO GPA)","*Accord économique et commercial global (AECG) entre le Canada et l’Union européenne (UE)
*d'autres accords commerciaux non répertoriés ici peuvent s'appliquer
*Accord de libre-échange nord-américain (ALENA)
*Accord de libre-échange Canada-Chili (ALECC)
*Accord de libre-échange Canada-Colombie
*Accord de libre-échange Canada-Pérou (ALECP)
*Accord de libre-échange Canada-Panama
*Accord sur les marchés publics de l'Organisation mondiale du commerce (AMP-OMC)","","","Auralog Inc","Auralog Inc","AURALOG INC","AURALOG INC","Auralog Inc","Auralog Inc","50 to 99 employees","50 à 99 employés","3710 E University Dr<br>suite 1","3710 E University Dr<br>suite 1","Phoenix","Phoenix","Arizona","Arizona","85034","United States","United States","Public Works and Government Services Canada","Travaux publics et Services gouvernementaux Canada","","","","","","","","","","Department of National Defence","Ministère de la défense nationale","CDN DEFENCE ACADEMY HDQTRS","N/D","STN FORCES<br>P.O.BOX 17000,KINGSTON,Ontario,K7K7B4,Canada","STN FORCES<br>P.O.BOX 17000,KINGSTON,Ontario,K7K7B4,Canada","","","","","","","","","","","","","","","",""
"MDA SYSTEMS (W3999-16H010/001/WPG~000)","MDA SYSTEMS (W3999-16H010/001/WPG~000)","W3999-16H010/001/WPG","000","W3999-16H010","","W3999-16H010/001/WPG","5","","2016-02-25","","","2019-02-24","787500.00","1312500.00","CAD","","","","","","","*N7030","*ADP Software","*Logiciel TAI","","","","*GD","","","Non-competitive","Non concurrentielle","","","Exclusive Rights","Droits exclusifs","*None","*Aucun","","","MDA SYSTEMS LTD.","MDA SYSTEMS LTD.","MDA SYSTEMS","MDA SYSTEMS","MDA Systems","MDA Systems","500 to 999 employees","500  à  999 employés","13800 Commerce Parkway","13800 Commerce Parkway","Richmond","Richmond","British Columbia","British Columbia","V6V2J3","Canada","Canada","Public Works and Government Services Canada","Travaux publics et Services gouvernementaux Canada","","","","","","","","","","Department of National Defence","Ministère de la défense nationale","AIR COMMAND HEADQUARTERS","N/D","P.O.BOX 17000 STN FORCES,WINNIPEG,Manitoba,R3J3Y5,Canada","P.O.BOX 17000 STN FORCES,WINNIPEG,Manitoba,R3J3Y5,Canada","","","","","","","","","","","","","","","",""
"ADOBE SYSTEMS INC (W4938-110003/001/KIN~000)","ADOBE SYSTEMS INC (W4938-110003/001/KIN~000)","W4938-110003/001/KIN","000","W4938-110003","","W4938-110003/001/KIN","1","","2011-02-16","","","2011-06-30","4233.00","4233.00","CAD","","","","","","","*N7030","*ADP Software","*Logiciel TAI","","","","*GD","","","Non-competitive","Non concurrentielle","Low Dollar Value","Faible valeur","","","*None","*Aucun","","","ADOBE INC.","ADOBE INC.","ADOBE SYSTEMS INC","ADOBE SYSTEMS INC","ADOBE INC.","ADOBE INC.","5000 employees and over","5000 employés et plus","345 Park Avenue","345 Park Avenue","San Jose","San Jose","California","California","95110-2704","United States","United States","Public Works and Government Services Canada","Travaux publics et Services gouvernementaux Canada","","","","","","","","","","Department of National Defence","Ministère de la défense nationale","CDN DEFENCE ACADEMY HDQTRS","N/D","STN FORCES<br>P.O.BOX 17000,KINGSTON,Ontario,K7K7B4,Canada","STN FORCES<br>P.O.BOX 17000,KINGSTON,Ontario,K7K7B4,Canada","","","","","","","","","","","","","","","",""
"ADOBE SYSTEMS INC (W4938-11009S/001/KIN~000)","ADOBE SYSTEMS INC (W4938-11009S/001/KIN~000)","W4938-11009S/001/KIN","000","W4938-11009S","","W4938-11009S/001/KIN","1","","2011-06-13","","","2011-12-31","5537.00","5537.00","CAD","","","","","","","*N7030","*ADP Software","*Logiciel TAI","","","","*GD","","","Non-competitive","Non concurrentielle","","","Exclusive Rights","Droits exclusifs","*None","*Aucun","","","ADOBE INC.","ADOBE INC.","ADOBE SYSTEMS INC","ADOBE SYSTEMS INC","ADOBE INC.","ADOBE INC.","5000 employees and over","5000 employés et plus","345 Park Avenue","345 Park Avenue","San Jose","San Jose","California","California","95110-2704","United States","United States","Public Works and Government Services Canada","Travaux publics et Services gouvernementaux Canada","","","","","","","","","","Department of National Defence","Ministère de la défense nationale","CDN DEFENCE ACADEMY HDQTRS","N/D","STN FORCES<br>P.O.BOX 17000,KINGSTON,Ontario,K7K7B4,Canada","STN FORCES<br>P.O.BOX 17000,KINGSTON,Ontario,K7K7B4,Canada","","","","","","","","","","","","","","","",""
"ADOBE SYSTEMS INC (W4938-11018G/001/KIN~000)","ADOBE SYSTEMS INC (W4938-11018G/001/KIN~000)","W4938-11018G/001/KIN","000","W4938-11018G","","W4938-11018G/001/KIN","1","","2011-06-24","","","2011-08-31","774.00","774.00","CAD","","","","","","","*N7030","*ADP Software","*Logiciel TAI","","","","*GD","","","Non-competitive","Non concurrentielle","","","Exclusive Rights","Droits exclusifs","*None","*Aucun","","","ADOBE INC.","ADOBE INC.","ADOBE SYSTEMS INC","ADOBE SYSTEMS INC","ADOBE INC.","ADOBE INC.","5000 employees and over","5000 employés et plus","345 Park Avenue","345 Park Avenue","San Jose","San Jose","California","California","95110-2704","United States","United States","Public Works and Government Services Canada","Travaux publics et Services gouvernementaux Canada","","","","","","","","","","Department of National Defence","Ministère de la défense nationale","CDN DEFENCE ACADEMY HDQTRS","N/D","STN FORCES<br>P.O.BOX 17000,KINGSTON,Ontario,K7K7B4,Canada","STN FORCES<br>P.O.BOX 17000,KINGSTON,Ontario,K7K7B4,Canada","","","","","","","","","","","","","","","",""
"MICROSOFT LICENSING, GP (W4938-11020G/001/KIN~000)","MICROSOFT LICENSING, GP (W4938-11020G/001/KIN~000)","W4938-11020G/001/KIN","000","W4938-11020G","","W4938-11020G/001/KIN","1","","2011-08-26","","","2012-08-25","4809.00","4809.00","CAD","","","","","","","*N7030","*ADP Software","*Logiciel TAI","","","","*GD","","","Non-competitive","Non concurrentielle","Low Dollar Value","Faible valeur","","","*None","*Aucun","","","MICROSOFT LICENSING, GP","MICROSOFT LICENSING, GP","MICROSOFT LICENSING, GP","MICROSOFT LICENSING, GP","MICROSOFT LICENSING, GP","MICROSOFT LICENSING, GP","100 to 199 employees","100 à 199 employés","6100 Neil Road<br>Suite 100","6100 Neil Road<br>Suite 100","Reno","Reno","Nevada","Nevada","89511","United States","United States","Public Works and Government Services Canada","Travaux publics et Services gouvernementaux Canada","","","","","","","","","","Department of National Defence","Ministère de la défense nationale","CDN DEFENCE ACADEMY HDQTRS","N/D","STN FORCES<br>P.O.BOX 17000,KINGSTON,Ontario,K7K7B4,Canada","STN FORCES<br>P.O.BOX 17000,KINGSTON,Ontario,K7K7B4,Canada","","","","","","","","","","","","","","","",""
"BLUE MARBLE GROUP, INC (W4938-11139G/001/KIN~000)","BLUE MARBLE GROUP, INC (W4938-11139G/001/KIN~000)","W4938-11139G/001/KIN","000","W4938-11139G","","W4938-11139G/001/KIN","3","","2011-12-21","","","2012-12-20","25565.00","50275.00","CAD","","","","","","","*N7030","*ADP Software","*Logiciel TAI","","","","*GD","","","Non-competitive","Non concurrentielle","","","Exclusive Rights","Droits exclusifs","*Canadian Free Trade Agreement (CFTA)","*Accord de libre-échange canadien (ALEC)","","","Blue Marble Group, Inc.","Blue Marble Group, Inc.","BLUE MARBLE GROUP, INC","BLUE MARBLE GROUP, INC","Not applicable","Not applicable","UNKNOWN","INCONNU","BLUE MARBLE GROUP, INC.<br>397 WATER STREET, SUITE 100","BLUE MARBLE GROUP, INC.<br>397 WATER STREET, SUITE 100","GARDINER","GARDINER","Maine","Maine","04530","United States","United States","Public Works and Government Services Canada","Travaux publics et Services gouvernementaux Canada","","","","","","","","","","Department of National Defence","Ministère de la défense nationale","CDN DEFENCE ACADEMY HDQTRS","N/D","STN FORCES<br>P.O.BOX 17000,KINGSTON,Ontario,K7K7B4,Canada","STN FORCES<br>P.O.BOX 17000,KINGSTON,Ontario,K7K7B4,Canada","","","","","","","","","","","","","","","",""
"MODEST TREE MEDIA INC (W4938-15317G/001/KIN~000)","MODEST TREE MEDIA INC (W4938-15317G/001/KIN~000)","W4938-15317G/001/KIN","000","W4938-15317G","","W4938-15317G/001/KIN","1","","2016-01-29","","","2017-01-29","209559.00","209559.00","CAD","","","","","","","*N7030","*ADP Software","*Logiciel TAI","","","","*GD","","","Non-competitive","Non concurrentielle","","","Exclusive Rights","Droits exclusifs","*Canada-Chile Free Trade Agreement (CCFTA)
*Canada-Peru Free Trade Agreement (CPFTA)
*Canada-Colombia Free Trade Agreement
* Other trade agreements not listed here may apply
*Canada-Panama Free Trade Agreement
*North American Free Trade Agreement (NAFTA)","*Accord de libre-échange Canada-Chili (ALECC)
*Accord de libre-échange Canada-Pérou (ALECP)
*Accord de libre-échange Canada-Colombie
*d'autres accords commerciaux non répertoriés ici peuvent s'appliquer
*Accord de libre-échange Canada-Panama
*Accord de libre-échange nord-américain (ALENA)","","","Modest Tree Media Inc.","Modest Tree Media Inc.","MODEST TREE MEDIA INC","MODEST TREE MEDIA INC","Modest Tree","Modest Tree","20 to 49 employees","20 à 49 employés","6300 Lady Hammond Road, Suite 100","6300 Lady Hammond Road, Suite 100","Halifax","Halifax","Nova Scotia","Nova Scotia","B3K2R6","Canada","Canada","Public Works and Government Services Canada","Travaux publics et Services gouvernementaux Canada","","","","","","","","","","Department of National Defence","Ministère de la défense nationale","CDN DEFENCE ACADEMY HDQTRS","N/D","STN FORCES<br>P.O.BOX 17000,KINGSTON,Ontario,K7K7B4,Canada","STN FORCES<br>P.O.BOX 17000,KINGSTON,Ontario,K7K7B4,Canada","","","","","","","","","","","","","","","",""
"CAE INC (W4938-16021S/001/KIN~000)","CAE INC (W4938-16021S/001/KIN~000)","W4938-16021S/001/KIN","000","W4938-16021S","","W4938-16021S/001/KIN","1","2024-09-24","2016-02-05","","","2017-02-05","450921.00","450921.00","CAD","","","","","","","*N7030","*ADP Software","*Logiciel TAI","","","","*GD","","","Non-competitive","Non concurrentielle","","","Exclusive Rights","Droits exclusifs","* Other trade agreements not listed here may apply
*Canada-European Union Comprehensive Economic and Trade Agreement (CETA)
*World Trade Organization Agreement on Government Procurement (WTO GPA)
*Canada-Colombia Free Trade Agreement
*Canada-Chile Free Trade Agreement (CCFTA)
*Canada-Peru Free Trade Agreement (CPFTA)
*Canada-Panama Free Trade Agreement
*North American Free Trade Agreement (NAFTA)","*d'autres accords commerciaux non répertoriés ici peuvent s'appliquer
*Accord économique et commercial global (AECG) entre le Canada et l’Union européenne (UE)
*Accord sur les marchés publics de l'Organisation mondiale du commerce (AMP-OMC)
*Accord de libre-échange Canada-Colombie
*Accord de libre-échange Canada-Chili (ALECC)
*Accord de libre-échange Canada-Pérou (ALECP)
*Accord de libre-échange Canada-Panama
*Accord de libre-échange nord-américain (ALENA)","","","CAE Inc.","CAE Inc.","CAE INC","CAE INC","CAE Inc.","CAE Inc.","2500 to 4999 employees","2500 à 4999 employés","8585 Côte-de-Liesse","8585 Côte-de-Liesse","Saint Laurent","Saint Laurent","Quebec","Quebec","H4T1G6","Canada","Canada","Public Works and Government Services Canada","Travaux publics et Services gouvernementaux Canada","","","","","","","","","","Department of National Defence","Ministère de la défense nationale","CDN DEFENCE ACADEMY HDQTRS","N/D","STN FORCES<br>P.O.BOX 17000,KINGSTON,Ontario,K7K7B4,Canada","STN FORCES<br>P.O.BOX 17000,KINGSTON,Ontario,K7K7B4,Canada","","","","","","","","","","","","","","","",""
"CAE INC (W4938-17071S/001/KIN~000)","CAE INC (W4938-17071S/001/KIN~000)","W4938-17071S/001/KIN","000","W4938-17071S","","W4938-17071S/001/KIN","1","2024-09-24","2017-02-16","","","2018-04-30","73030.00","73030.00","CAD","","","","","","","*N7030","*ADP Software","*Logiciel TAI","","","","*GD","","","Non-competitive","Non concurrentielle","","","Exclusive Rights","Droits exclusifs","*Canada-Peru Free Trade Agreement (CPFTA)
*North American Free Trade Agreement (NAFTA)
*Canada-Colombia Free Trade Agreement
*Canada-Chile Free Trade Agreement (CCFTA)
* Other trade agreements not listed here may apply
*Canada-Panama Free Trade Agreement","*Accord de libre-échange Canada-Pérou (ALECP)
*Accord de libre-échange nord-américain (ALENA)
*Accord de libre-échange Canada-Colombie
*Accord de libre-échange Canada-Chili (ALECC)
*d'autres accords commerciaux non répertoriés ici peuvent s'appliquer
*Accord de libre-échange Canada-Panama","","","CAE Inc.","CAE Inc.","CAE INC","CAE INC","CAE Inc.","CAE Inc.","2500 to 4999 employees","2500 à 4999 employés","8585 Côte-de-Liesse","8585 Côte-de-Liesse","Saint Laurent","Saint Laurent","Quebec","Quebec","H4T1G6","Canada","Canada","Public Works and Government Services Canada","Travaux publics et Services gouvernementaux Canada","","","","","","","","","","Department of National Defence","Ministère de la défense nationale","CDN DEFENCE ACADEMY HDQTRS","N/D","STN FORCES<br>P.O.BOX 17000,KINGSTON,Ontario,K7K7B4,Canada","STN FORCES<br>P.O.BOX 17000,KINGSTON,Ontario,K7K7B4,Canada","","","","","","","","","","","","","","","",""
"SPATIAL GEO-LINK LTD (W3999-11A201/001/EE~000)","SPATIAL GEO-LINK LTD (W3999-11A201/001/EE~000)","W3999-11A201/001/EE","000","W3999-11A201","","W3999-11A201/001/EE","1","","2011-01-26","","","2011-02-09","3729.00","3729.00","CAD","","","","","","","*N7030","*ADP Software","*Logiciel TAI","","","","*GD","","","Non-competitive","Non concurrentielle","","","Exclusive Rights","Droits exclusifs","*None","*Aucun","","","Spatial Geo-Link Limited","Spatial Geo-Link Limited","SPATIAL GEO-LINK LTD","SPATIAL GEO-LINK LTD","Spatial Geo-Link Limited","Spatial Geo-Link Limited","5 to 9 employees","5 à 9 employés","Suite 224<br>3075 14th Avenue","Suite 224<br>3075 14th Avenue","Markham","Markham","Ontario","Ontario","L3R0G9","Canada","Canada","Public Works and Government Services Canada","Travaux publics et Services gouvernementaux Canada","","","","","","","","","","Department of National Defence","Ministère de la défense nationale","AIR COMMAND HEADQUARTERS","N/D","P.O.BOX 17000 STN FORCES,WINNIPEG,Manitoba,R3J3Y5,Canada","P.O.BOX 17000 STN FORCES,WINNIPEG,Manitoba,R3J3Y5,Canada","","","","","","","","","","","","","","","",""
"AIR NAVIGATION DATA (W3999-12M551/001/WPG~000)","AIR NAVIGATION DATA (W3999-12M551/001/WPG~000)","W3999-12M551/001/WPG","000","W3999-12M551","","W3999-12M551/001/WPG","2","","2012-02-21","","","2017-03-31","632354.00","871663.00","CAD","","","","","","","*N7030","*ADP Software","*Logiciel TAI","","","","*GD","","","Advance contract award notice","Préavis d'attribution du contrat","","","Exclusive Rights","Droits exclusifs","* Other trade agreements not listed here may apply
*Canada-European Union Comprehensive Economic and Trade Agreement (CETA)
*World Trade Organization Agreement on Government Procurement (WTO GPA)
*Canada-Colombia Free Trade Agreement
*Canada-Chile Free Trade Agreement (CCFTA)
*Canada-Peru Free Trade Agreement (CPFTA)
*North American Free Trade Agreement (NAFTA)
*Canada-Panama Free Trade Agreement","*d'autres accords commerciaux non répertoriés ici peuvent s'appliquer
*Accord économique et commercial global (AECG) entre le Canada et l’Union européenne (UE)
*Accord sur les marchés publics de l'Organisation mondiale du commerce (AMP-OMC)
*Accord de libre-échange Canada-Colombie
*Accord de libre-échange Canada-Chili (ALECC)
*Accord de libre-échange Canada-Pérou (ALECP)
*Accord de libre-échange nord-américain (ALENA)
*Accord de libre-échange Canada-Panama","","","Raven Aviation Inc. (COB-Air Navigation Data)","Raven Aviation Inc. (COB-Air Navigation Data)","AIR NAVIGATION DATA","AIR NAVIGATION DATA","Air Navigation Data","Air Navigation Data","1 to 4 employees","1 à 4 employés","P.O. Box 2608<br>Station D","P.O. Box 2608<br>Station D","Ottawa","Ottawa","Ontario","Ontario","K1P5W7","Canada","Canada","Public Works and Government Services Canada","Travaux publics et Services gouvernementaux Canada","","","","","","","","","","Department of National Defence","Ministère de la défense nationale","AIR COMMAND HEADQUARTERS","N/D","P.O.BOX 17000 STN FORCES,WINNIPEG,Manitoba,R3J3Y5,Canada","P.O.BOX 17000 STN FORCES,WINNIPEG,Manitoba,R3J3Y5,Canada","","","","","","","","","","","","","","","",""
"CAE INC (W4938-18159S/001/KIN~000)","CAE INC (W4938-18159S/001/KIN~000)","W4938-18159S/001/KIN","000","W4938-18159S","","W4938-18159S/001/KIN","2","","2018-01-29","","","2019-03-02","75126.00","154053.00","CAD","","","","","","","*N7030","*ADP Software","*Logiciel TAI","","","","*GD","","","Non-competitive","Non concurrentielle","","","Exclusive Rights","Droits exclusifs","*Canada-Chile Free Trade Agreement (CCFTA)
*Canada-European Union Comprehensive Economic and Trade Agreement (CETA)
* Other trade agreements not listed here may apply
*Canada-Colombia Free Trade Agreement
*World Trade Organization Agreement on Government Procurement (WTO GPA)
*Canada-Peru Free Trade Agreement (CPFTA)
*North American Free Trade Agreement (NAFTA)
*Canada-Panama Free Trade Agreement","*Accord de libre-échange Canada-Chili (ALECC)
*Accord économique et commercial global (AECG) entre le Canada et l’Union européenne (UE)
*d'autres accords commerciaux non répertoriés ici peuvent s'appliquer
*Accord de libre-échange Canada-Colombie
*Accord sur les marchés publics de l'Organisation mondiale du commerce (AMP-OMC)
*Accord de libre-échange Canada-Pérou (ALECP)
*Accord de libre-échange nord-américain (ALENA)
*Accord de libre-échange Canada-Panama","","","CAE Inc.","CAE Inc.","CAE INC","CAE INC","CAE Inc.","CAE Inc.","2500 to 4999 employees","2500 à 4999 employés","350 Legget Drive","350 Legget Drive","Kanata","Kanata","Ontario","Ontario","K2K2W7","Canada","Canada","Public Works and Government Services Canada","Travaux publics et Services gouvernementaux Canada","","","","","","","","","","Department of National Defence","Ministère de la défense nationale","CDN DEFENCE ACADEMY HDQTRS","N/D","STN FORCES<br>P.O.BOX 17000,KINGSTON,Ontario,K7K7B4,Canada","STN FORCES<br>P.O.BOX 17000,KINGSTON,Ontario,K7K7B4,Canada","","","","","","","","","","","","","","","",""
"MODEST TREE MEDIA INC (W4938-18193G/001/TOR~000)","MODEST TREE MEDIA INC (W4938-18193G/001/TOR~000)","W4938-18193G/001/TOR","000","W4938-18193G","","W4938-18193G/001/TOR","1","","2018-02-26","","","2018-04-30","27177.00","27177.00","CAD","","","","","","","*N7030","*ADP Software","*Logiciel TAI","","","","*GD","","","Non-competitive","Non concurrentielle","","","Exclusive Rights","Droits exclusifs","*None","*Aucun","","","Modest Tree Media Inc.","Modest Tree Media Inc.","MODEST TREE MEDIA INC","MODEST TREE MEDIA INC","Modest Tree","Modest Tree","20 to 49 employees","20 à 49 employés","6300 Lady Hammond Road, Suite 100","6300 Lady Hammond Road, Suite 100","Halifax","Halifax","Nova Scotia","Nova Scotia","B3K2R6","Canada","Canada","Public Works and Government Services Canada","Travaux publics et Services gouvernementaux Canada","","","","","","","","","","Department of National Defence","Ministère de la défense nationale","CDN DEFENCE ACADEMY HDQTRS","N/D","STN FORCES<br>P.O.BOX 17000,KINGSTON,Ontario,K7K7B4,Canada","STN FORCES<br>P.O.BOX 17000,KINGSTON,Ontario,K7K7B4,Canada","","","","","","","","","","","","","","","",""
"ELEARNING BROTHERS, LLC (W4938-18208S/001/KIN~000)","ELEARNING BROTHERS, LLC (W4938-18208S/001/KIN~000)","W4938-18208S/001/KIN","000","W4938-18208S","","W4938-18208S/001/KIN","1","","2018-03-21","","","2018-06-27","20985.00","20985.00","CAD","","","","","","","*N7030","*ADP Software","*Logiciel TAI","","","","*GD","","","Non-competitive","Non concurrentielle","","","Exclusive Rights","Droits exclusifs","*None","*Aucun","","","eLearning Brothers, llc","eLearning Brothers, llc","ELEARNING BROTHERS, LLC","ELEARNING BROTHERS, LLC","eLearning Brothers, llc","eLearning Brothers, llc","100 to 199 employees","100 à 199 employés","732 E Utah Valley Drive<br>Suite 400","732 E Utah Valley Drive<br>Suite 400","American Fork","American Fork","Utah","Utah","84003","United States","United States","Public Works and Government Services Canada","Travaux publics et Services gouvernementaux Canada","","","","","","","","","","Department of National Defence","Ministère de la défense nationale","CDN DEFENCE ACADEMY HDQTRS","N/D","STN FORCES<br>P.O.BOX 17000,KINGSTON,Ontario,K7K7B4,Canada","STN FORCES<br>P.O.BOX 17000,KINGSTON,Ontario,K7K7B4,Canada","","","","","","","","","","","","","","","",""
"SABA SOFTWARE INC (W4938-19158G/001/XL~000)","SABA SOFTWARE INC (W4938-19158G/001/XL~000)","W4938-19158G/001/XL","000","W4938-19158G","","W4938-19158G/001/XL","1","","2019-03-22","","","2022-03-31","62293.00","62293.00","CAD","","","","","","","*N7030","*ADP Software","*Logiciel TAI","","","","*GD","","","Non-competitive","Non concurrentielle","","","Exclusive Rights","Droits exclusifs","*Canada-Chile Free Trade Agreement (CCFTA)
*Canada-European Union Comprehensive Economic and Trade Agreement (CETA)
*Canada-Peru Free Trade Agreement (CPFTA)
*Canada-Colombia Free Trade Agreement
* Other trade agreements not listed here may apply
*North American Free Trade Agreement (NAFTA)
*Canada-Panama Free Trade Agreement
*World Trade Organization Agreement on Government Procurement (WTO GPA)","*Accord de libre-échange Canada-Chili (ALECC)
*Accord économique et commercial global (AECG) entre le Canada et l’Union européenne (UE)
*Accord de libre-échange Canada-Pérou (ALECP)
*Accord de libre-échange Canada-Colombie
*d'autres accords commerciaux non répertoriés ici peuvent s'appliquer
*Accord de libre-échange nord-américain (ALENA)
*Accord de libre-échange Canada-Panama
*Accord sur les marchés publics de l'Organisation mondiale du commerce (AMP-OMC)","","","SABA SOFTWARE, INC.","SABA SOFTWARE, INC.","SABA SOFTWARE INC","SABA SOFTWARE INC","SABA SOFTWARE INC.","SABA SOFTWARE INC.","500 to 999 employees","500  à  999 employés","4120 Dublin Blvd<br>Suite 300","4120 Dublin Blvd<br>Suite 300","Dublin Blvd","Dublin Blvd","California","California","94568","United States","United States","Public Works and Government Services Canada","Travaux publics et Services gouvernementaux Canada","","","","","","","","","","Department of National Defence","Ministère de la défense nationale","CDN DEFENCE ACADEMY HDQTRS","N/D","STN FORCES<br>P.O.BOX 17000,KINGSTON,Ontario,K7K7B4,Canada","STN FORCES<br>P.O.BOX 17000,KINGSTON,Ontario,K7K7B4,Canada","","","","","","","","","","","","","","","",""
"MODEST TREE MEDIA INC (W4938-20179S/001/KIN~000)","MODEST TREE MEDIA INC (W4938-20179S/001/KIN~000)","W4938-20179S/001/KIN","000","W4938-20179S","","W4938-20179S/001/KIN","1","","2019-12-03","","","2021-04-30","83903.00","83903.00","CAD","","","","","","","*N7030","*ADP Software","*Logiciel TAI","","","","*GD","","","Competitive - Traditional","Concurrentielle - Traditionnelle","Lowest Price","Prix le plus bas","","","*Canada-Chile Free Trade Agreement (CCFTA)
* Other trade agreements not listed here may apply
*Canada-Peru Free Trade Agreement (CPFTA)
*Canada-Colombia Free Trade Agreement
*North American Free Trade Agreement (NAFTA)
*Canada-Panama Free Trade Agreement","*Accord de libre-échange Canada-Chili (ALECC)
*d'autres accords commerciaux non répertoriés ici peuvent s'appliquer
*Accord de libre-échange Canada-Pérou (ALECP)
*Accord de libre-échange Canada-Colombie
*Accord de libre-échange nord-américain (ALENA)
*Accord de libre-échange Canada-Panama","","","Modest Tree Media Inc.","Modest Tree Media Inc.","MODEST TREE MEDIA INC","MODEST TREE MEDIA INC","Modest Tree","Modest Tree","20 to 49 employees","20 à 49 employés","6300 Lady Hammond Road, Suite 100","6300 Lady Hammond Road, Suite 100","Halifax","Halifax","Nova Scotia","Nova Scotia","B3K2R6","Canada","Canada","Public Works and Government Services Canada","Travaux publics et Services gouvernementaux Canada","","","","","","","","","","Department of National Defence","Ministère de la défense nationale","CDN DEFENCE ACADEMY HDQTRS","N/D","STN FORCES<br>P.O.BOX 17000,KINGSTON,Ontario,K7K7B4,Canada","STN FORCES<br>P.O.BOX 17000,KINGSTON,Ontario,K7K7B4,Canada","","","","","","","","","","","","","","","",""
"SABA SOFTWARE INC (W4938-20200S/001/XL~000)","SABA SOFTWARE INC (W4938-20200S/001/XL~000)","W4938-20200S/001/XL","000","W4938-20200S","","W4938-20200S/001/XL","6","","2020-03-19","","","2021-10-01","1110008.00","3992246.00","CAD","","","","","","","*N7030","*ADP Software","*Logiciel TAI","","","","*GD","","","Non-competitive","Non concurrentielle","","","Exclusive Rights","Droits exclusifs","*Canada-Peru Free Trade Agreement (CPFTA)
*Canada-European Union Comprehensive Economic and Trade Agreement (CETA)
* Other trade agreements not listed here may apply
*Canada-Colombia Free Trade Agreement
*Canada-Chile Free Trade Agreement (CCFTA)
*North American Free Trade Agreement (NAFTA)
*Canada-Panama Free Trade Agreement
*World Trade Organization Agreement on Government Procurement (WTO GPA)","*Accord de libre-échange Canada-Pérou (ALECP)
*Accord économique et commercial global (AECG) entre le Canada et l’Union européenne (UE)
*d'autres accords commerciaux non répertoriés ici peuvent s'appliquer
*Accord de libre-échange Canada-Colombie
*Accord de libre-échange Canada-Chili (ALECC)
*Accord de libre-échange nord-américain (ALENA)
*Accord de libre-échange Canada-Panama
*Accord sur les marchés publics de l'Organisation mondiale du commerce (AMP-OMC)","","","SABA SOFTWARE, INC.","SABA SOFTWARE, INC.","SABA SOFTWARE INC","SABA SOFTWARE INC","SABA SOFTWARE INC.","SABA SOFTWARE INC.","500 to 999 employees","500  à  999 employés","4120 Dublin Blvd<br>Suite 300","4120 Dublin Blvd<br>Suite 300","Dublin Blvd","Dublin Blvd","California","California","94568","United States","United States","Public Works and Government Services Canada","Travaux publics et Services gouvernementaux Canada","","","","","","","","","","Department of National Defence","Ministère de la défense nationale","CDN DEFENCE ACADEMY HDQTRS","N/D","STN FORCES<br>P.O.BOX 17000,KINGSTON,Ontario,K7K7B4,Canada","STN FORCES<br>P.O.BOX 17000,KINGSTON,Ontario,K7K7B4,Canada","","","","","","","","","","","","","","","",""
"LES TECHNOLOGIES BOTPRESS INC (W4938-21267G/001/TOR~000)","LES TECHNOLOGIES BOTPRESS INC (W4938-21267G/001/TOR~000)","W4938-21267G/001/TOR","000","W4938-21267G","","W4938-21267G/001/TOR","1","","2021-02-23","","","2024-03-31","24938.00","24938.00","CAD","","","","","","","*N7030","*ADP Software","*Logiciel TAI","","","","*GD","","","Non-competitive","Non concurrentielle","","","Exclusive Rights","Droits exclusifs","*None","*Aucun","","","LES TECHNOLOGIES BOTPRESS INC.","LES TECHNOLOGIES BOTPRESS INC.","LES TECHNOLOGIES BOTPRESS INC","LES TECHNOLOGIES BOTPRESS INC","LES TECHNOLOGIES BOTPRESS INC.","LES TECHNOLOGIES BOTPRESS INC.","20 to 49 employees","20 à 49 employés","175-2480 CHEMIN SAINTE-FOY","175-2480 CHEMIN SAINTE-FOY","QUEBEC","QUEBEC","Quebec","Quebec","G1V1T6","Canada","Canada","Public Works and Government Services Canada","Travaux publics et Services gouvernementaux Canada","","","","","","","","","","Department of National Defence","Ministère de la défense nationale","CDN DEFENCE ACADEMY HDQTRS","N/D","STN FORCES<br>P.O.BOX 17000,KINGSTON,Ontario,K7K7B4,Canada","STN FORCES<br>P.O.BOX 17000,KINGSTON,Ontario,K7K7B4,Canada","","","","","","","","","","","","","","","",""
"SIRSIDYNIX (CANADA) INC (W4938-215036/001/TOR~000)","SIRSIDYNIX (CANADA) INC (W4938-215036/001/TOR~000)","W4938-215036/001/TOR","000","W4938-215036","","W4938-215036/001/TOR","1","","2021-03-15","","","2022-01-31","40110.00","40110.00","CAD","","","","","","","*N7030","*ADP Software","*Logiciel TAI","","","","*GD","","","Non-competitive","Non concurrentielle","","","Exclusive Rights","Droits exclusifs","*Canadian Free Trade Agreement (CFTA)","*Accord de libre-échange canadien (ALEC)","","","SirsiDynix (Canada) Inc.","SirsiDynix (Canada) Inc.","SIRSIDYNIX (CANADA) INC","SIRSIDYNIX (CANADA) INC","SirsiDynix (Canada) Inc.","SirsiDynix (Canada) Inc.","200 to 499 employees","200 à 499 employés","180 Northfield Drive West<br>Suite 4, 1st Floor","180 Northfield Drive West<br>Suite 4, 1st Floor","Waterloo","Waterloo","Ontario","Ontario","N2L0C7","Canada","Canada","Public Works and Government Services Canada","Travaux publics et Services gouvernementaux Canada","","","","","","","","","","Department of National Defence","Ministère de la défense nationale","CDN DEFENCE ACADEMY HDQTRS","N/D","STN FORCES<br>P.O.BOX 17000,KINGSTON,Ontario,K7K7B4,Canada","STN FORCES<br>P.O.BOX 17000,KINGSTON,Ontario,K7K7B4,Canada","","","","","","","","","","","","","","","",""
"SIRSIDYNIX (CANADA) INC (W4938-225153/001/KIN~000)","SIRSIDYNIX (CANADA) INC (W4938-225153/001/KIN~000)","W4938-225153/001/KIN","000","W4938-225153","","W4938-225153/001/KIN","1","","2022-01-12","","","2022-12-31","41674.00","41674.00","CAD","","","","","","","*N7030","*ADP Software","*Logiciel TAI","","","","*GD","","","Non-competitive","Non concurrentielle","","","Exclusive Rights","Droits exclusifs","*Canadian Free Trade Agreement (CFTA)","*Accord de libre-échange canadien (ALEC)","","","SirsiDynix (Canada) Inc.","SirsiDynix (Canada) Inc.","SIRSIDYNIX (CANADA) INC","SIRSIDYNIX (CANADA) INC","SirsiDynix (Canada) Inc.","SirsiDynix (Canada) Inc.","200 to 499 employees","200 à 499 employés","180 Northfield Drive West<br>Suite 4, 1st Floor","180 Northfield Drive West<br>Suite 4, 1st Floor","Waterloo","Waterloo","Ontario","Ontario","N2L0C7","Canada","Canada","Public Works and Government Services Canada","Travaux publics et Services gouvernementaux Canada","","","","","","","","","","Department of National Defence","Ministère de la défense nationale","CDN DEFENCE ACADEMY HDQTRS","N/D","STN FORCES<br>P.O.BOX 17000,KINGSTON,Ontario,K7K7B4,Canada","STN FORCES<br>P.O.BOX 17000,KINGSTON,Ontario,K7K7B4,Canada","","","","","","","","","","","","","","","",""
"HEXAGON SAFETY AND INFRASTRUCTURE (W5382-100001/001/ZM~000)","HEXAGON SAFETY AND INFRASTRUCTURE (W5382-100001/001/ZM~000)","W5382-100001/001/ZM","000","W5382-100001","","W5382-100001/001/ZM","1","","2010-03-19","","","2010-07-19","226374.00","226374.00","CAD","","","","","","","*N7030","*ADP Software","*Logiciel TAI","","","","*GD","","","Non-competitive","Non concurrentielle","","","Exclusive Rights","Droits exclusifs","* Other trade agreements not listed here may apply
*Canada-European Union Comprehensive Economic and Trade Agreement (CETA)
*World Trade Organization Agreement on Government Procurement (WTO GPA)
*Canada-Chile Free Trade Agreement (CCFTA)
*Canada-Colombia Free Trade Agreement
*Canada-Peru Free Trade Agreement (CPFTA)
*North American Free Trade Agreement (NAFTA)
*Canada-Panama Free Trade Agreement","*d'autres accords commerciaux non répertoriés ici peuvent s'appliquer
*Accord économique et commercial global (AECG) entre le Canada et l’Union européenne (UE)
*Accord sur les marchés publics de l'Organisation mondiale du commerce (AMP-OMC)
*Accord de libre-échange Canada-Chili (ALECC)
*Accord de libre-échange Canada-Colombie
*Accord de libre-échange Canada-Pérou (ALECP)
*Accord de libre-échange nord-américain (ALENA)
*Accord de libre-échange Canada-Panama","","","INTERGRAPH CANADA ULC.","INTERGRAPH CANADA ULC.","HEXAGON SAFETY AND INFRASTRUCTURE","HEXAGON SAFETY AND INFRASTRUCTURE","Hexagon Safety & Infrastructure & Geospatial Division","Hexagon Safety & Infrastructure & Geospatial Division","100 to 199 employees","100 à 199 employés","10921 - 14 Street NE","10921 - 14 Street NE","Calgary","Calgary","Alberta","Alberta","T3K2L5","Canada","Canada","Public Works and Government Services Canada","Travaux publics et Services gouvernementaux Canada","","","","","","","","","","Department of National Defence","Ministère de la défense nationale","CDAO DAPPP-3","N/D","101 COLONEL BY DR.,OTTAWA,Ontario,K1A0K2,Canada","101 COLONEL BY DR.,OTTAWA,Ontario,K1A0K2,Canada","","","","","","","","","","","","","","","",""
"MICROSOFT LICENSING, GP (W5830-090069/001/EE~000)","MICROSOFT LICENSING, GP (W5830-090069/001/EE~000)","W5830-090069/001/EE","000","W5830-090069","","W5830-090069/001/EE","1","","2009-03-27","","","2010-03-31","12947.00","12947.00","CAD","","","","","","","*N7030","*ADP Software","*Logiciel TAI","","","","*GD","","","Non-competitive","Non concurrentielle","","","Exclusive Rights","Droits exclusifs","*None","*Aucun","","","MICROSOFT LICENSING, GP","MICROSOFT LICENSING, GP","MICROSOFT LICENSING, GP","MICROSOFT LICENSING, GP","MICROSOFT LICENSING, GP","MICROSOFT LICENSING, GP","100 to 199 employees","100 à 199 employés","6100 Neil Road<br>Suite 100","6100 Neil Road<br>Suite 100","Reno","Reno","Nevada","Nevada","89511","United States","United States","Public Works and Government Services Canada","Travaux publics et Services gouvernementaux Canada","","","","","","","","","","Department of National Defence","Ministère de la défense nationale","NDHQ","N/D","ADM PA DPAPS<br>101 COLONEL BY DR.,OTTAWA,Ontario,K1A0K2,Canada","ADM PA DPAPS<br>101 COLONEL BY DR.,OTTAWA,Ontario,K1A0K2,Canada","","","","","","","","","","","","","","","",""
"ADOBE SYSTEMS INC (W5830-090070/001/EEM~000)","ADOBE SYSTEMS INC (W5830-090070/001/EEM~000)","W5830-090070/001/EEM","000","W5830-090070","","W5830-090070/001/EEM","1","","2009-03-20","","","2009-04-03","23441.00","23441.00","CAD","","","","","","","*N7030","*ADP Software","*Logiciel TAI","","","","*GD","","","Non-competitive","Non concurrentielle","","","Exclusive Rights","Droits exclusifs","*None","*Aucun","","","ADOBE INC.","ADOBE INC.","ADOBE SYSTEMS INC","ADOBE SYSTEMS INC","ADOBE INC.","ADOBE INC.","5000 employees and over","5000 employés et plus","345 Park Avenue","345 Park Avenue","San Jose","San Jose","California","California","95110-2704","United States","United States","Public Works and Government Services Canada","Travaux publics et Services gouvernementaux Canada","","","","","","","","","","Department of National Defence","Ministère de la défense nationale","NDHQ","N/D","ADM PA DPAPS<br>101 COLONEL BY DR.,OTTAWA,Ontario,K1A0K2,Canada","ADM PA DPAPS<br>101 COLONEL BY DR.,OTTAWA,Ontario,K1A0K2,Canada","","","","","","","","","","","","","","","",""
"ADOBE SYSTEMS INC (W5830-090071/001/EEM~000)","ADOBE SYSTEMS INC (W5830-090071/001/EEM~000)","W5830-090071/001/EEM","000","W5830-090071","","W5830-090071/001/EEM","1","","2009-03-30","","","2009-04-13","24445.00","24445.00","CAD","","","","","","","*N7030","*ADP Software","*Logiciel TAI","","","","*GD","","","Non-competitive","Non concurrentielle","","","Exclusive Rights","Droits exclusifs","*None","*Aucun","","","ADOBE INC.","ADOBE INC.","ADOBE SYSTEMS INC","ADOBE SYSTEMS INC","ADOBE INC.","ADOBE INC.","5000 employees and over","5000 employés et plus","345 Park Avenue","345 Park Avenue","San Jose","San Jose","California","California","95110-2704","United States","United States","Public Works and Government Services Canada","Travaux publics et Services gouvernementaux Canada","","","","","","","","","","Department of National Defence","Ministère de la défense nationale","NDHQ","N/D","ADM PA DPAPS<br>101 COLONEL BY DR.,OTTAWA,Ontario,K1A0K2,Canada","ADM PA DPAPS<br>101 COLONEL BY DR.,OTTAWA,Ontario,K1A0K2,Canada","","","","","","","","","","","","","","","",""
"ADOBE SYSTEMS INC (W5830-110018/001/EEM~000)","ADOBE SYSTEMS INC (W5830-110018/001/EEM~000)","W5830-110018/001/EEM","000","W5830-110018","","W5830-110018/001/EEM","1","","2010-09-07","","","2011-09-06","16167.00","16167.00","CAD","","","","","","","*N7030","*ADP Software","*Logiciel TAI","","","","*GD","","","Non-competitive","Non concurrentielle","","","Exclusive Rights","Droits exclusifs","*None","*Aucun","","","ADOBE INC.","ADOBE INC.","ADOBE SYSTEMS INC","ADOBE SYSTEMS INC","ADOBE INC.","ADOBE INC.","5000 employees and over","5000 employés et plus","345 Park Avenue","345 Park Avenue","San Jose","San Jose","California","California","95110-2704","United States","United States","Public Works and Government Services Canada","Travaux publics et Services gouvernementaux Canada","","","","","","","","","","Department of National Defence","Ministère de la défense nationale","NDHQ","N/D","ADM PA DPAPS<br>101 COLONEL BY DR.,OTTAWA,Ontario,K1A0K2,Canada","ADM PA DPAPS<br>101 COLONEL BY DR.,OTTAWA,Ontario,K1A0K2,Canada","","","","","","","","","","","","","","","",""
"MICROSOFT LICENSING, GP (W5830-110022/001/EE~000)","MICROSOFT LICENSING, GP (W5830-110022/001/EE~000)","W5830-110022/001/EE","000","W5830-110022","","W5830-110022/001/EE","1","","2010-11-02","","","2011-11-01","14554.00","14554.00","CAD","","","","","","","*N7030","*ADP Software","*Logiciel TAI","","","","*GD","","","Non-competitive","Non concurrentielle","","","Exclusive Rights","Droits exclusifs","*None","*Aucun","","","MICROSOFT LICENSING, GP","MICROSOFT LICENSING, GP","MICROSOFT LICENSING, GP","MICROSOFT LICENSING, GP","MICROSOFT LICENSING, GP","MICROSOFT LICENSING, GP","100 to 199 employees","100 à 199 employés","6100 Neil Road<br>Suite 100","6100 Neil Road<br>Suite 100","Reno","Reno","Nevada","Nevada","89511","United States","United States","Public Works and Government Services Canada","Travaux publics et Services gouvernementaux Canada","","","","","","","","","","Department of National Defence","Ministère de la défense nationale","NDHQ","N/D","ADM PA DPAPS<br>101 COLONEL BY DR.,OTTAWA,Ontario,K1A0K2,Canada","ADM PA DPAPS<br>101 COLONEL BY DR.,OTTAWA,Ontario,K1A0K2,Canada","","","","","","","","","","","","","","","",""
"UNITED STATES DEPARTMENT OF THE ARMY (USASAC) (W6369-09DE02/001/USW~000)","UNITED STATES DEPARTMENT OF THE ARMY (USASAC) (W6369-09DE02/001/USW~000)","W6369-09DE02/001/USW","000","W6369-09DE02","","W6369-09DE02/001/USW","3","","2009-04-29","","","2009-04-30","1174019.00","678864.00","CAD","","","","","","","*N7030","*ADP Software","*Logiciel TAI","","","","*GD","","","Non-competitive","Non concurrentielle","","","Exclusive Rights","Droits exclusifs","*None","*Aucun","","","UNITED STATES DEPARTMENT OF THE ARMY (USASAC)","UNITED STATES DEPARTMENT OF THE ARMY (USASAC)","UNITED STATES DEPARTMENT OF THE ARMY (USASAC)","UNITED STATES DEPARTMENT OF THE ARMY (USASAC)","UNITED STATES DEPARTMENT OF THE ARMY (USASAC)","UNITED STATES DEPARTMENT OF THE ARMY (USASAC)","5 to 9 employees","5 à 9 employés","7613 CARDINAL ROAD","7613 CARDINAL ROAD","REDSTONE ARSENAL","REDSTONE ARSENAL","Alabama","Alabama","35898-5000","United States","United States","Public Works and Government Services Canada","Travaux publics et Services gouvernementaux Canada","","","","","","","","","","Department of National Defence","Ministère de la défense nationale","DG PROC.SVCS","N/D","101 COLONEL BY DR.,OTTAWA,Ontario,K1A0K2,Canada","101 COLONEL BY DR.,OTTAWA,Ontario,K1A0K2,Canada","","","","","","","","","","","","","","","",""
"SYMANTEC CORPORATION (W6369-10DE16/001/EEM~000)","SYMANTEC CORPORATION (W6369-10DE16/001/EEM~000)","W6369-10DE16/001/EEM","000","W6369-10DE16","","W6369-10DE16/001/EEM","1","","2009-06-22","","","2010-06-17","4231.00","4231.00","CAD","","","","","","","*N7030","*ADP Software","*Logiciel TAI","","","","*GD","","","Non-competitive","Non concurrentielle","","","Exclusive Rights","Droits exclusifs","*None","*Aucun","","","Symantec Corporation","Symantec Corporation","SYMANTEC CORPORATION","SYMANTEC CORPORATION","Symantec Corporation","Symantec Corporation","5000 employees and over","5000 employés et plus","350 Ellis Street","350 Ellis Street","Mountain View","Mountain View","California","California","94043","United States","United States","Public Works and Government Services Canada","Travaux publics et Services gouvernementaux Canada","","","","","","","","","","Department of National Defence","Ministère de la défense nationale","CO SHIPPING CFS LEITRIM SLOGO","N/D","3545 LEITRIM RD.GLOUCESTER ON<br>INVOICE:CFS LEITRIM S.LOG.O,OTTAWA,Ontario,K1A0K5,Canada","3545 LEITRIM RD.GLOUCESTER ON<br>INVOICE:CFS LEITRIM S.LOG.O,OTTAWA,Ontario,K1A0K5,Canada","","","","","","","","","","","","","","","",""
"MICROSOFT LICENSING, GP (W6369-10DE17/001/EE~000)","MICROSOFT LICENSING, GP (W6369-10DE17/001/EE~000)","W6369-10DE17/001/EE","000","W6369-10DE17","","W6369-10DE17/001/EE","1","","2009-09-02","","","2010-03-31","10408.00","10408.00","CAD","","","","","","","*N7030","*ADP Software","*Logiciel TAI","","","","*GD","","","Non-competitive","Non concurrentielle","","","Exclusive Rights","Droits exclusifs","*None","*Aucun","","","MICROSOFT LICENSING, GP","MICROSOFT LICENSING, GP","MICROSOFT LICENSING, GP","MICROSOFT LICENSING, GP","MICROSOFT LICENSING, GP","MICROSOFT LICENSING, GP","100 to 199 employees","100 à 199 employés","6100 Neil Road<br>Suite 100","6100 Neil Road<br>Suite 100","Reno","Reno","Nevada","Nevada","89511","United States","United States","Public Works and Government Services Canada","Travaux publics et Services gouvernementaux Canada","","","","","","","","","","Department of National Defence","Ministère de la défense nationale","CO SHIPPING CFS LEITRIM SLOGO","N/D","3545 LEITRIM RD.GLOUCESTER ON<br>INVOICE:CFS LEITRIM S.LOG.O,OTTAWA,Ontario,K1A0K5,Canada","3545 LEITRIM RD.GLOUCESTER ON<br>INVOICE:CFS LEITRIM S.LOG.O,OTTAWA,Ontario,K1A0K5,Canada","","","","","","","","","","","","","","","",""
"ESRI CANADA LTD (W6369-10DE71/001/EE~000)","ESRI CANADA LTD (W6369-10DE71/001/EE~000)","W6369-10DE71/001/EE","000","W6369-10DE71","","W6369-10DE71/001/EE","1","","2010-02-09","","","2011-02-08","271609.00","271609.00","CAD","","","","","","","*N7030","*ADP Software","*Logiciel TAI","","","","*GD","","","Non-competitive","Non concurrentielle","","","Exclusive Rights","Droits exclusifs","*Canada-Peru Free Trade Agreement (CPFTA)
*Canada-Chile Free Trade Agreement (CCFTA)
* Other trade agreements not listed here may apply
*Canada-European Union Comprehensive Economic and Trade Agreement (CETA)
*Canada-Panama Free Trade Agreement
*Canada-Colombia Free Trade Agreement
*North American Free Trade Agreement (NAFTA)
*World Trade Organization Agreement on Government Procurement (WTO GPA)","*Accord de libre-échange Canada-Pérou (ALECP)
*Accord de libre-échange Canada-Chili (ALECC)
*d'autres accords commerciaux non répertoriés ici peuvent s'appliquer
*Accord économique et commercial global (AECG) entre le Canada et l’Union européenne (UE)
*Accord de libre-échange Canada-Panama
*Accord de libre-échange Canada-Colombie
*Accord de libre-échange nord-américain (ALENA)
*Accord sur les marchés publics de l'Organisation mondiale du commerce (AMP-OMC)","","","ESRI Canada Limited","ESRI Canada Limited","ESRI CANADA LTD","ESRI CANADA LTD","ESRI Canada Limited","ESRI Canada Limited","200 to 499 employees","200 à 499 employés","12 Concorde Place<br>Suite 900","12 Concorde Place<br>Suite 900","Toronto","Toronto","Ontario","Ontario","M3C3R8","Canada","Canada","Public Works and Government Services Canada","Travaux publics et Services gouvernementaux Canada","","","","","","","","","","Department of National Defence","Ministère de la défense nationale","DG PROC.SVCS","N/D","101 COLONEL BY DR.,OTTAWA,Ontario,K1A0K2,Canada","101 COLONEL BY DR.,OTTAWA,Ontario,K1A0K2,Canada","","","","","","","","","","","","","","","",""
"I2 INC (W6369-10DE72/001/EEM~000)","I2 INC (W6369-10DE72/001/EEM~000)","W6369-10DE72/001/EEM","000","W6369-10DE72","","W6369-10DE72/001/EEM","1","","2010-02-23","","","2011-02-22","55440.00","55440.00","CAD","","","","","","","*N7030","*ADP Software","*Logiciel TAI","","","","*GD","","","Non-competitive","Non concurrentielle","","","Exclusive Rights","Droits exclusifs","*Canada-Colombia Free Trade Agreement
*Canada-Chile Free Trade Agreement (CCFTA)
*Canada-Peru Free Trade Agreement (CPFTA)
*North American Free Trade Agreement (NAFTA)
* Other trade agreements not listed here may apply
*Canada-Panama Free Trade Agreement","*Accord de libre-échange Canada-Colombie
*Accord de libre-échange Canada-Chili (ALECC)
*Accord de libre-échange Canada-Pérou (ALECP)
*Accord de libre-échange nord-américain (ALENA)
*d'autres accords commerciaux non répertoriés ici peuvent s'appliquer
*Accord de libre-échange Canada-Panama","","","i2 Inc.","i2 Inc.","I2 INC","I2 INC","i2 Inc.","i2 Inc.","100 to 199 employees","100 à 199 employés","440 Laurier Av west<br>Suite 200","440 Laurier Av west<br>Suite 200","Ottawa","Ottawa","Ontario","Ontario","K1R7X6","Canada","Canada","Public Works and Government Services Canada","Travaux publics et Services gouvernementaux Canada","","","","","","","","","","Department of National Defence","Ministère de la défense nationale","DG PROC.SVCS","N/D","101 COLONEL BY DR.,OTTAWA,Ontario,K1A0K2,Canada","101 COLONEL BY DR.,OTTAWA,Ontario,K1A0K2,Canada","","","","","","","","","","","","","","","",""
"BURA SOLUTIONS (W6369-10DE89/001/EE~000)","BURA SOLUTIONS (W6369-10DE89/001/EE~000)","W6369-10DE89/001/EE","000","W6369-10DE89","","W6369-10DE89/001/EE","1","","2010-03-26","","","2010-06-14","23405.00","23405.00","CAD","","","","","","","*N7030","*ADP Software","*Logiciel TAI","","","","*GD","","","Non-competitive","Non concurrentielle","","","Exclusive Rights","Droits exclusifs","*None","*Aucun","","","4358244 Canada Inc.","4358244 Canada Inc.","BURA SOLUTIONS","BURA SOLUTIONS","BURA Solutions","BURA Solutions","1 to 4 employees","1 à 4 employés","P.O. Box 159","P.O. Box 159","Carleton Place","Carleton Place","Ontario","Ontario","K7C3P3","Canada","Canada","Public Works and Government Services Canada","Travaux publics et Services gouvernementaux Canada","","","","","","","","","","Department of National Defence","Ministère de la défense nationale","DG PROC.SVCS","N/D","101 COLONEL BY DR.,OTTAWA,Ontario,K1A0K2,Canada","101 COLONEL BY DR.,OTTAWA,Ontario,K1A0K2,Canada","","","","","","","","","","","","","","","",""
"SOFTCHOICE CORPORATION (W6369-10DEAB/001/EE~000)","SOFTCHOICE CORPORATION (W6369-10DEAB/001/EE~000)","W6369-10DEAB/001/EE","000","W6369-10DEAB","","W6369-10DEAB/001/EE","1","","2010-03-30","","","2011-03-31","2673.00","2673.00","CAD","","","","","","","*N7030","*ADP Software","*Logiciel TAI","","","","*GD","","","Non-competitive","Non concurrentielle","","","Exclusive Rights","Droits exclusifs","*None","*Aucun","","","Softchoice Corporation","Softchoice Corporation","SOFTCHOICE CORPORATION","SOFTCHOICE CORPORATION","Softchoice Corporation","Softchoice Corporation","500 to 999 employees","500  à  999 employés","201-116 Albert St.","201-116 Albert St.","Ottawa","Ottawa","Ontario","Ontario","K1P5G3","Canada","Canada","Public Works and Government Services Canada","Travaux publics et Services gouvernementaux Canada","","","","","","","","","","Department of National Defence","Ministère de la défense nationale","DG PROC.SVCS","N/D","101 COLONEL BY DR.,OTTAWA,Ontario,K1A0K2,Canada","101 COLONEL BY DR.,OTTAWA,Ontario,K1A0K2,Canada","","","","","","","","","","","","","","","",""
"CHANNEL MANAGEMENT INTERNATIONAL INC (W6369-10DEAD/001/XL~000)","CHANNEL MANAGEMENT INTERNATIONAL INC (W6369-10DEAD/001/XL~000)","W6369-10DEAD/001/XL","000","W6369-10DEAD","","W6369-10DEAD/001/XL","1","","2010-07-27","","","2011-03-31","74040.00","74040.00","CAD","","","","","","","*N7030","*ADP Software","*Logiciel TAI","","","","*GD","","","Non-competitive","Non concurrentielle","","","Exclusive Rights","Droits exclusifs","*Canada-Chile Free Trade Agreement (CCFTA)
*Canada-Colombia Free Trade Agreement
* Other trade agreements not listed here may apply
*Canada-Peru Free Trade Agreement (CPFTA)
*North American Free Trade Agreement (NAFTA)
*Canada-Panama Free Trade Agreement","*Accord de libre-échange Canada-Chili (ALECC)
*Accord de libre-échange Canada-Colombie
*d'autres accords commerciaux non répertoriés ici peuvent s'appliquer
*Accord de libre-échange Canada-Pérou (ALECP)
*Accord de libre-échange nord-américain (ALENA)
*Accord de libre-échange Canada-Panama","","","CHANNEL MANAGEMENT INTERNATIONAL INCORPORATED","CHANNEL MANAGEMENT INTERNATIONAL INCORPORATED","CHANNEL MANAGEMENT INTERNATIONAL INC","CHANNEL MANAGEMENT INTERNATIONAL INC","CHANNEL MANAGEMENT INTERNATIONAL INCORPORATED","CHANNEL MANAGEMENT INTERNATIONAL INCORPORATED","5 to 9 employees","5 à 9 employés","121 Rue York","121 Rue York","Ottawa","Ottawa","Ontario","Ontario","K1N5T4","Canada","Canada","Public Works and Government Services Canada","Travaux publics et Services gouvernementaux Canada","","","","","","","","","","Department of National Defence","Ministère de la défense nationale","DG PROC.SVCS","N/D","101 COLONEL BY DR.,OTTAWA,Ontario,K1A0K2,Canada","101 COLONEL BY DR.,OTTAWA,Ontario,K1A0K2,Canada","","","","","","","","","","","","","","","",""
"CAE INC (W6369-10P5KZ/001/XL~000)","CAE INC (W6369-10P5KZ/001/XL~000)","W6369-10P5KZ/001/XL","000","W6369-10P5KZ","","W6369-10P5KZ/001/XL","8","","2011-01-17","","","2016-01-17","73434.00","319792.00","CAD","","","","","","","*N7030","*ADP Software","*Logiciel TAI","","","","*GD","","","Non-competitive","Non concurrentielle","","","Exclusive Rights","Droits exclusifs","*Canada-Peru Free Trade Agreement (CPFTA)
* Other trade agreements not listed here may apply
*Canada-Chile Free Trade Agreement (CCFTA)
*Canada-Colombia Free Trade Agreement
*North American Free Trade Agreement (NAFTA)
*Canada-Panama Free Trade Agreement","*Accord de libre-échange Canada-Pérou (ALECP)
*d'autres accords commerciaux non répertoriés ici peuvent s'appliquer
*Accord de libre-échange Canada-Chili (ALECC)
*Accord de libre-échange Canada-Colombie
*Accord de libre-échange nord-américain (ALENA)
*Accord de libre-échange Canada-Panama","","","CAE PROFESSIONAL SERVICES (CANADA) INC","CAE PROFESSIONAL SERVICES (CANADA) INC","CAE INC","CAE INC","CAE Inc.","CAE Inc.","500 to 999 employees","500  à  999 employés","1135 Innovation Drive","1135 Innovation Drive","Ottawa","Ottawa","Ontario","Ontario","K2K3G7","Canada","Canada","Public Works and Government Services Canada","Travaux publics et Services gouvernementaux Canada","","","","","","","","","","Department of National Defence","Ministère de la défense nationale","DG PROC.SVCS","N/D","101 COLONEL BY DR.,OTTAWA,Ontario,K1A0K2,Canada","101 COLONEL BY DR.,OTTAWA,Ontario,K1A0K2,Canada","","","","","","","","","","","","","","","",""
"SYMANTEC CORPORATION (W6369-11DE24/001/EEM~000)","SYMANTEC CORPORATION (W6369-11DE24/001/EEM~000)","W6369-11DE24/001/EEM","000","W6369-11DE24","","W6369-11DE24/001/EEM","1","","2010-07-27","","","2010-10-08","4554.00","4554.00","CAD","","","","","","","*N7030","*ADP Software","*Logiciel TAI","","","","*GD","","","Non-competitive","Non concurrentielle","","","Exclusive Rights","Droits exclusifs","*None","*Aucun","","","Symantec Corporation","Symantec Corporation","SYMANTEC CORPORATION","SYMANTEC CORPORATION","Symantec Corporation","Symantec Corporation","5000 employees and over","5000 employés et plus","350 Ellis Street","350 Ellis Street","Mountain View","Mountain View","California","California","94043","United States","United States","Public Works and Government Services Canada","Travaux publics et Services gouvernementaux Canada","","","","","","","","","","Department of National Defence","Ministère de la défense nationale","DG PROC.SVCS","N/D","101 COLONEL BY DR.,OTTAWA,Ontario,K1A0K2,Canada","101 COLONEL BY DR.,OTTAWA,Ontario,K1A0K2,Canada","","","","","","","","","","","","","","","",""
"ESRI CANADA LTD (W6369-11DE39/001/EE~000)","ESRI CANADA LTD (W6369-11DE39/001/EE~000)","W6369-11DE39/001/EE","000","W6369-11DE39","","W6369-11DE39/001/EE","1","","2010-10-05","","","2011-10-04","50850.00","50850.00","CAD","","","","","","","*N7030","*ADP Software","*Logiciel TAI","","","","*GD","","","Non-competitive","Non concurrentielle","","","Exclusive Rights","Droits exclusifs","* Other trade agreements not listed here may apply
*Canada-Chile Free Trade Agreement (CCFTA)
*Canada-Peru Free Trade Agreement (CPFTA)
*Canada-Colombia Free Trade Agreement
*North American Free Trade Agreement (NAFTA)
*Canada-Panama Free Trade Agreement","*d'autres accords commerciaux non répertoriés ici peuvent s'appliquer
*Accord de libre-échange Canada-Chili (ALECC)
*Accord de libre-échange Canada-Pérou (ALECP)
*Accord de libre-échange Canada-Colombie
*Accord de libre-échange nord-américain (ALENA)
*Accord de libre-échange Canada-Panama","","","ESRI Canada Limited.","ESRI Canada Limited.","ESRI CANADA LTD","ESRI CANADA LTD","ESRI Canada Limited","ESRI Canada Limited","200 to 499 employees","200 à 499 employés","1600 Carling Avenue<br>Suite # 430","1600 Carling Avenue<br>Suite # 430","Ottawa","Ottawa","Ontario","Ontario","K1Z1G3","Canada","Canada","Public Works and Government Services Canada","Travaux publics et Services gouvernementaux Canada","","","","","","","","","","Department of National Defence","Ministère de la défense nationale","DG PROC.SVCS","N/D","101 COLONEL BY DR.,OTTAWA,Ontario,K1A0K2,Canada","101 COLONEL BY DR.,OTTAWA,Ontario,K1A0K2,Canada","","","","","","","","","","","","","","","",""
"I2 INC (W6369-11DE48/001/EEM~000)","I2 INC (W6369-11DE48/001/EEM~000)","W6369-11DE48/001/EEM","000","W6369-11DE48","","W6369-11DE48/001/EEM","1","","2010-09-02","","","2011-09-01","171864.00","171864.00","CAD","","","","","","","*N7030","*ADP Software","*Logiciel TAI","","","","*GD","","","Non-competitive","Non concurrentielle","","","Exclusive Rights","Droits exclusifs","* Other trade agreements not listed here may apply
*Canada-Colombia Free Trade Agreement
*Canada-Chile Free Trade Agreement (CCFTA)
*Canada-Peru Free Trade Agreement (CPFTA)
*Canada-Panama Free Trade Agreement
*North American Free Trade Agreement (NAFTA)","*d'autres accords commerciaux non répertoriés ici peuvent s'appliquer
*Accord de libre-échange Canada-Colombie
*Accord de libre-échange Canada-Chili (ALECC)
*Accord de libre-échange Canada-Pérou (ALECP)
*Accord de libre-échange Canada-Panama
*Accord de libre-échange nord-américain (ALENA)","","","i2 Inc.","i2 Inc.","I2 INC","I2 INC","i2 Inc.","i2 Inc.","100 to 199 employees","100 à 199 employés","440 Laurier Av west<br>Suite 200","440 Laurier Av west<br>Suite 200","Ottawa","Ottawa","Ontario","Ontario","K1R7X6","Canada","Canada","Public Works and Government Services Canada","Travaux publics et Services gouvernementaux Canada","","","","","","","","","","Department of National Defence","Ministère de la défense nationale","DG PROC.SVCS","N/D","101 COLONEL BY DR.,OTTAWA,Ontario,K1A0K2,Canada","101 COLONEL BY DR.,OTTAWA,Ontario,K1A0K2,Canada","","","","","","","","","","","","","","","",""
"ESRI CANADA LTD (W6369-11DEAD/001/EE~000)","ESRI CANADA LTD (W6369-11DEAD/001/EE~000)","W6369-11DEAD/001/EE","000","W6369-11DEAD","","W6369-11DEAD/001/EE","1","","2011-01-13","","","2012-01-12","496703.00","496703.00","CAD","","","","","","","*N7030","*ADP Software","*Logiciel TAI","","","","*GD","","","Non-competitive","Non concurrentielle","","","Exclusive Rights","Droits exclusifs","*Canada-European Union Comprehensive Economic and Trade Agreement (CETA)
* Other trade agreements not listed here may apply
*Canada-Colombia Free Trade Agreement
*Canada-Chile Free Trade Agreement (CCFTA)
*Canada-Peru Free Trade Agreement (CPFTA)
*World Trade Organization Agreement on Government Procurement (WTO GPA)
*North American Free Trade Agreement (NAFTA)
*Canada-Panama Free Trade Agreement","*Accord économique et commercial global (AECG) entre le Canada et l’Union européenne (UE)
*d'autres accords commerciaux non répertoriés ici peuvent s'appliquer
*Accord de libre-échange Canada-Colombie
*Accord de libre-échange Canada-Chili (ALECC)
*Accord de libre-échange Canada-Pérou (ALECP)
*Accord sur les marchés publics de l'Organisation mondiale du commerce (AMP-OMC)
*Accord de libre-échange nord-américain (ALENA)
*Accord de libre-échange Canada-Panama","","","ESRI Canada Limited.","ESRI Canada Limited.","ESRI CANADA LTD","ESRI CANADA LTD","ESRI Canada Limited","ESRI Canada Limited","200 to 499 employees","200 à 499 employés","1600 Carling Avenue<br>Suite # 430","1600 Carling Avenue<br>Suite # 430","Ottawa","Ottawa","Ontario","Ontario","K1Z1G3","Canada","Canada","Public Works and Government Services Canada","Travaux publics et Services gouvernementaux Canada","","","","","","","","","","Department of National Defence","Ministère de la défense nationale","DG PROC.SVCS","N/D","101 COLONEL BY DR.,OTTAWA,Ontario,K1A0K2,Canada","101 COLONEL BY DR.,OTTAWA,Ontario,K1A0K2,Canada","","","","","","","","","","","","","","","",""
"SOFTCHOICE CORPORATION (W6369-11DEAQ/001/EEM~000)","SOFTCHOICE CORPORATION (W6369-11DEAQ/001/EEM~000)","W6369-11DEAQ/001/EEM","000","W6369-11DEAQ","","W6369-11DEAQ/001/EEM","1","","2010-12-20","","","2011-01-03","2328.00","2328.00","CAD","","","","","","","*N7030","*ADP Software","*Logiciel TAI","","","","*GD","","","Non-competitive","Non concurrentielle","","","Exclusive Rights","Droits exclusifs","*None","*Aucun","","","Softchoice Corporation","Softchoice Corporation","SOFTCHOICE CORPORATION","SOFTCHOICE CORPORATION","Softchoice Corporation","Softchoice Corporation","500 to 999 employees","500  à  999 employés","201-116 Albert St.","201-116 Albert St.","Ottawa","Ottawa","Ontario","Ontario","K1P5G3","Canada","Canada","Public Works and Government Services Canada","Travaux publics et Services gouvernementaux Canada","","","","","","","","","","Department of National Defence","Ministère de la défense nationale","DG PROC.SVCS","N/D","101 COLONEL BY DR.,OTTAWA,Ontario,K1A0K2,Canada","101 COLONEL BY DR.,OTTAWA,Ontario,K1A0K2,Canada","","","","","","","","","","","","","","","",""
"ORACLE CANADA ULC (W6369-11DEAR/001/XL~000)","ORACLE CANADA ULC (W6369-11DEAR/001/XL~000)","W6369-11DEAR/001/XL","000","W6369-11DEAR","","W6369-11DEAR/001/XL","1","","2010-12-20","","","2011-12-19","1388.00","1388.00","CAD","","","","","","","*N7030","*ADP Software","*Logiciel TAI","","","","*GD","","","Non-competitive","Non concurrentielle","","","Exclusive Rights","Droits exclusifs","*None","*Aucun","","","Oracle Canada ULC","Oracle Canada ULC","ORACLE CANADA ULC","ORACLE CANADA ULC","Oracle Canada ULC","Oracle Canada ULC","1500 to 2499 employees","1500 à 2499 employés","100 Milverton Drive","100 Milverton Drive","MISSISSAUGA","MISSISSAUGA","Ontario","Ontario","L5R4H1","Canada","Canada","Public Works and Government Services Canada","Travaux publics et Services gouvernementaux Canada","","","","","","","","","","Department of National Defence","Ministère de la défense nationale","DG PROC.SVCS","N/D","101 COLONEL BY DR.,OTTAWA,Ontario,K1A0K2,Canada","101 COLONEL BY DR.,OTTAWA,Ontario,K1A0K2,Canada","","","","","","","","","","","","","","","",""
"EMC CORPORATION OF CANADA (W6369-12DE22/001/EE~000)","EMC CORPORATION OF CANADA (W6369-12DE22/001/EE~000)","W6369-12DE22/001/EE","000","W6369-12DE22","","W6369-12DE22/001/EE","1","","2011-06-08","","","2012-06-14","17762.00","17762.00","CAD","","","","","","","*N7030","*ADP Software","*Logiciel TAI","","","","*GD","","","Non-competitive","Non concurrentielle","","","Exclusive Rights","Droits exclusifs","*None","*Aucun","","","EMC CORPORATION OF CANADA","EMC CORPORATION OF CANADA","EMC CORPORATION OF CANADA","EMC CORPORATION OF CANADA","EMC CORPORATION OF CANADA","EMC CORPORATION OF CANADA","500 to 999 employees","500  à  999 employés","EMC Corporation of Canada<br>555 legget Drive","EMC Corporation of Canada<br>555 legget Drive","Kanata","Kanata","Ontario","Ontario","K2K2X3","Canada","Canada","Public Works and Government Services Canada","Travaux publics et Services gouvernementaux Canada","","","","","","","","","","Department of National Defence","Ministère de la défense nationale","DG PROC.SVCS","N/D","101 COLONEL BY DR.,OTTAWA,Ontario,K1A0K2,Canada","101 COLONEL BY DR.,OTTAWA,Ontario,K1A0K2,Canada","","","","","","","","","","","","","","","",""
"MICROSOFT LICENSING, GP (W6369-12DEBQ/001/EE~000)","MICROSOFT LICENSING, GP (W6369-12DEBQ/001/EE~000)","W6369-12DEBQ/001/EE","000","W6369-12DEBQ","","W6369-12DEBQ/001/EE","1","","2011-12-14","","","2011-12-28","732.00","732.00","CAD","","","","","","","*N7030","*ADP Software","*Logiciel TAI","","","","*GD","","","Non-competitive","Non concurrentielle","","","Exclusive Rights","Droits exclusifs","*None","*Aucun","","","MICROSOFT LICENSING, GP","MICROSOFT LICENSING, GP","MICROSOFT LICENSING, GP","MICROSOFT LICENSING, GP","MICROSOFT LICENSING, GP","MICROSOFT LICENSING, GP","100 to 199 employees","100 à 199 employés","6100 Neil Road<br>Suite 100","6100 Neil Road<br>Suite 100","Reno","Reno","Nevada","Nevada","89511","United States","United States","Public Works and Government Services Canada","Travaux publics et Services gouvernementaux Canada","","","","","","","","","","Department of National Defence","Ministère de la défense nationale","DG PROC.SVCS","N/D","101 COLONEL BY DR.,OTTAWA,Ontario,K1A0K2,Canada","101 COLONEL BY DR.,OTTAWA,Ontario,K1A0K2,Canada","","","","","","","","","","","","","","","",""
"EMS TECHNOLOGIES CANADA, LTD (W6369-16DC06/001/EEM~000)","EMS TECHNOLOGIES CANADA, LTD (W6369-16DC06/001/EEM~000)","W6369-16DC06/001/EEM","000","W6369-16DC06","","W6369-16DC06/001/EEM","6","","2017-03-31","","","2020-03-31","1008729.00","1917547.95","CAD","","","","","","","*N7030","*ADP Software","*Logiciel TAI","","","","*GD","","","Non-competitive","Non concurrentielle","","","Exclusive Rights","Droits exclusifs","*Canada-Peru Free Trade Agreement (CPFTA)
*North American Free Trade Agreement (NAFTA)
* Other trade agreements not listed here may apply
*Canada-European Union Comprehensive Economic and Trade Agreement (CETA)
*World Trade Organization Agreement on Government Procurement (WTO GPA)
*Canada-Chile Free Trade Agreement (CCFTA)
*Canada-Colombia Free Trade Agreement
*Canada-Panama Free Trade Agreement","*Accord de libre-échange Canada-Pérou (ALECP)
*Accord de libre-échange nord-américain (ALENA)
*d'autres accords commerciaux non répertoriés ici peuvent s'appliquer
*Accord économique et commercial global (AECG) entre le Canada et l’Union européenne (UE)
*Accord sur les marchés publics de l'Organisation mondiale du commerce (AMP-OMC)
*Accord de libre-échange Canada-Chili (ALECC)
*Accord de libre-échange Canada-Colombie
*Accord de libre-échange Canada-Panama","","","EMS Technologies Canada, Ltd.","EMS Technologies Canada, Ltd.","EMS TECHNOLOGIES CANADA, LTD","EMS TECHNOLOGIES CANADA, LTD","EMS Technologies Canada, Ltd.","EMS Technologies Canada, Ltd.","200 to 499 employees","200 à 499 employés","400 Maple Grove Road","400 Maple Grove Road","Ottawa","Ottawa","Ontario","Ontario","K2V1B8","Canada","Canada","Public Works and Government Services Canada","Travaux publics et Services gouvernementaux Canada","","","","","","","","","","Department of National Defence","Ministère de la défense nationale","DG PROC.SVCS","N/D","101 COLONEL BY DR.,OTTAWA,Ontario,K1A0K2,Canada","101 COLONEL BY DR.,OTTAWA,Ontario,K1A0K2,Canada","","","","","","","","","","","","","","","",""
"AINSWORTH (EJ196-210742/001/FK~000)","AINSWORTH (EJ196-210742/001/FK~000)","EJ196-210742/001/FK","000","EJ196-210742","","EJ196-210742/001/FK","4","","2020-10-19","","","2025-11-30","247508.00","280881.84","CAD","","","","","","","*N7110","*Office Furniture","*Meubles de bureau","","","","*GD","","","Non-competitive","Non concurrentielle","","","Exclusive Rights","Droits exclusifs","","","","","Ainsworth","Ainsworth","AINSWORTH","AINSWORTH","Ainsworth Inc","Ainsworth Inc","500 to 999 employees","500  à  999 employés","131 Bermondsey Road","131 Bermondsey Road","Toronto","Toronto","Ontario","Ontario","M4A1X4","Canada","Canada","Public Works and Government Services Canada","Travaux publics et Services gouvernementaux Canada","","","","","","","","","","Public Works and Government Services Canada","Travaux publics et Services gouvernementaux Canada","OPERATIONAL SUPPORT SERVS QM","SERV SUPPORTS OPERTIONELLE SQ","180 KENT STREET, 18TH FLOOR,OTTAWA,Ontario,K1P0B6,Canada","180 KENT STREET, 18TH FLOOR,OTTAWA,Ontario,K1P0B6,Canada","","","","","","","","","","","","","","","",""
"THE GLOBAL GROUP (EK219-100046/001/PQ~000)","THE GLOBAL GROUP (EK219-100046/001/PQ~000)","EK219-100046/001/PQ","000","EK219-100046","","EK219-100046/001/PQ","1","","2009-01-21","","","2009-03-01","66395.00","66395.00","CAD","","","","","","","*N7110","*Office Furniture","*Meubles de bureau","","","","*GD","","","Non-competitive","Non concurrentielle","","","Additional Deliveries","Livraisons supplémentaires","*None","*Aucun","","","Global Upholstery Co. Inc.","Global Upholstery Co. Inc.","THE GLOBAL GROUP","THE GLOBAL GROUP","The Global Group","The Global Group","2500 to 4999 employees","2500 à 4999 employés","251 Laurier Avenue West<br>Suite 400","251 Laurier Avenue West<br>Suite 400","Ottawa","Ottawa","Ontario","Ontario","K1P5J6","Canada","Canada","Public Works and Government Services Canada","Travaux publics et Services gouvernementaux Canada","","","","","","","","","","Public Works and Government Services Canada","Travaux publics et Services gouvernementaux Canada","","N/D","51 PROMENADE CHARDON DRIVEWAY<br>TUNNEYS PASTURE,OTTAWA,Ontario,K1A0M3,Canada","51 PROMENADE CHARDON DRIVEWAY<br>TUNNEYS PASTURE,OTTAWA,Ontario,K1A0M3,Canada","","","","","","","","","","","","","","","",""
"TEKNION FURNITURE SYSTEMS LTD (EN260-180402/001/HAL~000)","TEKNION FURNITURE SYSTEMS LTD (EN260-180402/001/HAL~000)","EN260-180402/001/HAL","000","EN260-180402","","EN260-180402/001/HAL","1","","2017-12-20","","","2018-03-31","24956.00","24956.00","CAD","","","","","","","*N7110","*Office Furniture","*Meubles de bureau","","","","*GD","","","Non-competitive","Non concurrentielle","","","Additional Deliveries","Livraisons supplémentaires","*Canadian Free Trade Agreement (CFTA)","*Accord de libre-échange canadien (ALEC)","","","Teknion Limited","Teknion Limited","TEKNION FURNITURE SYSTEMS LTD","TEKNION FURNITURE SYSTEMS LTD","Teknion Furniture Systems Ltd","Teknion Furniture Systems Ltd","2500 to 4999 employees","2500 à 4999 employés","1150 Flint Rd","1150 Flint Rd","Downsview","Downsview","Ontario","Ontario","M3J2J5","Canada","Canada","Public Works and Government Services Canada","Travaux publics et Services gouvernementaux Canada","","","","","","","","","","Public Works and Government Services Canada","Travaux publics et Services gouvernementaux Canada","PAY MODERNIZATION PROJECT","N/D","PORTAGE II, 3RD FLOOR<br>165 HOTEL DE VILLE,Gatineau,Quebec,K1A0S5,Canada","PORTAGE II, 3RD FLOOR<br>165 HOTEL DE VILLE,Gatineau,Quebec,K1A0S5,Canada","","","","","","","","","","","","","","","",""
"CAPITAL OFFICE INTERIORS LTD (EN439-202866/001/PQ~000)","CAPITAL OFFICE INTERIORS LTD (EN439-202866/001/PQ~000)","EN439-202866/001/PQ","000","EN439-202866","","EN439-202866/001/PQ","2","","2020-06-18","","","2030-06-18","158102.00","162375.00","CAD","","","","","","","*N7110","*Office Furniture","*Meubles de bureau","","","","*GD","","","Competitive - Open bidding","Concurrentielle - Invitation ouverte à soumissionner","Lowest Price","Prix le plus bas","","","*Canada-Chile Free Trade Agreement (CCFTA)
* Other trade agreements not listed here may apply
*Canada-Colombia Free Trade Agreement
*North American Free Trade Agreement (NAFTA)
*Canada-Peru Free Trade Agreement (CPFTA)
*Canada-Panama Free Trade Agreement","*Accord de libre-échange Canada-Chili (ALECC)
*d'autres accords commerciaux non répertoriés ici peuvent s'appliquer
*Accord de libre-échange Canada-Colombie
*Accord de libre-échange nord-américain (ALENA)
*Accord de libre-échange Canada-Pérou (ALECP)
*Accord de libre-échange Canada-Panama","","","Capital Office Interiors Ltd","Capital Office Interiors Ltd","CAPITAL OFFICE INTERIORS LTD","CAPITAL OFFICE INTERIORS LTD","Capital Office Interiors Ltd","Capital Office Interiors Ltd","20 to 49 employees","20 à 49 employés","16 Antares Drive","16 Antares Drive","Nepean","Nepean","Ontario","Ontario","K2E7Y7","Canada","Canada","Public Works and Government Services Canada","Travaux publics et Services gouvernementaux Canada","","","","","","","","","","Public Works and Government Services Canada","Travaux publics et Services gouvernementaux Canada","GTIS AMS PRGM OFFICE","N/D","PORTAGE III 4B1<br>11 LAURIER ST,Gatineau,Quebec,K1A0S5,Canada","PORTAGE III 4B1<br>11 LAURIER ST,Gatineau,Quebec,K1A0S5,Canada","","","","","","","","","","","","","","","",""
"VUPEN SECURITY (W6369-10DE15/001/EE~000)","VUPEN SECURITY (W6369-10DE15/001/EE~000)","W6369-10DE15/001/EE","000","W6369-10DE15","","W6369-10DE15/001/EE","2","","2009-07-20","","","2010-09-16","7588.00","13945.00","CAD","","","","","","","*N7030","*ADP Software","*Logiciel TAI","","","","*GD","","","Non-competitive","Non concurrentielle","","","Exclusive Rights","Droits exclusifs","*None","*Aucun","","","VUPEN SECURITY","VUPEN SECURITY","VUPEN SECURITY","VUPEN SECURITY","VUPEN SECURITY","VUPEN SECURITY","1 to 4 employees","1 à 4 employés","CAP OMEGA CS 39521 RONT POINT<br>BENJAMIN FRANKLIN","CAP OMEGA CS 39521 RONT POINT<br>BENJAMIN FRANKLIN","MONTPELLIER CEDEX 2","MONTPELLIER CEDEX 2","","","34960","France","France","Public Works and Government Services Canada","Travaux publics et Services gouvernementaux Canada","","","","","","","","","","Department of National Defence","Ministère de la défense nationale","CO SHIPPING CFS LEITRIM SLOGO","N/D","3545 LEITRIM RD.GLOUCESTER ON<br>INVOICE:CFS LEITRIM S.LOG.O,OTTAWA,Ontario,K1A0K5,Canada","3545 LEITRIM RD.GLOUCESTER ON<br>INVOICE:CFS LEITRIM S.LOG.O,OTTAWA,Ontario,K1A0K5,Canada","","","","","","","","","","","","","","","",""
"ABI/ADVANCED BUSINESS INTERIORS INC (EN439-202866/002/PQ~000)","ABI/ADVANCED BUSINESS INTERIORS INC (EN439-202866/002/PQ~000)","EN439-202866/002/PQ","000","EN439-202866","","EN439-202866/002/PQ","2","","2020-06-18","","","2030-06-18","13998.00","13998.00","CAD","","","","","","","*N7110","*Office Furniture","*Meubles de bureau","","","","*GD","","","Competitive - Open bidding","Concurrentielle - Invitation ouverte à soumissionner","Lowest Price","Prix le plus bas","","","*Canada-Chile Free Trade Agreement (CCFTA)
* Other trade agreements not listed here may apply
*Canada-Peru Free Trade Agreement (CPFTA)
*Canada-Colombia Free Trade Agreement
*North American Free Trade Agreement (NAFTA)
*Canada-Panama Free Trade Agreement","*Accord de libre-échange Canada-Chili (ALECC)
*d'autres accords commerciaux non répertoriés ici peuvent s'appliquer
*Accord de libre-échange Canada-Pérou (ALECP)
*Accord de libre-échange Canada-Colombie
*Accord de libre-échange nord-américain (ALENA)
*Accord de libre-échange Canada-Panama","","","ABI/Advanced Business Interiors Inc.","ABI/Advanced Business Interiors Inc.","ABI/ADVANCED BUSINESS INTERIORS INC","ABI/ADVANCED BUSINESS INTERIORS INC","ABI/Advanced Business Interiors Inc.","ABI/Advanced Business Interiors Inc.","100 to 199 employees","100 à 199 employés","2355 St Laurent Blvd","2355 St Laurent Blvd","Ottawa","Ottawa","Ontario","Ontario","K1G4L2","Canada","Canada","Public Works and Government Services Canada","Travaux publics et Services gouvernementaux Canada","","","","","","","","","","Public Works and Government Services Canada","Travaux publics et Services gouvernementaux Canada","GTIS AMS PRGM OFFICE","N/D","PORTAGE III 4B1<br>11 LAURIER ST,Gatineau,Quebec,K1A0S5,Canada","PORTAGE III 4B1<br>11 LAURIER ST,Gatineau,Quebec,K1A0S5,Canada","","","","","","","","","","","","","","","",""
"CAPITAL OFFICE INTERIORS LTD (EN439-202866/003/PQ~000)","CAPITAL OFFICE INTERIORS LTD (EN439-202866/003/PQ~000)","EN439-202866/003/PQ","000","EN439-202866","","EN439-202866/003/PQ","1","","2020-07-08","","","2030-01-07","18178.00","18178.00","CAD","","","","","","","*N7110","*Office Furniture","*Meubles de bureau","","","","*GD","","","Competitive - Traditional","Concurrentielle - Traditionnelle","Lowest Price","Prix le plus bas","","","*Canada-Peru Free Trade Agreement (CPFTA)
*North American Free Trade Agreement (NAFTA)
*Canada-Chile Free Trade Agreement (CCFTA)
* Other trade agreements not listed here may apply
*Canada-Colombia Free Trade Agreement
*Canada-Panama Free Trade Agreement","*Accord de libre-échange Canada-Pérou (ALECP)
*Accord de libre-échange nord-américain (ALENA)
*Accord de libre-échange Canada-Chili (ALECC)
*d'autres accords commerciaux non répertoriés ici peuvent s'appliquer
*Accord de libre-échange Canada-Colombie
*Accord de libre-échange Canada-Panama","","","Capital Office Interiors Ltd","Capital Office Interiors Ltd","CAPITAL OFFICE INTERIORS LTD","CAPITAL OFFICE INTERIORS LTD","Capital Office Interiors Ltd","Capital Office Interiors Ltd","20 to 49 employees","20 à 49 employés","16 Antares Drive","16 Antares Drive","Nepean","Nepean","Ontario","Ontario","K2E7Y7","Canada","Canada","Public Works and Government Services Canada","Travaux publics et Services gouvernementaux Canada","","","","","","","","","","Public Works and Government Services Canada","Travaux publics et Services gouvernementaux Canada","GTIS AMS PRGM OFFICE","N/D","PORTAGE III 4B1<br>11 LAURIER ST,Gatineau,Quebec,K1A0S5,Canada","PORTAGE III 4B1<br>11 LAURIER ST,Gatineau,Quebec,K1A0S5,Canada","","","","","","","","","","","","","","","",""
"NITAM SOLUTIONS INC (EN439-202890/001/PQ~000)","NITAM SOLUTIONS INC (EN439-202890/001/PQ~000)","EN439-202890/001/PQ","000","EN439-202890","","EN439-202890/001/PQ","3","","2020-05-19","","","2030-05-19","485682.00","502928.00","CAD","","","","","","","*N7110","*Office Furniture","*Meubles de bureau","","","","*GD","","","Competitive - Open bidding","Concurrentielle - Invitation ouverte à soumissionner","Lowest Price","Prix le plus bas","","","*Canada-European Union Comprehensive Economic and Trade Agreement (CETA)
*Canada-Peru Free Trade Agreement (CPFTA)
*North American Free Trade Agreement (NAFTA)
*Canada-Chile Free Trade Agreement (CCFTA)
*Canada-Colombia Free Trade Agreement
* Other trade agreements not listed here may apply
*Canada-Panama Free Trade Agreement
*World Trade Organization Agreement on Government Procurement (WTO GPA)","*Accord économique et commercial global (AECG) entre le Canada et l’Union européenne (UE)
*Accord de libre-échange Canada-Pérou (ALECP)
*Accord de libre-échange nord-américain (ALENA)
*Accord de libre-échange Canada-Chili (ALECC)
*Accord de libre-échange Canada-Colombie
*d'autres accords commerciaux non répertoriés ici peuvent s'appliquer
*Accord de libre-échange Canada-Panama
*Accord sur les marchés publics de l'Organisation mondiale du commerce (AMP-OMC)","","","Nitam Solutions Inc","Nitam Solutions Inc","NITAM SOLUTIONS INC","NITAM SOLUTIONS INC","Nitam Solutions Inc","Nitam Solutions Inc","1 to 4 employees","1 à 4 employés","1125 Newmarket St,","1125 Newmarket St,","OTTAWA.","OTTAWA.","Ontario","Ontario","K1B4N4","Canada","Canada","Public Works and Government Services Canada","Travaux publics et Services gouvernementaux Canada","","","","","","","","","","Public Works and Government Services Canada","Travaux publics et Services gouvernementaux Canada","GTIS AMS PRGM OFFICE","N/D","PORTAGE III 4B1<br>11 LAURIER ST,Gatineau,Quebec,K1A0S5,Canada","PORTAGE III 4B1<br>11 LAURIER ST,Gatineau,Quebec,K1A0S5,Canada","","","","","","","","","","","","","","","",""
"TEKNION FURNITURE SYSTEMS LTD (EN439-202890/002/PQ~000)","TEKNION FURNITURE SYSTEMS LTD (EN439-202890/002/PQ~000)","EN439-202890/002/PQ","000","EN439-202890","","EN439-202890/002/PQ","2","","2020-05-19","","","2030-05-19","162560.00","162560.00","CAD","","","","","","","*N7110","*Office Furniture","*Meubles de bureau","","","","*GD","","","Competitive - Open bidding","Concurrentielle - Invitation ouverte à soumissionner","Lowest Price","Prix le plus bas","","","* Other trade agreements not listed here may apply
*Canada-European Union Comprehensive Economic and Trade Agreement (CETA)
*World Trade Organization Agreement on Government Procurement (WTO GPA)
*Canada-Peru Free Trade Agreement (CPFTA)
*Canada-Chile Free Trade Agreement (CCFTA)
*North American Free Trade Agreement (NAFTA)
*Canada-Colombia Free Trade Agreement
*Canada-Panama Free Trade Agreement","*d'autres accords commerciaux non répertoriés ici peuvent s'appliquer
*Accord économique et commercial global (AECG) entre le Canada et l’Union européenne (UE)
*Accord sur les marchés publics de l'Organisation mondiale du commerce (AMP-OMC)
*Accord de libre-échange Canada-Pérou (ALECP)
*Accord de libre-échange Canada-Chili (ALECC)
*Accord de libre-échange nord-américain (ALENA)
*Accord de libre-échange Canada-Colombie
*Accord de libre-échange Canada-Panama","","","Teknion Limited","Teknion Limited","TEKNION FURNITURE SYSTEMS LTD","TEKNION FURNITURE SYSTEMS LTD","Teknion Furniture Systems Ltd","Teknion Furniture Systems Ltd","2500 to 4999 employees","2500 à 4999 employés","1150 Flint Rd","1150 Flint Rd","Downsview","Downsview","Ontario","Ontario","M3J2J5","Canada","Canada","Public Works and Government Services Canada","Travaux publics et Services gouvernementaux Canada","","","","","","","","","","Public Works and Government Services Canada","Travaux publics et Services gouvernementaux Canada","GTIS AMS PRGM OFFICE","N/D","PORTAGE III 4B1<br>11 LAURIER ST,Gatineau,Quebec,K1A0S5,Canada","PORTAGE III 4B1<br>11 LAURIER ST,Gatineau,Quebec,K1A0S5,Canada","","","","","","","","","","","","","","","",""
"NUA OFFICE INC (EN439-202890/003/PQ~000)","NUA OFFICE INC (EN439-202890/003/PQ~000)","EN439-202890/003/PQ","000","EN439-202890","","EN439-202890/003/PQ","3","","2020-05-19","","","2030-05-19","281059.00","332756.00","CAD","","","","","","","*N7110","*Office Furniture","*Meubles de bureau","","","","*GD","","","Competitive - Open bidding","Concurrentielle - Invitation ouverte à soumissionner","Lowest Price","Prix le plus bas","","","*World Trade Organization Agreement on Government Procurement (WTO GPA)
*Canada-Peru Free Trade Agreement (CPFTA)
*Canada-European Union Comprehensive Economic and Trade Agreement (CETA)
* Other trade agreements not listed here may apply
*Canada-Chile Free Trade Agreement (CCFTA)
*Canada-Colombia Free Trade Agreement
*North American Free Trade Agreement (NAFTA)
*Canada-Panama Free Trade Agreement","*Accord sur les marchés publics de l'Organisation mondiale du commerce (AMP-OMC)
*Accord de libre-échange Canada-Pérou (ALECP)
*Accord économique et commercial global (AECG) entre le Canada et l’Union européenne (UE)
*d'autres accords commerciaux non répertoriés ici peuvent s'appliquer
*Accord de libre-échange Canada-Chili (ALECC)
*Accord de libre-échange Canada-Colombie
*Accord de libre-échange nord-américain (ALENA)
*Accord de libre-échange Canada-Panama","","","Nua Office inc.","Nua Office inc.","NUA OFFICE INC","NUA OFFICE INC","Nua Office inc.","Nua Office inc.","5 to 9 employees","5 à 9 employés","370 Joseph Carrier","370 Joseph Carrier","Vaudreuil-Dorion","Vaudreuil-Dorion","Quebec","Quebec","J7V5V5","Canada","Canada","Public Works and Government Services Canada","Travaux publics et Services gouvernementaux Canada","","","","","","","","","","Public Works and Government Services Canada","Travaux publics et Services gouvernementaux Canada","GTIS AMS PRGM OFFICE","N/D","PORTAGE III 4B1<br>11 LAURIER ST,Gatineau,Quebec,K1A0S5,Canada","PORTAGE III 4B1<br>11 LAURIER ST,Gatineau,Quebec,K1A0S5,Canada","","","","","","","","","","","","","","","",""
"ABI/ADVANCED BUSINESS INTERIORS INC (EN439-202891/001/PQ~000)","ABI/ADVANCED BUSINESS INTERIORS INC (EN439-202891/001/PQ~000)","EN439-202891/001/PQ","000","EN439-202891","","EN439-202891/001/PQ","2","","2020-05-20","","","2030-05-20","330039.00","330039.00","CAD","","","","","","","*N7110","*Office Furniture","*Meubles de bureau","","","","*GD","","","Competitive - Open bidding","Concurrentielle - Invitation ouverte à soumissionner","Lowest Price","Prix le plus bas","","","*Canada-European Union Comprehensive Economic and Trade Agreement (CETA)
*North American Free Trade Agreement (NAFTA)
*Canada-Peru Free Trade Agreement (CPFTA)
*World Trade Organization Agreement on Government Procurement (WTO GPA)
*Canada-Chile Free Trade Agreement (CCFTA)
* Other trade agreements not listed here may apply
*Canada-Colombia Free Trade Agreement
*Canada-Panama Free Trade Agreement","*Accord économique et commercial global (AECG) entre le Canada et l’Union européenne (UE)
*Accord de libre-échange nord-américain (ALENA)
*Accord de libre-échange Canada-Pérou (ALECP)
*Accord sur les marchés publics de l'Organisation mondiale du commerce (AMP-OMC)
*Accord de libre-échange Canada-Chili (ALECC)
*d'autres accords commerciaux non répertoriés ici peuvent s'appliquer
*Accord de libre-échange Canada-Colombie
*Accord de libre-échange Canada-Panama","","","ABI/Advanced Business Interiors Inc.","ABI/Advanced Business Interiors Inc.","ABI/ADVANCED BUSINESS INTERIORS INC","ABI/ADVANCED BUSINESS INTERIORS INC","ABI/Advanced Business Interiors Inc.","ABI/Advanced Business Interiors Inc.","100 to 199 employees","100 à 199 employés","2355 St Laurent Blvd","2355 St Laurent Blvd","Ottawa","Ottawa","Ontario","Ontario","K1G4L2","Canada","Canada","Public Works and Government Services Canada","Travaux publics et Services gouvernementaux Canada","","","","","","","","","","Public Works and Government Services Canada","Travaux publics et Services gouvernementaux Canada","GTIS AMS PRGM OFFICE","N/D","PORTAGE III 4B1<br>11 LAURIER ST,Gatineau,Quebec,K1A0S5,Canada","PORTAGE III 4B1<br>11 LAURIER ST,Gatineau,Quebec,K1A0S5,Canada","","","","","","","","","","","","","","","",""
"HAWORTH, LTD (EN439-202891/002/PQ~000)","HAWORTH, LTD (EN439-202891/002/PQ~000)","EN439-202891/002/PQ","000","EN439-202891","","EN439-202891/002/PQ","2","","2020-05-20","","","2030-05-20","134873.00","134873.00","CAD","","","","","","","*N7110","*Office Furniture","*Meubles de bureau","","","","*GD","","","Competitive - Open bidding","Concurrentielle - Invitation ouverte à soumissionner","Lowest Price","Prix le plus bas","","","*World Trade Organization Agreement on Government Procurement (WTO GPA)
* Other trade agreements not listed here may apply
*North American Free Trade Agreement (NAFTA)
*Canada-European Union Comprehensive Economic and Trade Agreement (CETA)
*Canada-Panama Free Trade Agreement
*Canada-Chile Free Trade Agreement (CCFTA)
*Canada-Colombia Free Trade Agreement
*Canada-Peru Free Trade Agreement (CPFTA)","*Accord sur les marchés publics de l'Organisation mondiale du commerce (AMP-OMC)
*d'autres accords commerciaux non répertoriés ici peuvent s'appliquer
*Accord de libre-échange nord-américain (ALENA)
*Accord économique et commercial global (AECG) entre le Canada et l’Union européenne (UE)
*Accord de libre-échange Canada-Panama
*Accord de libre-échange Canada-Chili (ALECC)
*Accord de libre-échange Canada-Colombie
*Accord de libre-échange Canada-Pérou (ALECP)","","","HAWORTH, LTD.","HAWORTH, LTD.","HAWORTH, LTD","HAWORTH, LTD","HAWORTH, LTD.","HAWORTH, LTD.","2500 to 4999 employees","2500 à 4999 employés","1 Haworth Center","1 Haworth Center","Holland","Holland","Michigan","Michigan","49423","United States","United States","Public Works and Government Services Canada","Travaux publics et Services gouvernementaux Canada","","","","","","","","","","Public Works and Government Services Canada","Travaux publics et Services gouvernementaux Canada","GTIS AMS PRGM OFFICE","N/D","PORTAGE III 4B1<br>11 LAURIER ST,Gatineau,Quebec,K1A0S5,Canada","PORTAGE III 4B1<br>11 LAURIER ST,Gatineau,Quebec,K1A0S5,Canada","","","","","","","","","","","","","","","",""
"TEKNION FURNITURE SYSTEMS LTD (EN439-202891/003/PQ~000)","TEKNION FURNITURE SYSTEMS LTD (EN439-202891/003/PQ~000)","EN439-202891/003/PQ","000","EN439-202891","","EN439-202891/003/PQ","2","","2020-05-20","","","2030-05-20","16929.00","16929.00","CAD","","","","","","","*N7110","*Office Furniture","*Meubles de bureau","","","","*GD","","","Competitive - Open bidding","Concurrentielle - Invitation ouverte à soumissionner","Lowest Price","Prix le plus bas","","","* Other trade agreements not listed here may apply
*Canada-Colombia Free Trade Agreement
*World Trade Organization Agreement on Government Procurement (WTO GPA)
*Canada-European Union Comprehensive Economic and Trade Agreement (CETA)
*Canada-Peru Free Trade Agreement (CPFTA)
*Canada-Chile Free Trade Agreement (CCFTA)
*North American Free Trade Agreement (NAFTA)
*Canada-Panama Free Trade Agreement","*d'autres accords commerciaux non répertoriés ici peuvent s'appliquer
*Accord de libre-échange Canada-Colombie
*Accord sur les marchés publics de l'Organisation mondiale du commerce (AMP-OMC)
*Accord économique et commercial global (AECG) entre le Canada et l’Union européenne (UE)
*Accord de libre-échange Canada-Pérou (ALECP)
*Accord de libre-échange Canada-Chili (ALECC)
*Accord de libre-échange nord-américain (ALENA)
*Accord de libre-échange Canada-Panama","","","Teknion Limited","Teknion Limited","TEKNION FURNITURE SYSTEMS LTD","TEKNION FURNITURE SYSTEMS LTD","Teknion Furniture Systems Ltd","Teknion Furniture Systems Ltd","2500 to 4999 employees","2500 à 4999 employés","1150 Flint Rd","1150 Flint Rd","Downsview","Downsview","Ontario","Ontario","M3J2J5","Canada","Canada","Public Works and Government Services Canada","Travaux publics et Services gouvernementaux Canada","","","","","","","","","","Public Works and Government Services Canada","Travaux publics et Services gouvernementaux Canada","GTIS AMS PRGM OFFICE","N/D","PORTAGE III 4B1<br>11 LAURIER ST,Gatineau,Quebec,K1A0S5,Canada","PORTAGE III 4B1<br>11 LAURIER ST,Gatineau,Quebec,K1A0S5,Canada","","","","","","","","","","","","","","","",""
"GLOBAL UPHOLSTERY CO INC ON BEHALF OF GLOBAL TOTAL OFFICE LP (EN439-202891/004/PQ~000)","GLOBAL UPHOLSTERY CO INC ON BEHALF OF GLOBAL TOTAL OFFICE LP (EN439-202891/004/PQ~000)","EN439-202891/004/PQ","000","EN439-202891","","EN439-202891/004/PQ","2","","2020-05-20","","","2030-05-20","5768.00","5768.00","CAD","","","","","","","*N7110","*Office Furniture","*Meubles de bureau","","","","*GD","","","Competitive - Open bidding","Concurrentielle - Invitation ouverte à soumissionner","Lowest Price","Prix le plus bas","","","*Canada-Chile Free Trade Agreement (CCFTA)
*Canada-Peru Free Trade Agreement (CPFTA)
*World Trade Organization Agreement on Government Procurement (WTO GPA)
*Canada-European Union Comprehensive Economic and Trade Agreement (CETA)
*North American Free Trade Agreement (NAFTA)
* Other trade agreements not listed here may apply
*Canada-Colombia Free Trade Agreement
*Canada-Panama Free Trade Agreement","*Accord de libre-échange Canada-Chili (ALECC)
*Accord de libre-échange Canada-Pérou (ALECP)
*Accord sur les marchés publics de l'Organisation mondiale du commerce (AMP-OMC)
*Accord économique et commercial global (AECG) entre le Canada et l’Union européenne (UE)
*Accord de libre-échange nord-américain (ALENA)
*d'autres accords commerciaux non répertoriés ici peuvent s'appliquer
*Accord de libre-échange Canada-Colombie
*Accord de libre-échange Canada-Panama","","","Global Total Office","Global Total Office","GLOBAL UPHOLSTERY CO INC ON BEHALF OF GLOBAL TOTAL OFFICE LP","GLOBAL UPHOLSTERY CO INC ON BEHALF OF GLOBAL TOTAL OFFICE LP","Global Upholstery Co. Inc. on behalf of Global Total Office LP","Global Upholstery Co. Inc. on behalf of Global Total Office LP","500 to 999 employees","500  à  999 employés","1350 Flint Road","1350 Flint Road","Toronto","Toronto","Ontario","Ontario","M3J2J7","Canada","Canada","Public Works and Government Services Canada","Travaux publics et Services gouvernementaux Canada","","","","","","","","","","Public Works and Government Services Canada","Travaux publics et Services gouvernementaux Canada","GTIS AMS PRGM OFFICE","N/D","PORTAGE III 4B1<br>11 LAURIER ST,Gatineau,Quebec,K1A0S5,Canada","PORTAGE III 4B1<br>11 LAURIER ST,Gatineau,Quebec,K1A0S5,Canada","","","","","","","","","","","","","","","",""
"HAWORTH LTD (EN448-093160/001/PQ~000)","HAWORTH LTD (EN448-093160/001/PQ~000)","EN448-093160/001/PQ","000","EN448-093160","","EN448-093160/001/PQ","2","","2009-02-12","","","2009-03-31","79968.00","79968.00","CAD","","","","","","","*N7110","*Office Furniture","*Meubles de bureau","","","","*GD","","","Non-competitive","Non concurrentielle","","","Additional Deliveries","Livraisons supplémentaires","*None","*Aucun","","","Haworth, Ltd","Haworth, Ltd","HAWORTH LTD","HAWORTH LTD","Haworth Ltd","Haworth Ltd","2500 to 4999 employees","2500 à 4999 employés","2355 St Laurent Blvd.","2355 St Laurent Blvd.","Ottawa","Ottawa","Ontario","Ontario","K1G4L2","Canada","Canada","Public Works and Government Services Canada","Travaux publics et Services gouvernementaux Canada","","","","","","","","","","Public Works and Government Services Canada","Travaux publics et Services gouvernementaux Canada","ARCHITECTURE&INTERIOR DESIGN","N/D","TERRASSES CHAUDIERE<br>25 EDDY ST 2ND FL.STE 226,Gatineau,Quebec,K1A0M5,Canada","TERRASSES CHAUDIERE<br>25 EDDY ST 2ND FL.STE 226,Gatineau,Quebec,K1A0M5,Canada","","","","","","","","","","","","","","","",""
"TEKNION FURNITURE SYSTEMS LTD (EN448-113565/001/PQ~000)","TEKNION FURNITURE SYSTEMS LTD (EN448-113565/001/PQ~000)","EN448-113565/001/PQ","000","EN448-113565","","EN448-113565/001/PQ","2","","2012-10-04","","","2022-10-04","2513010.00","2694434.00","CAD","","","","","","","*N7110","*Office Furniture","*Meubles de bureau","","","","*GD","","","Competitive - Open bidding","Concurrentielle - Invitation ouverte à soumissionner","Lowest Price","Prix le plus bas","","","*Canada-European Union Comprehensive Economic and Trade Agreement (CETA)
*North American Free Trade Agreement (NAFTA)
*Canada-Peru Free Trade Agreement (CPFTA)
*World Trade Organization Agreement on Government Procurement (WTO GPA)
*Canada-Chile Free Trade Agreement (CCFTA)
* Other trade agreements not listed here may apply
*Canada-Colombia Free Trade Agreement
*Canada-Panama Free Trade Agreement","*Accord économique et commercial global (AECG) entre le Canada et l’Union européenne (UE)
*Accord de libre-échange nord-américain (ALENA)
*Accord de libre-échange Canada-Pérou (ALECP)
*Accord sur les marchés publics de l'Organisation mondiale du commerce (AMP-OMC)
*Accord de libre-échange Canada-Chili (ALECC)
*d'autres accords commerciaux non répertoriés ici peuvent s'appliquer
*Accord de libre-échange Canada-Colombie
*Accord de libre-échange Canada-Panama","","","Teknion Limited","Teknion Limited","TEKNION FURNITURE SYSTEMS LTD","TEKNION FURNITURE SYSTEMS LTD","Teknion Furniture Systems Ltd","Teknion Furniture Systems Ltd","2500 to 4999 employees","2500 à 4999 employés","1150 Flint Rd","1150 Flint Rd","Downsview","Downsview","Ontario","Ontario","M3J2J5","Canada","Canada","Public Works and Government Services Canada","Travaux publics et Services gouvernementaux Canada","","","","","","","","","","Public Works and Government Services Canada","Travaux publics et Services gouvernementaux Canada","ARCHITECTURE&INTERIOR DESIGN","N/D","TERRASSES CHAUDIERE<br>25 EDDY ST 2ND FL.STE 226,Gatineau,Quebec,K1A0M5,Canada","TERRASSES CHAUDIERE<br>25 EDDY ST 2ND FL.STE 226,Gatineau,Quebec,K1A0M5,Canada","","","","","","","","","","","","","","","",""
"SUNDOG FURNITURE SOLUTIONS INC (EN448-113565/051/PQ~000)","SUNDOG FURNITURE SOLUTIONS INC (EN448-113565/051/PQ~000)","EN448-113565/051/PQ","000","EN448-113565","","EN448-113565/051/PQ","1","","2012-09-20","","","2013-09-20","489616.00","489616.00","CAD","","","","","","","*N7110","*Office Furniture","*Meubles de bureau","","","","*GD","","","Competitive - Traditional","Concurrentielle - Traditionnelle","Lowest Price","Prix le plus bas","","","*Set-Aside Program for Aboriginal Business (SPAB)","*Programme des marchés réservés aux entreprises autochtones (PMREA)","","","Sundog Furniture Solutions Inc.","Sundog Furniture Solutions Inc.","SUNDOG FURNITURE SOLUTIONS INC","SUNDOG FURNITURE SOLUTIONS INC","Sundog Furniture Solutions Inc.","Sundog Furniture Solutions Inc.","1 to 4 employees","1 à 4 employés","1 Bartley Cres.","1 Bartley Cres.","Ottawa","Ottawa","Ontario","Ontario","K2J1R9","Canada","Canada","Public Works and Government Services Canada","Travaux publics et Services gouvernementaux Canada","","","","","","","","","","Public Works and Government Services Canada","Travaux publics et Services gouvernementaux Canada","ARCHITECTURE&INTERIOR DESIGN","N/D","TERRASSES CHAUDIERE<br>25 EDDY ST 2ND FL.STE 226,Gatineau,Quebec,K1A0M5,Canada","TERRASSES CHAUDIERE<br>25 EDDY ST 2ND FL.STE 226,Gatineau,Quebec,K1A0M5,Canada","","","","","","","","","","","","","","","",""
"ABI/ADVANCED BUSINESS INTERIORS INC (EN448-140718/001/PQ~000)","ABI/ADVANCED BUSINESS INTERIORS INC (EN448-140718/001/PQ~000)","EN448-140718/001/PQ","000","EN448-140718","","EN448-140718/001/PQ","4","","2014-02-25","","","2017-02-25","2749284.00","2749284.00","CAD","","","","","","","*N7110","*Office Furniture","*Meubles de bureau","","","","*GD","","","Competitive - Open bidding","Concurrentielle - Invitation ouverte à soumissionner","Lowest Price","Prix le plus bas","","","* Other trade agreements not listed here may apply
*Canada-European Union Comprehensive Economic and Trade Agreement (CETA)
*Canada-Chile Free Trade Agreement (CCFTA)
*Canada-Colombia Free Trade Agreement
*World Trade Organization Agreement on Government Procurement (WTO GPA)
*Canada-Peru Free Trade Agreement (CPFTA)
*North American Free Trade Agreement (NAFTA)
*Canada-Panama Free Trade Agreement","*d'autres accords commerciaux non répertoriés ici peuvent s'appliquer
*Accord économique et commercial global (AECG) entre le Canada et l’Union européenne (UE)
*Accord de libre-échange Canada-Chili (ALECC)
*Accord de libre-échange Canada-Colombie
*Accord sur les marchés publics de l'Organisation mondiale du commerce (AMP-OMC)
*Accord de libre-échange Canada-Pérou (ALECP)
*Accord de libre-échange nord-américain (ALENA)
*Accord de libre-échange Canada-Panama","","","ABI/Advanced Business Interiors Inc.","ABI/Advanced Business Interiors Inc.","ABI/ADVANCED BUSINESS INTERIORS INC","ABI/ADVANCED BUSINESS INTERIORS INC","ABI/Advanced Business Interiors Inc.","ABI/Advanced Business Interiors Inc.","100 to 199 employees","100 à 199 employés","2355 St Laurent Blvd","2355 St Laurent Blvd","Ottawa","Ottawa","Ontario","Ontario","K1G4L2","Canada","Canada","Public Works and Government Services Canada","Travaux publics et Services gouvernementaux Canada","","","","","","","","","","Public Works and Government Services Canada","Travaux publics et Services gouvernementaux Canada","ARCHITECTURE&INTERIOR DESIGN","N/D","TERRASSES CHAUDIERE<br>25 EDDY ST 2ND FL.STE 226,Gatineau,Quebec,K1A0M5,Canada","TERRASSES CHAUDIERE<br>25 EDDY ST 2ND FL.STE 226,Gatineau,Quebec,K1A0M5,Canada","","","","","","","","","","","","","","","",""
"ADIRONDACK TECHNOLOGIES FURNITURE INC (EN448-141105/001/PQ~000)","ADIRONDACK TECHNOLOGIES FURNITURE INC (EN448-141105/001/PQ~000)","EN448-141105/001/PQ","000","EN448-141105","","EN448-141105/001/PQ","2","","2014-02-25","","","2015-02-24","143545.00","165500.00","CAD","","","","","","","*N7110","*Office Furniture","*Meubles de bureau","","","","*GD","","","Competitive - Open bidding","Concurrentielle - Invitation ouverte à soumissionner","Lowest Price","Prix le plus bas","","","*Set-Aside Program for Aboriginal Business (SPAB)","*Programme des marchés réservés aux entreprises autochtones (PMREA)","","","Adirondack Technologies Furniture Inc.","Adirondack Technologies Furniture Inc.","ADIRONDACK TECHNOLOGIES FURNITURE INC","ADIRONDACK TECHNOLOGIES FURNITURE INC","Adirondack Technologies Furniture Inc.","Adirondack Technologies Furniture Inc.","10 to 19 employees","10 à 19 employés","6 Antares Drive, Unit 1","6 Antares Drive, Unit 1","Ottawa","Ottawa","Ontario","Ontario","K2E8A9","Canada","Canada","Public Works and Government Services Canada","Travaux publics et Services gouvernementaux Canada","","","","","","","","","","Public Works and Government Services Canada","Travaux publics et Services gouvernementaux Canada","ARCHITECTURE&INTERIOR DESIGN","N/D","TERRASSES CHAUDIERE<br>25 EDDY ST 2ND FL.STE 226,Gatineau,Quebec,K1A0M5,Canada","TERRASSES CHAUDIERE<br>25 EDDY ST 2ND FL.STE 226,Gatineau,Quebec,K1A0M5,Canada","","","","","","","","","","","","","","","",""
"ABI/ADVANCED BUSINESS INTERIORS INC (EN448-150234/001/PQ~000)","ABI/ADVANCED BUSINESS INTERIORS INC (EN448-150234/001/PQ~000)","EN448-150234/001/PQ","000","EN448-150234","","EN448-150234/001/PQ","3","","2014-09-16","","","2024-09-16","386333.00","554986.00","CAD","","","","","","","*N7110","*Office Furniture","*Meubles de bureau","","","","*GD","","","Advance contract award notice","Préavis d'attribution du contrat","","","Additional Deliveries","Livraisons supplémentaires","*Canada-Peru Free Trade Agreement (CPFTA)
*Canada-European Union Comprehensive Economic and Trade Agreement (CETA)
* Other trade agreements not listed here may apply
*Canada-Colombia Free Trade Agreement
*Canada-Chile Free Trade Agreement (CCFTA)
*North American Free Trade Agreement (NAFTA)
*World Trade Organization Agreement on Government Procurement (WTO GPA)
*Canada-Panama Free Trade Agreement","*Accord de libre-échange Canada-Pérou (ALECP)
*Accord économique et commercial global (AECG) entre le Canada et l’Union européenne (UE)
*d'autres accords commerciaux non répertoriés ici peuvent s'appliquer
*Accord de libre-échange Canada-Colombie
*Accord de libre-échange Canada-Chili (ALECC)
*Accord de libre-échange nord-américain (ALENA)
*Accord sur les marchés publics de l'Organisation mondiale du commerce (AMP-OMC)
*Accord de libre-échange Canada-Panama","","","ABI/Advanced Business Interiors Inc.","ABI/Advanced Business Interiors Inc.","ABI/ADVANCED BUSINESS INTERIORS INC","ABI/ADVANCED BUSINESS INTERIORS INC","ABI/Advanced Business Interiors Inc.","ABI/Advanced Business Interiors Inc.","100 to 199 employees","100 à 199 employés","2355 St Laurent Blvd","2355 St Laurent Blvd","Ottawa","Ottawa","Ontario","Ontario","K1G4L2","Canada","Canada","Public Works and Government Services Canada","Travaux publics et Services gouvernementaux Canada","","","","","","","","","","Public Works and Government Services Canada","Travaux publics et Services gouvernementaux Canada","ARCHITECTURE&INTERIOR DESIGN","N/D","TERRASSES CHAUDIERE<br>25 EDDY ST 2ND FL.STE 226,Gatineau,Quebec,K1A0M5,Canada","TERRASSES CHAUDIERE<br>25 EDDY ST 2ND FL.STE 226,Gatineau,Quebec,K1A0M5,Canada","","","","","","","","","","","","","","","",""
"TEKNION FURNITURE SYSTEMS LTD (EN448-150239/001/PQ~000)","TEKNION FURNITURE SYSTEMS LTD (EN448-150239/001/PQ~000)","EN448-150239/001/PQ","000","EN448-150239","","EN448-150239/001/PQ","6","","2014-10-10","","","2017-10-10","3927784.00","4178055.00","CAD","","","","","","","*N7110","*Office Furniture","*Meubles de bureau","","","","*GD","","","Competitive - Open bidding","Concurrentielle - Invitation ouverte à soumissionner","Lowest Price","Prix le plus bas","","","*Canada-Peru Free Trade Agreement (CPFTA)
*Canada-European Union Comprehensive Economic and Trade Agreement (CETA)
* Other trade agreements not listed here may apply
*Canada-Panama Free Trade Agreement
*Canada-Chile Free Trade Agreement (CCFTA)
*Canada-Colombia Free Trade Agreement
*North American Free Trade Agreement (NAFTA)
*World Trade Organization Agreement on Government Procurement (WTO GPA)","*Accord de libre-échange Canada-Pérou (ALECP)
*Accord économique et commercial global (AECG) entre le Canada et l’Union européenne (UE)
*d'autres accords commerciaux non répertoriés ici peuvent s'appliquer
*Accord de libre-échange Canada-Panama
*Accord de libre-échange Canada-Chili (ALECC)
*Accord de libre-échange Canada-Colombie
*Accord de libre-échange nord-américain (ALENA)
*Accord sur les marchés publics de l'Organisation mondiale du commerce (AMP-OMC)","","","Teknion Limited","Teknion Limited","TEKNION FURNITURE SYSTEMS LTD","TEKNION FURNITURE SYSTEMS LTD","Teknion Furniture Systems Ltd","Teknion Furniture Systems Ltd","2500 to 4999 employees","2500 à 4999 employés","1150 Flint Rd","1150 Flint Rd","Downsview","Downsview","Ontario","Ontario","M3J2J5","Canada","Canada","Public Works and Government Services Canada","Travaux publics et Services gouvernementaux Canada","","","","","","","","","","Public Works and Government Services Canada","Travaux publics et Services gouvernementaux Canada","ARCHITECTURE&INTERIOR DESIGN","N/D","TERRASSES CHAUDIERE<br>25 EDDY ST 2ND FL.STE 226,Gatineau,Quebec,K1A0M5,Canada","TERRASSES CHAUDIERE<br>25 EDDY ST 2ND FL.STE 226,Gatineau,Quebec,K1A0M5,Canada","","","","","","","","","","","","","","","",""
"OTTAWA BUSINESS INTERIORS (EN448-150542/001/PQ~000)","OTTAWA BUSINESS INTERIORS (EN448-150542/001/PQ~000)","EN448-150542/001/PQ","000","EN448-150542","","EN448-150542/001/PQ","1","","2014-12-30","","","2024-12-30","1198519.00","1198519.00","CAD","","","","","","","*N7110","*Office Furniture","*Meubles de bureau","","","","*GD","","","Advance contract award notice","Préavis d'attribution du contrat","Lowest Price","Prix le plus bas","","","* Other trade agreements not listed here may apply
*Canada-European Union Comprehensive Economic and Trade Agreement (CETA)
*Canada-Colombia Free Trade Agreement
*Canada-Peru Free Trade Agreement (CPFTA)
*World Trade Organization Agreement on Government Procurement (WTO GPA)
*Canada-Chile Free Trade Agreement (CCFTA)
*North American Free Trade Agreement (NAFTA)
*Canada-Panama Free Trade Agreement","*d'autres accords commerciaux non répertoriés ici peuvent s'appliquer
*Accord économique et commercial global (AECG) entre le Canada et l’Union européenne (UE)
*Accord de libre-échange Canada-Colombie
*Accord de libre-échange Canada-Pérou (ALECP)
*Accord sur les marchés publics de l'Organisation mondiale du commerce (AMP-OMC)
*Accord de libre-échange Canada-Chili (ALECC)
*Accord de libre-échange nord-américain (ALENA)
*Accord de libre-échange Canada-Panama","","","Ottawa Business Interiors","Ottawa Business Interiors","OTTAWA BUSINESS INTERIORS","OTTAWA BUSINESS INTERIORS","Ottawa Business Interiors","Ottawa Business Interiors","20 to 49 employees","20 à 49 employés","183 Colonnade Road S.","183 Colonnade Road S.","Ottawa","Ottawa","Ontario","Ontario","K2E7J4","Canada","Canada","Public Works and Government Services Canada","Travaux publics et Services gouvernementaux Canada","","","","","","","","","","Public Works and Government Services Canada","Travaux publics et Services gouvernementaux Canada","GTIS AMS PRGM OFFICE","N/D","PORTAGE III 4B1<br>11 LAURIER ST,Gatineau,Quebec,K1A0S5,Canada","PORTAGE III 4B1<br>11 LAURIER ST,Gatineau,Quebec,K1A0S5,Canada","","","","","","","","","","","","","","","",""
"ADIRONDACK TECHNOLOGIES FURNITURE INC (EN448-150542/002/PQ~000)","ADIRONDACK TECHNOLOGIES FURNITURE INC (EN448-150542/002/PQ~000)","EN448-150542/002/PQ","000","EN448-150542","","EN448-150542/002/PQ","5","","2015-01-07","","","2025-01-07","167705.00","264128.00","CAD","","","","","","","*N7110","*Office Furniture","*Meubles de bureau","","","","*GD","","","Advance contract award notice","Préavis d'attribution du contrat","Lowest Price","Prix le plus bas","","","*Set-Aside Program for Aboriginal Business (SPAB)","*Programme des marchés réservés aux entreprises autochtones (PMREA)","","","Adirondack Technologies Furniture Inc.","Adirondack Technologies Furniture Inc.","ADIRONDACK TECHNOLOGIES FURNITURE INC","ADIRONDACK TECHNOLOGIES FURNITURE INC","Adirondack Technologies Furniture Inc.","Adirondack Technologies Furniture Inc.","10 to 19 employees","10 à 19 employés","6 Antares Drive, Unit 1","6 Antares Drive, Unit 1","Ottawa","Ottawa","Ontario","Ontario","K2E8A9","Canada","Canada","Public Works and Government Services Canada","Travaux publics et Services gouvernementaux Canada","","","","","","","","","","Public Works and Government Services Canada","Travaux publics et Services gouvernementaux Canada","GTIS AMS PRGM OFFICE","N/D","PORTAGE III 4B1<br>11 LAURIER ST,Gatineau,Quebec,K1A0S5,Canada","PORTAGE III 4B1<br>11 LAURIER ST,Gatineau,Quebec,K1A0S5,Canada","","","","","","","","","","","","","","","",""
"ASOKAN BUSINESS INTERIORS INC (EN448-150542/003/PQ~000)","ASOKAN BUSINESS INTERIORS INC (EN448-150542/003/PQ~000)","EN448-150542/003/PQ","000","EN448-150542","","EN448-150542/003/PQ","1","","2015-03-20","","","2025-03-20","21432.00","21432.00","CAD","","","","","","","*N7110","*Office Furniture","*Meubles de bureau","","","","*GD","","","Non-competitive","Non concurrentielle","Low Dollar Value","Faible valeur","","","*None","*Aucun","","","ASOKAN BUSINESS INTERIORS INC.","ASOKAN BUSINESS INTERIORS INC.","ASOKAN BUSINESS INTERIORS INC","ASOKAN BUSINESS INTERIORS INC","ASOKAN BUSINESS INTERIORS INC.","ASOKAN BUSINESS INTERIORS INC.","10 to 19 employees","10 à 19 employés","25, rue Eddy<br>Suite 25","25, rue Eddy<br>Suite 25","Gatineau","Gatineau","Quebec","Quebec","J8X4B5","Canada","Canada","Public Works and Government Services Canada","Travaux publics et Services gouvernementaux Canada","","","","","","","","","","Public Works and Government Services Canada","Travaux publics et Services gouvernementaux Canada","GTIS AMS PRGM OFFICE","N/D","PORTAGE III 4B1<br>11 LAURIER ST,Gatineau,Quebec,K1A0S5,Canada","PORTAGE III 4B1<br>11 LAURIER ST,Gatineau,Quebec,K1A0S5,Canada","","","","","","","","","","","","","","","",""
"UPSTREAM BUSINESS SOLUTIONS LTD (EN448-150542/004/PQ~000)","UPSTREAM BUSINESS SOLUTIONS LTD (EN448-150542/004/PQ~000)","EN448-150542/004/PQ","000","EN448-150542","","EN448-150542/004/PQ","1","","2015-03-20","","","2025-03-20","14604.00","14604.00","CAD","","","","","","","*N7110","*Office Furniture","*Meubles de bureau","","","","*GD","","","Non-competitive","Non concurrentielle","Low Dollar Value","Faible valeur","","","*None","*Aucun","","","Upstream Business Solutions Ltd.","Upstream Business Solutions Ltd.","UPSTREAM BUSINESS SOLUTIONS LTD","UPSTREAM BUSINESS SOLUTIONS LTD","Upstream Business Solutions Ltd.","Upstream Business Solutions Ltd.","1 to 4 employees","1 à 4 employés","77 Langford Crescent","77 Langford Crescent","Kanata","Kanata","Ontario","Ontario","K2K2N6","Canada","Canada","Public Works and Government Services Canada","Travaux publics et Services gouvernementaux Canada","","","","","","","","","","Public Works and Government Services Canada","Travaux publics et Services gouvernementaux Canada","GTIS AMS PRGM OFFICE","N/D","PORTAGE III 4B1<br>11 LAURIER ST,Gatineau,Quebec,K1A0S5,Canada","PORTAGE III 4B1<br>11 LAURIER ST,Gatineau,Quebec,K1A0S5,Canada","","","","","","","","","","","","","","","",""
"ASOKAN BUSINESS INTERIORS INC (EN448-150542/005/PQ~000)","ASOKAN BUSINESS INTERIORS INC (EN448-150542/005/PQ~000)","EN448-150542/005/PQ","000","EN448-150542","","EN448-150542/005/PQ","1","","2015-04-16","","","2025-04-16","242392.00","242392.00","CAD","","","","","","","*N7110","*Office Furniture","*Meubles de bureau","","","","*GD","","","Advance contract award notice","Préavis d'attribution du contrat","Lowest Price","Prix le plus bas","","","*Set-Aside Program for Aboriginal Business (SPAB)","*Programme des marchés réservés aux entreprises autochtones (PMREA)","","","ASOKAN BUSINESS INTERIORS INC.","ASOKAN BUSINESS INTERIORS INC.","ASOKAN BUSINESS INTERIORS INC","ASOKAN BUSINESS INTERIORS INC","ASOKAN BUSINESS INTERIORS INC.","ASOKAN BUSINESS INTERIORS INC.","10 to 19 employees","10 à 19 employés","25, rue Eddy<br>Suite 25","25, rue Eddy<br>Suite 25","Gatineau","Gatineau","Quebec","Quebec","J8X4B5","Canada","Canada","Public Works and Government Services Canada","Travaux publics et Services gouvernementaux Canada","","","","","","","","","","Public Works and Government Services Canada","Travaux publics et Services gouvernementaux Canada","GTIS AMS PRGM OFFICE","N/D","PORTAGE III 4B1<br>11 LAURIER ST,Gatineau,Quebec,K1A0S5,Canada","PORTAGE III 4B1<br>11 LAURIER ST,Gatineau,Quebec,K1A0S5,Canada","","","","","","","","","","","","","","","",""
"HORIZON FURNITURE (EN448-150542/006/PQ~000)","HORIZON FURNITURE (EN448-150542/006/PQ~000)","EN448-150542/006/PQ","000","EN448-150542","","EN448-150542/006/PQ","1","","2015-05-26","","","2025-05-26","27815.00","27815.00","CAD","","","","","","","*N7110","*Office Furniture","*Meubles de bureau","","","","*GD","","","Advance contract award notice","Préavis d'attribution du contrat","Lowest Price","Prix le plus bas","","","*Canadian Free Trade Agreement (CFTA)","*Accord de libre-échange canadien (ALEC)","","","Horizon Furniture Distributors Inc.","Horizon Furniture Distributors Inc.","HORIZON FURNITURE","HORIZON FURNITURE","Horizon Furniture","Horizon Furniture","20 to 49 employees","20 à 49 employés","840 Trillium Drive","840 Trillium Drive","Kitchener","Kitchener","Ontario","Ontario","N2R1K4","Canada","Canada","Public Works and Government Services Canada","Travaux publics et Services gouvernementaux Canada","","","","","","","","","","Public Works and Government Services Canada","Travaux publics et Services gouvernementaux Canada","GTIS AMS PRGM OFFICE","N/D","PORTAGE III 4B1<br>11 LAURIER ST,Gatineau,Quebec,K1A0S5,Canada","PORTAGE III 4B1<br>11 LAURIER ST,Gatineau,Quebec,K1A0S5,Canada","","","","","","","","","","","","","","","",""
"THE COMPUTER MEDIA GROUP (EN448-150948/001/PQ~000)","THE COMPUTER MEDIA GROUP (EN448-150948/001/PQ~000)","EN448-150948/001/PQ","000","EN448-150948","","EN448-150948/001/PQ","2","","2015-01-29","","","2025-01-29","269425.00","270591.00","CAD","","","","","","","*N7110","*Office Furniture","*Meubles de bureau","","","","*GD","","","Competitive - Open bidding","Concurrentielle - Invitation ouverte à soumissionner","Lowest Price","Prix le plus bas","","","*Canada-Chile Free Trade Agreement (CCFTA)
*Canada-Peru Free Trade Agreement (CPFTA)
*Canada-European Union Comprehensive Economic and Trade Agreement (CETA)
* Other trade agreements not listed here may apply
*Canada-Colombia Free Trade Agreement
*North American Free Trade Agreement (NAFTA)
*Canada-Panama Free Trade Agreement
*World Trade Organization Agreement on Government Procurement (WTO GPA)","*Accord de libre-échange Canada-Chili (ALECC)
*Accord de libre-échange Canada-Pérou (ALECP)
*Accord économique et commercial global (AECG) entre le Canada et l’Union européenne (UE)
*d'autres accords commerciaux non répertoriés ici peuvent s'appliquer
*Accord de libre-échange Canada-Colombie
*Accord de libre-échange nord-américain (ALENA)
*Accord de libre-échange Canada-Panama
*Accord sur les marchés publics de l'Organisation mondiale du commerce (AMP-OMC)","","","Computer Media Products LTD","Computer Media Products LTD","THE COMPUTER MEDIA GROUP","THE COMPUTER MEDIA GROUP","The Computer Media Group / CMG Office Interiors","The Computer Media Group / CMG Office Interiors","20 to 49 employees","20 à 49 employés","The Computer Media Group<br>5390 Canotech Road","The Computer Media Group<br>5390 Canotech Road","Ottawa","Ottawa","Ontario","Ontario","K1J1H8","Canada","Canada","Public Works and Government Services Canada","Travaux publics et Services gouvernementaux Canada","","","","","","","","","","Public Works and Government Services Canada","Travaux publics et Services gouvernementaux Canada","ARCHITECTURE&INTERIOR DESIGN","N/D","TERRASSES CHAUDIERE<br>25 EDDY ST 2ND FL.STE 226,Gatineau,Quebec,K1A0M5,Canada","TERRASSES CHAUDIERE<br>25 EDDY ST 2ND FL.STE 226,Gatineau,Quebec,K1A0M5,Canada","","","","","","","","","","","","","","","",""
"ASOKAN BUSINESS INTERIORS INC (EN448-160329/001/PQ~000)","ASOKAN BUSINESS INTERIORS INC (EN448-160329/001/PQ~000)","EN448-160329/001/PQ","000","EN448-160329","","EN448-160329/001/PQ","4","","2015-09-03","","","2025-01-10","263837.00","270974.00","CAD","","","","","","","*N7110","*Office Furniture","*Meubles de bureau","","","","*GD","","","Competitive - Open bidding","Concurrentielle - Invitation ouverte à soumissionner","Lowest Price","Prix le plus bas","","","*Set-Aside Program for Aboriginal Business (SPAB)","*Programme des marchés réservés aux entreprises autochtones (PMREA)","","","ASOKAN BUSINESS INTERIORS INC.","ASOKAN BUSINESS INTERIORS INC.","ASOKAN BUSINESS INTERIORS INC","ASOKAN BUSINESS INTERIORS INC","ASOKAN BUSINESS INTERIORS INC.","ASOKAN BUSINESS INTERIORS INC.","10 to 19 employees","10 à 19 employés","11 Laurier<br>Phase III Tower C Local 0C2-006","11 Laurier<br>Phase III Tower C Local 0C2-006","Gatineau","Gatineau","Quebec","Quebec","J8X4A6","Canada","Canada","Public Works and Government Services Canada","Travaux publics et Services gouvernementaux Canada","","","","","","","","","","Public Works and Government Services Canada","Travaux publics et Services gouvernementaux Canada","ARCHITECTURE&INTERIOR DESIGN","N/D","TERRASSES CHAUDIERE<br>25 EDDY ST 2ND FL.STE 226,Gatineau,Quebec,K1A0M5,Canada","TERRASSES CHAUDIERE<br>25 EDDY ST 2ND FL.STE 226,Gatineau,Quebec,K1A0M5,Canada","","","","","","","","","","","","","","","",""
"FAWCETT FILE & STORAGE SYSTEMS INC (EN448-160391/001/PQ~000)","FAWCETT FILE & STORAGE SYSTEMS INC (EN448-160391/001/PQ~000)","EN448-160391/001/PQ","000","EN448-160391","","EN448-160391/001/PQ","1","","2015-10-05","","","2015-11-13","125385.00","125385.00","CAD","","","","","","","*N7110","*Office Furniture","*Meubles de bureau","","","","*GD","","","Non-competitive","Non concurrentielle","","","Exclusive Rights","Droits exclusifs","*None","*Aucun","","","Fawcett File & Storage Systems Inc.","Fawcett File & Storage Systems Inc.","FAWCETT FILE & STORAGE SYSTEMS INC","FAWCETT FILE & STORAGE SYSTEMS INC","Fawcett File & Storage Systems Inc.","Fawcett File & Storage Systems Inc.","5 to 9 employees","5 à 9 employés","Fawcett File&Storage Systems Inc.<br>2615 Lancaster Rd. Unit 5","Fawcett File&Storage Systems Inc.<br>2615 Lancaster Rd. Unit 5","Ottawa","Ottawa","Ontario","Ontario","K1B5N2","Canada","Canada","Public Works and Government Services Canada","Travaux publics et Services gouvernementaux Canada","","","","","","","","","","Public Works and Government Services Canada","Travaux publics et Services gouvernementaux Canada","ARCHITECTURE&INTERIOR DESIGN","N/D","TERRASSES CHAUDIERE<br>25 EDDY ST 2ND FL.STE 226,Gatineau,Quebec,K1A0M5,Canada","TERRASSES CHAUDIERE<br>25 EDDY ST 2ND FL.STE 226,Gatineau,Quebec,K1A0M5,Canada","","","","","","","","","","","","","","","",""
"THE COMPUTER MEDIA GROUP (EN448-161079/001/PQ~000)","THE COMPUTER MEDIA GROUP (EN448-161079/001/PQ~000)","EN448-161079/001/PQ","000","EN448-161079","","EN448-161079/001/PQ","1","","2015-08-31","","","2025-08-31","9772.00","9772.00","CAD","","","","","","","*N7110","*Office Furniture","*Meubles de bureau","","","","*GD","","","Competitive - Traditional","Concurrentielle - Traditionnelle","Lowest Price","Prix le plus bas","","","*None","*Aucun","","","Computer Media Products LTD","Computer Media Products LTD","THE COMPUTER MEDIA GROUP","THE COMPUTER MEDIA GROUP","The Computer Media Group / CMG Office Interiors","The Computer Media Group / CMG Office Interiors","20 to 49 employees","20 à 49 employés","The Computer Media Group<br>5390 Canotech Road","The Computer Media Group<br>5390 Canotech Road","Ottawa","Ottawa","Ontario","Ontario","K1J1H8","Canada","Canada","Public Works and Government Services Canada","Travaux publics et Services gouvernementaux Canada","","","","","","","","","","Public Works and Government Services Canada","Travaux publics et Services gouvernementaux Canada","ARCHITECTURE&INTERIOR DESIGN","N/D","TERRASSES CHAUDIERE<br>25 EDDY ST 2ND FL.STE 226,Gatineau,Quebec,K1A0M5,Canada","TERRASSES CHAUDIERE<br>25 EDDY ST 2ND FL.STE 226,Gatineau,Quebec,K1A0M5,Canada","","","","","","","","","","","","","","","",""
"CAPITAL OFFICE INTERIORS LTD (EN448-191953/001/PQ~000)","CAPITAL OFFICE INTERIORS LTD (EN448-191953/001/PQ~000)","EN448-191953/001/PQ","000","EN448-191953","","EN448-191953/001/PQ","2","","2018-12-14","","","2019-03-11","9586.00","9586.00","CAD","","","","","","","*N7110","*Office Furniture","*Meubles de bureau","","","","*GD","","","Non-competitive","Non concurrentielle","Low Dollar Value","Faible valeur","","","*None","*Aucun","","","Capital Office Interiors Ltd","Capital Office Interiors Ltd","CAPITAL OFFICE INTERIORS LTD","CAPITAL OFFICE INTERIORS LTD","Capital Office Interiors Ltd","Capital Office Interiors Ltd","20 to 49 employees","20 à 49 employés","16 Antares Drive","16 Antares Drive","Nepean","Nepean","Ontario","Ontario","K2E7Y7","Canada","Canada","Public Works and Government Services Canada","Travaux publics et Services gouvernementaux Canada","","","","","","","","","","Public Works and Government Services Canada","Travaux publics et Services gouvernementaux Canada","GTIS AMS PRGM OFFICE","N/D","PORTAGE III 4B1<br>11 LAURIER ST,Gatineau,Quebec,K1A0S5,Canada","PORTAGE III 4B1<br>11 LAURIER ST,Gatineau,Quebec,K1A0S5,Canada","","","","","","","","","","","","","","","",""
"TOTEM OFFISOURCE INC (EN448-150377/001/PQ~000)","TOTEM OFFISOURCE INC (EN448-150377/001/PQ~000)","EN448-150377/001/PQ","000","EN448-150377","","EN448-150377/001/PQ","3","","2014-12-17","","","2017-12-17","155726.00","155726.00","CAD","","","","","","","*N7110","*Office Furniture","*Meubles de bureau","","","","*GD","","","Competitive - Open bidding","Concurrentielle - Invitation ouverte à soumissionner","Lowest Price","Prix le plus bas","","","*Set-Aside Program for Aboriginal Business (SPAB)","*Programme des marchés réservés aux entreprises autochtones (PMREA)","","","Totem Offisource Inc.","Totem Offisource Inc.","TOTEM OFFISOURCE INC","TOTEM OFFISOURCE INC","Totem Offisource Inc.","Totem Offisource Inc.","1 to 4 employees","1 à 4 employés","1 Promenade du Portage","1 Promenade du Portage","Gatineau","Gatineau","Quebec","Quebec","J8X4B1","Canada","Canada","Public Works and Government Services Canada","Travaux publics et Services gouvernementaux Canada","","","","","","","","","","Public Works and Government Services Canada","Travaux publics et Services gouvernementaux Canada","ARCHITECTURE&INTERIOR DESIGN","N/D","TERRASSES CHAUDIERE<br>25 EDDY ST 2ND FL.STE 226,Gatineau,Quebec,K1A0M5,Canada","TERRASSES CHAUDIERE<br>25 EDDY ST 2ND FL.STE 226,Gatineau,Quebec,K1A0M5,Canada","","","","","","","","","","","","","","","",""
"NUA OFFICE INC (EN448-191953/002/PQ~000)","NUA OFFICE INC (EN448-191953/002/PQ~000)","EN448-191953/002/PQ","000","EN448-191953","","EN448-191953/002/PQ","3","","2018-12-14","","","2019-03-11","11867.00","11953.00","CAD","","","","","","","*N7110","*Office Furniture","*Meubles de bureau","","","","*GD","","","Non-competitive","Non concurrentielle","Low Dollar Value","Faible valeur","","","*None","*Aucun","","","Nua Office inc.","Nua Office inc.","NUA OFFICE INC","NUA OFFICE INC","Nua Office inc.","Nua Office inc.","5 to 9 employees","5 à 9 employés","370 Joseph Carrier","370 Joseph Carrier","Vaudreuil-Dorion","Vaudreuil-Dorion","Quebec","Quebec","J7V5V5","Canada","Canada","Public Works and Government Services Canada","Travaux publics et Services gouvernementaux Canada","","","","","","","","","","Public Works and Government Services Canada","Travaux publics et Services gouvernementaux Canada","GTIS AMS PRGM OFFICE","N/D","PORTAGE III 4B1<br>11 LAURIER ST,Gatineau,Quebec,K1A0S5,Canada","PORTAGE III 4B1<br>11 LAURIER ST,Gatineau,Quebec,K1A0S5,Canada","","","","","","","","","","","","","","","",""
"NITAM SOLUTIONS INC (EN448-191954/001/PQ~000)","NITAM SOLUTIONS INC (EN448-191954/001/PQ~000)","EN448-191954/001/PQ","000","EN448-191954","","EN448-191954/001/PQ","2","","2019-01-22","","","2019-03-31","41122.00","43021.00","CAD","","","","","","","*N7110","*Office Furniture","*Meubles de bureau","","","","*GD","","","Competitive - Open bidding","Concurrentielle - Invitation ouverte à soumissionner","Lowest Price","Prix le plus bas","","","*Set-Aside Program for Aboriginal Business (SPAB)","*Programme des marchés réservés aux entreprises autochtones (PMREA)","","","Nitam Solutions Inc","Nitam Solutions Inc","NITAM SOLUTIONS INC","NITAM SOLUTIONS INC","Nitam Solutions Inc","Nitam Solutions Inc","1 to 4 employees","1 à 4 employés","1125 Newmarket St,","1125 Newmarket St,","OTTAWA.","OTTAWA.","Ontario","Ontario","K1B4N4","Canada","Canada","Public Works and Government Services Canada","Travaux publics et Services gouvernementaux Canada","","","","","","","","","","Public Works and Government Services Canada","Travaux publics et Services gouvernementaux Canada","GTIS AMS PRGM OFFICE","N/D","PORTAGE III 4B1<br>11 LAURIER ST,Gatineau,Quebec,K1A0S5,Canada","PORTAGE III 4B1<br>11 LAURIER ST,Gatineau,Quebec,K1A0S5,Canada","","","","","","","","","","","","","","","",""
"NITAM SOLUTIONS INC (EN448-191954/003/PQ~000)","NITAM SOLUTIONS INC (EN448-191954/003/PQ~000)","EN448-191954/003/PQ","000","EN448-191954","","EN448-191954/003/PQ","1","","2019-04-18","","","2019-05-30","9904.00","9904.00","CAD","","","","","","","*N7110","*Office Furniture","*Meubles de bureau","","","","*GD","","","Competitive - Traditional","Concurrentielle - Traditionnelle","Lowest Price","Prix le plus bas","","","*Set-Aside Program for Aboriginal Business (SPAB)","*Programme des marchés réservés aux entreprises autochtones (PMREA)","","","Nitam Solutions Inc","Nitam Solutions Inc","NITAM SOLUTIONS INC","NITAM SOLUTIONS INC","Nitam Solutions Inc","Nitam Solutions Inc","1 to 4 employees","1 à 4 employés","1125 Newmarket St,","1125 Newmarket St,","OTTAWA.","OTTAWA.","Ontario","Ontario","K1B4N4","Canada","Canada","Public Works and Government Services Canada","Travaux publics et Services gouvernementaux Canada","","","","","","","","","","Public Works and Government Services Canada","Travaux publics et Services gouvernementaux Canada","GTIS AMS PRGM OFFICE","N/D","PORTAGE III 4B1<br>11 LAURIER ST,Gatineau,Quebec,K1A0S5,Canada","PORTAGE III 4B1<br>11 LAURIER ST,Gatineau,Quebec,K1A0S5,Canada","","","","","","","","","","","","","","","",""
"HOLMES & BRAKEL BUSINESS INTERIORS (EN448-191955/001/PQ~000)","HOLMES & BRAKEL BUSINESS INTERIORS (EN448-191955/001/PQ~000)","EN448-191955/001/PQ","000","EN448-191955","","EN448-191955/001/PQ","2","","2018-12-12","","","2028-12-12","22238.00","24078.00","CAD","","","","","","","*N7110","*Office Furniture","*Meubles de bureau","","","","*GD","","","Competitive - Open bidding","Concurrentielle - Invitation ouverte à soumissionner","Lowest Price","Prix le plus bas","","","*None","*Aucun","","","1317855 Ontario Inc.","1317855 Ontario Inc.","HOLMES & BRAKEL BUSINESS INTERIORS","HOLMES & BRAKEL BUSINESS INTERIORS","Holmes & Brakel Business Interiors","Holmes & Brakel Business Interiors","50 to 99 employees","50 à 99 employés","Holmes & Brakel - Ottawa<br>100 - 350 Terry Fox Dr","Holmes & Brakel - Ottawa<br>100 - 350 Terry Fox Dr","Kanata","Kanata","Ontario","Ontario","K2K2W5","Canada","Canada","Public Works and Government Services Canada","Travaux publics et Services gouvernementaux Canada","","","","","","","","","","Public Works and Government Services Canada","Travaux publics et Services gouvernementaux Canada","GTIS AMS PRGM OFFICE","N/D","PORTAGE III 4B1<br>11 LAURIER ST,Gatineau,Quebec,K1A0S5,Canada","PORTAGE III 4B1<br>11 LAURIER ST,Gatineau,Quebec,K1A0S5,Canada","","","","","","","","","","","","","","","",""
"OTTAWA BUSINESS INTERIORS (EN448-191956/001/PQ~000)","OTTAWA BUSINESS INTERIORS (EN448-191956/001/PQ~000)","EN448-191956/001/PQ","000","EN448-191956","","EN448-191956/001/PQ","2","","2019-01-22","","","2019-07-09","14259.00","14311.00","CAD","","","","","","","*N7110","*Office Furniture","*Meubles de bureau","","","","*GD","","","Non-competitive","Non concurrentielle","Low Dollar Value","Faible valeur","","","*None","*Aucun","","","Ottawa Business Interiors","Ottawa Business Interiors","OTTAWA BUSINESS INTERIORS","OTTAWA BUSINESS INTERIORS","Ottawa Business Interiors","Ottawa Business Interiors","20 to 49 employees","20 à 49 employés","183 Colonnade Road S.","183 Colonnade Road S.","Ottawa","Ottawa","Ontario","Ontario","K2E7J4","Canada","Canada","Public Works and Government Services Canada","Travaux publics et Services gouvernementaux Canada","","","","","","","","","","Public Works and Government Services Canada","Travaux publics et Services gouvernementaux Canada","GTIS AMS PRGM OFFICE","N/D","PORTAGE III 4B1<br>11 LAURIER ST,Gatineau,Quebec,K1A0S5,Canada","PORTAGE III 4B1<br>11 LAURIER ST,Gatineau,Quebec,K1A0S5,Canada","","","","","","","","","","","","","","","",""
"OTTAWA BUSINESS INTERIORS (EN448-191956/002/PQ~000)","OTTAWA BUSINESS INTERIORS (EN448-191956/002/PQ~000)","EN448-191956/002/PQ","000","EN448-191956","","EN448-191956/002/PQ","2","","2019-01-22","","","2019-07-09","4777.00","4845.00","CAD","","","","","","","*N7110","*Office Furniture","*Meubles de bureau","","","","*GD","","","Non-competitive","Non concurrentielle","Low Dollar Value","Faible valeur","","","*None","*Aucun","","","Ottawa Business Interiors","Ottawa Business Interiors","OTTAWA BUSINESS INTERIORS","OTTAWA BUSINESS INTERIORS","Ottawa Business Interiors","Ottawa Business Interiors","20 to 49 employees","20 à 49 employés","183 Colonnade Road S.","183 Colonnade Road S.","Ottawa","Ottawa","Ontario","Ontario","K2E7J4","Canada","Canada","Public Works and Government Services Canada","Travaux publics et Services gouvernementaux Canada","","","","","","","","","","Public Works and Government Services Canada","Travaux publics et Services gouvernementaux Canada","GTIS AMS PRGM OFFICE","N/D","PORTAGE III 4B1<br>11 LAURIER ST,Gatineau,Quebec,K1A0S5,Canada","PORTAGE III 4B1<br>11 LAURIER ST,Gatineau,Quebec,K1A0S5,Canada","","","","","","","","","","","","","","","",""
"ABI/ADVANCED BUSINESS INTERIORS INC (EN448-192388/001/PQ~000)","ABI/ADVANCED BUSINESS INTERIORS INC (EN448-192388/001/PQ~000)","EN448-192388/001/PQ","000","EN448-192388","","EN448-192388/001/PQ","2","","2019-01-28","","","2019-03-31","41502.00","44719.00","CAD","","","","","","","*N7110","*Office Furniture","*Meubles de bureau","","","","*GD","","","Competitive - Open bidding","Concurrentielle - Invitation ouverte à soumissionner","Lowest Price","Prix le plus bas","","","*Canada-Peru Free Trade Agreement (CPFTA)
*Canada-Colombia Free Trade Agreement
*Canada-Chile Free Trade Agreement (CCFTA)
*North American Free Trade Agreement (NAFTA)
* Other trade agreements not listed here may apply
*Canada-Panama Free Trade Agreement","*Accord de libre-échange Canada-Pérou (ALECP)
*Accord de libre-échange Canada-Colombie
*Accord de libre-échange Canada-Chili (ALECC)
*Accord de libre-échange nord-américain (ALENA)
*d'autres accords commerciaux non répertoriés ici peuvent s'appliquer
*Accord de libre-échange Canada-Panama","","","ABI/Advanced Business Interiors Inc.","ABI/Advanced Business Interiors Inc.","ABI/ADVANCED BUSINESS INTERIORS INC","ABI/ADVANCED BUSINESS INTERIORS INC","ABI/Advanced Business Interiors Inc.","ABI/Advanced Business Interiors Inc.","100 to 199 employees","100 à 199 employés","2355 St Laurent Blvd","2355 St Laurent Blvd","Ottawa","Ottawa","Ontario","Ontario","K1G4L2","Canada","Canada","Public Works and Government Services Canada","Travaux publics et Services gouvernementaux Canada","","","","","","","","","","Public Works and Government Services Canada","Travaux publics et Services gouvernementaux Canada","ARCHITECTURE&INTERIOR DESIGN","N/D","TERRASSES CHAUDIERE<br>25 EDDY ST 2ND FL.STE 226,Gatineau,Quebec,K1A0M5,Canada","TERRASSES CHAUDIERE<br>25 EDDY ST 2ND FL.STE 226,Gatineau,Quebec,K1A0M5,Canada","","","","","","","","","","","","","","","",""
"THE GLOBAL GROUP (EN448-192388/002/PQ~000)","THE GLOBAL GROUP (EN448-192388/002/PQ~000)","EN448-192388/002/PQ","000","EN448-192388","","EN448-192388/002/PQ","2","","2019-01-28","","","2019-03-31","27199.00","27595.00","CAD","","","","","","","*N7110","*Office Furniture","*Meubles de bureau","","","","*GD","","","Competitive - Open bidding","Concurrentielle - Invitation ouverte à soumissionner","Lowest Price","Prix le plus bas","","","*Canada-Colombia Free Trade Agreement
*Canada-Peru Free Trade Agreement (CPFTA)
*North American Free Trade Agreement (NAFTA)
*Canada-Chile Free Trade Agreement (CCFTA)
*Canada-Panama Free Trade Agreement
* Other trade agreements not listed here may apply","*Accord de libre-échange Canada-Colombie
*Accord de libre-échange Canada-Pérou (ALECP)
*Accord de libre-échange nord-américain (ALENA)
*Accord de libre-échange Canada-Chili (ALECC)
*Accord de libre-échange Canada-Panama
*d'autres accords commerciaux non répertoriés ici peuvent s'appliquer","","","Global Upholstery Co. Inc.","Global Upholstery Co. Inc.","THE GLOBAL GROUP","THE GLOBAL GROUP","The Global Group","The Global Group","2500 to 4999 employees","2500 à 4999 employés","560 Supertest Road","560 Supertest Road","Downsview","Downsview","Ontario","Ontario","M3J2M6","Canada","Canada","Public Works and Government Services Canada","Travaux publics et Services gouvernementaux Canada","","","","","","","","","","Public Works and Government Services Canada","Travaux publics et Services gouvernementaux Canada","ARCHITECTURE&INTERIOR DESIGN","N/D","TERRASSES CHAUDIERE<br>25 EDDY ST 2ND FL.STE 226,Gatineau,Quebec,K1A0M5,Canada","TERRASSES CHAUDIERE<br>25 EDDY ST 2ND FL.STE 226,Gatineau,Quebec,K1A0M5,Canada","","","","","","","","","","","","","","","",""
"THE GLOBAL GROUP (EN448-192669/001/PQ~000)","THE GLOBAL GROUP (EN448-192669/001/PQ~000)","EN448-192669/001/PQ","000","EN448-192669","","EN448-192669/001/PQ","4","","2019-05-13","","","2020-05-13","136487.00","135246.00","CAD","","","","","","","*N7110","*Office Furniture","*Meubles de bureau","","","","*GD","","","Competitive - Open bidding","Concurrentielle - Invitation ouverte à soumissionner","Lowest Price","Prix le plus bas","","","*Canada-Peru Free Trade Agreement (CPFTA)
*Canada-European Union Comprehensive Economic and Trade Agreement (CETA)
* Other trade agreements not listed here may apply
*Canada-Colombia Free Trade Agreement
*Canada-Chile Free Trade Agreement (CCFTA)
*Canada-Panama Free Trade Agreement
*North American Free Trade Agreement (NAFTA)
*World Trade Organization Agreement on Government Procurement (WTO GPA)","*Accord de libre-échange Canada-Pérou (ALECP)
*Accord économique et commercial global (AECG) entre le Canada et l’Union européenne (UE)
*d'autres accords commerciaux non répertoriés ici peuvent s'appliquer
*Accord de libre-échange Canada-Colombie
*Accord de libre-échange Canada-Chili (ALECC)
*Accord de libre-échange Canada-Panama
*Accord de libre-échange nord-américain (ALENA)
*Accord sur les marchés publics de l'Organisation mondiale du commerce (AMP-OMC)","","","Global Upholstery Co. Inc.","Global Upholstery Co. Inc.","THE GLOBAL GROUP","THE GLOBAL GROUP","The Global Group","The Global Group","2500 to 4999 employees","2500 à 4999 employés","560 Supertest Road","560 Supertest Road","Downsview","Downsview","Ontario","Ontario","M3J2M6","Canada","Canada","Public Works and Government Services Canada","Travaux publics et Services gouvernementaux Canada","","","","","","","","","","Public Works and Government Services Canada","Travaux publics et Services gouvernementaux Canada","GTIS AMS PRGM OFFICE","N/D","PORTAGE III 4B1<br>11 LAURIER ST,Gatineau,Quebec,K1A0S5,Canada","PORTAGE III 4B1<br>11 LAURIER ST,Gatineau,Quebec,K1A0S5,Canada","","","","","","","","","","","","","","","",""
"CAPITAL OFFICE INTERIORS LTD (EN448-192667/001/PQ~000)","CAPITAL OFFICE INTERIORS LTD (EN448-192667/001/PQ~000)","EN448-192667/001/PQ","000","EN448-192667","","EN448-192667/001/PQ","3","","2019-06-05","","","2020-03-31","23498.00","23498.00","CAD","","","","","","","*N7110","*Office Furniture","*Meubles de bureau","","","","*GD","","","Non-competitive","Non concurrentielle","Low Dollar Value","Faible valeur","","","*None","*Aucun","","","Capital Office Interiors Ltd","Capital Office Interiors Ltd","CAPITAL OFFICE INTERIORS LTD","CAPITAL OFFICE INTERIORS LTD","Capital Office Interiors Ltd","Capital Office Interiors Ltd","20 to 49 employees","20 à 49 employés","16 Antares Drive","16 Antares Drive","Nepean","Nepean","Ontario","Ontario","K2E7Y7","Canada","Canada","Public Works and Government Services Canada","Travaux publics et Services gouvernementaux Canada","","","","","","","","","","Public Works and Government Services Canada","Travaux publics et Services gouvernementaux Canada","GTIS AMS PRGM OFFICE","N/D","PORTAGE III 4B1<br>11 LAURIER ST,Gatineau,Quebec,K1A0S5,Canada","PORTAGE III 4B1<br>11 LAURIER ST,Gatineau,Quebec,K1A0S5,Canada","","","","","","","","","","","","","","","",""
"ABI/ADVANCED BUSINESS INTERIORS INC (EN448-192669/002/PQ~000)","ABI/ADVANCED BUSINESS INTERIORS INC (EN448-192669/002/PQ~000)","EN448-192669/002/PQ","000","EN448-192669","","EN448-192669/002/PQ","3","","2019-05-13","","","2020-05-13","0.00","88353.00","CAD","","","","","","","*N7110","*Office Furniture","*Meubles de bureau","","","","*GD","","","Competitive - Open bidding","Concurrentielle - Invitation ouverte à soumissionner","Lowest Price","Prix le plus bas","","","*World Trade Organization Agreement on Government Procurement (WTO GPA)
*Canada-Colombia Free Trade Agreement
* Other trade agreements not listed here may apply
*Canada-European Union Comprehensive Economic and Trade Agreement (CETA)
*Canada-Peru Free Trade Agreement (CPFTA)
*Canada-Chile Free Trade Agreement (CCFTA)
*North American Free Trade Agreement (NAFTA)
*Canada-Panama Free Trade Agreement","*Accord sur les marchés publics de l'Organisation mondiale du commerce (AMP-OMC)
*Accord de libre-échange Canada-Colombie
*d'autres accords commerciaux non répertoriés ici peuvent s'appliquer
*Accord économique et commercial global (AECG) entre le Canada et l’Union européenne (UE)
*Accord de libre-échange Canada-Pérou (ALECP)
*Accord de libre-échange Canada-Chili (ALECC)
*Accord de libre-échange nord-américain (ALENA)
*Accord de libre-échange Canada-Panama","","","ABI/Advanced Business Interiors Inc.","ABI/Advanced Business Interiors Inc.","ABI/ADVANCED BUSINESS INTERIORS INC","ABI/ADVANCED BUSINESS INTERIORS INC","ABI/Advanced Business Interiors Inc.","ABI/Advanced Business Interiors Inc.","100 to 199 employees","100 à 199 employés","2355 St Laurent Blvd","2355 St Laurent Blvd","Ottawa","Ottawa","Ontario","Ontario","K1G4L2","Canada","Canada","Public Works and Government Services Canada","Travaux publics et Services gouvernementaux Canada","","","","","","","","","","Public Works and Government Services Canada","Travaux publics et Services gouvernementaux Canada","GTIS AMS PRGM OFFICE","N/D","PORTAGE III 4B1<br>11 LAURIER ST,Gatineau,Quebec,K1A0S5,Canada","PORTAGE III 4B1<br>11 LAURIER ST,Gatineau,Quebec,K1A0S5,Canada","","","","","","","","","","","","","","","",""
"KNOLL (EN448-192669/003/PQ~000)","KNOLL (EN448-192669/003/PQ~000)","EN448-192669/003/PQ","000","EN448-192669","","EN448-192669/003/PQ","4","","2019-05-13","","","2020-05-13","33937.00","31644.00","CAD","","","","","","","*N7110","*Office Furniture","*Meubles de bureau","","","","*GD","","","Competitive - Open bidding","Concurrentielle - Invitation ouverte à soumissionner","Lowest Price","Prix le plus bas","","","*Canada-Chile Free Trade Agreement (CCFTA)
* Other trade agreements not listed here may apply
*Canada-European Union Comprehensive Economic and Trade Agreement (CETA)
*Canada-Peru Free Trade Agreement (CPFTA)
*North American Free Trade Agreement (NAFTA)
*Canada-Colombia Free Trade Agreement
*Canada-Panama Free Trade Agreement
*World Trade Organization Agreement on Government Procurement (WTO GPA)","*Accord de libre-échange Canada-Chili (ALECC)
*d'autres accords commerciaux non répertoriés ici peuvent s'appliquer
*Accord économique et commercial global (AECG) entre le Canada et l’Union européenne (UE)
*Accord de libre-échange Canada-Pérou (ALECP)
*Accord de libre-échange nord-américain (ALENA)
*Accord de libre-échange Canada-Colombie
*Accord de libre-échange Canada-Panama
*Accord sur les marchés publics de l'Organisation mondiale du commerce (AMP-OMC)","","","Knoll North America Corp.","Knoll North America Corp.","KNOLL","KNOLL","Knoll","Knoll","1000 to 1499 employees","1000 à 1499 employés","109 Atlantic Avenue<br>Suite 200","109 Atlantic Avenue<br>Suite 200","Toronto","Toronto","Ontario","Ontario","M6K1X4","Canada","Canada","Public Works and Government Services Canada","Travaux publics et Services gouvernementaux Canada","","","","","","","","","","Public Works and Government Services Canada","Travaux publics et Services gouvernementaux Canada","GTIS AMS PRGM OFFICE","N/D","PORTAGE III 4B1<br>11 LAURIER ST,Gatineau,Quebec,K1A0S5,Canada","PORTAGE III 4B1<br>11 LAURIER ST,Gatineau,Quebec,K1A0S5,Canada","","","","","","","","","","","","","","","",""
"ASOKAN BUSINESS INTERIORS INC (EN448-193056/001/PQ~000)","ASOKAN BUSINESS INTERIORS INC (EN448-193056/001/PQ~000)","EN448-193056/001/PQ","000","EN448-193056","","EN448-193056/001/PQ","1","","2019-02-26","","","2019-05-27","24973.00","24973.00","CAD","","","","","","","*N7110","*Office Furniture","*Meubles de bureau","","","","*GD","","","Non-competitive","Non concurrentielle","Low Dollar Value","Faible valeur","","","*None","*Aucun","","","ASOKAN BUSINESS INTERIORS INC.","ASOKAN BUSINESS INTERIORS INC.","ASOKAN BUSINESS INTERIORS INC","ASOKAN BUSINESS INTERIORS INC","ASOKAN BUSINESS INTERIORS INC.","ASOKAN BUSINESS INTERIORS INC.","10 to 19 employees","10 à 19 employés","25, rue Eddy<br>Suite 25","25, rue Eddy<br>Suite 25","Gatineau","Gatineau","Quebec","Quebec","J8X4B5","Canada","Canada","Public Works and Government Services Canada","Travaux publics et Services gouvernementaux Canada","","","","","","","","","","Public Works and Government Services Canada","Travaux publics et Services gouvernementaux Canada","GTIS AMS PRGM OFFICE","N/D","PORTAGE III 4B1<br>11 LAURIER ST,Gatineau,Quebec,K1A0S5,Canada","PORTAGE III 4B1<br>11 LAURIER ST,Gatineau,Quebec,K1A0S5,Canada","","","","","","","","","","","","","","","",""
"TOTEM OFFISOURCE INC (EN448-193464/001/PQ~000)","TOTEM OFFISOURCE INC (EN448-193464/001/PQ~000)","EN448-193464/001/PQ","000","EN448-193464","","EN448-193464/001/PQ","6","","2019-05-01","","","2029-05-01","738790.00","776913.00","CAD","","","","","","","*N7110","*Office Furniture","*Meubles de bureau","","","","*GD","","","Competitive - Traditional","Concurrentielle - Traditionnelle","Lowest Price","Prix le plus bas","","","*Canada-Peru Free Trade Agreement (CPFTA)
*Canada-Chile Free Trade Agreement (CCFTA)
* Other trade agreements not listed here may apply
*Canada-European Union Comprehensive Economic and Trade Agreement (CETA)
*World Trade Organization Agreement on Government Procurement (WTO GPA)
*Canada-Colombia Free Trade Agreement
*North American Free Trade Agreement (NAFTA)
*Canada-Panama Free Trade Agreement","*Accord de libre-échange Canada-Pérou (ALECP)
*Accord de libre-échange Canada-Chili (ALECC)
*d'autres accords commerciaux non répertoriés ici peuvent s'appliquer
*Accord économique et commercial global (AECG) entre le Canada et l’Union européenne (UE)
*Accord sur les marchés publics de l'Organisation mondiale du commerce (AMP-OMC)
*Accord de libre-échange Canada-Colombie
*Accord de libre-échange nord-américain (ALENA)
*Accord de libre-échange Canada-Panama","","","Totem Offisource Inc.","Totem Offisource Inc.","TOTEM OFFISOURCE INC","TOTEM OFFISOURCE INC","Totem Offisource Inc.","Totem Offisource Inc.","1 to 4 employees","1 à 4 employés","1 Promenade du Portage","1 Promenade du Portage","Gatineau","Gatineau","Quebec","Quebec","J8X4B1","Canada","Canada","Public Works and Government Services Canada","Travaux publics et Services gouvernementaux Canada","","","","","","","","","","Public Works and Government Services Canada","Travaux publics et Services gouvernementaux Canada","GTIS AMS PRGM OFFICE","N/D","PORTAGE III 4B1<br>11 LAURIER ST,Gatineau,Quebec,K1A0S5,Canada","PORTAGE III 4B1<br>11 LAURIER ST,Gatineau,Quebec,K1A0S5,Canada","","","","","","","","","","","","","","","",""
"ABI/ADVANCED BUSINESS INTERIORS INC (EN448-193466/001/PQ~000)","ABI/ADVANCED BUSINESS INTERIORS INC (EN448-193466/001/PQ~000)","EN448-193466/001/PQ","000","EN448-193466","","EN448-193466/001/PQ","4","","2019-05-08","","","2029-05-08","605794.00","661337.00","CAD","","","","","","","*N7110","*Office Furniture","*Meubles de bureau","","","","*GD","","","Competitive - Open bidding","Concurrentielle - Invitation ouverte à soumissionner","Lowest Price","Prix le plus bas","","","*Canada-European Union Comprehensive Economic and Trade Agreement (CETA)
*Canada-Colombia Free Trade Agreement
*Canada-Peru Free Trade Agreement (CPFTA)
*North American Free Trade Agreement (NAFTA)
*Canada-Chile Free Trade Agreement (CCFTA)
*World Trade Organization Agreement on Government Procurement (WTO GPA)
* Other trade agreements not listed here may apply
*Canada-Panama Free Trade Agreement","*Accord économique et commercial global (AECG) entre le Canada et l’Union européenne (UE)
*Accord de libre-échange Canada-Colombie
*Accord de libre-échange Canada-Pérou (ALECP)
*Accord de libre-échange nord-américain (ALENA)
*Accord de libre-échange Canada-Chili (ALECC)
*Accord sur les marchés publics de l'Organisation mondiale du commerce (AMP-OMC)
*d'autres accords commerciaux non répertoriés ici peuvent s'appliquer
*Accord de libre-échange Canada-Panama","","","ABI/Advanced Business Interiors Inc.","ABI/Advanced Business Interiors Inc.","ABI/ADVANCED BUSINESS INTERIORS INC","ABI/ADVANCED BUSINESS INTERIORS INC","ABI/Advanced Business Interiors Inc.","ABI/Advanced Business Interiors Inc.","100 to 199 employees","100 à 199 employés","2355 St Laurent Blvd","2355 St Laurent Blvd","Ottawa","Ottawa","Ontario","Ontario","K1G4L2","Canada","Canada","Public Works and Government Services Canada","Travaux publics et Services gouvernementaux Canada","","","","","","","","","","Public Works and Government Services Canada","Travaux publics et Services gouvernementaux Canada","GTIS AMS PRGM OFFICE","N/D","PORTAGE III 4B1<br>11 LAURIER ST,Gatineau,Quebec,K1A0S5,Canada","PORTAGE III 4B1<br>11 LAURIER ST,Gatineau,Quebec,K1A0S5,Canada","","","","","","","","","","","","","","","",""
"TOTEM OFFISOURCE INC (EN448-193464/002/PQ~000)","TOTEM OFFISOURCE INC (EN448-193464/002/PQ~000)","EN448-193464/002/PQ","000","EN448-193464","","EN448-193464/002/PQ","2","","2019-12-13","","","2030-02-07","14230.00","14230.00","CAD","","","","","","","*N7110","*Office Furniture","*Meubles de bureau","","","","*GD","","","Competitive - Traditional","Concurrentielle - Traditionnelle","Lowest Price","Prix le plus bas","","","*Canada-Peru Free Trade Agreement (CPFTA)
*Canada-European Union Comprehensive Economic and Trade Agreement (CETA)
* Other trade agreements not listed here may apply
*Canada-Chile Free Trade Agreement (CCFTA)
*Canada-Colombia Free Trade Agreement
*World Trade Organization Agreement on Government Procurement (WTO GPA)
*North American Free Trade Agreement (NAFTA)
*Canada-Panama Free Trade Agreement","*Accord de libre-échange Canada-Pérou (ALECP)
*Accord économique et commercial global (AECG) entre le Canada et l’Union européenne (UE)
*d'autres accords commerciaux non répertoriés ici peuvent s'appliquer
*Accord de libre-échange Canada-Chili (ALECC)
*Accord de libre-échange Canada-Colombie
*Accord sur les marchés publics de l'Organisation mondiale du commerce (AMP-OMC)
*Accord de libre-échange nord-américain (ALENA)
*Accord de libre-échange Canada-Panama","","","Totem Offisource Inc.","Totem Offisource Inc.","TOTEM OFFISOURCE INC","TOTEM OFFISOURCE INC","Totem Offisource Inc.","Totem Offisource Inc.","1 to 4 employees","1 à 4 employés","1 Promenade du Portage","1 Promenade du Portage","Gatineau","Gatineau","Quebec","Quebec","J8X4B1","Canada","Canada","Public Works and Government Services Canada","Travaux publics et Services gouvernementaux Canada","","","","","","","","","","Public Works and Government Services Canada","Travaux publics et Services gouvernementaux Canada","GTIS AMS PRGM OFFICE","N/D","PORTAGE III 4B1<br>11 LAURIER ST,Gatineau,Quebec,K1A0S5,Canada","PORTAGE III 4B1<br>11 LAURIER ST,Gatineau,Quebec,K1A0S5,Canada","","","","","","","","","","","","","","","",""
"SAME (EN448-200820/001/PQ~000)","SAME (EN448-200820/001/PQ~000)","EN448-200820/001/PQ","000","EN448-200820","","EN448-200820/001/PQ","2","","2019-07-19","","","2020-03-31","23781.00","0.00","CAD","","","","","","","*N7110","*Office Furniture","*Meubles de bureau","","","","*GD","","","Non-competitive","Non concurrentielle","Low Dollar Value","Faible valeur","","","*Canada-Chile Free Trade Agreement (CCFTA)
*Canada-European Union Comprehensive Economic and Trade Agreement (CETA)","*Accord de libre-échange Canada-Chili (ALECC)
*Accord économique et commercial global (AECG) entre le Canada et l’Union européenne (UE)","","","Urban Workplace Inc.","Urban Workplace Inc.","SAME","SAME","Urban Workplace Inc.","Urban Workplace Inc.","10 to 19 employees","10 à 19 employés","2781 Lancaster Road,<br>Suite 303,","2781 Lancaster Road,<br>Suite 303,","Ottawa","Ottawa","Ontario","Ontario","K1B1A7","Canada","Canada","Public Works and Government Services Canada","Travaux publics et Services gouvernementaux Canada","","","","","","","","","","Public Works and Government Services Canada","Travaux publics et Services gouvernementaux Canada","GTIS AMS PRGM OFFICE","N/D","PORTAGE III 4B1<br>11 LAURIER ST,Gatineau,Quebec,K1A0S5,Canada","PORTAGE III 4B1<br>11 LAURIER ST,Gatineau,Quebec,K1A0S5,Canada","","","","","","","","","","","","","","","",""
"TEKNION FURNITURE SYSTEMS LTD (EN448-200820/002/PQ~000)","TEKNION FURNITURE SYSTEMS LTD (EN448-200820/002/PQ~000)","EN448-200820/002/PQ","000","EN448-200820","","EN448-200820/002/PQ","1","","2019-07-24","","","2020-03-31","23781.00","23781.00","CAD","","","","","","","*N7110","*Office Furniture","*Meubles de bureau","","","","*GD","","","Non-competitive","Non concurrentielle","Low Dollar Value","Faible valeur","","","*Canadian Free Trade Agreement (CFTA)","*Accord de libre-échange canadien (ALEC)","","","Teknion Limited","Teknion Limited","TEKNION FURNITURE SYSTEMS LTD","TEKNION FURNITURE SYSTEMS LTD","Teknion Furniture Systems Ltd","Teknion Furniture Systems Ltd","2500 to 4999 employees","2500 à 4999 employés","1150 Flint Rd","1150 Flint Rd","Downsview","Downsview","Ontario","Ontario","M3J2J5","Canada","Canada","Public Works and Government Services Canada","Travaux publics et Services gouvernementaux Canada","","","","","","","","","","Public Works and Government Services Canada","Travaux publics et Services gouvernementaux Canada","GTIS AMS PRGM OFFICE","N/D","PORTAGE III 4B1<br>11 LAURIER ST,Gatineau,Quebec,K1A0S5,Canada","PORTAGE III 4B1<br>11 LAURIER ST,Gatineau,Quebec,K1A0S5,Canada","","","","","","","","","","","","","","","",""
"CAPITAL OFFICE INTERIORS LTD (EN448-210281/001/PQ~000)","CAPITAL OFFICE INTERIORS LTD (EN448-210281/001/PQ~000)","EN448-210281/001/PQ","000","EN448-210281","","EN448-210281/001/PQ","2","","2020-06-05","","","2030-09-30","24938.00","24938.00","CAD","","","","","","","*N7110","*Office Furniture","*Meubles de bureau","","","","*GD","","","Non-competitive","Non concurrentielle","Low Dollar Value","Faible valeur","","","*None","*Aucun","","","Capital Office Interiors Ltd","Capital Office Interiors Ltd","CAPITAL OFFICE INTERIORS LTD","CAPITAL OFFICE INTERIORS LTD","Capital Office Interiors Ltd","Capital Office Interiors Ltd","20 to 49 employees","20 à 49 employés","16 Antares Drive","16 Antares Drive","Nepean","Nepean","Ontario","Ontario","K2E7Y7","Canada","Canada","Public Works and Government Services Canada","Travaux publics et Services gouvernementaux Canada","","","","","","","","","","Public Works and Government Services Canada","Travaux publics et Services gouvernementaux Canada","GTIS AMS PRGM OFFICE","N/D","PORTAGE III 4B1<br>11 LAURIER ST,Gatineau,Quebec,K1A0S5,Canada","PORTAGE III 4B1<br>11 LAURIER ST,Gatineau,Quebec,K1A0S5,Canada","","","","","","","","","","","","","","","",""
"KRUG INC (EN463-092721/001/PPS~000)","KRUG INC (EN463-092721/001/PPS~000)","EN463-092721/001/PPS","000","EN463-092721","","EN463-092721/001/PPS","6","","2009-06-12","","","2010-07-30","2302967.00","2702984.00","CAD","","","","","","","*N7110","*Office Furniture","*Meubles de bureau","","","","*GD","","","Competitive - Open bidding","Concurrentielle - Invitation ouverte à soumissionner","Highest Combined Rating of Technical Merit and Price","Cote combinée la plus élevée pour le mérite technique et le prix","","","*Canada-Peru Free Trade Agreement (CPFTA)
*Canada-Colombia Free Trade Agreement
* Other trade agreements not listed here may apply
*Canada-European Union Comprehensive Economic and Trade Agreement (CETA)
*Canada-Panama Free Trade Agreement
*Canada-Chile Free Trade Agreement (CCFTA)
*North American Free Trade Agreement (NAFTA)
*World Trade Organization Agreement on Government Procurement (WTO GPA)","*Accord de libre-échange Canada-Pérou (ALECP)
*Accord de libre-échange Canada-Colombie
*d'autres accords commerciaux non répertoriés ici peuvent s'appliquer
*Accord économique et commercial global (AECG) entre le Canada et l’Union européenne (UE)
*Accord de libre-échange Canada-Panama
*Accord de libre-échange Canada-Chili (ALECC)
*Accord de libre-échange nord-américain (ALENA)
*Accord sur les marchés publics de l'Organisation mondiale du commerce (AMP-OMC)","","","Krug Inc.","Krug Inc.","KRUG INC","KRUG INC","Krug Inc.","Krug Inc.","200 to 499 employees","200 à 499 employés","421 Manitou Drive","421 Manitou Drive","Kitchener","Kitchener","Ontario","Ontario","N2C1L5","Canada","Canada","Public Works and Government Services Canada","Travaux publics et Services gouvernementaux Canada","","","","","","","","","","Public Works and Government Services Canada","Travaux publics et Services gouvernementaux Canada","SS PP UNIT CSU 12","N/D","140 O'Connor Street,OTTAWA,Ontario,K1A0R5,Canada","140 O'Connor Street,OTTAWA,Ontario,K1A0R5,Canada","","","","","","","","","","","","","","","",""
"OTTAWA BUSINESS INTERIORS (EN463-092721/002/PPS~000)","OTTAWA BUSINESS INTERIORS (EN463-092721/002/PPS~000)","EN463-092721/002/PPS","000","EN463-092721","","EN463-092721/002/PPS","3","","2011-03-11","","","2012-03-11","1993.00","1389.00","CAD","","","","","","","*N7110","*Office Furniture","*Meubles de bureau","","","","*GD","","","Non-competitive","Non concurrentielle","Government Objectives Representing Best Interests/Value to Govt","Objectifs gouvern.  représentant  les meilleurs intérets/valeur pour l'État","","","*None","*Aucun","","","Ottawa Business Interiors","Ottawa Business Interiors","OTTAWA BUSINESS INTERIORS","OTTAWA BUSINESS INTERIORS","Ottawa Business Interiors","Ottawa Business Interiors","20 to 49 employees","20 à 49 employés","183 Colonnade Road S.","183 Colonnade Road S.","Ottawa","Ottawa","Ontario","Ontario","K2E7J4","Canada","Canada","Public Works and Government Services Canada","Travaux publics et Services gouvernementaux Canada","","","","","","","","","","Public Works and Government Services Canada","Travaux publics et Services gouvernementaux Canada","SS PP UNIT CSU 12","N/D","140 O'Connor Street,OTTAWA,Ontario,K1A0R5,Canada","140 O'Connor Street,OTTAWA,Ontario,K1A0R5,Canada","","","","","","","","","","","","","","","",""
"KRUG INC (EN463-093264/001/PPS~000)","KRUG INC (EN463-093264/001/PPS~000)","EN463-093264/001/PPS","000","EN463-093264","","EN463-093264/001/PPS","2","","2009-06-22","","","2010-08-31","359791.00","359791.00","CAD","","","","","","","*N7110","*Office Furniture","*Meubles de bureau","","","","*GD","","","Competitive - Open bidding","Concurrentielle - Invitation ouverte à soumissionner","Highest Combined Rating of Technical Merit and Price","Cote combinée la plus élevée pour le mérite technique et le prix","","","*Canada-Chile Free Trade Agreement (CCFTA)
* Other trade agreements not listed here may apply
*Canada-Peru Free Trade Agreement (CPFTA)
*Canada-European Union Comprehensive Economic and Trade Agreement (CETA)
*North American Free Trade Agreement (NAFTA)
*World Trade Organization Agreement on Government Procurement (WTO GPA)
*Canada-Colombia Free Trade Agreement
*Canada-Panama Free Trade Agreement","*Accord de libre-échange Canada-Chili (ALECC)
*d'autres accords commerciaux non répertoriés ici peuvent s'appliquer
*Accord de libre-échange Canada-Pérou (ALECP)
*Accord économique et commercial global (AECG) entre le Canada et l’Union européenne (UE)
*Accord de libre-échange nord-américain (ALENA)
*Accord sur les marchés publics de l'Organisation mondiale du commerce (AMP-OMC)
*Accord de libre-échange Canada-Colombie
*Accord de libre-échange Canada-Panama","","","Krug Inc.","Krug Inc.","KRUG INC","KRUG INC","Krug Inc.","Krug Inc.","200 to 499 employees","200 à 499 employés","421 Manitou Drive","421 Manitou Drive","Kitchener","Kitchener","Ontario","Ontario","N2C1L5","Canada","Canada","Public Works and Government Services Canada","Travaux publics et Services gouvernementaux Canada","","","","","","","","","","Public Works and Government Services Canada","Travaux publics et Services gouvernementaux Canada","SS PP UNIT CSU 12","N/D","140 O'Connor Street,OTTAWA,Ontario,K1A0R5,Canada","140 O'Connor Street,OTTAWA,Ontario,K1A0R5,Canada","","","","","","","","","","","","","","","",""
"ADIRONDACK TECHNOLOGIES FURNITURE INC (EN463-093824/002/PPS~000)","ADIRONDACK TECHNOLOGIES FURNITURE INC (EN463-093824/002/PPS~000)","EN463-093824/002/PPS","000","EN463-093824","","EN463-093824/002/PPS","1","","2009-04-28","","","2010-04-28","9888.00","9888.00","CAD","","","","","","","*N7110","*Office Furniture","*Meubles de bureau","","","","*GD","","","Non-competitive","Non concurrentielle","Government Objectives Representing Best Interests/Value to Govt","Objectifs gouvern.  représentant  les meilleurs intérets/valeur pour l'État","","","*Canadian Free Trade Agreement (CFTA)","*Accord de libre-échange canadien (ALEC)","","","Adirondack Technologies Furniture Inc.","Adirondack Technologies Furniture Inc.","ADIRONDACK TECHNOLOGIES FURNITURE INC","ADIRONDACK TECHNOLOGIES FURNITURE INC","Adirondack Technologies Furniture Inc.","Adirondack Technologies Furniture Inc.","10 to 19 employees","10 à 19 employés","6 Antares Drive, Unit 1","6 Antares Drive, Unit 1","Ottawa","Ottawa","Ontario","Ontario","K2E8A9","Canada","Canada","Public Works and Government Services Canada","Travaux publics et Services gouvernementaux Canada","","","","","","","","","","Public Works and Government Services Canada","Travaux publics et Services gouvernementaux Canada","SS PP UNIT CSU 12","N/D","140 O'Connor Street,OTTAWA,Ontario,K1A0R5,Canada","140 O'Connor Street,OTTAWA,Ontario,K1A0R5,Canada","","","","","","","","","","","","","","","",""
"SUMMERLEE INTERIOR OFFICE SOLUTIONS LTD (EN463-093824/003/PPS~000)","SUMMERLEE INTERIOR OFFICE SOLUTIONS LTD (EN463-093824/003/PPS~000)","EN463-093824/003/PPS","000","EN463-093824","","EN463-093824/003/PPS","1","","2009-04-30","","","2010-04-30","9750.00","9750.00","CAD","","","","","","","*N7110","*Office Furniture","*Meubles de bureau","","","","*GD","","","Non-competitive","Non concurrentielle","Government Objectives Representing Best Interests/Value to Govt","Objectifs gouvern.  représentant  les meilleurs intérets/valeur pour l'État","","","*Canadian Free Trade Agreement (CFTA)","*Accord de libre-échange canadien (ALEC)","","","Summerlee Interior Office Solutions Ltd.","Summerlee Interior Office Solutions Ltd.","SUMMERLEE INTERIOR OFFICE SOLUTIONS LTD","SUMMERLEE INTERIOR OFFICE SOLUTIONS LTD","Summerlee Interior Office Solutions Ltd.","Summerlee Interior Office Solutions Ltd.","20 to 49 employees","20 à 49 employés","181 Whitehall Dr.","181 Whitehall Dr.","Markham","Markham","Ontario","Ontario","L3R9T1","Canada","Canada","Public Works and Government Services Canada","Travaux publics et Services gouvernementaux Canada","","","","","","","","","","Public Works and Government Services Canada","Travaux publics et Services gouvernementaux Canada","SS PP UNIT CSU 12","N/D","140 O'Connor Street,OTTAWA,Ontario,K1A0R5,Canada","140 O'Connor Street,OTTAWA,Ontario,K1A0R5,Canada","","","","","","","","","","","","","","","",""
"TENAQUIP LTD (EN463-093824/004/PPS~000)","TENAQUIP LTD (EN463-093824/004/PPS~000)","EN463-093824/004/PPS","000","EN463-093824","","EN463-093824/004/PPS","1","","2009-06-11","","","2010-06-11","5044.00","5044.00","CAD","","","","","","","*N7110","*Office Furniture","*Meubles de bureau","","","","*GD","","","Non-competitive","Non concurrentielle","Government Objectives Representing Best Interests/Value to Govt","Objectifs gouvern.  représentant  les meilleurs intérets/valeur pour l'État","","","*Canadian Free Trade Agreement (CFTA)","*Accord de libre-échange canadien (ALEC)","","","Tenaquip Limited","Tenaquip Limited","TENAQUIP LTD","TENAQUIP LTD","Tenaquip Limited","Tenaquip Limited","200 to 499 employees","200 à 499 employés","202-1320 Carling","202-1320 Carling","Ottawa","Ottawa","Ontario","Ontario","K1Z7K8","Canada","Canada","Public Works and Government Services Canada","Travaux publics et Services gouvernementaux Canada","","","","","","","","","","Public Works and Government Services Canada","Travaux publics et Services gouvernementaux Canada","SS PP UNIT CSU 12","N/D","140 O'Connor Street,OTTAWA,Ontario,K1A0R5,Canada","140 O'Connor Street,OTTAWA,Ontario,K1A0R5,Canada","","","","","","","","","","","","","","","",""
"ADIRONDACK TECHNOLOGIES FURNITURE INC (EN463-093959/001/PPS~000)","ADIRONDACK TECHNOLOGIES FURNITURE INC (EN463-093959/001/PPS~000)","EN463-093959/001/PPS","000","EN463-093959","","EN463-093959/001/PPS","1","","2009-10-30","","","2010-01-29","48618.00","48618.00","CAD","","","","","","","*N7110","*Office Furniture","*Meubles de bureau","","","","*GD","","","Competitive - Traditional","Concurrentielle - Traditionnelle","Lowest Price","Prix le plus bas","","","*Set-Aside Program for Aboriginal Business (SPAB)","*Programme des marchés réservés aux entreprises autochtones (PMREA)","","","Adirondack Technologies Furniture Inc.","Adirondack Technologies Furniture Inc.","ADIRONDACK TECHNOLOGIES FURNITURE INC","ADIRONDACK TECHNOLOGIES FURNITURE INC","Adirondack Technologies Furniture Inc.","Adirondack Technologies Furniture Inc.","10 to 19 employees","10 à 19 employés","6 Antares Drive, Unit 1","6 Antares Drive, Unit 1","Ottawa","Ottawa","Ontario","Ontario","K2E8A9","Canada","Canada","Public Works and Government Services Canada","Travaux publics et Services gouvernementaux Canada","","","","","","","","","","Public Works and Government Services Canada","Travaux publics et Services gouvernementaux Canada","SS PP UNIT CSU 12","N/D","140 O'Connor Street,OTTAWA,Ontario,K1A0R5,Canada","140 O'Connor Street,OTTAWA,Ontario,K1A0R5,Canada","","","","","","","","","","","","","","","",""
"LEVAC SUPPLY LTD (EN463-093959/071/PPS~000)","LEVAC SUPPLY LTD (EN463-093959/071/PPS~000)","EN463-093959/071/PPS","000","EN463-093959","","EN463-093959/071/PPS","1","","2009-09-11","","","2010-09-11","4314.00","4314.00","CAD","","","","","","","*N7110","*Office Furniture","*Meubles de bureau","","","","*GD","","","Competitive - Traditional","Concurrentielle - Traditionnelle","Lowest Price","Prix le plus bas","","","*None","*Aucun","","","Levac Supply Limited","Levac Supply Limited","LEVAC SUPPLY LTD","LEVAC SUPPLY LTD","Levac Supply Limited","Levac Supply Limited","20 to 49 employees","20 à 49 employés","25 Railway st.","25 Railway st.","Kingston","Kingston","Ontario","Ontario","K7K2L7","Canada","Canada","Public Works and Government Services Canada","Travaux publics et Services gouvernementaux Canada","","","","","","","","","","Public Works and Government Services Canada","Travaux publics et Services gouvernementaux Canada","SS PP UNIT CSU 12","N/D","140 O'Connor Street,OTTAWA,Ontario,K1A0R5,Canada","140 O'Connor Street,OTTAWA,Ontario,K1A0R5,Canada","","","","","","","","","","","","","","","",""
"ARBELL, A DIVISION OF ACTIVE TECH ELECTRONICS (EN463-093959/091/PPS~000)","ARBELL, A DIVISION OF ACTIVE TECH ELECTRONICS (EN463-093959/091/PPS~000)","EN463-093959/091/PPS","000","EN463-093959","","EN463-093959/091/PPS","3","","2009-10-07","","","2010-10-07","1787.00","1787.00","CAD","","","","","","","*N7110","*Office Furniture","*Meubles de bureau","","","","*GD","","","Non-competitive","Non concurrentielle","Low Dollar Value","Faible valeur","","","*None","*Aucun","","","ARBELL INC","ARBELL INC","ARBELL, A DIVISION OF ACTIVE TECH ELECTRONICS","ARBELL, A DIVISION OF ACTIVE TECH ELECTRONICS","Arbell, A Division Of Active Tech Electronics","Arbell, A Division Of Active Tech Electronics","20 to 49 employees","20 à 49 employés","1175 Corporate drive<br>Unit 8","1175 Corporate drive<br>Unit 8","Burlington","Burlington","Ontario","Ontario","L7L5V5","Canada","Canada","Public Works and Government Services Canada","Travaux publics et Services gouvernementaux Canada","","","","","","","","","","Public Works and Government Services Canada","Travaux publics et Services gouvernementaux Canada","SS PP UNIT CSU 12","N/D","140 O'Connor Street,OTTAWA,Ontario,K1A0R5,Canada","140 O'Connor Street,OTTAWA,Ontario,K1A0R5,Canada","","","","","","","","","","","","","","","",""
"INTERSPEC FURNITURE SOLUTIONS INC (EN463-100757/003/PPS~000)","INTERSPEC FURNITURE SOLUTIONS INC (EN463-100757/003/PPS~000)","EN463-100757/003/PPS","000","EN463-100757","","EN463-100757/003/PPS","1","","2009-11-18","","","2010-11-18","1458.00","1458.00","CAD","","","","","","","*N7110","*Office Furniture","*Meubles de bureau","","","","*GD","","","Non-competitive","Non concurrentielle","Government Objectives Representing Best Interests/Value to Govt","Objectifs gouvern.  représentant  les meilleurs intérets/valeur pour l'État","","","*None","*Aucun","","","Interspec Furniture Solutions","Interspec Furniture Solutions","INTERSPEC FURNITURE SOLUTIONS INC","INTERSPEC FURNITURE SOLUTIONS INC","Interspec Furniture Solutions Inc.","Interspec Furniture Solutions Inc.","10 to 19 employees","10 à 19 employés","2615 Lancaster Road<br>Unit 32","2615 Lancaster Road<br>Unit 32","Ottawa","Ottawa","Ontario","Ontario","K1B5N2","Canada","Canada","Public Works and Government Services Canada","Travaux publics et Services gouvernementaux Canada","","","","","","","","","","Public Works and Government Services Canada","Travaux publics et Services gouvernementaux Canada","SS PP UNIT CSU 12","N/D","140 O'Connor Street,OTTAWA,Ontario,K1A0R5,Canada","140 O'Connor Street,OTTAWA,Ontario,K1A0R5,Canada","","","","","","","","","","","","","","","",""
"INTERSPEC FURNITURE SOLUTIONS INC (EN463-101621/003/PPS~000)","INTERSPEC FURNITURE SOLUTIONS INC (EN463-101621/003/PPS~000)","EN463-101621/003/PPS","000","EN463-101621","","EN463-101621/003/PPS","1","","2009-11-17","","","2010-01-31","2203.00","2203.00","CAD","","","","","","","*N7110","*Office Furniture","*Meubles de bureau","","","","*GD","","","Non-competitive","Non concurrentielle","Low Dollar Value","Faible valeur","","","*None","*Aucun","","","Interspec Furniture Solutions","Interspec Furniture Solutions","INTERSPEC FURNITURE SOLUTIONS INC","INTERSPEC FURNITURE SOLUTIONS INC","Interspec Furniture Solutions Inc.","Interspec Furniture Solutions Inc.","10 to 19 employees","10 à 19 employés","2615 Lancaster Road<br>Unit 32","2615 Lancaster Road<br>Unit 32","Ottawa","Ottawa","Ontario","Ontario","K1B5N2","Canada","Canada","Public Works and Government Services Canada","Travaux publics et Services gouvernementaux Canada","","","","","","","","","","Public Works and Government Services Canada","Travaux publics et Services gouvernementaux Canada","SS PP UNIT CSU 12","N/D","140 O'Connor Street,OTTAWA,Ontario,K1A0R5,Canada","140 O'Connor Street,OTTAWA,Ontario,K1A0R5,Canada","","","","","","","","","","","","","","","",""
"GLOBAL UPHOLSTERY CO INC (EN463-101621/010/PPS~000)","GLOBAL UPHOLSTERY CO INC (EN463-101621/010/PPS~000)","EN463-101621/010/PPS","000","EN463-101621","","EN463-101621/010/PPS","1","","2009-11-20","","","2010-01-31","584.00","584.00","CAD","","","","","","","*N7110","*Office Furniture","*Meubles de bureau","","","","*GD","","","Competitive - Traditional","Concurrentielle - Traditionnelle","Lowest Price","Prix le plus bas","","","*None","*Aucun","","","Global Upholstery Co. Inc.","Global Upholstery Co. Inc.","GLOBAL UPHOLSTERY CO INC","GLOBAL UPHOLSTERY CO INC","Global Upholstery Co. Inc.","Global Upholstery Co. Inc.","500 to 999 employees","500  à  999 employés","980 Saint-Antoine Ouest<br>Bureau 200","980 Saint-Antoine Ouest<br>Bureau 200","Montréal","Montréal","Quebec","Quebec","H3C1A8","Canada","Canada","Public Works and Government Services Canada","Travaux publics et Services gouvernementaux Canada","","","","","","","","","","Public Works and Government Services Canada","Travaux publics et Services gouvernementaux Canada","SS PP UNIT CSU 12","N/D","140 O'Connor Street,OTTAWA,Ontario,K1A0R5,Canada","140 O'Connor Street,OTTAWA,Ontario,K1A0R5,Canada","","","","","","","","","","","","","","","",""
"GLOBAL UPHOLSTERY CO INC (EN463-101621/011/PPS~000)","GLOBAL UPHOLSTERY CO INC (EN463-101621/011/PPS~000)","EN463-101621/011/PPS","000","EN463-101621","","EN463-101621/011/PPS","1","","2009-11-20","","","2010-01-31","3811.00","3811.00","CAD","","","","","","","*N7110","*Office Furniture","*Meubles de bureau","","","","*GD","","","Competitive - Traditional","Concurrentielle - Traditionnelle","Lowest Price","Prix le plus bas","","","*None","*Aucun","","","Global Upholstery Co. Inc.","Global Upholstery Co. Inc.","GLOBAL UPHOLSTERY CO INC","GLOBAL UPHOLSTERY CO INC","Global Upholstery Co. Inc.","Global Upholstery Co. Inc.","500 to 999 employees","500  à  999 employés","980 Saint-Antoine Ouest<br>Bureau 200","980 Saint-Antoine Ouest<br>Bureau 200","Montréal","Montréal","Quebec","Quebec","H3C1A8","Canada","Canada","Public Works and Government Services Canada","Travaux publics et Services gouvernementaux Canada","","","","","","","","","","Public Works and Government Services Canada","Travaux publics et Services gouvernementaux Canada","SS PP UNIT CSU 12","N/D","140 O'Connor Street,OTTAWA,Ontario,K1A0R5,Canada","140 O'Connor Street,OTTAWA,Ontario,K1A0R5,Canada","","","","","","","","","","","","","","","",""
"MARCOMM SOLUTIONS INC (EN463-101621/012/PPS~000)","MARCOMM SOLUTIONS INC (EN463-101621/012/PPS~000)","EN463-101621/012/PPS","000","EN463-101621","","EN463-101621/012/PPS","2","","2009-11-25","","","2010-01-31","36946.00","36946.00","CAD","","","","","","","*N7110","*Office Furniture","*Meubles de bureau","","","","*GD","","","Competitive - Traditional","Concurrentielle - Traditionnelle","Lowest Price","Prix le plus bas","","","*Set-Aside Program for Aboriginal Business (SPAB)","*Programme des marchés réservés aux entreprises autochtones (PMREA)","","","Marcomm Solutions Inc.","Marcomm Solutions Inc.","MARCOMM SOLUTIONS INC","MARCOMM SOLUTIONS INC","Marcomm Solutions Inc.","Marcomm Solutions Inc.","5 to 9 employees","5 à 9 employés","2285D St-Laurent, Unit # 17","2285D St-Laurent, Unit # 17","Ottawa","Ottawa","Ontario","Ontario","K1G4Z7","Canada","Canada","Public Works and Government Services Canada","Travaux publics et Services gouvernementaux Canada","","","","","","","","","","Public Works and Government Services Canada","Travaux publics et Services gouvernementaux Canada","SS PP UNIT CSU 12","N/D","140 O'Connor Street,OTTAWA,Ontario,K1A0R5,Canada","140 O'Connor Street,OTTAWA,Ontario,K1A0R5,Canada","","","","","","","","","","","","","","","",""
"KRUG INC (EN463-101621/013/PPS~000)","KRUG INC (EN463-101621/013/PPS~000)","EN463-101621/013/PPS","000","EN463-101621","","EN463-101621/013/PPS","1","","2009-12-02","","","2010-01-31","19517.00","19517.00","CAD","","","","","","","*N7110","*Office Furniture","*Meubles de bureau","","","","*GD","","","Non-competitive","Non concurrentielle","Low Dollar Value","Faible valeur","","","*Set-Aside Program for Aboriginal Business (SPAB)","*Programme des marchés réservés aux entreprises autochtones (PMREA)","","","Krug Inc.","Krug Inc.","KRUG INC","KRUG INC","Krug Inc.","Krug Inc.","200 to 499 employees","200 à 499 employés","421 Manitou Drive","421 Manitou Drive","Kitchener","Kitchener","Ontario","Ontario","N2C1L5","Canada","Canada","Public Works and Government Services Canada","Travaux publics et Services gouvernementaux Canada","","","","","","","","","","Public Works and Government Services Canada","Travaux publics et Services gouvernementaux Canada","SS PP UNIT CSU 12","N/D","140 O'Connor Street,OTTAWA,Ontario,K1A0R5,Canada","140 O'Connor Street,OTTAWA,Ontario,K1A0R5,Canada","","","","","","","","","","","","","","","",""
"ASOKAN BUSINESS INTERIORS INC (EN463-101621/014/PPS~000)","ASOKAN BUSINESS INTERIORS INC (EN463-101621/014/PPS~000)","EN463-101621/014/PPS","000","EN463-101621","","EN463-101621/014/PPS","4","","2010-01-12","","","2010-02-19","161787.00","166046.00","CAD","","","","","","","*N7110","*Office Furniture","*Meubles de bureau","","","","*GD","","","Competitive - Traditional","Concurrentielle - Traditionnelle","Lowest Price","Prix le plus bas","","","*Set-Aside Program for Aboriginal Business (SPAB)","*Programme des marchés réservés aux entreprises autochtones (PMREA)","","","ASOKAN BUSINESS INTERIORS INC.","ASOKAN BUSINESS INTERIORS INC.","ASOKAN BUSINESS INTERIORS INC","ASOKAN BUSINESS INTERIORS INC","ASOKAN BUSINESS INTERIORS INC.","ASOKAN BUSINESS INTERIORS INC.","10 to 19 employees","10 à 19 employés","25, rue Eddy<br>Suite 25","25, rue Eddy<br>Suite 25","Gatineau","Gatineau","Quebec","Quebec","J8X4B5","Canada","Canada","Public Works and Government Services Canada","Travaux publics et Services gouvernementaux Canada","","","","","","","","","","Public Works and Government Services Canada","Travaux publics et Services gouvernementaux Canada","SS PP UNIT CSU 12","N/D","140 O'Connor Street,OTTAWA,Ontario,K1A0R5,Canada","140 O'Connor Street,OTTAWA,Ontario,K1A0R5,Canada","","","","","","","","","","","","","","","",""
"ADIRONDACK TECHNOLOGIES FURNITURE INC (EN463-101621/015/PPS~000)","ADIRONDACK TECHNOLOGIES FURNITURE INC (EN463-101621/015/PPS~000)","EN463-101621/015/PPS","000","EN463-101621","","EN463-101621/015/PPS","1","","2009-12-21","","","2010-02-12","43680.00","43680.00","CAD","","","","","","","*N7110","*Office Furniture","*Meubles de bureau","","","","*GD","","","Competitive - Traditional","Concurrentielle - Traditionnelle","Lowest Price","Prix le plus bas","","","*Set-Aside Program for Aboriginal Business (SPAB)","*Programme des marchés réservés aux entreprises autochtones (PMREA)","","","Adirondack Technologies Furniture Inc.","Adirondack Technologies Furniture Inc.","ADIRONDACK TECHNOLOGIES FURNITURE INC","ADIRONDACK TECHNOLOGIES FURNITURE INC","Adirondack Technologies Furniture Inc.","Adirondack Technologies Furniture Inc.","10 to 19 employees","10 à 19 employés","6 Antares Drive, Unit 1","6 Antares Drive, Unit 1","Ottawa","Ottawa","Ontario","Ontario","K2E8A9","Canada","Canada","Public Works and Government Services Canada","Travaux publics et Services gouvernementaux Canada","","","","","","","","","","Public Works and Government Services Canada","Travaux publics et Services gouvernementaux Canada","SS PP UNIT CSU 12","N/D","140 O'Connor Street,OTTAWA,Ontario,K1A0R5,Canada","140 O'Connor Street,OTTAWA,Ontario,K1A0R5,Canada","","","","","","","","","","","","","","","",""
"SUNDOG FURNITURE SOLUTIONS INC (EN463-102497/001/PPS~000)","SUNDOG FURNITURE SOLUTIONS INC (EN463-102497/001/PPS~000)","EN463-102497/001/PPS","000","EN463-102497","","EN463-102497/001/PPS","4","","2010-03-16","","","2011-08-31","438102.00","498108.00","CAD","","","","","","","*N7110","*Office Furniture","*Meubles de bureau","","","","*GD","","","Competitive - Traditional","Concurrentielle - Traditionnelle","Lowest Price","Prix le plus bas","","","*Set-Aside Program for Aboriginal Business (SPAB)","*Programme des marchés réservés aux entreprises autochtones (PMREA)","","","Sundog Furniture Solutions Inc.","Sundog Furniture Solutions Inc.","SUNDOG FURNITURE SOLUTIONS INC","SUNDOG FURNITURE SOLUTIONS INC","Sundog Furniture Solutions Inc.","Sundog Furniture Solutions Inc.","1 to 4 employees","1 à 4 employés","1 Bartley Cres.","1 Bartley Cres.","Ottawa","Ottawa","Ontario","Ontario","K2J1R9","Canada","Canada","Public Works and Government Services Canada","Travaux publics et Services gouvernementaux Canada","","","","","","","","","","Public Works and Government Services Canada","Travaux publics et Services gouvernementaux Canada","SS PP UNIT CSU 12","N/D","140 O'Connor Street,OTTAWA,Ontario,K1A0R5,Canada","140 O'Connor Street,OTTAWA,Ontario,K1A0R5,Canada","","","","","","","","","","","","","","","",""
"KIPAWA SALES & SERVICES INC (EN463-102497/002/PPS~000)","KIPAWA SALES & SERVICES INC (EN463-102497/002/PPS~000)","EN463-102497/002/PPS","000","EN463-102497","","EN463-102497/002/PPS","4","","2010-03-31","","","2011-03-31","140648.00","181213.00","CAD","","","","","","","*N7110","*Office Furniture","*Meubles de bureau","","","","*GD","","","Competitive - Traditional","Concurrentielle - Traditionnelle","Lowest Price","Prix le plus bas","","","*Set-Aside Program for Aboriginal Business (SPAB)","*Programme des marchés réservés aux entreprises autochtones (PMREA)","","","Kipawa Sales Sales and services","Kipawa Sales Sales and services","KIPAWA SALES & SERVICES INC","KIPAWA SALES & SERVICES INC","Kipawa Sales & Services Inc.","Kipawa Sales & Services Inc.","1 to 4 employees","1 à 4 employés","2615 Lancaster Rd.<br>Unit 31","2615 Lancaster Rd.<br>Unit 31","Ottawa","Ottawa","Ontario","Ontario","K1B5N2","Canada","Canada","Public Works and Government Services Canada","Travaux publics et Services gouvernementaux Canada","","","","","","","","","","Public Works and Government Services Canada","Travaux publics et Services gouvernementaux Canada","SS PP UNIT CSU 12","N/D","140 O'Connor Street,OTTAWA,Ontario,K1A0R5,Canada","140 O'Connor Street,OTTAWA,Ontario,K1A0R5,Canada","","","","","","","","","","","","","","","",""
"KIPAWA SALES & SERVICES INC (EN463-102497/003/PPS~000)","KIPAWA SALES & SERVICES INC (EN463-102497/003/PPS~000)","EN463-102497/003/PPS","000","EN463-102497","","EN463-102497/003/PPS","2","","2010-05-25","","","2011-08-31","90035.00","93902.00","CAD","","","","","","","*N7110","*Office Furniture","*Meubles de bureau","","","","*GD","","","Competitive - Traditional","Concurrentielle - Traditionnelle","Lowest Price","Prix le plus bas","","","*Set-Aside Program for Aboriginal Business (SPAB)","*Programme des marchés réservés aux entreprises autochtones (PMREA)","","","Kipawa Sales Sales and services","Kipawa Sales Sales and services","KIPAWA SALES & SERVICES INC","KIPAWA SALES & SERVICES INC","Kipawa Sales & Services Inc.","Kipawa Sales & Services Inc.","1 to 4 employees","1 à 4 employés","2615 Lancaster Rd.<br>Unit 31","2615 Lancaster Rd.<br>Unit 31","Ottawa","Ottawa","Ontario","Ontario","K1B5N2","Canada","Canada","Public Works and Government Services Canada","Travaux publics et Services gouvernementaux Canada","","","","","","","","","","Public Works and Government Services Canada","Travaux publics et Services gouvernementaux Canada","SS PP UNIT CSU 12","N/D","140 O'Connor Street,OTTAWA,Ontario,K1A0R5,Canada","140 O'Connor Street,OTTAWA,Ontario,K1A0R5,Canada","","","","","","","","","","","","","","","",""
"ASOKAN BUSINESS INTERIORS INC (EN463-102497/004/PPS~000)","ASOKAN BUSINESS INTERIORS INC (EN463-102497/004/PPS~000)","EN463-102497/004/PPS","000","EN463-102497","","EN463-102497/004/PPS","3","","2010-06-01","","","2011-08-31","12830.00","13395.00","CAD","","","","","","","*N7110","*Office Furniture","*Meubles de bureau","","","","*GD","","","Competitive - Traditional","Concurrentielle - Traditionnelle","Lowest Price","Prix le plus bas","","","*Set-Aside Program for Aboriginal Business (SPAB)","*Programme des marchés réservés aux entreprises autochtones (PMREA)","","","ASOKAN BUSINESS INTERIORS INC.","ASOKAN BUSINESS INTERIORS INC.","ASOKAN BUSINESS INTERIORS INC","ASOKAN BUSINESS INTERIORS INC","ASOKAN BUSINESS INTERIORS INC.","ASOKAN BUSINESS INTERIORS INC.","10 to 19 employees","10 à 19 employés","25, rue Eddy<br>Suite 25","25, rue Eddy<br>Suite 25","Gatineau","Gatineau","Quebec","Quebec","J8X4B5","Canada","Canada","Public Works and Government Services Canada","Travaux publics et Services gouvernementaux Canada","","","","","","","","","","Public Works and Government Services Canada","Travaux publics et Services gouvernementaux Canada","SS PP UNIT CSU 12","N/D","140 O'Connor Street,OTTAWA,Ontario,K1A0R5,Canada","140 O'Connor Street,OTTAWA,Ontario,K1A0R5,Canada","","","","","","","","","","","","","","","",""
"XILIX CONSULTING INC (EN463-102497/005/PPS~000)","XILIX CONSULTING INC (EN463-102497/005/PPS~000)","EN463-102497/005/PPS","000","EN463-102497","","EN463-102497/005/PPS","3","","2010-06-04","","","2011-07-31","68321.00","70709.00","CAD","","","","","","","*N7110","*Office Furniture","*Meubles de bureau","","","","*GD","","","Competitive - Traditional","Concurrentielle - Traditionnelle","Lowest Price","Prix le plus bas","","","*Set-Aside Program for Aboriginal Business (SPAB)","*Programme des marchés réservés aux entreprises autochtones (PMREA)","","","Xilix Consulting Inc.","Xilix Consulting Inc.","XILIX CONSULTING INC","XILIX CONSULTING INC","Xilix Consulting Inc","Xilix Consulting Inc","1 to 4 employees","1 à 4 employés","3719 Sixth Street","3719 Sixth Street","Gloucester","Gloucester","Ontario","Ontario","K1T1K5","Canada","Canada","Public Works and Government Services Canada","Travaux publics et Services gouvernementaux Canada","","","","","","","","","","Public Works and Government Services Canada","Travaux publics et Services gouvernementaux Canada","SS PP UNIT CSU 12","N/D","140 O'Connor Street,OTTAWA,Ontario,K1A0R5,Canada","140 O'Connor Street,OTTAWA,Ontario,K1A0R5,Canada","","","","","","","","","","","","","","","",""
"KIPAWA SALES & SERVICES INC (EN463-102497/006/PPS~000)","KIPAWA SALES & SERVICES INC (EN463-102497/006/PPS~000)","EN463-102497/006/PPS","000","EN463-102497","","EN463-102497/006/PPS","3","","2010-06-04","","","2011-07-31","16714.00","18391.00","CAD","","","","","","","*N7110","*Office Furniture","*Meubles de bureau","","","","*GD","","","Competitive - Traditional","Concurrentielle - Traditionnelle","Lowest Price","Prix le plus bas","","","*Set-Aside Program for Aboriginal Business (SPAB)","*Programme des marchés réservés aux entreprises autochtones (PMREA)","","","Kipawa Sales Sales and services","Kipawa Sales Sales and services","KIPAWA SALES & SERVICES INC","KIPAWA SALES & SERVICES INC","Kipawa Sales & Services Inc.","Kipawa Sales & Services Inc.","1 to 4 employees","1 à 4 employés","2615 Lancaster Rd.<br>Unit 31","2615 Lancaster Rd.<br>Unit 31","Ottawa","Ottawa","Ontario","Ontario","K1B5N2","Canada","Canada","Public Works and Government Services Canada","Travaux publics et Services gouvernementaux Canada","","","","","","","","","","Public Works and Government Services Canada","Travaux publics et Services gouvernementaux Canada","SS PP UNIT CSU 12","N/D","140 O'Connor Street,OTTAWA,Ontario,K1A0R5,Canada","140 O'Connor Street,OTTAWA,Ontario,K1A0R5,Canada","","","","","","","","","","","","","","","",""
"SUNDOG FURNITURE SOLUTIONS INC (EN463-102497/007/PPS~000)","SUNDOG FURNITURE SOLUTIONS INC (EN463-102497/007/PPS~000)","EN463-102497/007/PPS","000","EN463-102497","","EN463-102497/007/PPS","3","","2010-06-11","","","2011-08-31","156788.00","156901.00","CAD","","","","","","","*N7110","*Office Furniture","*Meubles de bureau","","","","*GD","","","Competitive - Traditional","Concurrentielle - Traditionnelle","Lowest Price","Prix le plus bas","","","*Set-Aside Program for Aboriginal Business (SPAB)","*Programme des marchés réservés aux entreprises autochtones (PMREA)","","","Sundog Furniture Solutions Inc.","Sundog Furniture Solutions Inc.","SUNDOG FURNITURE SOLUTIONS INC","SUNDOG FURNITURE SOLUTIONS INC","Sundog Furniture Solutions Inc.","Sundog Furniture Solutions Inc.","1 to 4 employees","1 à 4 employés","1 Bartley Cres.","1 Bartley Cres.","Ottawa","Ottawa","Ontario","Ontario","K2J1R9","Canada","Canada","Public Works and Government Services Canada","Travaux publics et Services gouvernementaux Canada","","","","","","","","","","Public Works and Government Services Canada","Travaux publics et Services gouvernementaux Canada","SS PP UNIT CSU 12","N/D","140 O'Connor Street,OTTAWA,Ontario,K1A0R5,Canada","140 O'Connor Street,OTTAWA,Ontario,K1A0R5,Canada","","","","","","","","","","","","","","","",""
"TOTEM OFFISOURCE INC (EN463-102497/009/PPS~000)","TOTEM OFFISOURCE INC (EN463-102497/009/PPS~000)","EN463-102497/009/PPS","000","EN463-102497","","EN463-102497/009/PPS","2","","2010-06-30","","","2011-08-31","182293.00","185310.00","CAD","","","","","","","*N7110","*Office Furniture","*Meubles de bureau","","","","*GD","","","Competitive - Traditional","Concurrentielle - Traditionnelle","Lowest Price","Prix le plus bas","","","*None","*Aucun","","","Totem Offisource Inc.","Totem Offisource Inc.","TOTEM OFFISOURCE INC","TOTEM OFFISOURCE INC","Totem Offisource Inc.","Totem Offisource Inc.","1 to 4 employees","1 à 4 employés","1 Promenade du Portage","1 Promenade du Portage","Gatineau","Gatineau","Quebec","Quebec","J8X4B1","Canada","Canada","Public Works and Government Services Canada","Travaux publics et Services gouvernementaux Canada","","","","","","","","","","Public Works and Government Services Canada","Travaux publics et Services gouvernementaux Canada","SS PP UNIT CSU 12","N/D","140 O'Connor Street,OTTAWA,Ontario,K1A0R5,Canada","140 O'Connor Street,OTTAWA,Ontario,K1A0R5,Canada","","","","","","","","","","","","","","","",""
"KIPAWA SALES & SERVICES INC (EN463-102497/010/PPS~000)","KIPAWA SALES & SERVICES INC (EN463-102497/010/PPS~000)","EN463-102497/010/PPS","000","EN463-102497","","EN463-102497/010/PPS","2","","2010-07-22","","","2011-09-30","21724.00","25939.00","CAD","","","","","","","*N7110","*Office Furniture","*Meubles de bureau","","","","*GD","","","Competitive - Traditional","Concurrentielle - Traditionnelle","Lowest Price","Prix le plus bas","","","*None","*Aucun","","","Kipawa Sales Sales and services","Kipawa Sales Sales and services","KIPAWA SALES & SERVICES INC","KIPAWA SALES & SERVICES INC","Kipawa Sales & Services Inc.","Kipawa Sales & Services Inc.","1 to 4 employees","1 à 4 employés","2615 Lancaster Rd.<br>Unit 31","2615 Lancaster Rd.<br>Unit 31","Ottawa","Ottawa","Ontario","Ontario","K1B5N2","Canada","Canada","Public Works and Government Services Canada","Travaux publics et Services gouvernementaux Canada","","","","","","","","","","Public Works and Government Services Canada","Travaux publics et Services gouvernementaux Canada","SS PP UNIT CSU 12","N/D","140 O'Connor Street,OTTAWA,Ontario,K1A0R5,Canada","140 O'Connor Street,OTTAWA,Ontario,K1A0R5,Canada","","","","","","","","","","","","","","","",""
"ASOKAN BUSINESS INTERIORS INC (EN463-102497/011/PPS~000)","ASOKAN BUSINESS INTERIORS INC (EN463-102497/011/PPS~000)","EN463-102497/011/PPS","000","EN463-102497","","EN463-102497/011/PPS","1","","2010-07-26","","","2011-10-31","28177.00","28177.00","CAD","","","","","","","*N7110","*Office Furniture","*Meubles de bureau","","","","*GD","","","Competitive - Traditional","Concurrentielle - Traditionnelle","Lowest Price","Prix le plus bas","","","*None","*Aucun","","","ASOKAN BUSINESS INTERIORS INC.","ASOKAN BUSINESS INTERIORS INC.","ASOKAN BUSINESS INTERIORS INC","ASOKAN BUSINESS INTERIORS INC","ASOKAN BUSINESS INTERIORS INC.","ASOKAN BUSINESS INTERIORS INC.","10 to 19 employees","10 à 19 employés","25, rue Eddy<br>Suite 25","25, rue Eddy<br>Suite 25","Gatineau","Gatineau","Quebec","Quebec","J8X4B5","Canada","Canada","Public Works and Government Services Canada","Travaux publics et Services gouvernementaux Canada","","","","","","","","","","Public Works and Government Services Canada","Travaux publics et Services gouvernementaux Canada","SS PP UNIT CSU 12","N/D","140 O'Connor Street,OTTAWA,Ontario,K1A0R5,Canada","140 O'Connor Street,OTTAWA,Ontario,K1A0R5,Canada","","","","","","","","","","","","","","","",""
"SCHOOLHOUSE PRODUCTS INC (EN463-102497/012/PPS~000)","SCHOOLHOUSE PRODUCTS INC (EN463-102497/012/PPS~000)","EN463-102497/012/PPS","000","EN463-102497","","EN463-102497/012/PPS","2","","2010-07-27","","","2011-10-31","25033.00","25422.00","CAD","","","","","","","*N7110","*Office Furniture","*Meubles de bureau","","","","*GD","","","Competitive - Traditional","Concurrentielle - Traditionnelle","Lowest Price","Prix le plus bas","","","*None","*Aucun","","","Schoolhouse Products inc","Schoolhouse Products inc","SCHOOLHOUSE PRODUCTS INC","SCHOOLHOUSE PRODUCTS INC","Schoolhouse Products inc","Schoolhouse Products inc","5 to 9 employees","5 à 9 employés","#2, 215 Konrad Crescent","#2, 215 Konrad Crescent","Markham","Markham","Ontario","Ontario","L3R8T9","Canada","Canada","Public Works and Government Services Canada","Travaux publics et Services gouvernementaux Canada","","","","","","","","","","Public Works and Government Services Canada","Travaux publics et Services gouvernementaux Canada","SS PP UNIT CSU 12","N/D","140 O'Connor Street,OTTAWA,Ontario,K1A0R5,Canada","140 O'Connor Street,OTTAWA,Ontario,K1A0R5,Canada","","","","","","","","","","","","","","","",""
"ADIRONDACK TECHNOLOGIES FURNITURE INC (EN463-102497/013/PPS~000)","ADIRONDACK TECHNOLOGIES FURNITURE INC (EN463-102497/013/PPS~000)","EN463-102497/013/PPS","000","EN463-102497","","EN463-102497/013/PPS","1","","2010-07-27","","","2011-10-31","3443.00","3443.00","CAD","","","","","","","*N7110","*Office Furniture","*Meubles de bureau","","","","*GD","","","Competitive - Traditional","Concurrentielle - Traditionnelle","Lowest Price","Prix le plus bas","","","*None","*Aucun","","","Adirondack Technologies Furniture Inc.","Adirondack Technologies Furniture Inc.","ADIRONDACK TECHNOLOGIES FURNITURE INC","ADIRONDACK TECHNOLOGIES FURNITURE INC","Adirondack Technologies Furniture Inc.","Adirondack Technologies Furniture Inc.","10 to 19 employees","10 à 19 employés","6 Antares Drive, Unit 1","6 Antares Drive, Unit 1","Ottawa","Ottawa","Ontario","Ontario","K2E8A9","Canada","Canada","Public Works and Government Services Canada","Travaux publics et Services gouvernementaux Canada","","","","","","","","","","Public Works and Government Services Canada","Travaux publics et Services gouvernementaux Canada","SS PP UNIT CSU 12","N/D","140 O'Connor Street,OTTAWA,Ontario,K1A0R5,Canada","140 O'Connor Street,OTTAWA,Ontario,K1A0R5,Canada","","","","","","","","","","","","","","","",""
"CENTURY INDUSTRIES INC (EN463-102497/014/PPS~000)","CENTURY INDUSTRIES INC (EN463-102497/014/PPS~000)","EN463-102497/014/PPS","000","EN463-102497","","EN463-102497/014/PPS","2","","2010-08-04","","","2015-11-30","134568.00","134568.00","CAD","","","","","","","*N7110","*Office Furniture","*Meubles de bureau","","","","*GD","","","Competitive - Traditional","Concurrentielle - Traditionnelle","Lowest Price","Prix le plus bas","","","*None","*Aucun","","","Century Industries Inc.","Century Industries Inc.","CENTURY INDUSTRIES INC","CENTURY INDUSTRIES INC","Century Industries Inc.","Century Industries Inc.","20 to 49 employees","20 à 49 employés","5645 Royalmount Avenue","5645 Royalmount Avenue","Montreal","Montreal","Quebec","Quebec","H4P2P9","Canada","Canada","Public Works and Government Services Canada","Travaux publics et Services gouvernementaux Canada","","","","","","","","","","Public Works and Government Services Canada","Travaux publics et Services gouvernementaux Canada","SS PP UNIT CSU 12","N/D","140 O'Connor Street,OTTAWA,Ontario,K1A0R5,Canada","140 O'Connor Street,OTTAWA,Ontario,K1A0R5,Canada","","","","","","","","","","","","","","","",""
"DANICKS DATA SYSTEMS INC (EN463-102497/015/PPS~000)","DANICKS DATA SYSTEMS INC (EN463-102497/015/PPS~000)","EN463-102497/015/PPS","000","EN463-102497","","EN463-102497/015/PPS","1","","2010-08-12","","","2011-09-30","9472.00","9472.00","CAD","","","","","","","*N7110","*Office Furniture","*Meubles de bureau","","","","*GD","","","Non-competitive","Non concurrentielle","Low Dollar Value","Faible valeur","","","*None","*Aucun","","","Danicks Data Systems Inc.","Danicks Data Systems Inc.","DANICKS DATA SYSTEMS INC","DANICKS DATA SYSTEMS INC","Danicks Data Systems Inc.","Danicks Data Systems Inc.","1 to 4 employees","1 à 4 employés","PO Box 195","PO Box 195","Stittsville","Stittsville","Ontario","Ontario","K2S1A3","Canada","Canada","Public Works and Government Services Canada","Travaux publics et Services gouvernementaux Canada","","","","","","","","","","Public Works and Government Services Canada","Travaux publics et Services gouvernementaux Canada","SS PP UNIT CSU 12","N/D","140 O'Connor Street,OTTAWA,Ontario,K1A0R5,Canada","140 O'Connor Street,OTTAWA,Ontario,K1A0R5,Canada","","","","","","","","","","","","","","","",""
"ASOKAN BUSINESS INTERIORS INC (EN463-102497/016/PPS~000)","ASOKAN BUSINESS INTERIORS INC (EN463-102497/016/PPS~000)","EN463-102497/016/PPS","000","EN463-102497","","EN463-102497/016/PPS","2","","2010-08-13","","","2011-10-31","29752.00","31837.00","CAD","","","","","","","*N7110","*Office Furniture","*Meubles de bureau","","","","*GD","","","Competitive - Traditional","Concurrentielle - Traditionnelle","Lowest Price","Prix le plus bas","","","*None","*Aucun","","","ASOKAN BUSINESS INTERIORS INC.","ASOKAN BUSINESS INTERIORS INC.","ASOKAN BUSINESS INTERIORS INC","ASOKAN BUSINESS INTERIORS INC","ASOKAN BUSINESS INTERIORS INC.","ASOKAN BUSINESS INTERIORS INC.","10 to 19 employees","10 à 19 employés","25, rue Eddy<br>Suite 25","25, rue Eddy<br>Suite 25","Gatineau","Gatineau","Quebec","Quebec","J8X4B5","Canada","Canada","Public Works and Government Services Canada","Travaux publics et Services gouvernementaux Canada","","","","","","","","","","Public Works and Government Services Canada","Travaux publics et Services gouvernementaux Canada","SS PP UNIT CSU 12","N/D","140 O'Connor Street,OTTAWA,Ontario,K1A0R5,Canada","140 O'Connor Street,OTTAWA,Ontario,K1A0R5,Canada","","","","","","","","","","","","","","","",""
"KIPAWA SALES & SERVICES INC (EN463-102497/017/PPS~000)","KIPAWA SALES & SERVICES INC (EN463-102497/017/PPS~000)","EN463-102497/017/PPS","000","EN463-102497","","EN463-102497/017/PPS","1","","2011-03-14","","","2012-03-14","915.00","915.00","CAD","","","","","","","*N7110","*Office Furniture","*Meubles de bureau","","","","*GD","","","Non-competitive","Non concurrentielle","Government Objectives Representing Best Interests/Value to Govt","Objectifs gouvern.  représentant  les meilleurs intérets/valeur pour l'État","","","*None","*Aucun","","","Kipawa Sales Sales and services","Kipawa Sales Sales and services","KIPAWA SALES & SERVICES INC","KIPAWA SALES & SERVICES INC","Kipawa Sales & Services Inc.","Kipawa Sales & Services Inc.","1 to 4 employees","1 à 4 employés","2615 Lancaster Rd.<br>Unit 31","2615 Lancaster Rd.<br>Unit 31","Ottawa","Ottawa","Ontario","Ontario","K1B5N2","Canada","Canada","Public Works and Government Services Canada","Travaux publics et Services gouvernementaux Canada","","","","","","","","","","Public Works and Government Services Canada","Travaux publics et Services gouvernementaux Canada","SS PP UNIT CSU 12","N/D","140 O'Connor Street,OTTAWA,Ontario,K1A0R5,Canada","140 O'Connor Street,OTTAWA,Ontario,K1A0R5,Canada","","","","","","","","","","","","","","","",""
"NATIONAL CAPITAL ELECTRONICS INC (EN463-102497/018/PPS~000)","NATIONAL CAPITAL ELECTRONICS INC (EN463-102497/018/PPS~000)","EN463-102497/018/PPS","000","EN463-102497","","EN463-102497/018/PPS","1","","2011-03-31","","","2012-03-31","2390.00","2390.00","CAD","","","","","","","*N7110","*Office Furniture","*Meubles de bureau","","","","*GD","","","Non-competitive","Non concurrentielle","Government Objectives Representing Best Interests/Value to Govt","Objectifs gouvern.  représentant  les meilleurs intérets/valeur pour l'État","","","*None","*Aucun","","","National Capital Electronics Inc.","National Capital Electronics Inc.","NATIONAL CAPITAL ELECTRONICS INC","NATIONAL CAPITAL ELECTRONICS INC","National Capital Electronics Inc.","National Capital Electronics Inc.","1 to 4 employees","1 à 4 employés","164 Hunter Cres<br>PO  Box 119 RR#3","164 Hunter Cres<br>PO  Box 119 RR#3","Woodlawn","Woodlawn","Ontario","Ontario","K0A3M0","Canada","Canada","Public Works and Government Services Canada","Travaux publics et Services gouvernementaux Canada","","","","","","","","","","Public Works and Government Services Canada","Travaux publics et Services gouvernementaux Canada","SS PP UNIT CSU 12","N/D","140 O'Connor Street,OTTAWA,Ontario,K1A0R5,Canada","140 O'Connor Street,OTTAWA,Ontario,K1A0R5,Canada","","","","","","","","","","","","","","","",""
"THE GLOBAL GROUP (EN585-090003/001/HN~000)","THE GLOBAL GROUP (EN585-090003/001/HN~000)","EN585-090003/001/HN","000","EN585-090003","","EN585-090003/001/HN","7","","2010-03-02","","","2012-05-30","0.00","2000000.00","CAD","","","","","","","*N7110","*Office Furniture","*Meubles de bureau","","","","*GD","","","Competitive - Open bidding","Concurrentielle - Invitation ouverte à soumissionner","Lowest Price","Prix le plus bas","","","*Canada-European Union Comprehensive Economic and Trade Agreement (CETA)
*Canada-Peru Free Trade Agreement (CPFTA)
*North American Free Trade Agreement (NAFTA)
* Other trade agreements not listed here may apply
*Canada-Chile Free Trade Agreement (CCFTA)
*Canada-Colombia Free Trade Agreement
*Canada-Panama Free Trade Agreement
*World Trade Organization Agreement on Government Procurement (WTO GPA)","*Accord économique et commercial global (AECG) entre le Canada et l’Union européenne (UE)
*Accord de libre-échange Canada-Pérou (ALECP)
*Accord de libre-échange nord-américain (ALENA)
*d'autres accords commerciaux non répertoriés ici peuvent s'appliquer
*Accord de libre-échange Canada-Chili (ALECC)
*Accord de libre-échange Canada-Colombie
*Accord de libre-échange Canada-Panama
*Accord sur les marchés publics de l'Organisation mondiale du commerce (AMP-OMC)","","","Global Upholstery Co. Inc.","Global Upholstery Co. Inc.","THE GLOBAL GROUP","THE GLOBAL GROUP","The Global Group","The Global Group","2500 to 4999 employees","2500 à 4999 employés","560 Supertest Road","560 Supertest Road","Downsview","Downsview","Ontario","Ontario","M3J2M6","Canada","Canada","Public Works and Government Services Canada","Travaux publics et Services gouvernementaux Canada","","","","","","","","","","Public Works and Government Services Canada","Travaux publics et Services gouvernementaux Canada","VEHICLES&P.PROD.DIR.ICP SECT.","N/D","PORTAGE III 6A2<br>11 LAURIER ST,Gatineau,Quebec,K1A0S5,Canada","PORTAGE III 6A2<br>11 LAURIER ST,Gatineau,Quebec,K1A0S5,Canada","","","","","","","","","","","","","","","",""
"FLEXFAB INC (EN585-090004/001/HN~000)","FLEXFAB INC (EN585-090004/001/HN~000)","EN585-090004/001/HN","000","EN585-090004","","EN585-090004/001/HN","3","","2010-06-07","","","2012-06-06","0.00","0.00","CAD","","","","","","","*N7110","*Office Furniture","*Meubles de bureau","","","","*GD","","","Competitive - Open bidding","Concurrentielle - Invitation ouverte à soumissionner","Lowest Price","Prix le plus bas","","","* Other trade agreements not listed here may apply
*Canada-Chile Free Trade Agreement (CCFTA)
*World Trade Organization Agreement on Government Procurement (WTO GPA)
*Canada-European Union Comprehensive Economic and Trade Agreement (CETA)
*Canada-Colombia Free Trade Agreement
*Canada-Peru Free Trade Agreement (CPFTA)
*North American Free Trade Agreement (NAFTA)
*Canada-Panama Free Trade Agreement","*d'autres accords commerciaux non répertoriés ici peuvent s'appliquer
*Accord de libre-échange Canada-Chili (ALECC)
*Accord sur les marchés publics de l'Organisation mondiale du commerce (AMP-OMC)
*Accord économique et commercial global (AECG) entre le Canada et l’Union européenne (UE)
*Accord de libre-échange Canada-Colombie
*Accord de libre-échange Canada-Pérou (ALECP)
*Accord de libre-échange nord-américain (ALENA)
*Accord de libre-échange Canada-Panama","","","FLEXFAB INC.","FLEXFAB INC.","FLEXFAB INC","FLEXFAB INC","FLEXFAB INC","FLEXFAB INC","20 to 49 employees","20 à 49 employés","8047 Alfred Street","8047 Alfred Street","Anjou","Anjou","Quebec","Quebec","H1J1J3","Canada","Canada","Public Works and Government Services Canada","Travaux publics et Services gouvernementaux Canada","","","","","","","","","","Public Works and Government Services Canada","Travaux publics et Services gouvernementaux Canada","VEHICLES&P.PROD.DIR.ICP SECT.","N/D","PORTAGE III 6A2<br>11 LAURIER ST,Gatineau,Quebec,K1A0S5,Canada","PORTAGE III 6A2<br>11 LAURIER ST,Gatineau,Quebec,K1A0S5,Canada","","","","","","","","","","","","","","","",""
"THE GLOBAL GROUP (EN585-090004/002/HN~000)","THE GLOBAL GROUP (EN585-090004/002/HN~000)","EN585-090004/002/HN","000","EN585-090004","","EN585-090004/002/HN","7","","2010-06-07","","","2012-08-30","0.00","1800000.00","CAD","","","","","","","*N7110","*Office Furniture","*Meubles de bureau","","","","*GD","","","Competitive - Open bidding","Concurrentielle - Invitation ouverte à soumissionner","Lowest Price","Prix le plus bas","","","*Canada-Peru Free Trade Agreement (CPFTA)
*Canada-European Union Comprehensive Economic and Trade Agreement (CETA)
* Other trade agreements not listed here may apply
*Canada-Colombia Free Trade Agreement
*Canada-Chile Free Trade Agreement (CCFTA)
*North American Free Trade Agreement (NAFTA)
*Canada-Panama Free Trade Agreement
*World Trade Organization Agreement on Government Procurement (WTO GPA)","*Accord de libre-échange Canada-Pérou (ALECP)
*Accord économique et commercial global (AECG) entre le Canada et l’Union européenne (UE)
*d'autres accords commerciaux non répertoriés ici peuvent s'appliquer
*Accord de libre-échange Canada-Colombie
*Accord de libre-échange Canada-Chili (ALECC)
*Accord de libre-échange nord-américain (ALENA)
*Accord de libre-échange Canada-Panama
*Accord sur les marchés publics de l'Organisation mondiale du commerce (AMP-OMC)","","","Global Upholstery Co. Inc.","Global Upholstery Co. Inc.","THE GLOBAL GROUP","THE GLOBAL GROUP","The Global Group","The Global Group","2500 to 4999 employees","2500 à 4999 employés","560 Supertest Road","560 Supertest Road","Downsview","Downsview","Ontario","Ontario","M3J2M6","Canada","Canada","Public Works and Government Services Canada","Travaux publics et Services gouvernementaux Canada","","","","","","","","","","Public Works and Government Services Canada","Travaux publics et Services gouvernementaux Canada","VEHICLES&P.PROD.DIR.ICP SECT.","N/D","PORTAGE III 6A2<br>11 LAURIER ST,Gatineau,Quebec,K1A0S5,Canada","PORTAGE III 6A2<br>11 LAURIER ST,Gatineau,Quebec,K1A0S5,Canada","","","","","","","","","","","","","","","",""
"ABI/ADVANCED BUSINESS INTERIORS INC (EN731-172293/001/PQ~000)","ABI/ADVANCED BUSINESS INTERIORS INC (EN731-172293/001/PQ~000)","EN731-172293/001/PQ","000","EN731-172293","","EN731-172293/001/PQ","1","","2017-06-07","","","2017-10-31","3324.00","3324.00","CAD","","","","","","","*N7110","*Office Furniture","*Meubles de bureau","","","","*GD","","","Competitive - Open bidding","Concurrentielle - Invitation ouverte à soumissionner","Lowest Price","Prix le plus bas","","","*Canada-Chile Free Trade Agreement (CCFTA)
* Other trade agreements not listed here may apply
*Canada-Colombia Free Trade Agreement
*Canada-Peru Free Trade Agreement (CPFTA)
*Canada-Panama Free Trade Agreement
*North American Free Trade Agreement (NAFTA)","*Accord de libre-échange Canada-Chili (ALECC)
*d'autres accords commerciaux non répertoriés ici peuvent s'appliquer
*Accord de libre-échange Canada-Colombie
*Accord de libre-échange Canada-Pérou (ALECP)
*Accord de libre-échange Canada-Panama
*Accord de libre-échange nord-américain (ALENA)","","","ABI/Advanced Business Interiors Inc.","ABI/Advanced Business Interiors Inc.","ABI/ADVANCED BUSINESS INTERIORS INC","ABI/ADVANCED BUSINESS INTERIORS INC","ABI/Advanced Business Interiors Inc.","ABI/Advanced Business Interiors Inc.","100 to 199 employees","100 à 199 employés","2355 St Laurent Blvd","2355 St Laurent Blvd","Ottawa","Ottawa","Ontario","Ontario","K1G4L2","Canada","Canada","Public Works and Government Services Canada","Travaux publics et Services gouvernementaux Canada","","","","","","","","","","Government of the Northwest Territories","Gouvernement des Territoires du nord-ouest","MACKENZIE REGIONAL HEALTH SERV","N/D","HEALTH STN,LAC LA MARTRE,Northwest Territories,X0E1P0,Canada","HEALTH STN,LAC LA MARTRE,Northwest Territories,X0E1P0,Canada","","","","","","","","","","","","","","","",""
"THE GLOBAL GROUP (EN731-172293/002/PQ~000)","THE GLOBAL GROUP (EN731-172293/002/PQ~000)","EN731-172293/002/PQ","000","EN731-172293","","EN731-172293/002/PQ","1","","2017-06-07","","","2017-10-31","109696.00","109696.00","CAD","","","","","","","*N7110","*Office Furniture","*Meubles de bureau","","","","*GD","","","Competitive - Open bidding","Concurrentielle - Invitation ouverte à soumissionner","Lowest Price","Prix le plus bas","","","*Canada-Chile Free Trade Agreement (CCFTA)
* Other trade agreements not listed here may apply
*Canada-Colombia Free Trade Agreement
*Canada-Peru Free Trade Agreement (CPFTA)
*North American Free Trade Agreement (NAFTA)
*Canada-Panama Free Trade Agreement","*Accord de libre-échange Canada-Chili (ALECC)
*d'autres accords commerciaux non répertoriés ici peuvent s'appliquer
*Accord de libre-échange Canada-Colombie
*Accord de libre-échange Canada-Pérou (ALECP)
*Accord de libre-échange nord-américain (ALENA)
*Accord de libre-échange Canada-Panama","","","Global Upholstery Co. Inc.","Global Upholstery Co. Inc.","THE GLOBAL GROUP","THE GLOBAL GROUP","The Global Group","The Global Group","2500 to 4999 employees","2500 à 4999 employés","560 Supertest Road","560 Supertest Road","Downsview","Downsview","Ontario","Ontario","M3J2M6","Canada","Canada","Public Works and Government Services Canada","Travaux publics et Services gouvernementaux Canada","","","","","","","","","","Government of the Northwest Territories","Gouvernement des Territoires du nord-ouest","MACKENZIE REGIONAL HEALTH SERV","N/D","HEALTH STN,LAC LA MARTRE,Northwest Territories,X0E1P0,Canada","HEALTH STN,LAC LA MARTRE,Northwest Territories,X0E1P0,Canada","","","","","","","","","","","","","","","",""
"HORIZON FURNITURE (EN731-172293/003/PQ~000)","HORIZON FURNITURE (EN731-172293/003/PQ~000)","EN731-172293/003/PQ","000","EN731-172293","","EN731-172293/003/PQ","1","","2017-06-07","","","2017-10-31","47673.00","47673.00","CAD","","","","","","","*N7110","*Office Furniture","*Meubles de bureau","","","","*GD","","","Competitive - Open bidding","Concurrentielle - Invitation ouverte à soumissionner","Lowest Price","Prix le plus bas","","","*Canada-Chile Free Trade Agreement (CCFTA)
*Canada-Peru Free Trade Agreement (CPFTA)
*Canada-Colombia Free Trade Agreement
* Other trade agreements not listed here may apply
*North American Free Trade Agreement (NAFTA)
*Canada-Panama Free Trade Agreement","*Accord de libre-échange Canada-Chili (ALECC)
*Accord de libre-échange Canada-Pérou (ALECP)
*Accord de libre-échange Canada-Colombie
*d'autres accords commerciaux non répertoriés ici peuvent s'appliquer
*Accord de libre-échange nord-américain (ALENA)
*Accord de libre-échange Canada-Panama","","","Horizon Furniture Distributors Inc.","Horizon Furniture Distributors Inc.","HORIZON FURNITURE","HORIZON FURNITURE","Horizon Furniture","Horizon Furniture","20 to 49 employees","20 à 49 employés","840 Trillium Drive","840 Trillium Drive","Kitchener","Kitchener","Ontario","Ontario","N2R1K4","Canada","Canada","Public Works and Government Services Canada","Travaux publics et Services gouvernementaux Canada","","","","","","","","","","Government of the Northwest Territories","Gouvernement des Territoires du nord-ouest","MACKENZIE REGIONAL HEALTH SERV","N/D","HEALTH STN,LAC LA MARTRE,Northwest Territories,X0E1P0,Canada","HEALTH STN,LAC LA MARTRE,Northwest Territories,X0E1P0,Canada","","","","","","","","","","","","","","","",""
"THE GLOBAL GROUP (EP008-093184/001/PQ~000)","THE GLOBAL GROUP (EP008-093184/001/PQ~000)","EP008-093184/001/PQ","000","EP008-093184","","EP008-093184/001/PQ","1","","2009-02-18","","","2009-03-31","41909.00","41909.00","CAD","","","","","","","*N7110","*Office Furniture","*Meubles de bureau","","","","*GD","","","Competitive - Traditional","Concurrentielle - Traditionnelle","Lowest Price","Prix le plus bas","","","*None","*Aucun","","","Global Upholstery Co. Inc.","Global Upholstery Co. Inc.","THE GLOBAL GROUP","THE GLOBAL GROUP","The Global Group","The Global Group","2500 to 4999 employees","2500 à 4999 employés","560 Supertest Road","560 Supertest Road","Downsview","Downsview","Ontario","Ontario","M3J2M6","Canada","Canada","Public Works and Government Services Canada","Travaux publics et Services gouvernementaux Canada","","","","","","","","","","Public Works and Government Services Canada","Travaux publics et Services gouvernementaux Canada","AFD SECTOR","SECTEUR AFPS","MAIN STATS BLDG WING 2400<br>TUNNEYS PASTURE,OTTAWA,Ontario,K1A0S5,Canada","MAIN STATS BLDG WING 2400<br>TUNNEYS PASTURE,OTTAWA,Ontario,K1A0S5,Canada","","","","","","","","","","","","","","","",""
"TEKNION FURNITURE SYSTEMS LTD (EP008-100030/001/PQ~000)","TEKNION FURNITURE SYSTEMS LTD (EP008-100030/001/PQ~000)","EP008-100030/001/PQ","000","EP008-100030","","EP008-100030/001/PQ","1","","2009-02-16","","","2009-03-31","44714.00","44714.00","CAD","","","","","","","*N7110","*Office Furniture","*Meubles de bureau","","","","*GD","","","Non-competitive","Non concurrentielle","","","Additional Construction Services","Services de construction supplémentaires","*Canada-Chile Free Trade Agreement (CCFTA)
*Canada-Peru Free Trade Agreement (CPFTA)
*North American Free Trade Agreement (NAFTA)
*Canada-Colombia Free Trade Agreement
* Other trade agreements not listed here may apply
*Canada-Panama Free Trade Agreement","*Accord de libre-échange Canada-Chili (ALECC)
*Accord de libre-échange Canada-Pérou (ALECP)
*Accord de libre-échange nord-américain (ALENA)
*Accord de libre-échange Canada-Colombie
*d'autres accords commerciaux non répertoriés ici peuvent s'appliquer
*Accord de libre-échange Canada-Panama","","","Teknion Limited","Teknion Limited","TEKNION FURNITURE SYSTEMS LTD","TEKNION FURNITURE SYSTEMS LTD","Teknion Furniture Systems Ltd","Teknion Furniture Systems Ltd","2500 to 4999 employees","2500 à 4999 employés","1150 Flint Rd","1150 Flint Rd","Downsview","Downsview","Ontario","Ontario","M3J2J5","Canada","Canada","Public Works and Government Services Canada","Travaux publics et Services gouvernementaux Canada","","","","","","","","","","Public Works and Government Services Canada","Travaux publics et Services gouvernementaux Canada","AFD SECTOR","SECTEUR AFPS","MAIN STATS BLDG WING 2400<br>TUNNEYS PASTURE,OTTAWA,Ontario,K1A0S5,Canada","MAIN STATS BLDG WING 2400<br>TUNNEYS PASTURE,OTTAWA,Ontario,K1A0S5,Canada","","","","","","","","","","","","","","","",""
"THE GLOBAL GROUP (EP067-141743/001/PQ~000)","THE GLOBAL GROUP (EP067-141743/001/PQ~000)","EP067-141743/001/PQ","000","EP067-141743","","EP067-141743/001/PQ","1","","2014-01-02","","","2014-05-31","41152.00","41152.00","CAD","","","","","","","*N7110","*Office Furniture","*Meubles de bureau","","","","*GD","","","Competitive - Traditional","Concurrentielle - Traditionnelle","Lowest Price","Prix le plus bas","","","* Other trade agreements not listed here may apply
*Canada-Peru Free Trade Agreement (CPFTA)
*Canada-Colombia Free Trade Agreement
*Canada-Chile Free Trade Agreement (CCFTA)
*North American Free Trade Agreement (NAFTA)
*Canada-Panama Free Trade Agreement","*d'autres accords commerciaux non répertoriés ici peuvent s'appliquer
*Accord de libre-échange Canada-Pérou (ALECP)
*Accord de libre-échange Canada-Colombie
*Accord de libre-échange Canada-Chili (ALECC)
*Accord de libre-échange nord-américain (ALENA)
*Accord de libre-échange Canada-Panama","","","Global Upholstery Co. Inc.","Global Upholstery Co. Inc.","THE GLOBAL GROUP","THE GLOBAL GROUP","The Global Group","The Global Group","2500 to 4999 employees","2500 à 4999 employés","560 Supertest Road","560 Supertest Road","Downsview","Downsview","Ontario","Ontario","M3J2M6","Canada","Canada","Public Works and Government Services Canada","Travaux publics et Services gouvernementaux Canada","","","","","","","","","","Public Works and Government Services Canada","Travaux publics et Services gouvernementaux Canada","REAL PROPERTY -1 CMC","N/D","3RD FLOOR<br>427 LAURIER AVENUE,OTTAWA,Ontario,K1A0S5,Canada","3RD FLOOR<br>427 LAURIER AVENUE,OTTAWA,Ontario,K1A0S5,Canada","","","","","","","","","","","","","","","",""
"THE COMPUTER MEDIA GROUP (EP067-160740/001/PQ~000)","THE COMPUTER MEDIA GROUP (EP067-160740/001/PQ~000)","EP067-160740/001/PQ","000","EP067-160740","","EP067-160740/001/PQ","2","","2015-08-24","","","2025-08-24","241046.00","245890.00","CAD","","","","","","","*N7110","*Office Furniture","*Meubles de bureau","","","","*GD","","","Competitive - Traditional","Concurrentielle - Traditionnelle","Lowest Price","Prix le plus bas","","","*Canada-Colombia Free Trade Agreement
* Other trade agreements not listed here may apply
*Canada-European Union Comprehensive Economic and Trade Agreement (CETA)
*World Trade Organization Agreement on Government Procurement (WTO GPA)
*Canada-Peru Free Trade Agreement (CPFTA)
*Canada-Chile Free Trade Agreement (CCFTA)
*North American Free Trade Agreement (NAFTA)
*Canada-Panama Free Trade Agreement","*Accord de libre-échange Canada-Colombie
*d'autres accords commerciaux non répertoriés ici peuvent s'appliquer
*Accord économique et commercial global (AECG) entre le Canada et l’Union européenne (UE)
*Accord sur les marchés publics de l'Organisation mondiale du commerce (AMP-OMC)
*Accord de libre-échange Canada-Pérou (ALECP)
*Accord de libre-échange Canada-Chili (ALECC)
*Accord de libre-échange nord-américain (ALENA)
*Accord de libre-échange Canada-Panama","","","Computer Media Products LTD","Computer Media Products LTD","THE COMPUTER MEDIA GROUP","THE COMPUTER MEDIA GROUP","The Computer Media Group / CMG Office Interiors","The Computer Media Group / CMG Office Interiors","20 to 49 employees","20 à 49 employés","The Computer Media Group<br>5390 Canotech Road","The Computer Media Group<br>5390 Canotech Road","Ottawa","Ottawa","Ontario","Ontario","K1J1H8","Canada","Canada","Public Works and Government Services Canada","Travaux publics et Services gouvernementaux Canada","","","","","","","","","","Public Works and Government Services Canada","Travaux publics et Services gouvernementaux Canada","REAL PROPERTY -1 CMC","N/D","3RD FLOOR<br>427 LAURIER AVENUE,OTTAWA,Ontario,K1A0S5,Canada","3RD FLOOR<br>427 LAURIER AVENUE,OTTAWA,Ontario,K1A0S5,Canada","","","","","","","","","","","","","","","",""
"MIKOR (EN585-110001/002/HN~000)","MIKOR (EN585-110001/002/HN~000)","EN585-110001/002/HN","000","EN585-110001","","EN585-110001/002/HN","7","","2011-10-17","","","2013-12-15","100000.00","300000.00","CAD","","","","","","","*N7110","*Office Furniture","*Meubles de bureau","","","","*GD","","","Competitive - Open bidding","Concurrentielle - Invitation ouverte à soumissionner","Lowest Price","Prix le plus bas","","","* Other trade agreements not listed here may apply
*Canada-Chile Free Trade Agreement (CCFTA)
*World Trade Organization Agreement on Government Procurement (WTO GPA)
*Canada-European Union Comprehensive Economic and Trade Agreement (CETA)
*Canada-Colombia Free Trade Agreement
*Canada-Peru Free Trade Agreement (CPFTA)
*North American Free Trade Agreement (NAFTA)
*Canada-Panama Free Trade Agreement","*d'autres accords commerciaux non répertoriés ici peuvent s'appliquer
*Accord de libre-échange Canada-Chili (ALECC)
*Accord sur les marchés publics de l'Organisation mondiale du commerce (AMP-OMC)
*Accord économique et commercial global (AECG) entre le Canada et l’Union européenne (UE)
*Accord de libre-échange Canada-Colombie
*Accord de libre-échange Canada-Pérou (ALECP)
*Accord de libre-échange nord-américain (ALENA)
*Accord de libre-échange Canada-Panama","","","Mikor Metal Products Inc.","Mikor Metal Products Inc.","MIKOR","MIKOR","Mikor","Mikor","10 to 19 employees","10 à 19 employés","5972 Ambler Drive","5972 Ambler Drive","Mississauga","Mississauga","Ontario","Ontario","L4W2N3","Canada","Canada","Public Works and Government Services Canada","Travaux publics et Services gouvernementaux Canada","","","","","","","","","","Public Works and Government Services Canada","Travaux publics et Services gouvernementaux Canada","VEHICLES&P.PROD.DIR.ICP SECT.","N/D","PORTAGE III 6A2<br>11 LAURIER ST,Gatineau,Quebec,K1A0S5,Canada","PORTAGE III 6A2<br>11 LAURIER ST,Gatineau,Quebec,K1A0S5,Canada","","","","","","","","","","","","","","","",""
"ACCESS SECURITY PRODUCTS LTD (EN585-110001/001/HN~000)","ACCESS SECURITY PRODUCTS LTD (EN585-110001/001/HN~000)","EN585-110001/001/HN","000","EN585-110001","","EN585-110001/001/HN","3","","2011-10-17","","","2013-12-15","400000.00","200000.00","CAD","","","","","","","*N7110","*Office Furniture","*Meubles de bureau","","","","*GD","","","Competitive - Open bidding","Concurrentielle - Invitation ouverte à soumissionner","Lowest Price","Prix le plus bas","","","*Canada-European Union Comprehensive Economic and Trade Agreement (CETA)
*Canada-Peru Free Trade Agreement (CPFTA)
*Canada-Chile Free Trade Agreement (CCFTA)
*Canada-Colombia Free Trade Agreement
*World Trade Organization Agreement on Government Procurement (WTO GPA)
* Other trade agreements not listed here may apply
*North American Free Trade Agreement (NAFTA)
*Canada-Panama Free Trade Agreement","*Accord économique et commercial global (AECG) entre le Canada et l’Union européenne (UE)
*Accord de libre-échange Canada-Pérou (ALECP)
*Accord de libre-échange Canada-Chili (ALECC)
*Accord de libre-échange Canada-Colombie
*Accord sur les marchés publics de l'Organisation mondiale du commerce (AMP-OMC)
*d'autres accords commerciaux non répertoriés ici peuvent s'appliquer
*Accord de libre-échange nord-américain (ALENA)
*Accord de libre-échange Canada-Panama","","","Access Security Products Ltd.","Access Security Products Ltd.","ACCESS SECURITY PRODUCTS LTD","ACCESS SECURITY PRODUCTS LTD","Access Security Products Ltd.","Access Security Products Ltd.","20 to 49 employees","20 à 49 employés","Access Security Products Ltd.<br>5490 Harvester Road, Unit 1","Access Security Products Ltd.<br>5490 Harvester Road, Unit 1","Burlington,","Burlington,","Ontario","Ontario","L7L5V4","Canada","Canada","Public Works and Government Services Canada","Travaux publics et Services gouvernementaux Canada","","","","","","","","","","Public Works and Government Services Canada","Travaux publics et Services gouvernementaux Canada","VEHICLES&P.PROD.DIR.ICP SECT.","N/D","PORTAGE III 6A2<br>11 LAURIER ST,Gatineau,Quebec,K1A0S5,Canada","PORTAGE III 6A2<br>11 LAURIER ST,Gatineau,Quebec,K1A0S5,Canada","","","","","","","","","","","","","","","",""
"ABI/ADVANCED BUSINESS INTERIORS INC (EP067-180035/001/PQ~000)","ABI/ADVANCED BUSINESS INTERIORS INC (EP067-180035/001/PQ~000)","EP067-180035/001/PQ","000","EP067-180035","","EP067-180035/001/PQ","1","","2017-05-29","","","2017-07-15","11641.00","11641.00","CAD","","","","","","","*N7110","*Office Furniture","*Meubles de bureau","","","","*GD","","","Non-competitive","Non concurrentielle","Low Dollar Value","Faible valeur","","","*None","*Aucun","","","ABI/Advanced Business Interiors Inc.","ABI/Advanced Business Interiors Inc.","ABI/ADVANCED BUSINESS INTERIORS INC","ABI/ADVANCED BUSINESS INTERIORS INC","ABI/Advanced Business Interiors Inc.","ABI/Advanced Business Interiors Inc.","100 to 199 employees","100 à 199 employés","2355 St Laurent Blvd","2355 St Laurent Blvd","Ottawa","Ottawa","Ontario","Ontario","K1G4L2","Canada","Canada","Public Works and Government Services Canada","Travaux publics et Services gouvernementaux Canada","","","","","","","","","","Public Works and Government Services Canada","Travaux publics et Services gouvernementaux Canada","GTIS AMS PRGM OFFICE","N/D","PORTAGE III 4B1<br>11 LAURIER ST,Gatineau,Quebec,K1A0S5,Canada","PORTAGE III 4B1<br>11 LAURIER ST,Gatineau,Quebec,K1A0S5,Canada","","","","","","","","","","","","","","","",""
"TEKNION FURNITURE SYSTEMS LTD (EP067-180297/001/PQ~000)","TEKNION FURNITURE SYSTEMS LTD (EP067-180297/001/PQ~000)","EP067-180297/001/PQ","000","EP067-180297","","EP067-180297/001/PQ","2","","2017-07-10","","","2018-03-31","207777.00","0.00","CAD","","","","","","","*N7110","*Office Furniture","*Meubles de bureau","","","","*GD","","","Competitive - Open bidding","Concurrentielle - Invitation ouverte à soumissionner","Lowest Price","Prix le plus bas","","","*Canada-Colombia Free Trade Agreement
*North American Free Trade Agreement (NAFTA)
* Other trade agreements not listed here may apply
*Canada-Chile Free Trade Agreement (CCFTA)
*Canada-Panama Free Trade Agreement
*Canada-Peru Free Trade Agreement (CPFTA)","*Accord de libre-échange Canada-Colombie
*Accord de libre-échange nord-américain (ALENA)
*d'autres accords commerciaux non répertoriés ici peuvent s'appliquer
*Accord de libre-échange Canada-Chili (ALECC)
*Accord de libre-échange Canada-Panama
*Accord de libre-échange Canada-Pérou (ALECP)","","","Teknion Limited","Teknion Limited","TEKNION FURNITURE SYSTEMS LTD","TEKNION FURNITURE SYSTEMS LTD","Teknion Furniture Systems Ltd","Teknion Furniture Systems Ltd","2500 to 4999 employees","2500 à 4999 employés","1150 Flint Rd","1150 Flint Rd","Downsview","Downsview","Ontario","Ontario","M3J2J5","Canada","Canada","Public Works and Government Services Canada","Travaux publics et Services gouvernementaux Canada","","","","","","","","","","Public Works and Government Services Canada","Travaux publics et Services gouvernementaux Canada","GTIS AMS PRGM OFFICE","N/D","PORTAGE III 4B1<br>11 LAURIER ST,Gatineau,Quebec,K1A0S5,Canada","PORTAGE III 4B1<br>11 LAURIER ST,Gatineau,Quebec,K1A0S5,Canada","","","","","","","","","","","","","","","",""
"THE GLOBAL GROUP (EP067-180297/002/PQ~000)","THE GLOBAL GROUP (EP067-180297/002/PQ~000)","EP067-180297/002/PQ","000","EP067-180297","","EP067-180297/002/PQ","1","","2017-08-03","","","2017-09-28","240619.00","240619.00","CAD","","","","","","","*N7110","*Office Furniture","*Meubles de bureau","","","","*GD","","","Competitive - Open bidding","Concurrentielle - Invitation ouverte à soumissionner","Lowest Price","Prix le plus bas","","","* Other trade agreements not listed here may apply
*Canada-Chile Free Trade Agreement (CCFTA)
*Canada-Colombia Free Trade Agreement
*Canada-Peru Free Trade Agreement (CPFTA)
*North American Free Trade Agreement (NAFTA)
*Canada-Panama Free Trade Agreement","*d'autres accords commerciaux non répertoriés ici peuvent s'appliquer
*Accord de libre-échange Canada-Chili (ALECC)
*Accord de libre-échange Canada-Colombie
*Accord de libre-échange Canada-Pérou (ALECP)
*Accord de libre-échange nord-américain (ALENA)
*Accord de libre-échange Canada-Panama","","","Global Upholstery Co. Inc.","Global Upholstery Co. Inc.","THE GLOBAL GROUP","THE GLOBAL GROUP","The Global Group","The Global Group","2500 to 4999 employees","2500 à 4999 employés","560 Supertest Road","560 Supertest Road","Downsview","Downsview","Ontario","Ontario","M3J2M6","Canada","Canada","Public Works and Government Services Canada","Travaux publics et Services gouvernementaux Canada","","","","","","","","","","Public Works and Government Services Canada","Travaux publics et Services gouvernementaux Canada","GTIS AMS PRGM OFFICE","N/D","PORTAGE III 4B1<br>11 LAURIER ST,Gatineau,Quebec,K1A0S5,Canada","PORTAGE III 4B1<br>11 LAURIER ST,Gatineau,Quebec,K1A0S5,Canada","","","","","","","","","","","","","","","",""
"TEKNION FURNITURE SYSTEMS LTD (EP076-172484/002/PQ~000)","TEKNION FURNITURE SYSTEMS LTD (EP076-172484/002/PQ~000)","EP076-172484/002/PQ","000","EP076-172484","","EP076-172484/002/PQ","5","","2017-07-17","","","2018-07-17","369402.00","545236.00","CAD","","","","","","","*N7110","*Office Furniture","*Meubles de bureau","","","","*GD","","","Competitive - Open bidding","Concurrentielle - Invitation ouverte à soumissionner","Lowest Price","Prix le plus bas","","","*Canada-Peru Free Trade Agreement (CPFTA)
*Canada-Chile Free Trade Agreement (CCFTA)
* Other trade agreements not listed here may apply
*Canada-European Union Comprehensive Economic and Trade Agreement (CETA)
*North American Free Trade Agreement (NAFTA)
*Canada-Colombia Free Trade Agreement
*World Trade Organization Agreement on Government Procurement (WTO GPA)
*Canada-Panama Free Trade Agreement","*Accord de libre-échange Canada-Pérou (ALECP)
*Accord de libre-échange Canada-Chili (ALECC)
*d'autres accords commerciaux non répertoriés ici peuvent s'appliquer
*Accord économique et commercial global (AECG) entre le Canada et l’Union européenne (UE)
*Accord de libre-échange nord-américain (ALENA)
*Accord de libre-échange Canada-Colombie
*Accord sur les marchés publics de l'Organisation mondiale du commerce (AMP-OMC)
*Accord de libre-échange Canada-Panama","","","Teknion Limited","Teknion Limited","TEKNION FURNITURE SYSTEMS LTD","TEKNION FURNITURE SYSTEMS LTD","Teknion Furniture Systems Ltd","Teknion Furniture Systems Ltd","2500 to 4999 employees","2500 à 4999 employés","1150 Flint Rd","1150 Flint Rd","Downsview","Downsview","Ontario","Ontario","M3J2J5","Canada","Canada","Public Works and Government Services Canada","Travaux publics et Services gouvernementaux Canada","","","","","","","","","","Public Works and Government Services Canada","Travaux publics et Services gouvernementaux Canada","GTIS AMS PRGM OFFICE","N/D","PORTAGE III 4B1<br>11 LAURIER ST,Gatineau,Quebec,K1A0S5,Canada","PORTAGE III 4B1<br>11 LAURIER ST,Gatineau,Quebec,K1A0S5,Canada","","","","","","","","","","","","","","","",""
"NITAM SOLUTIONS INC (EP076-172484/003/PQ~000)","NITAM SOLUTIONS INC (EP076-172484/003/PQ~000)","EP076-172484/003/PQ","000","EP076-172484","","EP076-172484/003/PQ","6","","2017-07-17","","","2018-07-17","381938.00","490709.00","CAD","","","","","","","*N7110","*Office Furniture","*Meubles de bureau","","","","*GD","","","Competitive - Open bidding","Concurrentielle - Invitation ouverte à soumissionner","Lowest Price","Prix le plus bas","","","* Other trade agreements not listed here may apply
*Canada-Colombia Free Trade Agreement
*Canada-European Union Comprehensive Economic and Trade Agreement (CETA)
*Canada-Peru Free Trade Agreement (CPFTA)
*World Trade Organization Agreement on Government Procurement (WTO GPA)
*North American Free Trade Agreement (NAFTA)
*Canada-Chile Free Trade Agreement (CCFTA)
*Canada-Panama Free Trade Agreement","*d'autres accords commerciaux non répertoriés ici peuvent s'appliquer
*Accord de libre-échange Canada-Colombie
*Accord économique et commercial global (AECG) entre le Canada et l’Union européenne (UE)
*Accord de libre-échange Canada-Pérou (ALECP)
*Accord sur les marchés publics de l'Organisation mondiale du commerce (AMP-OMC)
*Accord de libre-échange nord-américain (ALENA)
*Accord de libre-échange Canada-Chili (ALECC)
*Accord de libre-échange Canada-Panama","","","Nitam Solutions Inc","Nitam Solutions Inc","NITAM SOLUTIONS INC","NITAM SOLUTIONS INC","Nitam Solutions Inc","Nitam Solutions Inc","1 to 4 employees","1 à 4 employés","1125 Newmarket St,","1125 Newmarket St,","OTTAWA.","OTTAWA.","Ontario","Ontario","K1B4N4","Canada","Canada","Public Works and Government Services Canada","Travaux publics et Services gouvernementaux Canada","","","","","","","","","","Public Works and Government Services Canada","Travaux publics et Services gouvernementaux Canada","GTIS AMS PRGM OFFICE","N/D","PORTAGE III 4B1<br>11 LAURIER ST,Gatineau,Quebec,K1A0S5,Canada","PORTAGE III 4B1<br>11 LAURIER ST,Gatineau,Quebec,K1A0S5,Canada","","","","","","","","","","","","","","","",""
"ABI/ADVANCED BUSINESS INTERIORS INC (EP076-180630/001/PQ~000)","ABI/ADVANCED BUSINESS INTERIORS INC (EP076-180630/001/PQ~000)","EP076-180630/001/PQ","000","EP076-180630","","EP076-180630/001/PQ","1","","2017-09-26","","","2018-09-26","298908.00","298908.00","CAD","","","","","","","*N7110","*Office Furniture","*Meubles de bureau","","","","*GD","","","Competitive - Traditional","Concurrentielle - Traditionnelle","Lowest Price","Prix le plus bas","","","*Canada-Peru Free Trade Agreement (CPFTA)
*Canada-European Union Comprehensive Economic and Trade Agreement (CETA)
* Other trade agreements not listed here may apply
*Canada-Colombia Free Trade Agreement
*Canada-Chile Free Trade Agreement (CCFTA)
*Canada-Panama Free Trade Agreement
*North American Free Trade Agreement (NAFTA)
*World Trade Organization Agreement on Government Procurement (WTO GPA)","*Accord de libre-échange Canada-Pérou (ALECP)
*Accord économique et commercial global (AECG) entre le Canada et l’Union européenne (UE)
*d'autres accords commerciaux non répertoriés ici peuvent s'appliquer
*Accord de libre-échange Canada-Colombie
*Accord de libre-échange Canada-Chili (ALECC)
*Accord de libre-échange Canada-Panama
*Accord de libre-échange nord-américain (ALENA)
*Accord sur les marchés publics de l'Organisation mondiale du commerce (AMP-OMC)","","","ABI/Advanced Business Interiors Inc.","ABI/Advanced Business Interiors Inc.","ABI/ADVANCED BUSINESS INTERIORS INC","ABI/ADVANCED BUSINESS INTERIORS INC","ABI/Advanced Business Interiors Inc.","ABI/Advanced Business Interiors Inc.","100 to 199 employees","100 à 199 employés","2355 St Laurent Blvd","2355 St Laurent Blvd","Ottawa","Ottawa","Ontario","Ontario","K1G4L2","Canada","Canada","Public Works and Government Services Canada","Travaux publics et Services gouvernementaux Canada","","","","","","","","","","Public Works and Government Services Canada","Travaux publics et Services gouvernementaux Canada","RPS A&ES BLDGS DIRECTORATE","N/D","PORTAGE III 8A2<br>11 LAURIER ST,Gatineau,Quebec,K1A0S5,Canada","PORTAGE III 8A2<br>11 LAURIER ST,Gatineau,Quebec,K1A0S5,Canada","","","","","","","","","","","","","","","",""
"9330-6553 QUEBEC INC (EP076-180630/002/PQ~000)","9330-6553 QUEBEC INC (EP076-180630/002/PQ~000)","EP076-180630/002/PQ","000","EP076-180630","","EP076-180630/002/PQ","1","","2017-09-26","","","2018-09-26","184222.00","184222.00","CAD","","","","","","","*N7110","*Office Furniture","*Meubles de bureau","","","","*GD","","","Competitive - Traditional","Concurrentielle - Traditionnelle","Lowest Price","Prix le plus bas","","","* Other trade agreements not listed here may apply
*Canada-European Union Comprehensive Economic and Trade Agreement (CETA)
*World Trade Organization Agreement on Government Procurement (WTO GPA)
*Canada-Chile Free Trade Agreement (CCFTA)
*Canada-Colombia Free Trade Agreement
*Canada-Peru Free Trade Agreement (CPFTA)
*North American Free Trade Agreement (NAFTA)
*Canada-Panama Free Trade Agreement","*d'autres accords commerciaux non répertoriés ici peuvent s'appliquer
*Accord économique et commercial global (AECG) entre le Canada et l’Union européenne (UE)
*Accord sur les marchés publics de l'Organisation mondiale du commerce (AMP-OMC)
*Accord de libre-échange Canada-Chili (ALECC)
*Accord de libre-échange Canada-Colombie
*Accord de libre-échange Canada-Pérou (ALECP)
*Accord de libre-échange nord-américain (ALENA)
*Accord de libre-échange Canada-Panama","","","9330-6553 quebec inc","9330-6553 quebec inc","9330-6553 QUEBEC INC","9330-6553 QUEBEC INC","Les Entreprise FLEXFAB","Les Entreprise FLEXFAB","50 to 99 employees","50 à 99 employés","6265 notre-dame est","6265 notre-dame est","Montreal","Montreal","Quebec","Quebec","H1N2E9","Canada","Canada","Public Works and Government Services Canada","Travaux publics et Services gouvernementaux Canada","","","","","","","","","","Public Works and Government Services Canada","Travaux publics et Services gouvernementaux Canada","RPS A&ES BLDGS DIRECTORATE","N/D","PORTAGE III 8A2<br>11 LAURIER ST,Gatineau,Quebec,K1A0S5,Canada","PORTAGE III 8A2<br>11 LAURIER ST,Gatineau,Quebec,K1A0S5,Canada","","","","","","","","","","","","","","","",""
"EBERHARD VON HUENE & ASSOCIATES INC (EP076-180630/003/PQ~000)","EBERHARD VON HUENE & ASSOCIATES INC (EP076-180630/003/PQ~000)","EP076-180630/003/PQ","000","EP076-180630","","EP076-180630/003/PQ","2","","2017-09-27","","","2018-09-27","429114.00","429114.00","CAD","","","","","","","*N7110","*Office Furniture","*Meubles de bureau","","","","*GD","","","Competitive - Traditional","Concurrentielle - Traditionnelle","Lowest Price","Prix le plus bas","","","*North American Free Trade Agreement (NAFTA)
*Canada-Peru Free Trade Agreement (CPFTA)
*Canada-European Union Comprehensive Economic and Trade Agreement (CETA)
*Canada-Chile Free Trade Agreement (CCFTA)
*Canada-Panama Free Trade Agreement
* Other trade agreements not listed here may apply
*Canada-Colombia Free Trade Agreement
*World Trade Organization Agreement on Government Procurement (WTO GPA)","*Accord de libre-échange nord-américain (ALENA)
*Accord de libre-échange Canada-Pérou (ALECP)
*Accord économique et commercial global (AECG) entre le Canada et l’Union européenne (UE)
*Accord de libre-échange Canada-Chili (ALECC)
*Accord de libre-échange Canada-Panama
*d'autres accords commerciaux non répertoriés ici peuvent s'appliquer
*Accord de libre-échange Canada-Colombie
*Accord sur les marchés publics de l'Organisation mondiale du commerce (AMP-OMC)","","","Eberhard Von Huene & Associates Inc","Eberhard Von Huene & Associates Inc","EBERHARD VON HUENE & ASSOCIATES INC","EBERHARD VON HUENE & ASSOCIATES INC","Eberhard Von Huene & Associates Inc","Eberhard Von Huene & Associates Inc","5 to 9 employees","5 à 9 employés","370 rue Joseph Carrier","370 rue Joseph Carrier","Vaudreuil-Dorion","Vaudreuil-Dorion","Quebec","Quebec","J7V5V5","Canada","Canada","Public Works and Government Services Canada","Travaux publics et Services gouvernementaux Canada","","","","","","","","","","Public Works and Government Services Canada","Travaux publics et Services gouvernementaux Canada","RPS A&ES BLDGS DIRECTORATE","N/D","PORTAGE III 8A2<br>11 LAURIER ST,Gatineau,Quebec,K1A0S5,Canada","PORTAGE III 8A2<br>11 LAURIER ST,Gatineau,Quebec,K1A0S5,Canada","","","","","","","","","","","","","","","",""
"THE GLOBAL GROUP (EP076-180630/004/PQ~000)","THE GLOBAL GROUP (EP076-180630/004/PQ~000)","EP076-180630/004/PQ","000","EP076-180630","","EP076-180630/004/PQ","1","","2018-03-02","","","2018-07-02","19165.00","19165.00","CAD","","","","","","","*N7110","*Office Furniture","*Meubles de bureau","","","","*GD","","","Competitive - Traditional","Concurrentielle - Traditionnelle","Lowest Price","Prix le plus bas","","","* Other trade agreements not listed here may apply
*Canada-European Union Comprehensive Economic and Trade Agreement (CETA)
*World Trade Organization Agreement on Government Procurement (WTO GPA)
*Canada-Colombia Free Trade Agreement
*Canada-Chile Free Trade Agreement (CCFTA)
*Canada-Peru Free Trade Agreement (CPFTA)
*Canada-Panama Free Trade Agreement
*North American Free Trade Agreement (NAFTA)","*d'autres accords commerciaux non répertoriés ici peuvent s'appliquer
*Accord économique et commercial global (AECG) entre le Canada et l’Union européenne (UE)
*Accord sur les marchés publics de l'Organisation mondiale du commerce (AMP-OMC)
*Accord de libre-échange Canada-Colombie
*Accord de libre-échange Canada-Chili (ALECC)
*Accord de libre-échange Canada-Pérou (ALECP)
*Accord de libre-échange Canada-Panama
*Accord de libre-échange nord-américain (ALENA)","","","Global Upholstery Co. Inc.","Global Upholstery Co. Inc.","THE GLOBAL GROUP","THE GLOBAL GROUP","The Global Group","The Global Group","2500 to 4999 employees","2500 à 4999 employés","251 Laurier Avenue West<br>Suite 400","251 Laurier Avenue West<br>Suite 400","Ottawa","Ottawa","Ontario","Ontario","K1P5J6","Canada","Canada","Public Works and Government Services Canada","Travaux publics et Services gouvernementaux Canada","","","","","","","","","","Public Works and Government Services Canada","Travaux publics et Services gouvernementaux Canada","RPS A&ES BLDGS DIRECTORATE","N/D","PORTAGE III 8A2<br>11 LAURIER ST,Gatineau,Quebec,K1A0S5,Canada","PORTAGE III 8A2<br>11 LAURIER ST,Gatineau,Quebec,K1A0S5,Canada","","","","","","","","","","","","","","","",""
"ALLSEATING CORPORATION (EP076-180645/001/PQ~000)","ALLSEATING CORPORATION (EP076-180645/001/PQ~000)","EP076-180645/001/PQ","000","EP076-180645","","EP076-180645/001/PQ","1","","2017-08-03","","","2018-08-03","79851.00","79851.00","CAD","","","","","","","*N7110","*Office Furniture","*Meubles de bureau","","","","*GD","","","Competitive - Open bidding","Concurrentielle - Invitation ouverte à soumissionner","Lowest Price","Prix le plus bas","","","*Canada-Chile Free Trade Agreement (CCFTA)
*Canada-Colombia Free Trade Agreement
* Other trade agreements not listed here may apply
*North American Free Trade Agreement (NAFTA)
*Canada-Peru Free Trade Agreement (CPFTA)
*Canada-Panama Free Trade Agreement","*Accord de libre-échange Canada-Chili (ALECC)
*Accord de libre-échange Canada-Colombie
*d'autres accords commerciaux non répertoriés ici peuvent s'appliquer
*Accord de libre-échange nord-américain (ALENA)
*Accord de libre-échange Canada-Pérou (ALECP)
*Accord de libre-échange Canada-Panama","","","Allseating Corporation","Allseating Corporation","ALLSEATING CORPORATION","ALLSEATING CORPORATION","Allseating Corporation","Allseating Corporation","50 to 99 employees","50 à 99 employés","5800 Avebury Road<br>Unit 3","5800 Avebury Road<br>Unit 3","Mississauga","Mississauga","Ontario","Ontario","L5R3M3","Canada","Canada","Public Works and Government Services Canada","Travaux publics et Services gouvernementaux Canada","","","","","","","","","","Public Works and Government Services Canada","Travaux publics et Services gouvernementaux Canada","GTIS AMS PRGM OFFICE","N/D","PORTAGE III 4B1<br>11 LAURIER ST,Gatineau,Quebec,K1A0S5,Canada","PORTAGE III 4B1<br>11 LAURIER ST,Gatineau,Quebec,K1A0S5,Canada","","","","","","","","","","","","","","","",""
"TEKNION FURNITURE SYSTEMS LTD (EP076-181383/001/PQ~000)","TEKNION FURNITURE SYSTEMS LTD (EP076-181383/001/PQ~000)","EP076-181383/001/PQ","000","EP076-181383","","EP076-181383/001/PQ","2","","2018-01-19","","","2018-04-28","167777.00","190266.00","CAD","","","","","","","*N7110","*Office Furniture","*Meubles de bureau","","","","*GD","","","Competitive - Traditional","Concurrentielle - Traditionnelle","Lowest Price","Prix le plus bas","","","*Canada-Colombia Free Trade Agreement
*Canada-Chile Free Trade Agreement (CCFTA)
*Canada-Peru Free Trade Agreement (CPFTA)
*North American Free Trade Agreement (NAFTA)
* Other trade agreements not listed here may apply
*Canada-Panama Free Trade Agreement","*Accord de libre-échange Canada-Colombie
*Accord de libre-échange Canada-Chili (ALECC)
*Accord de libre-échange Canada-Pérou (ALECP)
*Accord de libre-échange nord-américain (ALENA)
*d'autres accords commerciaux non répertoriés ici peuvent s'appliquer
*Accord de libre-échange Canada-Panama","","","Teknion Limited","Teknion Limited","TEKNION FURNITURE SYSTEMS LTD","TEKNION FURNITURE SYSTEMS LTD","Teknion Furniture Systems Ltd","Teknion Furniture Systems Ltd","2500 to 4999 employees","2500 à 4999 employés","1150 Flint Rd","1150 Flint Rd","Downsview","Downsview","Ontario","Ontario","M3J2J5","Canada","Canada","Public Works and Government Services Canada","Travaux publics et Services gouvernementaux Canada","","","","","","","","","","Public Works and Government Services Canada","Travaux publics et Services gouvernementaux Canada","NCSU ND CSU #1 RPT4","USCN DN USC #1 EBI4","CONSTITUTION SQUARE BLDG<br>340 ALBERT ST 10TH FL.STE 1000,OTTAWA,Ontario,K1A0S5,Canada","CONSTITUTION SQUARE BLDG<br>340 ALBERT ST 10TH FL.STE 1000,OTTAWA,Ontario,K1A0S5,Canada","","","","","","","","","","","","","","","",""
"SAME (EP076-181554/001/PQ~000)","SAME (EP076-181554/001/PQ~000)","EP076-181554/001/PQ","000","EP076-181554","","EP076-181554/001/PQ","1","2023-10-25","2017-11-24","","","2018-11-24","24993.00","24993.00","CAD","","","","","","","*N7110","*Office Furniture","*Meubles de bureau","","","","*GD","","","Non-competitive","Non concurrentielle","Low Dollar Value","Faible valeur","","","*None","*Aucun","","","Urban Workplace Inc.","Urban Workplace Inc.","SAME","SAME","Urban Workplace Inc.","Urban Workplace Inc.","10 to 19 employees","10 à 19 employés","2781 Lancaster Road,<br>Suite 303,","2781 Lancaster Road,<br>Suite 303,","Ottawa","Ottawa","Ontario","Ontario","K1B1A7","Canada","Canada","Public Works and Government Services Canada","Travaux publics et Services gouvernementaux Canada","","","","","","","","","","Public Works and Government Services Canada","Travaux publics et Services gouvernementaux Canada","","QP SRVCS GSTN PRJTS TRVX CNTRC","140 O'Connor Street, 3rd Floor,OTTAWA,Ontario,K1P6E3,Canada","140 O'Connor Street, 3rd Floor,OTTAWA,Ontario,K1P6E3,Canada","","","","","","","","","","","","","","","",""
"CAPITAL OFFICE INTERIORS LTD (EP076-181555/001/PQ~000)","CAPITAL OFFICE INTERIORS LTD (EP076-181555/001/PQ~000)","EP076-181555/001/PQ","000","EP076-181555","","EP076-181555/001/PQ","1","2023-10-25","2017-11-23","","","2018-11-23","18096.00","18096.00","CAD","","","","","","","*N7110","*Office Furniture","*Meubles de bureau","","","","*GD","","","Non-competitive","Non concurrentielle","Low Dollar Value","Faible valeur","","","*None","*Aucun","","","Capital Office Interiors Ltd","Capital Office Interiors Ltd","CAPITAL OFFICE INTERIORS LTD","CAPITAL OFFICE INTERIORS LTD","Capital Office Interiors Ltd","Capital Office Interiors Ltd","20 to 49 employees","20 à 49 employés","16 Antares Drive","16 Antares Drive","Nepean","Nepean","Ontario","Ontario","K2E7Y7","Canada","Canada","Public Works and Government Services Canada","Travaux publics et Services gouvernementaux Canada","","","","","","","","","","Public Works and Government Services Canada","Travaux publics et Services gouvernementaux Canada","","QP SRVCS GSTN PRJTS TRVX CNTRC","140 O'Connor Street, 3rd Floor,OTTAWA,Ontario,K1P6E3,Canada","140 O'Connor Street, 3rd Floor,OTTAWA,Ontario,K1P6E3,Canada","","","","","","","","","","","","","","","",""
"EBERHARD VON HUENE & ASSOCIATES INC (EP076-181556/001/PQ~000)","EBERHARD VON HUENE & ASSOCIATES INC (EP076-181556/001/PQ~000)","EP076-181556/001/PQ","000","EP076-181556","","EP076-181556/001/PQ","1","","2017-11-24","","","2018-11-24","35297.00","35297.00","CAD","","","","","","","*N7110","*Office Furniture","*Meubles de bureau","","","","*GD","","","Competitive - Traditional","Concurrentielle - Traditionnelle","Lowest Price","Prix le plus bas","","","*Canada-Chile Free Trade Agreement (CCFTA)
*Canada-Colombia Free Trade Agreement
*Canada-Peru Free Trade Agreement (CPFTA)
*North American Free Trade Agreement (NAFTA)
* Other trade agreements not listed here may apply
*Canada-Panama Free Trade Agreement","*Accord de libre-échange Canada-Chili (ALECC)
*Accord de libre-échange Canada-Colombie
*Accord de libre-échange Canada-Pérou (ALECP)
*Accord de libre-échange nord-américain (ALENA)
*d'autres accords commerciaux non répertoriés ici peuvent s'appliquer
*Accord de libre-échange Canada-Panama","","","Eberhard Von Huene & Associates Inc","Eberhard Von Huene & Associates Inc","EBERHARD VON HUENE & ASSOCIATES INC","EBERHARD VON HUENE & ASSOCIATES INC","Eberhard Von Huene & Associates Inc","Eberhard Von Huene & Associates Inc","5 to 9 employees","5 à 9 employés","370 rue Joseph Carrier","370 rue Joseph Carrier","Vaudreuil-Dorion","Vaudreuil-Dorion","Quebec","Quebec","J7V5V5","Canada","Canada","Public Works and Government Services Canada","Travaux publics et Services gouvernementaux Canada","","","","","","","","","","Public Works and Government Services Canada","Travaux publics et Services gouvernementaux Canada","GTIS AMS PRGM OFFICE","N/D","PORTAGE III 4B1<br>11 LAURIER ST,Gatineau,Quebec,K1A0S5,Canada","PORTAGE III 4B1<br>11 LAURIER ST,Gatineau,Quebec,K1A0S5,Canada","","","","","","","","","","","","","","","",""
"TEKNION FURNITURE SYSTEMS LTD (EP076-181751/001/PQ~000)","TEKNION FURNITURE SYSTEMS LTD (EP076-181751/001/PQ~000)","EP076-181751/001/PQ","000","EP076-181751","","EP076-181751/001/PQ","3","","2018-07-04","","","2019-03-31","322240.00","326372.00","CAD","","","","","","","*N7110","*Office Furniture","*Meubles de bureau","","","","*GD","","","Competitive - Open bidding","Concurrentielle - Invitation ouverte à soumissionner","Lowest Price","Prix le plus bas","","","* Other trade agreements not listed here may apply
*Canada-Colombia Free Trade Agreement
*Canada-European Union Comprehensive Economic and Trade Agreement (CETA)
*Canada-Peru Free Trade Agreement (CPFTA)
*World Trade Organization Agreement on Government Procurement (WTO GPA)
*North American Free Trade Agreement (NAFTA)
*Canada-Chile Free Trade Agreement (CCFTA)
*Canada-Panama Free Trade Agreement","*d'autres accords commerciaux non répertoriés ici peuvent s'appliquer
*Accord de libre-échange Canada-Colombie
*Accord économique et commercial global (AECG) entre le Canada et l’Union européenne (UE)
*Accord de libre-échange Canada-Pérou (ALECP)
*Accord sur les marchés publics de l'Organisation mondiale du commerce (AMP-OMC)
*Accord de libre-échange nord-américain (ALENA)
*Accord de libre-échange Canada-Chili (ALECC)
*Accord de libre-échange Canada-Panama","","","Teknion Limited","Teknion Limited","TEKNION FURNITURE SYSTEMS LTD","TEKNION FURNITURE SYSTEMS LTD","Teknion Furniture Systems Ltd","Teknion Furniture Systems Ltd","2500 to 4999 employees","2500 à 4999 employés","1150 Flint Rd","1150 Flint Rd","Downsview","Downsview","Ontario","Ontario","M3J2J5","Canada","Canada","Public Works and Government Services Canada","Travaux publics et Services gouvernementaux Canada","","","","","","","","","","Public Works and Government Services Canada","Travaux publics et Services gouvernementaux Canada","NCSU ND CSU #1 RPT4","USCN DN USC #1 EBI4","CONSTITUTION SQUARE BLDG<br>340 ALBERT ST 10TH FL.STE 1000,OTTAWA,Ontario,K1A0S5,Canada","CONSTITUTION SQUARE BLDG<br>340 ALBERT ST 10TH FL.STE 1000,OTTAWA,Ontario,K1A0S5,Canada","","","","","","","","","","","","","","","",""
"THE GLOBAL GROUP (EP076-172484/001/PQ~000)","THE GLOBAL GROUP (EP076-172484/001/PQ~000)","EP076-172484/001/PQ","000","EP076-172484","","EP076-172484/001/PQ","3","","2017-07-17","","","2018-07-17","137003.00","151854.00","CAD","","","","","","","*N7110","*Office Furniture","*Meubles de bureau","","","","*GD","","","Competitive - Open bidding","Concurrentielle - Invitation ouverte à soumissionner","Lowest Price","Prix le plus bas","","","*Canada-European Union Comprehensive Economic and Trade Agreement (CETA)
* Other trade agreements not listed here may apply
*Canada-Chile Free Trade Agreement (CCFTA)
*Canada-Colombia Free Trade Agreement
*Canada-Peru Free Trade Agreement (CPFTA)
*North American Free Trade Agreement (NAFTA)
*Canada-Panama Free Trade Agreement
*World Trade Organization Agreement on Government Procurement (WTO GPA)","*Accord économique et commercial global (AECG) entre le Canada et l’Union européenne (UE)
*d'autres accords commerciaux non répertoriés ici peuvent s'appliquer
*Accord de libre-échange Canada-Chili (ALECC)
*Accord de libre-échange Canada-Colombie
*Accord de libre-échange Canada-Pérou (ALECP)
*Accord de libre-échange nord-américain (ALENA)
*Accord de libre-échange Canada-Panama
*Accord sur les marchés publics de l'Organisation mondiale du commerce (AMP-OMC)","","","Global Upholstery Co. Inc.","Global Upholstery Co. Inc.","THE GLOBAL GROUP","THE GLOBAL GROUP","The Global Group","The Global Group","2500 to 4999 employees","2500 à 4999 employés","560 Supertest Road","560 Supertest Road","Downsview","Downsview","Ontario","Ontario","M3J2M6","Canada","Canada","Public Works and Government Services Canada","Travaux publics et Services gouvernementaux Canada","","","","","","","","","","Public Works and Government Services Canada","Travaux publics et Services gouvernementaux Canada","GTIS AMS PRGM OFFICE","N/D","PORTAGE III 4B1<br>11 LAURIER ST,Gatineau,Quebec,K1A0S5,Canada","PORTAGE III 4B1<br>11 LAURIER ST,Gatineau,Quebec,K1A0S5,Canada","","","","","","","","","","","","","","","",""
"ABI/ADVANCED BUSINESS INTERIORS INC (EP076-181751/002/PQ~000)","ABI/ADVANCED BUSINESS INTERIORS INC (EP076-181751/002/PQ~000)","EP076-181751/002/PQ","000","EP076-181751","","EP076-181751/002/PQ","2","","2018-07-04","","","2019-03-31","21221.00","21221.00","CAD","","","","","","","*N7110","*Office Furniture","*Meubles de bureau","","","","*GD","","","Competitive - Open bidding","Concurrentielle - Invitation ouverte à soumissionner","Lowest Price","Prix le plus bas","","","* Other trade agreements not listed here may apply
*Canada-Colombia Free Trade Agreement
*Canada-Chile Free Trade Agreement (CCFTA)
*Canada-European Union Comprehensive Economic and Trade Agreement (CETA)
*Canada-Peru Free Trade Agreement (CPFTA)
*World Trade Organization Agreement on Government Procurement (WTO GPA)
*North American Free Trade Agreement (NAFTA)
*Canada-Panama Free Trade Agreement","*d'autres accords commerciaux non répertoriés ici peuvent s'appliquer
*Accord de libre-échange Canada-Colombie
*Accord de libre-échange Canada-Chili (ALECC)
*Accord économique et commercial global (AECG) entre le Canada et l’Union européenne (UE)
*Accord de libre-échange Canada-Pérou (ALECP)
*Accord sur les marchés publics de l'Organisation mondiale du commerce (AMP-OMC)
*Accord de libre-échange nord-américain (ALENA)
*Accord de libre-échange Canada-Panama","","","ABI/Advanced Business Interiors Inc.","ABI/Advanced Business Interiors Inc.","ABI/ADVANCED BUSINESS INTERIORS INC","ABI/ADVANCED BUSINESS INTERIORS INC","ABI/Advanced Business Interiors Inc.","ABI/Advanced Business Interiors Inc.","100 to 199 employees","100 à 199 employés","2355 St Laurent Blvd","2355 St Laurent Blvd","Ottawa","Ottawa","Ontario","Ontario","K1G4L2","Canada","Canada","Public Works and Government Services Canada","Travaux publics et Services gouvernementaux Canada","","","","","","","","","","Public Works and Government Services Canada","Travaux publics et Services gouvernementaux Canada","NCSU ND CSU #1 RPT4","USCN DN USC #1 EBI4","CONSTITUTION SQUARE BLDG<br>340 ALBERT ST 10TH FL.STE 1000,OTTAWA,Ontario,K1A0S5,Canada","CONSTITUTION SQUARE BLDG<br>340 ALBERT ST 10TH FL.STE 1000,OTTAWA,Ontario,K1A0S5,Canada","","","","","","","","","","","","","","","",""
"EBERHARD VON HUENE & ASSOCIATES INC (EP076-181751/003/PQ~000)","EBERHARD VON HUENE & ASSOCIATES INC (EP076-181751/003/PQ~000)","EP076-181751/003/PQ","000","EP076-181751","","EP076-181751/003/PQ","4","","2018-07-04","","","2019-03-31","41146.00","43819.00","CAD","","","","","","","*N7110","*Office Furniture","*Meubles de bureau","","","","*GD","","","Competitive - Open bidding","Concurrentielle - Invitation ouverte à soumissionner","Lowest Price","Prix le plus bas","","","* Other trade agreements not listed here may apply
*World Trade Organization Agreement on Government Procurement (WTO GPA)
*Canada-Chile Free Trade Agreement (CCFTA)
*Canada-European Union Comprehensive Economic and Trade Agreement (CETA)
*Canada-Peru Free Trade Agreement (CPFTA)
*Canada-Colombia Free Trade Agreement
*North American Free Trade Agreement (NAFTA)
*Canada-Panama Free Trade Agreement","*d'autres accords commerciaux non répertoriés ici peuvent s'appliquer
*Accord sur les marchés publics de l'Organisation mondiale du commerce (AMP-OMC)
*Accord de libre-échange Canada-Chili (ALECC)
*Accord économique et commercial global (AECG) entre le Canada et l’Union européenne (UE)
*Accord de libre-échange Canada-Pérou (ALECP)
*Accord de libre-échange Canada-Colombie
*Accord de libre-échange nord-américain (ALENA)
*Accord de libre-échange Canada-Panama","","","Eberhard Von Huene & Associates Inc","Eberhard Von Huene & Associates Inc","EBERHARD VON HUENE & ASSOCIATES INC","EBERHARD VON HUENE & ASSOCIATES INC","Eberhard Von Huene & Associates Inc","Eberhard Von Huene & Associates Inc","5 to 9 employees","5 à 9 employés","370 rue Joseph Carrier","370 rue Joseph Carrier","Vaudreuil-Dorion","Vaudreuil-Dorion","Quebec","Quebec","J7V5V5","Canada","Canada","Public Works and Government Services Canada","Travaux publics et Services gouvernementaux Canada","","","","","","","","","","Public Works and Government Services Canada","Travaux publics et Services gouvernementaux Canada","NCSU ND CSU #1 RPT4","USCN DN USC #1 EBI4","CONSTITUTION SQUARE BLDG<br>340 ALBERT ST 10TH FL.STE 1000,OTTAWA,Ontario,K1A0S5,Canada","CONSTITUTION SQUARE BLDG<br>340 ALBERT ST 10TH FL.STE 1000,OTTAWA,Ontario,K1A0S5,Canada","","","","","","","","","","","","","","","",""
"KRUG INC (EP076-181752/001/PQ~000)","KRUG INC (EP076-181752/001/PQ~000)","EP076-181752/001/PQ","000","EP076-181752","","EP076-181752/001/PQ","1","2023-10-25","2018-04-23","","","2018-08-23","22770.00","22770.00","CAD","","","","","","","*N7110","*Office Furniture","*Meubles de bureau","","","","*GD","","","Competitive - Traditional","Concurrentielle - Traditionnelle","Lowest Price","Prix le plus bas","","","*Canada-Peru Free Trade Agreement (CPFTA)
*Canada-Chile Free Trade Agreement (CCFTA)
* Other trade agreements not listed here may apply
*Canada-Colombia Free Trade Agreement
*North American Free Trade Agreement (NAFTA)
*Canada-Panama Free Trade Agreement","*Accord de libre-échange Canada-Pérou (ALECP)
*Accord de libre-échange Canada-Chili (ALECC)
*d'autres accords commerciaux non répertoriés ici peuvent s'appliquer
*Accord de libre-échange Canada-Colombie
*Accord de libre-échange nord-américain (ALENA)
*Accord de libre-échange Canada-Panama","","","Krug Inc.","Krug Inc.","KRUG INC","KRUG INC","Krug Inc.","Krug Inc.","200 to 499 employees","200 à 499 employés","421 Manitou Drive","421 Manitou Drive","Kitchener","Kitchener","Ontario","Ontario","N2C1L5","Canada","Canada","Public Works and Government Services Canada","Travaux publics et Services gouvernementaux Canada","","","","","","","","","","Public Works and Government Services Canada","Travaux publics et Services gouvernementaux Canada","","QP SRVCS GSTN PRJTS TRVX CNTRC","140 O'Connor Street, 3rd Floor,OTTAWA,Ontario,K1P6E3,Canada","140 O'Connor Street, 3rd Floor,OTTAWA,Ontario,K1P6E3,Canada","","","","","","","","","","","","","","","",""
"HOLMES & BRAKEL BUSINESS INTERIORS (EP076-181752/002/PQ~000)","HOLMES & BRAKEL BUSINESS INTERIORS (EP076-181752/002/PQ~000)","EP076-181752/002/PQ","000","EP076-181752","","EP076-181752/002/PQ","1","2023-10-25","2018-04-23","","","2018-08-23","3473.00","3473.00","CAD","","","","","","","*N7110","*Office Furniture","*Meubles de bureau","","","","*GD","","","Competitive - Traditional","Concurrentielle - Traditionnelle","Lowest Price","Prix le plus bas","","","*Canada-Chile Free Trade Agreement (CCFTA)
*Canada-Peru Free Trade Agreement (CPFTA)
*North American Free Trade Agreement (NAFTA)
*Canada-Colombia Free Trade Agreement
* Other trade agreements not listed here may apply
*Canada-Panama Free Trade Agreement","*Accord de libre-échange Canada-Chili (ALECC)
*Accord de libre-échange Canada-Pérou (ALECP)
*Accord de libre-échange nord-américain (ALENA)
*Accord de libre-échange Canada-Colombie
*d'autres accords commerciaux non répertoriés ici peuvent s'appliquer
*Accord de libre-échange Canada-Panama","","","1317855 Ontario Inc.","1317855 Ontario Inc.","HOLMES & BRAKEL BUSINESS INTERIORS","HOLMES & BRAKEL BUSINESS INTERIORS","Holmes & Brakel Business Interiors","Holmes & Brakel Business Interiors","50 to 99 employees","50 à 99 employés","Holmes & Brakel - Ottawa<br>100 - 350 Terry Fox Dr","Holmes & Brakel - Ottawa<br>100 - 350 Terry Fox Dr","Kanata","Kanata","Ontario","Ontario","K2K2W5","Canada","Canada","Public Works and Government Services Canada","Travaux publics et Services gouvernementaux Canada","","","","","","","","","","Public Works and Government Services Canada","Travaux publics et Services gouvernementaux Canada","","QP SRVCS GSTN PRJTS TRVX CNTRC","140 O'Connor Street, 3rd Floor,OTTAWA,Ontario,K1P6E3,Canada","140 O'Connor Street, 3rd Floor,OTTAWA,Ontario,K1P6E3,Canada","","","","","","","","","","","","","","","",""
"NITAM SOLUTIONS INC (EP076-181752/003/PQ~000)","NITAM SOLUTIONS INC (EP076-181752/003/PQ~000)","EP076-181752/003/PQ","000","EP076-181752","","EP076-181752/003/PQ","1","2023-10-25","2018-04-23","","","2018-08-23","42025.00","42025.00","CAD","","","","","","","*N7110","*Office Furniture","*Meubles de bureau","","","","*GD","","","Competitive - Open bidding","Concurrentielle - Invitation ouverte à soumissionner","Lowest Price","Prix le plus bas","","","* Other trade agreements not listed here may apply
*Canada-Chile Free Trade Agreement (CCFTA)
*Canada-Peru Free Trade Agreement (CPFTA)
*Canada-Colombia Free Trade Agreement
*North American Free Trade Agreement (NAFTA)
*Canada-Panama Free Trade Agreement","*d'autres accords commerciaux non répertoriés ici peuvent s'appliquer
*Accord de libre-échange Canada-Chili (ALECC)
*Accord de libre-échange Canada-Pérou (ALECP)
*Accord de libre-échange Canada-Colombie
*Accord de libre-échange nord-américain (ALENA)
*Accord de libre-échange Canada-Panama","","","Nitam Solutions Inc","Nitam Solutions Inc","NITAM SOLUTIONS INC","NITAM SOLUTIONS INC","Nitam Solutions Inc","Nitam Solutions Inc","1 to 4 employees","1 à 4 employés","1125 Newmarket St,","1125 Newmarket St,","OTTAWA.","OTTAWA.","Ontario","Ontario","K1B4N4","Canada","Canada","Public Works and Government Services Canada","Travaux publics et Services gouvernementaux Canada","","","","","","","","","","Public Works and Government Services Canada","Travaux publics et Services gouvernementaux Canada","","QP SRVCS GSTN PRJTS TRVX CNTRC","140 O'Connor Street, 3rd Floor,OTTAWA,Ontario,K1P6E3,Canada","140 O'Connor Street, 3rd Floor,OTTAWA,Ontario,K1P6E3,Canada","","","","","","","","","","","","","","","",""
"HOLMES & BRAKEL BUSINESS INTERIORS (EP076-181752/004/PQ~000)","HOLMES & BRAKEL BUSINESS INTERIORS (EP076-181752/004/PQ~000)","EP076-181752/004/PQ","000","EP076-181752","","EP076-181752/004/PQ","1","2023-10-25","2018-04-26","","","2018-08-26","10481.00","10481.00","CAD","","","","","","","*N7110","*Office Furniture","*Meubles de bureau","","","","*GD","","","Competitive - Traditional","Concurrentielle - Traditionnelle","Lowest Price","Prix le plus bas","","","*Canada-Chile Free Trade Agreement (CCFTA)
*Canada-Peru Free Trade Agreement (CPFTA)
*North American Free Trade Agreement (NAFTA)
*Canada-Colombia Free Trade Agreement
*Canada-Panama Free Trade Agreement
* Other trade agreements not listed here may apply","*Accord de libre-échange Canada-Chili (ALECC)
*Accord de libre-échange Canada-Pérou (ALECP)
*Accord de libre-échange nord-américain (ALENA)
*Accord de libre-échange Canada-Colombie
*Accord de libre-échange Canada-Panama
*d'autres accords commerciaux non répertoriés ici peuvent s'appliquer","","","1317855 Ontario Inc.","1317855 Ontario Inc.","HOLMES & BRAKEL BUSINESS INTERIORS","HOLMES & BRAKEL BUSINESS INTERIORS","Holmes & Brakel Business Interiors","Holmes & Brakel Business Interiors","50 to 99 employees","50 à 99 employés","Holmes & Brakel - Ottawa<br>100 - 350 Terry Fox Dr","Holmes & Brakel - Ottawa<br>100 - 350 Terry Fox Dr","Kanata","Kanata","Ontario","Ontario","K2K2W5","Canada","Canada","Public Works and Government Services Canada","Travaux publics et Services gouvernementaux Canada","","","","","","","","","","Public Works and Government Services Canada","Travaux publics et Services gouvernementaux Canada","","QP SRVCS GSTN PRJTS TRVX CNTRC","140 O'Connor Street, 3rd Floor,OTTAWA,Ontario,K1P6E3,Canada","140 O'Connor Street, 3rd Floor,OTTAWA,Ontario,K1P6E3,Canada","","","","","","","","","","","","","","","",""
"SAME (EP076-181803/001/PQ~000)","SAME (EP076-181803/001/PQ~000)","EP076-181803/001/PQ","000","EP076-181803","","EP076-181803/001/PQ","1","2023-10-25","2018-06-28","","","2018-10-26","81630.00","81630.00","CAD","","","","","","","*N7110","*Office Furniture","*Meubles de bureau","","","","*GD","","","Competitive - Open bidding","Concurrentielle - Invitation ouverte à soumissionner","Lowest Price","Prix le plus bas","","","* Other trade agreements not listed here may apply
*Canada-Chile Free Trade Agreement (CCFTA)
*Canada-Peru Free Trade Agreement (CPFTA)
*Canada-Colombia Free Trade Agreement
*North American Free Trade Agreement (NAFTA)
*Canada-Panama Free Trade Agreement","*d'autres accords commerciaux non répertoriés ici peuvent s'appliquer
*Accord de libre-échange Canada-Chili (ALECC)
*Accord de libre-échange Canada-Pérou (ALECP)
*Accord de libre-échange Canada-Colombie
*Accord de libre-échange nord-américain (ALENA)
*Accord de libre-échange Canada-Panama","","","Urban Workplace Inc.","Urban Workplace Inc.","SAME","SAME","Urban Workplace Inc.","Urban Workplace Inc.","10 to 19 employees","10 à 19 employés","2781 Lancaster Road,<br>Suite 303,","2781 Lancaster Road,<br>Suite 303,","Ottawa","Ottawa","Ontario","Ontario","K1B1A7","Canada","Canada","Public Works and Government Services Canada","Travaux publics et Services gouvernementaux Canada","","","","","","","","","","Public Works and Government Services Canada","Travaux publics et Services gouvernementaux Canada","","QP SRVCS GSTN PRJTS TRVX CNTRC","140 O'Connor Street, 3rd Floor,OTTAWA,Ontario,K1P6E3,Canada","140 O'Connor Street, 3rd Floor,OTTAWA,Ontario,K1P6E3,Canada","","","","","","","","","","","","","","","",""
"TEKNION FURNITURE SYSTEMS LTD (EP076-190456/001/PQ~000)","TEKNION FURNITURE SYSTEMS LTD (EP076-190456/001/PQ~000)","EP076-190456/001/PQ","000","EP076-190456","","EP076-190456/001/PQ","5","","2018-09-06","","","2028-10-31","305378.00","306612.00","CAD","","","","","","","*N7110","*Office Furniture","*Meubles de bureau","","","","*GD","","","Competitive - Open bidding","Concurrentielle - Invitation ouverte à soumissionner","Lowest Price","Prix le plus bas","","","*Canada-European Union Comprehensive Economic and Trade Agreement (CETA)
* Other trade agreements not listed here may apply
*Canada-Chile Free Trade Agreement (CCFTA)
*World Trade Organization Agreement on Government Procurement (WTO GPA)
*Canada-Colombia Free Trade Agreement
*Canada-Peru Free Trade Agreement (CPFTA)
*North American Free Trade Agreement (NAFTA)
*Canada-Panama Free Trade Agreement","*Accord économique et commercial global (AECG) entre le Canada et l’Union européenne (UE)
*d'autres accords commerciaux non répertoriés ici peuvent s'appliquer
*Accord de libre-échange Canada-Chili (ALECC)
*Accord sur les marchés publics de l'Organisation mondiale du commerce (AMP-OMC)
*Accord de libre-échange Canada-Colombie
*Accord de libre-échange Canada-Pérou (ALECP)
*Accord de libre-échange nord-américain (ALENA)
*Accord de libre-échange Canada-Panama","","","Teknion Limited","Teknion Limited","TEKNION FURNITURE SYSTEMS LTD","TEKNION FURNITURE SYSTEMS LTD","Teknion Furniture Systems Ltd","Teknion Furniture Systems Ltd","2500 to 4999 employees","2500 à 4999 employés","1150 Flint Rd","1150 Flint Rd","Downsview","Downsview","Ontario","Ontario","M3J2J5","Canada","Canada","Public Works and Government Services Canada","Travaux publics et Services gouvernementaux Canada","","","","","","","","","","Public Works and Government Services Canada","Travaux publics et Services gouvernementaux Canada","GTIS AMS PRGM OFFICE","N/D","PORTAGE III 4B1<br>11 LAURIER ST,Gatineau,Quebec,K1A0S5,Canada","PORTAGE III 4B1<br>11 LAURIER ST,Gatineau,Quebec,K1A0S5,Canada","","","","","","","","","","","","","","","",""
"ABI/ADVANCED BUSINESS INTERIORS INC (EP076-190456/002/PQ~000)","ABI/ADVANCED BUSINESS INTERIORS INC (EP076-190456/002/PQ~000)","EP076-190456/002/PQ","000","EP076-190456","","EP076-190456/002/PQ","2","","2018-08-28","","","2018-10-31","126956.00","133800.00","CAD","","","","","","","*N7110","*Office Furniture","*Meubles de bureau","","","","*GD","","","Competitive - Open bidding","Concurrentielle - Invitation ouverte à soumissionner","Lowest Price","Prix le plus bas","","","*Canada-Colombia Free Trade Agreement
*Canada-European Union Comprehensive Economic and Trade Agreement (CETA)
*Canada-Peru Free Trade Agreement (CPFTA)
*Canada-Chile Free Trade Agreement (CCFTA)
* Other trade agreements not listed here may apply
*North American Free Trade Agreement (NAFTA)
*Canada-Panama Free Trade Agreement
*World Trade Organization Agreement on Government Procurement (WTO GPA)","*Accord de libre-échange Canada-Colombie
*Accord économique et commercial global (AECG) entre le Canada et l’Union européenne (UE)
*Accord de libre-échange Canada-Pérou (ALECP)
*Accord de libre-échange Canada-Chili (ALECC)
*d'autres accords commerciaux non répertoriés ici peuvent s'appliquer
*Accord de libre-échange nord-américain (ALENA)
*Accord de libre-échange Canada-Panama
*Accord sur les marchés publics de l'Organisation mondiale du commerce (AMP-OMC)","","","ABI/Advanced Business Interiors Inc.","ABI/Advanced Business Interiors Inc.","ABI/ADVANCED BUSINESS INTERIORS INC","ABI/ADVANCED BUSINESS INTERIORS INC","ABI/Advanced Business Interiors Inc.","ABI/Advanced Business Interiors Inc.","100 to 199 employees","100 à 199 employés","2355 St Laurent Blvd","2355 St Laurent Blvd","Ottawa","Ottawa","Ontario","Ontario","K1G4L2","Canada","Canada","Public Works and Government Services Canada","Travaux publics et Services gouvernementaux Canada","","","","","","","","","","Public Works and Government Services Canada","Travaux publics et Services gouvernementaux Canada","GTIS AMS PRGM OFFICE","N/D","PORTAGE III 4B1<br>11 LAURIER ST,Gatineau,Quebec,K1A0S5,Canada","PORTAGE III 4B1<br>11 LAURIER ST,Gatineau,Quebec,K1A0S5,Canada","","","","","","","","","","","","","","","",""
"NIGHTINGALE CORP (EP076-190457/001/PQ~000)","NIGHTINGALE CORP (EP076-190457/001/PQ~000)","EP076-190457/001/PQ","000","EP076-190457","","EP076-190457/001/PQ","2","","2018-08-07","","","2018-12-05","31092.00","31092.00","CAD","","","","","","","*N7110","*Office Furniture","*Meubles de bureau","","","","*GD","","","Competitive - Traditional","Concurrentielle - Traditionnelle","Lowest Price","Prix le plus bas","","","*Canada-Colombia Free Trade Agreement
*Canada-Chile Free Trade Agreement (CCFTA)
*Canada-Peru Free Trade Agreement (CPFTA)
*North American Free Trade Agreement (NAFTA)
* Other trade agreements not listed here may apply
*Canada-Panama Free Trade Agreement","*Accord de libre-échange Canada-Colombie
*Accord de libre-échange Canada-Chili (ALECC)
*Accord de libre-échange Canada-Pérou (ALECP)
*Accord de libre-échange nord-américain (ALENA)
*d'autres accords commerciaux non répertoriés ici peuvent s'appliquer
*Accord de libre-échange Canada-Panama","","","Nightingale Corp.","Nightingale Corp.","NIGHTINGALE CORP","NIGHTINGALE CORP","Nightingale Corp.","Nightingale Corp.","50 to 99 employees","50 à 99 employés","2301 Dixie Road","2301 Dixie Road","Mississauga","Mississauga","Ontario","Ontario","L4Y1Z9","Canada","Canada","Public Works and Government Services Canada","Travaux publics et Services gouvernementaux Canada","","","","","","","","","","Public Works and Government Services Canada","Travaux publics et Services gouvernementaux Canada","GTIS AMS PRGM OFFICE","N/D","PORTAGE III 4B1<br>11 LAURIER ST,Gatineau,Quebec,K1A0S5,Canada","PORTAGE III 4B1<br>11 LAURIER ST,Gatineau,Quebec,K1A0S5,Canada","","","","","","","","","","","","","","","",""
"ALLSEATING CORPORATION (EP076-190457/002/PQ~000)","ALLSEATING CORPORATION (EP076-190457/002/PQ~000)","EP076-190457/002/PQ","000","EP076-190457","","EP076-190457/002/PQ","3","","2018-08-07","","","2018-12-05","36671.00","43332.00","CAD","","","","","","","*N7110","*Office Furniture","*Meubles de bureau","","","","*GD","","","Competitive - Traditional","Concurrentielle - Traditionnelle","Lowest Price","Prix le plus bas","","","* Other trade agreements not listed here may apply
*Canada-Colombia Free Trade Agreement
*Canada-Chile Free Trade Agreement (CCFTA)
*Canada-Peru Free Trade Agreement (CPFTA)
*North American Free Trade Agreement (NAFTA)
*Canada-Panama Free Trade Agreement","*d'autres accords commerciaux non répertoriés ici peuvent s'appliquer
*Accord de libre-échange Canada-Colombie
*Accord de libre-échange Canada-Chili (ALECC)
*Accord de libre-échange Canada-Pérou (ALECP)
*Accord de libre-échange nord-américain (ALENA)
*Accord de libre-échange Canada-Panama","","","Allseating Corporation","Allseating Corporation","ALLSEATING CORPORATION","ALLSEATING CORPORATION","Allseating Corporation","Allseating Corporation","50 to 99 employees","50 à 99 employés","5800 Avebury Road<br>Unit 3","5800 Avebury Road<br>Unit 3","Mississauga","Mississauga","Ontario","Ontario","L5R3M3","Canada","Canada","Public Works and Government Services Canada","Travaux publics et Services gouvernementaux Canada","","","","","","","","","","Public Works and Government Services Canada","Travaux publics et Services gouvernementaux Canada","GTIS AMS PRGM OFFICE","N/D","PORTAGE III 4B1<br>11 LAURIER ST,Gatineau,Quebec,K1A0S5,Canada","PORTAGE III 4B1<br>11 LAURIER ST,Gatineau,Quebec,K1A0S5,Canada","","","","","","","","","","","","","","","",""
"CAPITAL OFFICE INTERIORS LTD (EP076-190598/001/PQ~000)","CAPITAL OFFICE INTERIORS LTD (EP076-190598/001/PQ~000)","EP076-190598/001/PQ","000","EP076-190598","","EP076-190598/001/PQ","3","","2018-08-06","","","2018-09-10","18672.00","18672.00","CAD","","","","","","","*N7110","*Office Furniture","*Meubles de bureau","","","","*GD","","","Non-competitive","Non concurrentielle","Low Dollar Value","Faible valeur","","","*Canadian Free Trade Agreement (CFTA)","*Accord de libre-échange canadien (ALEC)","","","Capital Office Interiors Ltd","Capital Office Interiors Ltd","CAPITAL OFFICE INTERIORS LTD","CAPITAL OFFICE INTERIORS LTD","Capital Office Interiors Ltd","Capital Office Interiors Ltd","20 to 49 employees","20 à 49 employés","16 Antares Drive","16 Antares Drive","Nepean","Nepean","Ontario","Ontario","K2E7Y7","Canada","Canada","Public Works and Government Services Canada","Travaux publics et Services gouvernementaux Canada","","","","","","","","","","Public Works and Government Services Canada","Travaux publics et Services gouvernementaux Canada","GTIS AMS PRGM OFFICE","N/D","PORTAGE III 4B1<br>11 LAURIER ST,Gatineau,Quebec,K1A0S5,Canada","PORTAGE III 4B1<br>11 LAURIER ST,Gatineau,Quebec,K1A0S5,Canada","","","","","","","","","","","","","","","",""
"THE GLOBAL GROUP (EP076-190598/002/PQ~000)","THE GLOBAL GROUP (EP076-190598/002/PQ~000)","EP076-190598/002/PQ","000","EP076-190598","","EP076-190598/002/PQ","3","","2018-08-10","","","2018-09-21","24897.00","24897.00","CAD","","","","","","","*N7110","*Office Furniture","*Meubles de bureau","","","","*GD","","","Non-competitive","Non concurrentielle","Low Dollar Value","Faible valeur","","","*Canadian Free Trade Agreement (CFTA)","*Accord de libre-échange canadien (ALEC)","","","Global Upholstery Co. Inc.","Global Upholstery Co. Inc.","THE GLOBAL GROUP","THE GLOBAL GROUP","The Global Group","The Global Group","2500 to 4999 employees","2500 à 4999 employés","560 Supertest Road","560 Supertest Road","Downsview","Downsview","Ontario","Ontario","M3J2M6","Canada","Canada","Public Works and Government Services Canada","Travaux publics et Services gouvernementaux Canada","","","","","","","","","","Public Works and Government Services Canada","Travaux publics et Services gouvernementaux Canada","GTIS AMS PRGM OFFICE","N/D","PORTAGE III 4B1<br>11 LAURIER ST,Gatineau,Quebec,K1A0S5,Canada","PORTAGE III 4B1<br>11 LAURIER ST,Gatineau,Quebec,K1A0S5,Canada","","","","","","","","","","","","","","","",""
"SAME (EP076-190598/003/PQ~000)","SAME (EP076-190598/003/PQ~000)","EP076-190598/003/PQ","000","EP076-190598","","EP076-190598/003/PQ","3","","2018-08-14","","","2018-10-22","3326.00","3326.00","CAD","","","","","","","*N7110","*Office Furniture","*Meubles de bureau","","","","*GD","","","Non-competitive","Non concurrentielle","Low Dollar Value","Faible valeur","","","*Canadian Free Trade Agreement (CFTA)","*Accord de libre-échange canadien (ALEC)","","","Urban Workplace Inc.","Urban Workplace Inc.","SAME","SAME","Urban Workplace Inc.","Urban Workplace Inc.","10 to 19 employees","10 à 19 employés","2781 Lancaster Road,<br>Suite 303,","2781 Lancaster Road,<br>Suite 303,","Ottawa","Ottawa","Ontario","Ontario","K1B1A7","Canada","Canada","Public Works and Government Services Canada","Travaux publics et Services gouvernementaux Canada","","","","","","","","","","Public Works and Government Services Canada","Travaux publics et Services gouvernementaux Canada","GTIS AMS PRGM OFFICE","N/D","PORTAGE III 4B1<br>11 LAURIER ST,Gatineau,Quebec,K1A0S5,Canada","PORTAGE III 4B1<br>11 LAURIER ST,Gatineau,Quebec,K1A0S5,Canada","","","","","","","","","","","","","","","",""
"ABI/ADVANCED BUSINESS INTERIORS INC (EP076-191313/001/PQ~000)","ABI/ADVANCED BUSINESS INTERIORS INC (EP076-191313/001/PQ~000)","EP076-191313/001/PQ","000","EP076-191313","","EP076-191313/001/PQ","1","","2018-08-23","","","2018-12-21","23747.00","23747.00","CAD","","","","","","","*N7110","*Office Furniture","*Meubles de bureau","","","","*GD","","","Non-competitive","Non concurrentielle","Low Dollar Value","Faible valeur","","","*None","*Aucun","","","ABI/Advanced Business Interiors Inc.","ABI/Advanced Business Interiors Inc.","ABI/ADVANCED BUSINESS INTERIORS INC","ABI/ADVANCED BUSINESS INTERIORS INC","ABI/Advanced Business Interiors Inc.","ABI/Advanced Business Interiors Inc.","100 to 199 employees","100 à 199 employés","2355 St Laurent Blvd","2355 St Laurent Blvd","Ottawa","Ottawa","Ontario","Ontario","K1G4L2","Canada","Canada","Public Works and Government Services Canada","Travaux publics et Services gouvernementaux Canada","","","","","","","","","","Public Works and Government Services Canada","Travaux publics et Services gouvernementaux Canada","GTIS AMS PRGM OFFICE","N/D","PORTAGE III 4B1<br>11 LAURIER ST,Gatineau,Quebec,K1A0S5,Canada","PORTAGE III 4B1<br>11 LAURIER ST,Gatineau,Quebec,K1A0S5,Canada","","","","","","","","","","","","","","","",""
"NITAM SOLUTIONS INC (EP076-192299/001/PQ~000)","NITAM SOLUTIONS INC (EP076-192299/001/PQ~000)","EP076-192299/001/PQ","000","EP076-192299","","EP076-192299/001/PQ","1","2023-10-25","2019-01-04","","","2029-01-04","23831.00","23831.00","CAD","","","","","","","*N7110","*Office Furniture","*Meubles de bureau","","","","*GD","","","Competitive - Open bidding","Concurrentielle - Invitation ouverte à soumissionner","Lowest Price","Prix le plus bas","","","*Canada-Colombia Free Trade Agreement
* Other trade agreements not listed here may apply
*Canada-Peru Free Trade Agreement (CPFTA)
*Canada-Chile Free Trade Agreement (CCFTA)
*North American Free Trade Agreement (NAFTA)
*Canada-Panama Free Trade Agreement","*Accord de libre-échange Canada-Colombie
*d'autres accords commerciaux non répertoriés ici peuvent s'appliquer
*Accord de libre-échange Canada-Pérou (ALECP)
*Accord de libre-échange Canada-Chili (ALECC)
*Accord de libre-échange nord-américain (ALENA)
*Accord de libre-échange Canada-Panama","","","Nitam Solutions Inc","Nitam Solutions Inc","NITAM SOLUTIONS INC","NITAM SOLUTIONS INC","Nitam Solutions Inc","Nitam Solutions Inc","1 to 4 employees","1 à 4 employés","1125 Newmarket St,","1125 Newmarket St,","OTTAWA.","OTTAWA.","Ontario","Ontario","K1B4N4","Canada","Canada","Public Works and Government Services Canada","Travaux publics et Services gouvernementaux Canada","","","","","","","","","","Public Works and Government Services Canada","Travaux publics et Services gouvernementaux Canada","","QP SRVCS GSTN PRJTS TRVX CNTRC","140 O'Connor Street, 3rd Floor,OTTAWA,Ontario,K1P6E3,Canada","140 O'Connor Street, 3rd Floor,OTTAWA,Ontario,K1P6E3,Canada","","","","","","","","","","","","","","","",""
"ASOKAN BUSINESS INTERIORS INC (EP076-193058/001/PQ~000)","ASOKAN BUSINESS INTERIORS INC (EP076-193058/001/PQ~000)","EP076-193058/001/PQ","000","EP076-193058","","EP076-193058/001/PQ","1","2023-10-25","2019-02-19","","","2029-02-19","18857.00","18857.00","CAD","","","","","","","*N7110","*Office Furniture","*Meubles de bureau","","","","*GD","","","Non-competitive","Non concurrentielle","Low Dollar Value","Faible valeur","","","*None","*Aucun","","","ASOKAN BUSINESS INTERIORS INC.","ASOKAN BUSINESS INTERIORS INC.","ASOKAN BUSINESS INTERIORS INC","ASOKAN BUSINESS INTERIORS INC","ASOKAN BUSINESS INTERIORS INC.","ASOKAN BUSINESS INTERIORS INC.","10 to 19 employees","10 à 19 employés","11 Laurier<br>Phase III Tower C Local 0C2-006","11 Laurier<br>Phase III Tower C Local 0C2-006","Gatineau","Gatineau","Quebec","Quebec","J8X4A6","Canada","Canada","Public Works and Government Services Canada","Travaux publics et Services gouvernementaux Canada","","","","","","","","","","Public Works and Government Services Canada","Travaux publics et Services gouvernementaux Canada","","QP SRVCS GSTN PRJTS TRVX CNTRC","140 O'Connor Street, 3rd Floor,OTTAWA,Ontario,K1P6E3,Canada","140 O'Connor Street, 3rd Floor,OTTAWA,Ontario,K1P6E3,Canada","","","","","","","","","","","","","","","",""
"TEKNION FURNITURE SYSTEMS LTD (EP076-200030/001/PQ~000)","TEKNION FURNITURE SYSTEMS LTD (EP076-200030/001/PQ~000)","EP076-200030/001/PQ","000","EP076-200030","","EP076-200030/001/PQ","2","","2019-05-28","","","2020-05-30","690083.00","509365.00","CAD","","","","","","","*N7110","*Office Furniture","*Meubles de bureau","","","","*GD","","","Competitive - Open bidding","Concurrentielle - Invitation ouverte à soumissionner","Lowest Price","Prix le plus bas","","","*Canada-Chile Free Trade Agreement (CCFTA)
* Other trade agreements not listed here may apply
*Canada-Peru Free Trade Agreement (CPFTA)
*Canada-European Union Comprehensive Economic and Trade Agreement (CETA)
*North American Free Trade Agreement (NAFTA)
*World Trade Organization Agreement on Government Procurement (WTO GPA)
*Canada-Colombia Free Trade Agreement
*Canada-Panama Free Trade Agreement","*Accord de libre-échange Canada-Chili (ALECC)
*d'autres accords commerciaux non répertoriés ici peuvent s'appliquer
*Accord de libre-échange Canada-Pérou (ALECP)
*Accord économique et commercial global (AECG) entre le Canada et l’Union européenne (UE)
*Accord de libre-échange nord-américain (ALENA)
*Accord sur les marchés publics de l'Organisation mondiale du commerce (AMP-OMC)
*Accord de libre-échange Canada-Colombie
*Accord de libre-échange Canada-Panama","","","Teknion Limited","Teknion Limited","TEKNION FURNITURE SYSTEMS LTD","TEKNION FURNITURE SYSTEMS LTD","Teknion Furniture Systems Ltd","Teknion Furniture Systems Ltd","2500 to 4999 employees","2500 à 4999 employés","1150 Flint Rd","1150 Flint Rd","Downsview","Downsview","Ontario","Ontario","M3J2J5","Canada","Canada","Public Works and Government Services Canada","Travaux publics et Services gouvernementaux Canada","","","","","","","","","","Public Works and Government Services Canada","Travaux publics et Services gouvernementaux Canada","GTIS AMS PRGM OFFICE","N/D","PORTAGE III 4B1<br>11 LAURIER ST,Gatineau,Quebec,K1A0S5,Canada","PORTAGE III 4B1<br>11 LAURIER ST,Gatineau,Quebec,K1A0S5,Canada","","","","","","","","","","","","","","","",""
"EBERHARD VON HUENE & ASSOCIATES INC (EP076-190598/004/PQ~000)","EBERHARD VON HUENE & ASSOCIATES INC (EP076-190598/004/PQ~000)","EP076-190598/004/PQ","000","EP076-190598","","EP076-190598/004/PQ","3","","2018-08-21","","","2018-10-05","15754.00","15754.00","CAD","","","","","","","*N7110","*Office Furniture","*Meubles de bureau","","","","*GD","","","Non-competitive","Non concurrentielle","Low Dollar Value","Faible valeur","","","*Canadian Free Trade Agreement (CFTA)","*Accord de libre-échange canadien (ALEC)","","","Eberhard Von Huene & Associates Inc","Eberhard Von Huene & Associates Inc","EBERHARD VON HUENE & ASSOCIATES INC","EBERHARD VON HUENE & ASSOCIATES INC","Eberhard Von Huene & Associates Inc","Eberhard Von Huene & Associates Inc","5 to 9 employees","5 à 9 employés","370 rue Joseph Carrier","370 rue Joseph Carrier","Vaudreuil-Dorion","Vaudreuil-Dorion","Quebec","Quebec","J7V5V5","Canada","Canada","Public Works and Government Services Canada","Travaux publics et Services gouvernementaux Canada","","","","","","","","","","Public Works and Government Services Canada","Travaux publics et Services gouvernementaux Canada","GTIS AMS PRGM OFFICE","N/D","PORTAGE III 4B1<br>11 LAURIER ST,Gatineau,Quebec,K1A0S5,Canada","PORTAGE III 4B1<br>11 LAURIER ST,Gatineau,Quebec,K1A0S5,Canada","","","","","","","","","","","","","","","",""
"ABI/ADVANCED BUSINESS INTERIORS INC (EP076-200030/002/PQ~000)","ABI/ADVANCED BUSINESS INTERIORS INC (EP076-200030/002/PQ~000)","EP076-200030/002/PQ","000","EP076-200030","","EP076-200030/002/PQ","3","","2019-05-28","","","2020-05-30","336414.00","336414.00","CAD","","","","","","","*N7110","*Office Furniture","*Meubles de bureau","","","","*GD","","","Competitive - Open bidding","Concurrentielle - Invitation ouverte à soumissionner","Lowest Price","Prix le plus bas","","","*Canada-European Union Comprehensive Economic and Trade Agreement (CETA)
* Other trade agreements not listed here may apply
*Canada-Chile Free Trade Agreement (CCFTA)
*World Trade Organization Agreement on Government Procurement (WTO GPA)
*Canada-Colombia Free Trade Agreement
*Canada-Peru Free Trade Agreement (CPFTA)
*North American Free Trade Agreement (NAFTA)
*Canada-Panama Free Trade Agreement","*Accord économique et commercial global (AECG) entre le Canada et l’Union européenne (UE)
*d'autres accords commerciaux non répertoriés ici peuvent s'appliquer
*Accord de libre-échange Canada-Chili (ALECC)
*Accord sur les marchés publics de l'Organisation mondiale du commerce (AMP-OMC)
*Accord de libre-échange Canada-Colombie
*Accord de libre-échange Canada-Pérou (ALECP)
*Accord de libre-échange nord-américain (ALENA)
*Accord de libre-échange Canada-Panama","","","ABI/Advanced Business Interiors Inc.","ABI/Advanced Business Interiors Inc.","ABI/ADVANCED BUSINESS INTERIORS INC","ABI/ADVANCED BUSINESS INTERIORS INC","ABI/Advanced Business Interiors Inc.","ABI/Advanced Business Interiors Inc.","100 to 199 employees","100 à 199 employés","2355 St Laurent Blvd","2355 St Laurent Blvd","Ottawa","Ottawa","Ontario","Ontario","K1G4L2","Canada","Canada","Public Works and Government Services Canada","Travaux publics et Services gouvernementaux Canada","","","","","","","","","","Public Works and Government Services Canada","Travaux publics et Services gouvernementaux Canada","GTIS AMS PRGM OFFICE","N/D","PORTAGE III 4B1<br>11 LAURIER ST,Gatineau,Quebec,K1A0S5,Canada","PORTAGE III 4B1<br>11 LAURIER ST,Gatineau,Quebec,K1A0S5,Canada","","","","","","","","","","","","","","","",""
"ALLSEATING CORPORATION (EP076-200031/001/PQ~000)","ALLSEATING CORPORATION (EP076-200031/001/PQ~000)","EP076-200031/001/PQ","000","EP076-200031","","EP076-200031/001/PQ","2","","2019-07-24","","","2019-12-13","91040.00","91040.00","CAD","","","","","","","*N7110","*Office Furniture","*Meubles de bureau","","","","*GD","","","Competitive - Traditional","Concurrentielle - Traditionnelle","Lowest Price","Prix le plus bas","","","*Canada-European Union Comprehensive Economic and Trade Agreement (CETA)
*Canada-Peru Free Trade Agreement (CPFTA)
*Canada-Colombia Free Trade Agreement
*Canada-Chile Free Trade Agreement (CCFTA)
*North American Free Trade Agreement (NAFTA)
* Other trade agreements not listed here may apply
*Canada-Panama Free Trade Agreement
*World Trade Organization Agreement on Government Procurement (WTO GPA)","*Accord économique et commercial global (AECG) entre le Canada et l’Union européenne (UE)
*Accord de libre-échange Canada-Pérou (ALECP)
*Accord de libre-échange Canada-Colombie
*Accord de libre-échange Canada-Chili (ALECC)
*Accord de libre-échange nord-américain (ALENA)
*d'autres accords commerciaux non répertoriés ici peuvent s'appliquer
*Accord de libre-échange Canada-Panama
*Accord sur les marchés publics de l'Organisation mondiale du commerce (AMP-OMC)","","","Allseating Corporation","Allseating Corporation","ALLSEATING CORPORATION","ALLSEATING CORPORATION","Allseating Corporation","Allseating Corporation","50 to 99 employees","50 à 99 employés","5800 Avebury Road<br>Unit 3","5800 Avebury Road<br>Unit 3","Mississauga","Mississauga","Ontario","Ontario","L5R3M3","Canada","Canada","Public Works and Government Services Canada","Travaux publics et Services gouvernementaux Canada","","","","","","","","","","Public Works and Government Services Canada","Travaux publics et Services gouvernementaux Canada","GTIS AMS PRGM OFFICE","N/D","PORTAGE III 4B1<br>11 LAURIER ST,Gatineau,Quebec,K1A0S5,Canada","PORTAGE III 4B1<br>11 LAURIER ST,Gatineau,Quebec,K1A0S5,Canada","","","","","","","","","","","","","","","",""
"NITAM SOLUTIONS INC (EP076-200031/002/PQ~000)","NITAM SOLUTIONS INC (EP076-200031/002/PQ~000)","EP076-200031/002/PQ","000","EP076-200031","","EP076-200031/002/PQ","2","","2019-07-24","","","2019-12-13","55946.00","55946.00","CAD","","","","","","","*N7110","*Office Furniture","*Meubles de bureau","","","","*GD","","","Competitive - Traditional","Concurrentielle - Traditionnelle","Lowest Price","Prix le plus bas","","","*Canada-European Union Comprehensive Economic and Trade Agreement (CETA)
*North American Free Trade Agreement (NAFTA)
*Canada-Peru Free Trade Agreement (CPFTA)
*World Trade Organization Agreement on Government Procurement (WTO GPA)
*Canada-Chile Free Trade Agreement (CCFTA)
* Other trade agreements not listed here may apply
*Canada-Colombia Free Trade Agreement
*Canada-Panama Free Trade Agreement","*Accord économique et commercial global (AECG) entre le Canada et l’Union européenne (UE)
*Accord de libre-échange nord-américain (ALENA)
*Accord de libre-échange Canada-Pérou (ALECP)
*Accord sur les marchés publics de l'Organisation mondiale du commerce (AMP-OMC)
*Accord de libre-échange Canada-Chili (ALECC)
*d'autres accords commerciaux non répertoriés ici peuvent s'appliquer
*Accord de libre-échange Canada-Colombie
*Accord de libre-échange Canada-Panama","","","Nitam Solutions Inc","Nitam Solutions Inc","NITAM SOLUTIONS INC","NITAM SOLUTIONS INC","Nitam Solutions Inc","Nitam Solutions Inc","1 to 4 employees","1 à 4 employés","1125 Newmarket St,","1125 Newmarket St,","OTTAWA.","OTTAWA.","Ontario","Ontario","K1B4N4","Canada","Canada","Public Works and Government Services Canada","Travaux publics et Services gouvernementaux Canada","","","","","","","","","","Public Works and Government Services Canada","Travaux publics et Services gouvernementaux Canada","GTIS AMS PRGM OFFICE","N/D","PORTAGE III 4B1<br>11 LAURIER ST,Gatineau,Quebec,K1A0S5,Canada","PORTAGE III 4B1<br>11 LAURIER ST,Gatineau,Quebec,K1A0S5,Canada","","","","","","","","","","","","","","","",""
"ABI/ADVANCED BUSINESS INTERIORS INC (EP076-200248/001/PQ~000)","ABI/ADVANCED BUSINESS INTERIORS INC (EP076-200248/001/PQ~000)","EP076-200248/001/PQ","000","EP076-200248","","EP076-200248/001/PQ","3","","2019-09-19","","","2020-09-19","746191.00","806999.00","CAD","","","","","","","*N7110","*Office Furniture","*Meubles de bureau","","","","*GD","","","Competitive - Open bidding","Concurrentielle - Invitation ouverte à soumissionner","Lowest Price","Prix le plus bas","","","*Canada-Peru Free Trade Agreement (CPFTA)
*Canada-European Union Comprehensive Economic and Trade Agreement (CETA)
* Other trade agreements not listed here may apply
*Canada-Colombia Free Trade Agreement
*Canada-Chile Free Trade Agreement (CCFTA)
*North American Free Trade Agreement (NAFTA)
*Canada-Panama Free Trade Agreement
*World Trade Organization Agreement on Government Procurement (WTO GPA)","*Accord de libre-échange Canada-Pérou (ALECP)
*Accord économique et commercial global (AECG) entre le Canada et l’Union européenne (UE)
*d'autres accords commerciaux non répertoriés ici peuvent s'appliquer
*Accord de libre-échange Canada-Colombie
*Accord de libre-échange Canada-Chili (ALECC)
*Accord de libre-échange nord-américain (ALENA)
*Accord de libre-échange Canada-Panama
*Accord sur les marchés publics de l'Organisation mondiale du commerce (AMP-OMC)","","","ABI/Advanced Business Interiors Inc.","ABI/Advanced Business Interiors Inc.","ABI/ADVANCED BUSINESS INTERIORS INC","ABI/ADVANCED BUSINESS INTERIORS INC","ABI/Advanced Business Interiors Inc.","ABI/Advanced Business Interiors Inc.","100 to 199 employees","100 à 199 employés","2355 St Laurent Blvd","2355 St Laurent Blvd","Ottawa","Ottawa","Ontario","Ontario","K1G4L2","Canada","Canada","Public Works and Government Services Canada","Travaux publics et Services gouvernementaux Canada","","","","","","","","","","Public Works and Government Services Canada","Travaux publics et Services gouvernementaux Canada","GTIS AMS PRGM OFFICE","N/D","PORTAGE III 4B1<br>11 LAURIER ST,Gatineau,Quebec,K1A0S5,Canada","PORTAGE III 4B1<br>11 LAURIER ST,Gatineau,Quebec,K1A0S5,Canada","","","","","","","","","","","","","","","",""
"NUA OFFICE INC (EP076-200248/002/PQ~000)","NUA OFFICE INC (EP076-200248/002/PQ~000)","EP076-200248/002/PQ","000","EP076-200248","","EP076-200248/002/PQ","3","","2019-09-19","","","2020-09-19","170151.00","181022.00","CAD","","","","","","","*N7110","*Office Furniture","*Meubles de bureau","","","","*GD","","","Competitive - Open bidding","Concurrentielle - Invitation ouverte à soumissionner","Lowest Price","Prix le plus bas","","","*World Trade Organization Agreement on Government Procurement (WTO GPA)
*Canada-European Union Comprehensive Economic and Trade Agreement (CETA)
* Other trade agreements not listed here may apply
*Canada-Chile Free Trade Agreement (CCFTA)
*Canada-Colombia Free Trade Agreement
*Canada-Peru Free Trade Agreement (CPFTA)
*North American Free Trade Agreement (NAFTA)
*Canada-Panama Free Trade Agreement","*Accord sur les marchés publics de l'Organisation mondiale du commerce (AMP-OMC)
*Accord économique et commercial global (AECG) entre le Canada et l’Union européenne (UE)
*d'autres accords commerciaux non répertoriés ici peuvent s'appliquer
*Accord de libre-échange Canada-Chili (ALECC)
*Accord de libre-échange Canada-Colombie
*Accord de libre-échange Canada-Pérou (ALECP)
*Accord de libre-échange nord-américain (ALENA)
*Accord de libre-échange Canada-Panama","","","Nua Office inc.","Nua Office inc.","NUA OFFICE INC","NUA OFFICE INC","Nua Office inc.","Nua Office inc.","5 to 9 employees","5 à 9 employés","370 Joseph Carrier","370 Joseph Carrier","Vaudreuil-Dorion","Vaudreuil-Dorion","Quebec","Quebec","J7V5V5","Canada","Canada","Public Works and Government Services Canada","Travaux publics et Services gouvernementaux Canada","","","","","","","","","","Public Works and Government Services Canada","Travaux publics et Services gouvernementaux Canada","GTIS AMS PRGM OFFICE","N/D","PORTAGE III 4B1<br>11 LAURIER ST,Gatineau,Quebec,K1A0S5,Canada","PORTAGE III 4B1<br>11 LAURIER ST,Gatineau,Quebec,K1A0S5,Canada","","","","","","","","","","","","","","","",""
"TEKNION FURNITURE SYSTEMS LTD (EP076-200248/003/PQ~000)","TEKNION FURNITURE SYSTEMS LTD (EP076-200248/003/PQ~000)","EP076-200248/003/PQ","000","EP076-200248","","EP076-200248/003/PQ","2","","2019-09-19","","","2020-09-19","99012.00","102733.00","CAD","","","","","","","*N7110","*Office Furniture","*Meubles de bureau","","","","*GD","","","Competitive - Open bidding","Concurrentielle - Invitation ouverte à soumissionner","Lowest Price","Prix le plus bas","","","* Other trade agreements not listed here may apply
*Canada-Colombia Free Trade Agreement
*Canada-European Union Comprehensive Economic and Trade Agreement (CETA)
*Canada-Peru Free Trade Agreement (CPFTA)
*World Trade Organization Agreement on Government Procurement (WTO GPA)
*North American Free Trade Agreement (NAFTA)
*Canada-Chile Free Trade Agreement (CCFTA)
*Canada-Panama Free Trade Agreement","*d'autres accords commerciaux non répertoriés ici peuvent s'appliquer
*Accord de libre-échange Canada-Colombie
*Accord économique et commercial global (AECG) entre le Canada et l’Union européenne (UE)
*Accord de libre-échange Canada-Pérou (ALECP)
*Accord sur les marchés publics de l'Organisation mondiale du commerce (AMP-OMC)
*Accord de libre-échange nord-américain (ALENA)
*Accord de libre-échange Canada-Chili (ALECC)
*Accord de libre-échange Canada-Panama","","","Teknion Limited","Teknion Limited","TEKNION FURNITURE SYSTEMS LTD","TEKNION FURNITURE SYSTEMS LTD","Teknion Furniture Systems Ltd","Teknion Furniture Systems Ltd","2500 to 4999 employees","2500 à 4999 employés","1150 Flint Rd","1150 Flint Rd","Downsview","Downsview","Ontario","Ontario","M3J2J5","Canada","Canada","Public Works and Government Services Canada","Travaux publics et Services gouvernementaux Canada","","","","","","","","","","Public Works and Government Services Canada","Travaux publics et Services gouvernementaux Canada","GTIS AMS PRGM OFFICE","N/D","PORTAGE III 4B1<br>11 LAURIER ST,Gatineau,Quebec,K1A0S5,Canada","PORTAGE III 4B1<br>11 LAURIER ST,Gatineau,Quebec,K1A0S5,Canada","","","","","","","","","","","","","","","",""
"CAPITAL OFFICE INTERIORS LTD (EP076-200310/001/PQ~000)","CAPITAL OFFICE INTERIORS LTD (EP076-200310/001/PQ~000)","EP076-200310/001/PQ","000","EP076-200310","","EP076-200310/001/PQ","3","","2019-06-21","","","2020-03-31","24996.00","25166.00","CAD","","","","","","","*N7110","*Office Furniture","*Meubles de bureau","","","","*GD","","","Non-competitive","Non concurrentielle","Low Dollar Value","Faible valeur","","","*Canadian Free Trade Agreement (CFTA)","*Accord de libre-échange canadien (ALEC)","","","Capital Office Interiors Ltd","Capital Office Interiors Ltd","CAPITAL OFFICE INTERIORS LTD","CAPITAL OFFICE INTERIORS LTD","Capital Office Interiors Ltd","Capital Office Interiors Ltd","20 to 49 employees","20 à 49 employés","16 Antares Drive","16 Antares Drive","Nepean","Nepean","Ontario","Ontario","K2E7Y7","Canada","Canada","Public Works and Government Services Canada","Travaux publics et Services gouvernementaux Canada","","","","","","","","","","Public Works and Government Services Canada","Travaux publics et Services gouvernementaux Canada","GTIS AMS PRGM OFFICE","N/D","PORTAGE III 4B1<br>11 LAURIER ST,Gatineau,Quebec,K1A0S5,Canada","PORTAGE III 4B1<br>11 LAURIER ST,Gatineau,Quebec,K1A0S5,Canada","","","","","","","","","","","","","","","",""
"MCINTYRE GROUP OFFICE SERVICES INC (EP076-200598/001/PQ~000)","MCINTYRE GROUP OFFICE SERVICES INC (EP076-200598/001/PQ~000)","EP076-200598/001/PQ","000","EP076-200598","","EP076-200598/001/PQ","1","","2019-07-19","","","2020-03-31","23606.00","23606.00","CAD","","","","","","","*N7110","*Office Furniture","*Meubles de bureau","","","","*GD","","","Non-competitive","Non concurrentielle","Low Dollar Value","Faible valeur","","","*Canada-European Union Comprehensive Economic and Trade Agreement (CETA)
*Canada-Chile Free Trade Agreement (CCFTA)","*Accord économique et commercial global (AECG) entre le Canada et l’Union européenne (UE)
*Accord de libre-échange Canada-Chili (ALECC)","","","McIntyre Group Office Services Inc.","McIntyre Group Office Services Inc.","MCINTYRE GROUP OFFICE SERVICES INC","MCINTYRE GROUP OFFICE SERVICES INC","McIntyre Group Office Services Inc.","McIntyre Group Office Services Inc.","100 to 199 employees","100 à 199 employés","825 Trillium Dr","825 Trillium Dr","Kitchener","Kitchener","Ontario","Ontario","N2R1J9","Canada","Canada","Public Works and Government Services Canada","Travaux publics et Services gouvernementaux Canada","","","","","","","","","","Public Works and Government Services Canada","Travaux publics et Services gouvernementaux Canada","GTIS AMS PRGM OFFICE","N/D","PORTAGE III 4B1<br>11 LAURIER ST,Gatineau,Quebec,K1A0S5,Canada","PORTAGE III 4B1<br>11 LAURIER ST,Gatineau,Quebec,K1A0S5,Canada","","","","","","","","","","","","","","","",""
"OTTAWA BUSINESS INTERIORS (EP076-200921/001/PQ~000)","OTTAWA BUSINESS INTERIORS (EP076-200921/001/PQ~000)","EP076-200921/001/PQ","000","EP076-200921","","EP076-200921/001/PQ","3","","2019-08-22","","","2020-08-22","7174.00","7468.00","CAD","","","","","","","*N7110","*Office Furniture","*Meubles de bureau","","","","*GD","","","Non-competitive","Non concurrentielle","Low Dollar Value","Faible valeur","","","*None","*Aucun","","","Ottawa Business Interiors","Ottawa Business Interiors","OTTAWA BUSINESS INTERIORS","OTTAWA BUSINESS INTERIORS","Ottawa Business Interiors","Ottawa Business Interiors","20 to 49 employees","20 à 49 employés","183 Colonnade Road S.","183 Colonnade Road S.","Ottawa","Ottawa","Ontario","Ontario","K2E7J4","Canada","Canada","Public Works and Government Services Canada","Travaux publics et Services gouvernementaux Canada","","","","","","","","","","Public Works and Government Services Canada","Travaux publics et Services gouvernementaux Canada","GTIS AMS PRGM OFFICE","N/D","PORTAGE III 4B1<br>11 LAURIER ST,Gatineau,Quebec,K1A0S5,Canada","PORTAGE III 4B1<br>11 LAURIER ST,Gatineau,Quebec,K1A0S5,Canada","","","","","","","","","","","","","","","",""
"9160-9198 QUEBEC INC (EP076-200569/001/PQ~000)","9160-9198 QUEBEC INC (EP076-200569/001/PQ~000)","EP076-200569/001/PQ","000","EP076-200569","","EP076-200569/001/PQ","3","","2019-12-12","","","2020-03-31","24967.00","24967.00","CAD","","","","","","","*N7110","*Office Furniture","*Meubles de bureau","","","","*GD","","","Non-competitive","Non concurrentielle","Low Dollar Value","Faible valeur","","","*None","*Aucun","","","9160-9198 QUÉBEC INC.","9160-9198 QUÉBEC INC.","9160-9198 QUEBEC INC","9160-9198 QUEBEC INC","9160-9198 QUÉBEC INC.","9160-9198 QUÉBEC INC.","20 to 49 employees","20 à 49 employés","350, Belvédère Sud","350, Belvédère Sud","Sherbrooke","Sherbrooke","Quebec","Quebec","J1H4B5","Canada","Canada","Public Works and Government Services Canada","Travaux publics et Services gouvernementaux Canada","","","","","","","","","","Public Works and Government Services Canada","Travaux publics et Services gouvernementaux Canada","NCSU ND CSU #1 RPT4","USCN DN USC #1 EBI4","CONSTITUTION SQUARE BLDG<br>340 ALBERT ST 10TH FL.STE 1000,OTTAWA,Ontario,K1A0S5,Canada","CONSTITUTION SQUARE BLDG<br>340 ALBERT ST 10TH FL.STE 1000,OTTAWA,Ontario,K1A0S5,Canada","","","","","","","","","","","","","","","",""
"NITAM SOLUTIONS INC (EP076-201692/001/PQ~000)","NITAM SOLUTIONS INC (EP076-201692/001/PQ~000)","EP076-201692/001/PQ","000","EP076-201692","","EP076-201692/001/PQ","3","","2019-12-10","","","2029-12-10","119101.00","123409.00","CAD","","","","","","","*N7110","*Office Furniture","*Meubles de bureau","","","","*GD","","","Competitive - Open bidding","Concurrentielle - Invitation ouverte à soumissionner","Lowest Price","Prix le plus bas","","","*Canada-European Union Comprehensive Economic and Trade Agreement (CETA)
*Canada-Peru Free Trade Agreement (CPFTA)
*Canada-Colombia Free Trade Agreement
*Canada-Chile Free Trade Agreement (CCFTA)
*North American Free Trade Agreement (NAFTA)
* Other trade agreements not listed here may apply
*World Trade Organization Agreement on Government Procurement (WTO GPA)
*Canada-Panama Free Trade Agreement","*Accord économique et commercial global (AECG) entre le Canada et l’Union européenne (UE)
*Accord de libre-échange Canada-Pérou (ALECP)
*Accord de libre-échange Canada-Colombie
*Accord de libre-échange Canada-Chili (ALECC)
*Accord de libre-échange nord-américain (ALENA)
*d'autres accords commerciaux non répertoriés ici peuvent s'appliquer
*Accord sur les marchés publics de l'Organisation mondiale du commerce (AMP-OMC)
*Accord de libre-échange Canada-Panama","","","Nitam Solutions Inc","Nitam Solutions Inc","NITAM SOLUTIONS INC","NITAM SOLUTIONS INC","Nitam Solutions Inc","Nitam Solutions Inc","1 to 4 employees","1 à 4 employés","1125 Newmarket St,","1125 Newmarket St,","OTTAWA.","OTTAWA.","Ontario","Ontario","K1B4N4","Canada","Canada","Public Works and Government Services Canada","Travaux publics et Services gouvernementaux Canada","","","","","","","","","","Public Works and Government Services Canada","Travaux publics et Services gouvernementaux Canada","NCSU ND CSU #1 RPT4","USCN DN USC #1 EBI4","CONSTITUTION SQUARE BLDG<br>340 ALBERT ST 10TH FL.STE 1000,OTTAWA,Ontario,K1A0S5,Canada","CONSTITUTION SQUARE BLDG<br>340 ALBERT ST 10TH FL.STE 1000,OTTAWA,Ontario,K1A0S5,Canada","","","","","","","","","","","","","","","",""
"TEKNION FURNITURE SYSTEMS LTD (EP076-201692/004/PQ~000)","TEKNION FURNITURE SYSTEMS LTD (EP076-201692/004/PQ~000)","EP076-201692/004/PQ","000","EP076-201692","","EP076-201692/004/PQ","1","2023-10-25","2019-12-10","","","2029-12-10","24674.00","24674.00","CAD","","","","","","","*N7110","*Office Furniture","*Meubles de bureau","","","","*GD","","","Competitive - Open bidding","Concurrentielle - Invitation ouverte à soumissionner","Lowest Price","Prix le plus bas","","","* Other trade agreements not listed here may apply
*Canada-European Union Comprehensive Economic and Trade Agreement (CETA)
*World Trade Organization Agreement on Government Procurement (WTO GPA)
*Canada-Colombia Free Trade Agreement
*Canada-Chile Free Trade Agreement (CCFTA)
*Canada-Panama Free Trade Agreement
*Canada-Peru Free Trade Agreement (CPFTA)
*North American Free Trade Agreement (NAFTA)","*d'autres accords commerciaux non répertoriés ici peuvent s'appliquer
*Accord économique et commercial global (AECG) entre le Canada et l’Union européenne (UE)
*Accord sur les marchés publics de l'Organisation mondiale du commerce (AMP-OMC)
*Accord de libre-échange Canada-Colombie
*Accord de libre-échange Canada-Chili (ALECC)
*Accord de libre-échange Canada-Panama
*Accord de libre-échange Canada-Pérou (ALECP)
*Accord de libre-échange nord-américain (ALENA)","","","Teknion Limited","Teknion Limited","TEKNION FURNITURE SYSTEMS LTD","TEKNION FURNITURE SYSTEMS LTD","Teknion Furniture Systems Ltd","Teknion Furniture Systems Ltd","2500 to 4999 employees","2500 à 4999 employés","1150 Flint Rd","1150 Flint Rd","Downsview","Downsview","Ontario","Ontario","M3J2J5","Canada","Canada","Public Works and Government Services Canada","Travaux publics et Services gouvernementaux Canada","","","","","","","","","","Public Works and Government Services Canada","Travaux publics et Services gouvernementaux Canada","","QP SRVCS GSTN PRJTS TRVX CNTRC","140 O'Connor Street, 3rd Floor,OTTAWA,Ontario,K1P6E3,Canada","140 O'Connor Street, 3rd Floor,OTTAWA,Ontario,K1P6E3,Canada","","","","","","","","","","","","","","","",""
"ABI/ADVANCED BUSINESS INTERIORS INC (EP076-201693/001/PQ~000)","ABI/ADVANCED BUSINESS INTERIORS INC (EP076-201693/001/PQ~000)","EP076-201693/001/PQ","000","EP076-201693","","EP076-201693/001/PQ","7","","2019-12-16","","","2029-12-16","222250.00","236843.00","CAD","","","","","","","*N7110","*Office Furniture","*Meubles de bureau","","","","*GD","","","Competitive - Open bidding","Concurrentielle - Invitation ouverte à soumissionner","Lowest Price","Prix le plus bas","","","* Other trade agreements not listed here may apply
*Canada-Colombia Free Trade Agreement
*World Trade Organization Agreement on Government Procurement (WTO GPA)
*Canada-European Union Comprehensive Economic and Trade Agreement (CETA)
*Canada-Chile Free Trade Agreement (CCFTA)
*Canada-Peru Free Trade Agreement (CPFTA)
*North American Free Trade Agreement (NAFTA)
*Canada-Panama Free Trade Agreement","*d'autres accords commerciaux non répertoriés ici peuvent s'appliquer
*Accord de libre-échange Canada-Colombie
*Accord sur les marchés publics de l'Organisation mondiale du commerce (AMP-OMC)
*Accord économique et commercial global (AECG) entre le Canada et l’Union européenne (UE)
*Accord de libre-échange Canada-Chili (ALECC)
*Accord de libre-échange Canada-Pérou (ALECP)
*Accord de libre-échange nord-américain (ALENA)
*Accord de libre-échange Canada-Panama","","","ABI/Advanced Business Interiors Inc.","ABI/Advanced Business Interiors Inc.","ABI/ADVANCED BUSINESS INTERIORS INC","ABI/ADVANCED BUSINESS INTERIORS INC","ABI/Advanced Business Interiors Inc.","ABI/Advanced Business Interiors Inc.","100 to 199 employees","100 à 199 employés","2355 St Laurent Blvd","2355 St Laurent Blvd","Ottawa","Ottawa","Ontario","Ontario","K1G4L2","Canada","Canada","Public Works and Government Services Canada","Travaux publics et Services gouvernementaux Canada","","","","","","","","","","Public Works and Government Services Canada","Travaux publics et Services gouvernementaux Canada","NCSU ND CSU #1 RPT4","USCN DN USC #1 EBI4","CONSTITUTION SQUARE BLDG<br>340 ALBERT ST 10TH FL.STE 1000,OTTAWA,Ontario,K1A0S5,Canada","CONSTITUTION SQUARE BLDG<br>340 ALBERT ST 10TH FL.STE 1000,OTTAWA,Ontario,K1A0S5,Canada","","","","","","","","","","","","","","","",""
"CAPITAL OFFICE INTERIORS LTD (EP076-201797/001/PQ~000)","CAPITAL OFFICE INTERIORS LTD (EP076-201797/001/PQ~000)","EP076-201797/001/PQ","000","EP076-201797","","EP076-201797/001/PQ","1","2023-10-25","2019-12-11","","","2020-03-31","41395.00","41395.00","CAD","","","","","","","*N7110","*Office Furniture","*Meubles de bureau","","","","*GD","","","Competitive - Open bidding","Concurrentielle - Invitation ouverte à soumissionner","Lowest Price","Prix le plus bas","","","*Canadian Free Trade Agreement (CFTA)","*Accord de libre-échange canadien (ALEC)","","","Capital Office Interiors Ltd","Capital Office Interiors Ltd","CAPITAL OFFICE INTERIORS LTD","CAPITAL OFFICE INTERIORS LTD","Capital Office Interiors Ltd","Capital Office Interiors Ltd","20 to 49 employees","20 à 49 employés","16 Antares Drive","16 Antares Drive","Nepean","Nepean","Ontario","Ontario","K2E7Y7","Canada","Canada","Public Works and Government Services Canada","Travaux publics et Services gouvernementaux Canada","","","","","","","","","","Public Works and Government Services Canada","Travaux publics et Services gouvernementaux Canada","","QP SRVCS GSTN PRJTS TRVX CNTRC","140 O'Connor Street, 3rd Floor,OTTAWA,Ontario,K1P6E3,Canada","140 O'Connor Street, 3rd Floor,OTTAWA,Ontario,K1P6E3,Canada","","","","","","","","","","","","","","","",""
"LES INDUSTRIES ROUILLARD INC (EP076-201797/002/PQ~000)","LES INDUSTRIES ROUILLARD INC (EP076-201797/002/PQ~000)","EP076-201797/002/PQ","000","EP076-201797","","EP076-201797/002/PQ","1","2023-10-25","2019-12-11","","","2020-03-31","20472.00","20472.00","CAD","","","","","","","*N7110","*Office Furniture","*Meubles de bureau","","","","*GD","","","Competitive - Open bidding","Concurrentielle - Invitation ouverte à soumissionner","Lowest Price","Prix le plus bas","","","*Canadian Free Trade Agreement (CFTA)","*Accord de libre-échange canadien (ALEC)","","","LES INDUSTRIES ROUILLARD INC.","LES INDUSTRIES ROUILLARD INC.","LES INDUSTRIES ROUILLARD INC","LES INDUSTRIES ROUILLARD INC","LES INDUSTRIES ROUILLARD INC.","LES INDUSTRIES ROUILLARD INC.","50 to 99 employees","50 à 99 employés","363 boul des Chutes","363 boul des Chutes","Quebec","Quebec","Quebec","Quebec","G1E3G1","Canada","Canada","Public Works and Government Services Canada","Travaux publics et Services gouvernementaux Canada","","","","","","","","","","Public Works and Government Services Canada","Travaux publics et Services gouvernementaux Canada","","QP SRVCS GSTN PRJTS TRVX CNTRC","140 O'Connor Street, 3rd Floor,OTTAWA,Ontario,K1P6E3,Canada","140 O'Connor Street, 3rd Floor,OTTAWA,Ontario,K1P6E3,Canada","","","","","","","","","","","","","","","",""
"CAPITAL OFFICE INTERIORS LTD (EP076-201798/001/PQ~000)","CAPITAL OFFICE INTERIORS LTD (EP076-201798/001/PQ~000)","EP076-201798/001/PQ","000","EP076-201798","","EP076-201798/001/PQ","2","","2019-12-11","","","2020-03-31","81002.00","80714.00","CAD","","","","","","","*N7110","*Office Furniture","*Meubles de bureau","","","","*GD","","","Competitive - Open bidding","Concurrentielle - Invitation ouverte à soumissionner","Lowest Price","Prix le plus bas","","","*Canada-Colombia Free Trade Agreement
*Canada-Peru Free Trade Agreement (CPFTA)
*Canada-Chile Free Trade Agreement (CCFTA)
* Other trade agreements not listed here may apply
*North American Free Trade Agreement (NAFTA)
*Canada-Panama Free Trade Agreement","*Accord de libre-échange Canada-Colombie
*Accord de libre-échange Canada-Pérou (ALECP)
*Accord de libre-échange Canada-Chili (ALECC)
*d'autres accords commerciaux non répertoriés ici peuvent s'appliquer
*Accord de libre-échange nord-américain (ALENA)
*Accord de libre-échange Canada-Panama","","","Capital Office Interiors Ltd","Capital Office Interiors Ltd","CAPITAL OFFICE INTERIORS LTD","CAPITAL OFFICE INTERIORS LTD","Capital Office Interiors Ltd","Capital Office Interiors Ltd","20 to 49 employees","20 à 49 employés","16 Antares Drive","16 Antares Drive","Nepean","Nepean","Ontario","Ontario","K2E7Y7","Canada","Canada","Public Works and Government Services Canada","Travaux publics et Services gouvernementaux Canada","","","","","","","","","","Public Works and Government Services Canada","Travaux publics et Services gouvernementaux Canada","NCSU ND CSU #1 RPT4","USCN DN USC #1 EBI4","CONSTITUTION SQUARE BLDG<br>340 ALBERT ST 10TH FL.STE 1000,OTTAWA,Ontario,K1A0S5,Canada","CONSTITUTION SQUARE BLDG<br>340 ALBERT ST 10TH FL.STE 1000,OTTAWA,Ontario,K1A0S5,Canada","","","","","","","","","","","","","","","",""
"SAME (EP076-210230/001/PQ~000)","SAME (EP076-210230/001/PQ~000)","EP076-210230/001/PQ","000","EP076-210230","","EP076-210230/001/PQ","1","","2020-09-14","","","2020-11-06","50088.00","50088.00","CAD","","","","","","","*N7110","*Office Furniture","*Meubles de bureau","","","","*GD","","","Competitive - Open bidding","Concurrentielle - Invitation ouverte à soumissionner","Lowest Price","Prix le plus bas","","","* Other trade agreements not listed here may apply
*Canada-Chile Free Trade Agreement (CCFTA)
*Canada-Peru Free Trade Agreement (CPFTA)
*Canada-Colombia Free Trade Agreement
*North American Free Trade Agreement (NAFTA)
*Canada-Panama Free Trade Agreement","*d'autres accords commerciaux non répertoriés ici peuvent s'appliquer
*Accord de libre-échange Canada-Chili (ALECC)
*Accord de libre-échange Canada-Pérou (ALECP)
*Accord de libre-échange Canada-Colombie
*Accord de libre-échange nord-américain (ALENA)
*Accord de libre-échange Canada-Panama","","","Urban Workplace Inc.","Urban Workplace Inc.","SAME","SAME","Urban Workplace Inc.","Urban Workplace Inc.","10 to 19 employees","10 à 19 employés","2781 Lancaster Road,<br>Suite 303,","2781 Lancaster Road,<br>Suite 303,","Ottawa","Ottawa","Ontario","Ontario","K1B1A7","Canada","Canada","Public Works and Government Services Canada","Travaux publics et Services gouvernementaux Canada","","","","","","","","","","Public Works and Government Services Canada","Travaux publics et Services gouvernementaux Canada","GTIS AMS PRGM OFFICE","N/D","PORTAGE III 4B1<br>11 LAURIER ST,Gatineau,Quebec,K1A0S5,Canada","PORTAGE III 4B1<br>11 LAURIER ST,Gatineau,Quebec,K1A0S5,Canada","","","","","","","","","","","","","","","",""
"TEKNION FURNITURE SYSTEMS LTD (EP076-212731/001/PQ~000)","TEKNION FURNITURE SYSTEMS LTD (EP076-212731/001/PQ~000)","EP076-212731/001/PQ","000","EP076-212731","","EP076-212731/001/PQ","4","","2021-06-14","","","2031-09-15","368703.00","334423.00","CAD","","","","","","","*N7110","*Office Furniture","*Meubles de bureau","","","","*GD","","","Competitive - Open bidding","Concurrentielle - Invitation ouverte à soumissionner","Lowest Price","Prix le plus bas","","","","","","","Teknion Limited","Teknion Limited","TEKNION FURNITURE SYSTEMS LTD","TEKNION FURNITURE SYSTEMS LTD","Teknion Furniture Systems Ltd","Teknion Furniture Systems Ltd","2500 to 4999 employees","2500 à 4999 employés","1150 Flint Rd","1150 Flint Rd","Downsview","Downsview","Ontario","Ontario","M3J2J5","Canada","Canada","Public Works and Government Services Canada","Travaux publics et Services gouvernementaux Canada","","","","","","","","","","Public Works and Government Services Canada","Travaux publics et Services gouvernementaux Canada","NCSU ND CSU #1 RPT4","USCN DN USC #1 EBI4","CONSTITUTION SQUARE BLDG<br>340 ALBERT ST 10TH FL.STE 1000,OTTAWA,Ontario,K1A0S5,Canada","CONSTITUTION SQUARE BLDG<br>340 ALBERT ST 10TH FL.STE 1000,OTTAWA,Ontario,K1A0S5,Canada","","","","","","","","","","","","","","","",""
"ABI/ADVANCED BUSINESS INTERIORS INC (EP076-201692/002/PQ~000)","ABI/ADVANCED BUSINESS INTERIORS INC (EP076-201692/002/PQ~000)","EP076-201692/002/PQ","000","EP076-201692","","EP076-201692/002/PQ","1","2023-10-25","2019-12-10","","","2029-12-10","64798.00","64798.00","CAD","","","","","","","*N7110","*Office Furniture","*Meubles de bureau","","","","*GD","","","Competitive - Open bidding","Concurrentielle - Invitation ouverte à soumissionner","Lowest Price","Prix le plus bas","","","*Canada-Peru Free Trade Agreement (CPFTA)
* Other trade agreements not listed here may apply
*North American Free Trade Agreement (NAFTA)
*Canada-European Union Comprehensive Economic and Trade Agreement (CETA)
*World Trade Organization Agreement on Government Procurement (WTO GPA)
*Canada-Chile Free Trade Agreement (CCFTA)
*Canada-Colombia Free Trade Agreement
*Canada-Panama Free Trade Agreement","*Accord de libre-échange Canada-Pérou (ALECP)
*d'autres accords commerciaux non répertoriés ici peuvent s'appliquer
*Accord de libre-échange nord-américain (ALENA)
*Accord économique et commercial global (AECG) entre le Canada et l’Union européenne (UE)
*Accord sur les marchés publics de l'Organisation mondiale du commerce (AMP-OMC)
*Accord de libre-échange Canada-Chili (ALECC)
*Accord de libre-échange Canada-Colombie
*Accord de libre-échange Canada-Panama","","","ABI/Advanced Business Interiors Inc.","ABI/Advanced Business Interiors Inc.","ABI/ADVANCED BUSINESS INTERIORS INC","ABI/ADVANCED BUSINESS INTERIORS INC","ABI/Advanced Business Interiors Inc.","ABI/Advanced Business Interiors Inc.","100 to 199 employees","100 à 199 employés","2355 St Laurent Blvd","2355 St Laurent Blvd","Ottawa","Ottawa","Ontario","Ontario","K1G4L2","Canada","Canada","Public Works and Government Services Canada","Travaux publics et Services gouvernementaux Canada","","","","","","","","","","Public Works and Government Services Canada","Travaux publics et Services gouvernementaux Canada","","QP SRVCS GSTN PRJTS TRVX CNTRC","140 O'Connor Street, 3rd Floor,OTTAWA,Ontario,K1P6E3,Canada","140 O'Connor Street, 3rd Floor,OTTAWA,Ontario,K1P6E3,Canada","","","","","","","","","","","","","","","",""
"NUA OFFICE INC (EP076-201692/003/PQ~000)","NUA OFFICE INC (EP076-201692/003/PQ~000)","EP076-201692/003/PQ","000","EP076-201692","","EP076-201692/003/PQ","2","","2019-12-10","","","2029-12-10","12227.00","12340.00","CAD","","","","","","","*N7110","*Office Furniture","*Meubles de bureau","","","","*GD","","","Competitive - Open bidding","Concurrentielle - Invitation ouverte à soumissionner","Lowest Price","Prix le plus bas","","","*Canada-Peru Free Trade Agreement (CPFTA)
*North American Free Trade Agreement (NAFTA)
*Canada-European Union Comprehensive Economic and Trade Agreement (CETA)
*World Trade Organization Agreement on Government Procurement (WTO GPA)
* Other trade agreements not listed here may apply
*Canada-Chile Free Trade Agreement (CCFTA)
*Canada-Colombia Free Trade Agreement
*Canada-Panama Free Trade Agreement","*Accord de libre-échange Canada-Pérou (ALECP)
*Accord de libre-échange nord-américain (ALENA)
*Accord économique et commercial global (AECG) entre le Canada et l’Union européenne (UE)
*Accord sur les marchés publics de l'Organisation mondiale du commerce (AMP-OMC)
*d'autres accords commerciaux non répertoriés ici peuvent s'appliquer
*Accord de libre-échange Canada-Chili (ALECC)
*Accord de libre-échange Canada-Colombie
*Accord de libre-échange Canada-Panama","","","Nua Office inc.","Nua Office inc.","NUA OFFICE INC","NUA OFFICE INC","Nua Office inc.","Nua Office inc.","5 to 9 employees","5 à 9 employés","370 Joseph Carrier","370 Joseph Carrier","Vaudreuil-Dorion","Vaudreuil-Dorion","Quebec","Quebec","J7V5V5","Canada","Canada","Public Works and Government Services Canada","Travaux publics et Services gouvernementaux Canada","","","","","","","","","","Public Works and Government Services Canada","Travaux publics et Services gouvernementaux Canada","NCSU ND CSU #1 RPT4","USCN DN USC #1 EBI4","CONSTITUTION SQUARE BLDG<br>340 ALBERT ST 10TH FL.STE 1000,OTTAWA,Ontario,K1A0S5,Canada","CONSTITUTION SQUARE BLDG<br>340 ALBERT ST 10TH FL.STE 1000,OTTAWA,Ontario,K1A0S5,Canada","","","","","","","","","","","","","","","",""
"TEKNION FURNITURE SYSTEMS LTD (EP076-212731/002/PQ~000)","TEKNION FURNITURE SYSTEMS LTD (EP076-212731/002/PQ~000)","EP076-212731/002/PQ","000","EP076-212731","","EP076-212731/002/PQ","2","","2021-08-09","","","2021-11-30","713550.00","713550.00","CAD","","","","","","","*N7110","*Office Furniture","*Meubles de bureau","","","","*GD","","","Competitive - Open bidding","Concurrentielle - Invitation ouverte à soumissionner","Lowest Price","Prix le plus bas","","","","","","","Teknion Limited","Teknion Limited","TEKNION FURNITURE SYSTEMS LTD","TEKNION FURNITURE SYSTEMS LTD","Teknion Furniture Systems Ltd","Teknion Furniture Systems Ltd","2500 to 4999 employees","2500 à 4999 employés","1150 Flint Rd","1150 Flint Rd","Downsview","Downsview","Ontario","Ontario","M3J2J5","Canada","Canada","Public Works and Government Services Canada","Travaux publics et Services gouvernementaux Canada","","","","","","","","","","Public Works and Government Services Canada","Travaux publics et Services gouvernementaux Canada","NCSU ND CSU #1 RPT4","USCN DN USC #1 EBI4","CONSTITUTION SQUARE BLDG<br>340 ALBERT ST 10TH FL.STE 1000,OTTAWA,Ontario,K1A0S5,Canada","CONSTITUTION SQUARE BLDG<br>340 ALBERT ST 10TH FL.STE 1000,OTTAWA,Ontario,K1A0S5,Canada","","","","","","","","","","","","","","","",""
"ASOKAN BUSINESS INTERIORS INC (EP076-212732/001/PQ~000)","ASOKAN BUSINESS INTERIORS INC (EP076-212732/001/PQ~000)","EP076-212732/001/PQ","000","EP076-212732","","EP076-212732/001/PQ","3","","2021-06-08","","","2031-09-15","942393.00","958841.00","CAD","","","","","","","*N7110","*Office Furniture","*Meubles de bureau","","","","*GD","","","Competitive - Open bidding","Concurrentielle - Invitation ouverte à soumissionner","Lowest Price","Prix le plus bas","","","*None","*Aucun","","","ASOKAN BUSINESS INTERIORS INC.","ASOKAN BUSINESS INTERIORS INC.","ASOKAN BUSINESS INTERIORS INC","ASOKAN BUSINESS INTERIORS INC","ASOKAN BUSINESS INTERIORS INC.","ASOKAN BUSINESS INTERIORS INC.","10 to 19 employees","10 à 19 employés","25, rue Eddy<br>Suite 25","25, rue Eddy<br>Suite 25","Gatineau","Gatineau","Quebec","Quebec","J8X4B5","Canada","Canada","Public Works and Government Services Canada","Travaux publics et Services gouvernementaux Canada","","","","","","","","","","Public Works and Government Services Canada","Travaux publics et Services gouvernementaux Canada","NCSU ND CSU #1 RPT4","USCN DN USC #1 EBI4","CONSTITUTION SQUARE BLDG<br>340 ALBERT ST 10TH FL.STE 1000,OTTAWA,Ontario,K1A0S5,Canada","CONSTITUTION SQUARE BLDG<br>340 ALBERT ST 10TH FL.STE 1000,OTTAWA,Ontario,K1A0S5,Canada","","","","","","","","","","","","","","","",""
"NITAM SOLUTIONS INC (EP076-212732/002/PQ~000)","NITAM SOLUTIONS INC (EP076-212732/002/PQ~000)","EP076-212732/002/PQ","000","EP076-212732","","EP076-212732/002/PQ","3","","2021-06-08","","","2031-09-15","358888.00","436345.00","CAD","","","","","","","*N7110","*Office Furniture","*Meubles de bureau","","","","*GD","","","Competitive - Open bidding","Concurrentielle - Invitation ouverte à soumissionner","Lowest Price","Prix le plus bas","","","*None","*Aucun","","","Nitam Solutions Inc","Nitam Solutions Inc","NITAM SOLUTIONS INC","NITAM SOLUTIONS INC","Nitam Solutions Inc","Nitam Solutions Inc","1 to 4 employees","1 à 4 employés","1125 Newmarket St,","1125 Newmarket St,","OTTAWA.","OTTAWA.","Ontario","Ontario","K1B4N4","Canada","Canada","Public Works and Government Services Canada","Travaux publics et Services gouvernementaux Canada","","","","","","","","","","Public Works and Government Services Canada","Travaux publics et Services gouvernementaux Canada","NCSU ND CSU #1 RPT4","USCN DN USC #1 EBI4","CONSTITUTION SQUARE BLDG<br>340 ALBERT ST 10TH FL.STE 1000,OTTAWA,Ontario,K1A0S5,Canada","CONSTITUTION SQUARE BLDG<br>340 ALBERT ST 10TH FL.STE 1000,OTTAWA,Ontario,K1A0S5,Canada","","","","","","","","","","","","","","","",""
"TOTEM OFFISOURCE INC (EP076-212732/003/PQ~000)","TOTEM OFFISOURCE INC (EP076-212732/003/PQ~000)","EP076-212732/003/PQ","000","EP076-212732","","EP076-212732/003/PQ","2","","2021-06-08","","","2031-09-15","3212.00","3212.00","CAD","","","","","","","*N7110","*Office Furniture","*Meubles de bureau","","","","*GD","","","Competitive - Open bidding","Concurrentielle - Invitation ouverte à soumissionner","Lowest Price","Prix le plus bas","","","*None","*Aucun","","","Totem Offisource Inc.","Totem Offisource Inc.","TOTEM OFFISOURCE INC","TOTEM OFFISOURCE INC","Totem Offisource Inc.","Totem Offisource Inc.","1 to 4 employees","1 à 4 employés","1 Promenade du Portage","1 Promenade du Portage","Gatineau","Gatineau","Quebec","Quebec","J8X4B1","Canada","Canada","Public Works and Government Services Canada","Travaux publics et Services gouvernementaux Canada","","","","","","","","","","Public Works and Government Services Canada","Travaux publics et Services gouvernementaux Canada","NCSU ND CSU #1 RPT4","USCN DN USC #1 EBI4","CONSTITUTION SQUARE BLDG<br>340 ALBERT ST 10TH FL.STE 1000,OTTAWA,Ontario,K1A0S5,Canada","CONSTITUTION SQUARE BLDG<br>340 ALBERT ST 10TH FL.STE 1000,OTTAWA,Ontario,K1A0S5,Canada","","","","","","","","","","","","","","","",""
"ASOKAN BUSINESS INTERIORS INC (EP076-212733/001/PQ~000)","ASOKAN BUSINESS INTERIORS INC (EP076-212733/001/PQ~000)","EP076-212733/001/PQ","000","EP076-212733","","EP076-212733/001/PQ","3","","2021-07-13","","","2031-09-19","551582.00","551582.00","CAD","","","","","","","*N7110","*Office Furniture","*Meubles de bureau","","","","*GD","","","Competitive - Traditional","Concurrentielle - Traditionnelle","Lowest Price","Prix le plus bas","","","*Set-Aside Program for Aboriginal Business (SPAB)","*Programme des marchés réservés aux entreprises autochtones (PMREA)","","","ASOKAN BUSINESS INTERIORS INC.","ASOKAN BUSINESS INTERIORS INC.","ASOKAN BUSINESS INTERIORS INC","ASOKAN BUSINESS INTERIORS INC","ASOKAN BUSINESS INTERIORS INC.","ASOKAN BUSINESS INTERIORS INC.","10 to 19 employees","10 à 19 employés","25, rue Eddy<br>Suite 25","25, rue Eddy<br>Suite 25","Gatineau","Gatineau","Quebec","Quebec","J8X4B5","Canada","Canada","Public Works and Government Services Canada","Travaux publics et Services gouvernementaux Canada","","","","","","","","","","Public Works and Government Services Canada","Travaux publics et Services gouvernementaux Canada","NCSU ND CSU #1 RPT4","USCN DN USC #1 EBI4","CONSTITUTION SQUARE BLDG<br>340 ALBERT ST 10TH FL.STE 1000,OTTAWA,Ontario,K1A0S5,Canada","CONSTITUTION SQUARE BLDG<br>340 ALBERT ST 10TH FL.STE 1000,OTTAWA,Ontario,K1A0S5,Canada","","","","","","","","","","","","","","","",""
"CAPITAL OFFICE INTERIORS LTD (EP077-140527/001/PQ~000)","CAPITAL OFFICE INTERIORS LTD (EP077-140527/001/PQ~000)","EP077-140527/001/PQ","000","EP077-140527","","EP077-140527/001/PQ","3","","2014-02-18","","","2024-07-29","141956.00","143726.00","CAD","","","","","","","*N7110","*Office Furniture","*Meubles de bureau","","","","*GD","","","Competitive - Open bidding","Concurrentielle - Invitation ouverte à soumissionner","Lowest Price","Prix le plus bas","","","* Other trade agreements not listed here may apply
*Canada-European Union Comprehensive Economic and Trade Agreement (CETA)
*World Trade Organization Agreement on Government Procurement (WTO GPA)
*Canada-Chile Free Trade Agreement (CCFTA)
*Canada-Colombia Free Trade Agreement
*Canada-Peru Free Trade Agreement (CPFTA)
*North American Free Trade Agreement (NAFTA)
*Canada-Panama Free Trade Agreement","*d'autres accords commerciaux non répertoriés ici peuvent s'appliquer
*Accord économique et commercial global (AECG) entre le Canada et l’Union européenne (UE)
*Accord sur les marchés publics de l'Organisation mondiale du commerce (AMP-OMC)
*Accord de libre-échange Canada-Chili (ALECC)
*Accord de libre-échange Canada-Colombie
*Accord de libre-échange Canada-Pérou (ALECP)
*Accord de libre-échange nord-américain (ALENA)
*Accord de libre-échange Canada-Panama","","","Capital Office Interiors Ltd","Capital Office Interiors Ltd","CAPITAL OFFICE INTERIORS LTD","CAPITAL OFFICE INTERIORS LTD","Capital Office Interiors Ltd","Capital Office Interiors Ltd","20 to 49 employees","20 à 49 employés","16 Antares Drive","16 Antares Drive","Nepean","Nepean","Ontario","Ontario","K2E7Y7","Canada","Canada","Public Works and Government Services Canada","Travaux publics et Services gouvernementaux Canada","","","","","","","","","","Public Works and Government Services Canada","Travaux publics et Services gouvernementaux Canada","NCSU ND CSU #1 ENV","USCN DN USC #1 ENV","CONSTITUTION SQUARE BLDG<br>340 ALBERT ST 10TH FL.STE 1000,OTTAWA,Ontario,K1A0S5,Canada","CONSTITUTION SQUARE BLDG<br>340 ALBERT ST 10TH FL.STE 1000,OTTAWA,Ontario,K1A0S5,Canada","","","","","","","","","","","","","","","",""
"SAME (EP095-193231/001/PQ~000)","SAME (EP095-193231/001/PQ~000)","EP095-193231/001/PQ","000","EP095-193231","","EP095-193231/001/PQ","2","","2019-04-02","","","2019-07-02","23206.00","23206.00","CAD","","","","","","","*N7110","*Office Furniture","*Meubles de bureau","","","","*GD","","","Non-competitive","Non concurrentielle","Low Dollar Value","Faible valeur","","","*None","*Aucun","","","Urban Workplace Inc.","Urban Workplace Inc.","SAME","SAME","Urban Workplace Inc.","Urban Workplace Inc.","10 to 19 employees","10 à 19 employés","2781 Lancaster Road,<br>Suite 303,","2781 Lancaster Road,<br>Suite 303,","Ottawa","Ottawa","Ontario","Ontario","K1B1A7","Canada","Canada","Public Works and Government Services Canada","Travaux publics et Services gouvernementaux Canada","","","","","","","","","","Public Works and Government Services Canada","Travaux publics et Services gouvernementaux Canada","GTIS AMS PRGM OFFICE","N/D","PORTAGE III 4B1<br>11 LAURIER ST,Gatineau,Quebec,K1A0S5,Canada","PORTAGE III 4B1<br>11 LAURIER ST,Gatineau,Quebec,K1A0S5,Canada","","","","","","","","","","","","","","","",""
"TEKNION FURNITURE SYSTEMS LTD (EP095-210767/001/PQ~000)","TEKNION FURNITURE SYSTEMS LTD (EP095-210767/001/PQ~000)","EP095-210767/001/PQ","000","EP095-210767","","EP095-210767/001/PQ","4","","2020-11-12","","","2030-11-12","260655.00","260838.00","CAD","","","","","","","*N7110","*Office Furniture","*Meubles de bureau","","","","*GD","","","Competitive - Open bidding","Concurrentielle - Invitation ouverte à soumissionner","Lowest Price","Prix le plus bas","","","","","","","Teknion Limited","Teknion Limited","TEKNION FURNITURE SYSTEMS LTD","TEKNION FURNITURE SYSTEMS LTD","Teknion Furniture Systems Ltd","Teknion Furniture Systems Ltd","2500 to 4999 employees","2500 à 4999 employés","1150 Flint Rd","1150 Flint Rd","Downsview","Downsview","Ontario","Ontario","M3J2J5","Canada","Canada","Public Works and Government Services Canada","Travaux publics et Services gouvernementaux Canada","","","","","","","","","","Public Works and Government Services Canada","Travaux publics et Services gouvernementaux Canada","OFFICE OF INFORMATION&PRIVACY","N/D","22ND FL.TWR B<br>112 KENT ST,OTTAWA,Ontario,K1A0M3,Canada","22ND FL.TWR B<br>112 KENT ST,OTTAWA,Ontario,K1A0M3,Canada","","","","","","","","","","","","","","","",""
"TOTEM OFFISOURCE INC (EP095-210912/001/PQ~000)","TOTEM OFFISOURCE INC (EP095-210912/001/PQ~000)","EP095-210912/001/PQ","000","EP095-210912","","EP095-210912/001/PQ","5","","2020-10-06","","","2030-10-05","484082.00","499583.00","CAD","","","","","","","*N7110","*Office Furniture","*Meubles de bureau","","","","*GD","","","Competitive - Open bidding","Concurrentielle - Invitation ouverte à soumissionner","Lowest Price","Prix le plus bas","","","*Set-Aside Program for Aboriginal Business (SPAB)","*Programme des marchés réservés aux entreprises autochtones (PMREA)","","","Totem Offisource Inc.","Totem Offisource Inc.","TOTEM OFFISOURCE INC","TOTEM OFFISOURCE INC","Totem Offisource Inc.","Totem Offisource Inc.","1 to 4 employees","1 à 4 employés","1 Promenade du Portage","1 Promenade du Portage","Gatineau","Gatineau","Quebec","Quebec","J8X4B1","Canada","Canada","Public Works and Government Services Canada","Travaux publics et Services gouvernementaux Canada","","","","","","","","","","Public Works and Government Services Canada","Travaux publics et Services gouvernementaux Canada","OFFICE OF INFORMATION&PRIVACY","N/D","22ND FL.TWR B<br>112 KENT ST,OTTAWA,Ontario,K1A0M3,Canada","22ND FL.TWR B<br>112 KENT ST,OTTAWA,Ontario,K1A0M3,Canada","","","","","","","","","","","","","","","",""
"SPACESAVER SYSTEMS MARITIME (EP105-090137/001/PQ~000)","SPACESAVER SYSTEMS MARITIME (EP105-090137/001/PQ~000)","EP105-090137/001/PQ","000","EP105-090137","","EP105-090137/001/PQ","1","","2009-12-02","","","2010-01-05","74478.00","74478.00","CAD","","","","","","","*N7110","*Office Furniture","*Meubles de bureau","","","","*GD","","","Competitive - Traditional","Concurrentielle - Traditionnelle","Only One Response to Bid Solicitation","Une seule réponse à une invitation à soumissionner","","","* Other trade agreements not listed here may apply
*Canada-Peru Free Trade Agreement (CPFTA)
*Canada-Chile Free Trade Agreement (CCFTA)
*Canada-Colombia Free Trade Agreement
*North American Free Trade Agreement (NAFTA)
*Canada-Panama Free Trade Agreement","*d'autres accords commerciaux non répertoriés ici peuvent s'appliquer
*Accord de libre-échange Canada-Pérou (ALECP)
*Accord de libre-échange Canada-Chili (ALECC)
*Accord de libre-échange Canada-Colombie
*Accord de libre-échange nord-américain (ALENA)
*Accord de libre-échange Canada-Panama","","","RALPH KING","RALPH KING","SPACESAVER SYSTEMS MARITIME","SPACESAVER SYSTEMS MARITIME","SPACESAVER SYSTEMS MARITIME","SPACESAVER SYSTEMS MARITIME","1 to 4 employees","1 à 4 employés","2 Bluewater Road<br>Suite 238","2 Bluewater Road<br>Suite 238","Bedford","Bedford","Nova Scotia","Nova Scotia","B4B1G7","Canada","Canada","Public Works and Government Services Canada","Travaux publics et Services gouvernementaux Canada","","","","","","","","","","Public Works and Government Services Canada","Travaux publics et Services gouvernementaux Canada","GTIS EGS PRGM MGNT OFFICE","N/D","PORTAGE III 1A2,Gatineau,Quebec,K1A0M3,Canada","PORTAGE III 1A2,Gatineau,Quebec,K1A0M3,Canada","","","","","","","","","","","","","","","",""
"NITAM SOLUTIONS INC (EP095-210767/002/PQ~000)","NITAM SOLUTIONS INC (EP095-210767/002/PQ~000)","EP095-210767/002/PQ","000","EP095-210767","","EP095-210767/002/PQ","3","","2020-12-07","","","2031-02-23","30348.00","30348.00","CAD","","","","","","","*N7110","*Office Furniture","*Meubles de bureau","","","","*GD","","","Competitive - Traditional","Concurrentielle - Traditionnelle","Lowest Price","Prix le plus bas","","","","","","","Nitam Solutions Inc","Nitam Solutions Inc","NITAM SOLUTIONS INC","NITAM SOLUTIONS INC","Nitam Solutions Inc","Nitam Solutions Inc","1 to 4 employees","1 à 4 employés","1125 Newmarket St,","1125 Newmarket St,","OTTAWA.","OTTAWA.","Ontario","Ontario","K1B4N4","Canada","Canada","Public Works and Government Services Canada","Travaux publics et Services gouvernementaux Canada","","","","","","","","","","Public Works and Government Services Canada","Travaux publics et Services gouvernementaux Canada","OFFICE OF INFORMATION&PRIVACY","N/D","22ND FL.TWR B<br>112 KENT ST,OTTAWA,Ontario,K1A0M3,Canada","22ND FL.TWR B<br>112 KENT ST,OTTAWA,Ontario,K1A0M3,Canada","","","","","","","","","","","","","","","",""
"ABI/ADVANCED BUSINESS INTERIORS INC (EP119-192225/001/PQ~000)","ABI/ADVANCED BUSINESS INTERIORS INC (EP119-192225/001/PQ~000)","EP119-192225/001/PQ","000","EP119-192225","","EP119-192225/001/PQ","2","","2019-01-07","","","2029-03-11","67670.00","67670.00","CAD","","","","","","","*N7110","*Office Furniture","*Meubles de bureau","","","","*GD","","","Competitive - Open bidding","Concurrentielle - Invitation ouverte à soumissionner","Lowest Price","Prix le plus bas","","","* Other trade agreements not listed here may apply
*Canada-Chile Free Trade Agreement (CCFTA)
*Canada-Panama Free Trade Agreement
*Canada-Colombia Free Trade Agreement
*Canada-Peru Free Trade Agreement (CPFTA)
*North American Free Trade Agreement (NAFTA)","*d'autres accords commerciaux non répertoriés ici peuvent s'appliquer
*Accord de libre-échange Canada-Chili (ALECC)
*Accord de libre-échange Canada-Panama
*Accord de libre-échange Canada-Colombie
*Accord de libre-échange Canada-Pérou (ALECP)
*Accord de libre-échange nord-américain (ALENA)","","","ABI/Advanced Business Interiors Inc.","ABI/Advanced Business Interiors Inc.","ABI/ADVANCED BUSINESS INTERIORS INC","ABI/ADVANCED BUSINESS INTERIORS INC","ABI/Advanced Business Interiors Inc.","ABI/Advanced Business Interiors Inc.","100 to 199 employees","100 à 199 employés","2355 St Laurent Blvd","2355 St Laurent Blvd","Ottawa","Ottawa","Ontario","Ontario","K1G4L2","Canada","Canada","Public Works and Government Services Canada","Travaux publics et Services gouvernementaux Canada","","","","","","","","","","Public Works and Government Services Canada","Travaux publics et Services gouvernementaux Canada","REAL PROPERTY TEAM","EQUIPE BIENS IMMOBILIERS","LEASE PURCH&SALE LEASEBACK-NCA OPS<br>427 LAURIER AVE W, 3RD FLOOR,OTTAWA,Ontario,K1A0S5,Canada","LEASE PURCH&SALE LEASEBACK-NCA OPS<br>427 LAURIER AVE W, 3RD FLOOR,OTTAWA,Ontario,K1A0S5,Canada","","","","","","","","","","","","","","","",""
"TEKNION FURNITURE SYSTEMS LTD (EP163-201677/001/PQ~000)","TEKNION FURNITURE SYSTEMS LTD (EP163-201677/001/PQ~000)","EP163-201677/001/PQ","000","EP163-201677","","EP163-201677/001/PQ","4","","2020-01-13","","","2030-01-13","102827.00","103035.00","CAD","","","","","","","*N7110","*Office Furniture","*Meubles de bureau","","","","*GD","","","Competitive - Open bidding","Concurrentielle - Invitation ouverte à soumissionner","Lowest Price","Prix le plus bas","","","*Canada-Colombia Free Trade Agreement
* Other trade agreements not listed here may apply
*Canada-Chile Free Trade Agreement (CCFTA)
*Canada-Panama Free Trade Agreement
*Canada-Peru Free Trade Agreement (CPFTA)
*North American Free Trade Agreement (NAFTA)","*Accord de libre-échange Canada-Colombie
*d'autres accords commerciaux non répertoriés ici peuvent s'appliquer
*Accord de libre-échange Canada-Chili (ALECC)
*Accord de libre-échange Canada-Panama
*Accord de libre-échange Canada-Pérou (ALECP)
*Accord de libre-échange nord-américain (ALENA)","","","Teknion Limited","Teknion Limited","TEKNION FURNITURE SYSTEMS LTD","TEKNION FURNITURE SYSTEMS LTD","Teknion Furniture Systems Ltd","Teknion Furniture Systems Ltd","2500 to 4999 employees","2500 à 4999 employés","1150 Flint Rd","1150 Flint Rd","Downsview","Downsview","Ontario","Ontario","M3J2J5","Canada","Canada","Public Works and Government Services Canada","Travaux publics et Services gouvernementaux Canada","","","","","","","","","","Public Works and Government Services Canada","Travaux publics et Services gouvernementaux Canada","REGL DIR CLIENT SERVS UNIT 19","N/D","SUSSEX PAVILION<br>111 SUSSEX DR.,OTTAWA,Ontario,K1A0S5,Canada","SUSSEX PAVILION<br>111 SUSSEX DR.,OTTAWA,Ontario,K1A0S5,Canada","","","","","","","","","","","","","","","",""
"NUA OFFICE INC (EP163-201677/002/PQ~000)","NUA OFFICE INC (EP163-201677/002/PQ~000)","EP163-201677/002/PQ","000","EP163-201677","","EP163-201677/002/PQ","3","","2020-01-13","","","2030-01-13","15269.00","15588.00","CAD","","","","","","","*N7110","*Office Furniture","*Meubles de bureau","","","","*GD","","","Competitive - Open bidding","Concurrentielle - Invitation ouverte à soumissionner","Lowest Price","Prix le plus bas","","","* Other trade agreements not listed here may apply
*Canada-Chile Free Trade Agreement (CCFTA)
*Canada-Panama Free Trade Agreement
*Canada-Colombia Free Trade Agreement
*Canada-Peru Free Trade Agreement (CPFTA)
*North American Free Trade Agreement (NAFTA)","*d'autres accords commerciaux non répertoriés ici peuvent s'appliquer
*Accord de libre-échange Canada-Chili (ALECC)
*Accord de libre-échange Canada-Panama
*Accord de libre-échange Canada-Colombie
*Accord de libre-échange Canada-Pérou (ALECP)
*Accord de libre-échange nord-américain (ALENA)","","","Nua Office inc.","Nua Office inc.","NUA OFFICE INC","NUA OFFICE INC","Nua Office inc.","Nua Office inc.","5 to 9 employees","5 à 9 employés","370 Joseph Carrier","370 Joseph Carrier","Vaudreuil-Dorion","Vaudreuil-Dorion","Quebec","Quebec","J7V5V5","Canada","Canada","Public Works and Government Services Canada","Travaux publics et Services gouvernementaux Canada","","","","","","","","","","Public Works and Government Services Canada","Travaux publics et Services gouvernementaux Canada","REGL DIR CLIENT SERVS UNIT 19","N/D","SUSSEX PAVILION<br>111 SUSSEX DR.,OTTAWA,Ontario,K1A0S5,Canada","SUSSEX PAVILION<br>111 SUSSEX DR.,OTTAWA,Ontario,K1A0S5,Canada","","","","","","","","","","","","","","","",""
"OTTAWA BUSINESS INTERIORS (EP163-201713/001/PQ~000)","OTTAWA BUSINESS INTERIORS (EP163-201713/001/PQ~000)","EP163-201713/001/PQ","000","EP163-201713","","EP163-201713/001/PQ","2","","2019-12-17","","","2020-02-25","24997.00","24997.00","CAD","","","","","","","*N7110","*Office Furniture","*Meubles de bureau","","","","*GD","","","Non-competitive","Non concurrentielle","Low Dollar Value","Faible valeur","","","*None","*Aucun","","","Ottawa Business Interiors","Ottawa Business Interiors","OTTAWA BUSINESS INTERIORS","OTTAWA BUSINESS INTERIORS","Ottawa Business Interiors","Ottawa Business Interiors","20 to 49 employees","20 à 49 employés","183 Colonnade Road S.","183 Colonnade Road S.","Ottawa","Ottawa","Ontario","Ontario","K2E7J4","Canada","Canada","Public Works and Government Services Canada","Travaux publics et Services gouvernementaux Canada","","","","","","","","","","Public Works and Government Services Canada","Travaux publics et Services gouvernementaux Canada","REGL DIR CLIENT SERVS UNIT 19","N/D","SUSSEX PAVILION<br>111 SUSSEX DR.,OTTAWA,Ontario,K1A0S5,Canada","SUSSEX PAVILION<br>111 SUSSEX DR.,OTTAWA,Ontario,K1A0S5,Canada","","","","","","","","","","","","","","","",""
"TEKNION FURNITURE SYSTEMS LTD (EP263-172217/001/PQ~000)","TEKNION FURNITURE SYSTEMS LTD (EP263-172217/001/PQ~000)","EP263-172217/001/PQ","000","EP263-172217","","EP263-172217/001/PQ","1","","2016-12-19","","","2017-04-30","52206.00","52206.00","CAD","","","","","","","*N7110","*Office Furniture","*Meubles de bureau","","","","*GD","","","Competitive - Open bidding","Concurrentielle - Invitation ouverte à soumissionner","Lowest Price","Prix le plus bas","","","*Canada-Colombia Free Trade Agreement
*Canada-Peru Free Trade Agreement (CPFTA)
*North American Free Trade Agreement (NAFTA)
*Canada-Chile Free Trade Agreement (CCFTA)
*Canada-Panama Free Trade Agreement
* Other trade agreements not listed here may apply","*Accord de libre-échange Canada-Colombie
*Accord de libre-échange Canada-Pérou (ALECP)
*Accord de libre-échange nord-américain (ALENA)
*Accord de libre-échange Canada-Chili (ALECC)
*Accord de libre-échange Canada-Panama
*d'autres accords commerciaux non répertoriés ici peuvent s'appliquer","","","Teknion Limited","Teknion Limited","TEKNION FURNITURE SYSTEMS LTD","TEKNION FURNITURE SYSTEMS LTD","Teknion Furniture Systems Ltd","Teknion Furniture Systems Ltd","2500 to 4999 employees","2500 à 4999 employés","1150 Flint Rd","1150 Flint Rd","Downsview","Downsview","Ontario","Ontario","M3J2J5","Canada","Canada","Public Works and Government Services Canada","Travaux publics et Services gouvernementaux Canada","","","","","","","","","","Public Works and Government Services Canada","Travaux publics et Services gouvernementaux Canada","RPS CLIENT SERVS UNIT 7","N/D","180 Kent, Suite 1800,OTTAWA,Ontario,K1A0S5,Canada","180 Kent, Suite 1800,OTTAWA,Ontario,K1A0S5,Canada","","","","","","","","","","","","","","","",""
"NITAM SOLUTIONS INC (EP263-172432/001/PQ~000)","NITAM SOLUTIONS INC (EP263-172432/001/PQ~000)","EP263-172432/001/PQ","000","EP263-172432","","EP263-172432/001/PQ","1","","2017-01-16","","","2018-01-16","40398.00","40398.00","CAD","","","","","","","*N7110","*Office Furniture","*Meubles de bureau","","","","*GD","","","Competitive - Open bidding","Concurrentielle - Invitation ouverte à soumissionner","Lowest Price","Prix le plus bas","","","*Set-Aside Program for Aboriginal Business (SPAB)","*Programme des marchés réservés aux entreprises autochtones (PMREA)","","","Nitam Solutions Inc","Nitam Solutions Inc","NITAM SOLUTIONS INC","NITAM SOLUTIONS INC","Nitam Solutions Inc","Nitam Solutions Inc","1 to 4 employees","1 à 4 employés","1125 Newmarket St,","1125 Newmarket St,","OTTAWA.","OTTAWA.","Ontario","Ontario","K1B4N4","Canada","Canada","Public Works and Government Services Canada","Travaux publics et Services gouvernementaux Canada","","","","","","","","","","Public Works and Government Services Canada","Travaux publics et Services gouvernementaux Canada","RPS CLIENT SERVS UNIT 7","N/D","180 Kent, Suite 1800,OTTAWA,Ontario,K1A0S5,Canada","180 Kent, Suite 1800,OTTAWA,Ontario,K1A0S5,Canada","","","","","","","","","","","","","","","",""
"SPACESAVER MOBILE STORAGE SYSTEMS CORPORATION (EP280-092567/001/PQ~000)","SPACESAVER MOBILE STORAGE SYSTEMS CORPORATION (EP280-092567/001/PQ~000)","EP280-092567/001/PQ","000","EP280-092567","","EP280-092567/001/PQ","1","","2009-01-09","","","2019-01-09","104820.00","104820.00","CAD","","","","","","","*N7110","*Office Furniture","*Meubles de bureau","","","","*GD","","","Competitive - Traditional","Concurrentielle - Traditionnelle","Lowest Price","Prix le plus bas","","","* Other trade agreements not listed here may apply
*Canada-Chile Free Trade Agreement (CCFTA)
*Canada-Colombia Free Trade Agreement
*Canada-Peru Free Trade Agreement (CPFTA)
*North American Free Trade Agreement (NAFTA)
*Canada-Panama Free Trade Agreement","*d'autres accords commerciaux non répertoriés ici peuvent s'appliquer
*Accord de libre-échange Canada-Chili (ALECC)
*Accord de libre-échange Canada-Colombie
*Accord de libre-échange Canada-Pérou (ALECP)
*Accord de libre-échange nord-américain (ALENA)
*Accord de libre-échange Canada-Panama","","","Spacesaver Mobile Storage Systems Corporation","Spacesaver Mobile Storage Systems Corporation","SPACESAVER MOBILE STORAGE SYSTEMS CORPORATION","SPACESAVER MOBILE STORAGE SYSTEMS CORPORATION","Spacesaver Mobile Storage Systems Corporation","Spacesaver Mobile Storage Systems Corporation","20 to 49 employees","20 à 49 employés","266 King Street East","266 King Street East","Toronto","Toronto","Ontario","Ontario","M5A4L5","Canada","Canada","Public Works and Government Services Canada","Travaux publics et Services gouvernementaux Canada","","","","","","","","","","Public Works and Government Services Canada","Travaux publics et Services gouvernementaux Canada","CRA  INTEGRATED TEAM (RPTLEASE","EQUIPE INTEG REVENUE CANADA","Building Minto Place<br>180 Kent Street, Suite 1800,OTTAWA,Ontario,K1A0S5,Canada","Building Minto Place<br>180 Kent Street, Suite 1800,OTTAWA,Ontario,K1A0S5,Canada","","","","","","","","","","","","","","","",""
"TEKNION FURNITURE SYSTEMS LTD (EP454-123511/001/PQ~000)","TEKNION FURNITURE SYSTEMS LTD (EP454-123511/001/PQ~000)","EP454-123511/001/PQ","000","EP454-123511","","EP454-123511/001/PQ","2","","2012-11-09","","","2013-11-09","129388.00","129145.00","CAD","","","","","","","*N7110","*Office Furniture","*Meubles de bureau","","","","*GD","","","Competitive - Traditional","Concurrentielle - Traditionnelle","Lowest Price","Prix le plus bas","","","*Canadian Free Trade Agreement (CFTA)","*Accord de libre-échange canadien (ALEC)","","","Teknion Limited","Teknion Limited","TEKNION FURNITURE SYSTEMS LTD","TEKNION FURNITURE SYSTEMS LTD","Teknion Furniture Systems Ltd","Teknion Furniture Systems Ltd","2500 to 4999 employees","2500 à 4999 employés","1150 Flint Rd","1150 Flint Rd","Downsview","Downsview","Ontario","Ontario","M3J2J5","Canada","Canada","Public Works and Government Services Canada","Travaux publics et Services gouvernementaux Canada","","","","","","","","","","Public Works and Government Services Canada","Travaux publics et Services gouvernementaux Canada","CORPORATE ACCOMMODATION","N/D","11 Laurier Street, Floor 0A1,GATINEAU,Quebec,K1A0S5,Canada","11 Laurier Street, Floor 0A1,GATINEAU,Quebec,K1A0S5,Canada","","","","","","","","","","","","","","","",""
"BRC BUSINESS ENTERPRISES LTD (EP454-123512/001/PQ~000)","BRC BUSINESS ENTERPRISES LTD (EP454-123512/001/PQ~000)","EP454-123512/001/PQ","000","EP454-123512","","EP454-123512/001/PQ","1","2024-12-27","2012-12-14","","","2022-12-14","101115.00","101115.00","CAD","","","","","","","*N7110","*Office Furniture","*Meubles de bureau","","","","*GD","","","Competitive - Traditional","Concurrentielle - Traditionnelle","Lowest Price","Prix le plus bas","","","*Canada-Peru Free Trade Agreement (CPFTA)
*Canada-Chile Free Trade Agreement (CCFTA)
* Other trade agreements not listed here may apply
*Canada-European Union Comprehensive Economic and Trade Agreement (CETA)
*North American Free Trade Agreement (NAFTA)
*Canada-Colombia Free Trade Agreement
*World Trade Organization Agreement on Government Procurement (WTO GPA)
*Canada-Panama Free Trade Agreement","*Accord de libre-échange Canada-Pérou (ALECP)
*Accord de libre-échange Canada-Chili (ALECC)
*d'autres accords commerciaux non répertoriés ici peuvent s'appliquer
*Accord économique et commercial global (AECG) entre le Canada et l’Union européenne (UE)
*Accord de libre-échange nord-américain (ALENA)
*Accord de libre-échange Canada-Colombie
*Accord sur les marchés publics de l'Organisation mondiale du commerce (AMP-OMC)
*Accord de libre-échange Canada-Panama","","","BRC Business Enterprises Ltd","BRC Business Enterprises Ltd","BRC BUSINESS ENTERPRISES LTD","BRC BUSINESS ENTERPRISES LTD","BRC Business Enterprises Ltd","BRC Business Enterprises Ltd","20 to 49 employees","20 à 49 employés","24 Armstrong Ave.","24 Armstrong Ave.","Georgetown","Georgetown","Ontario","Ontario","L7G4R9","Canada","Canada","Public Works and Government Services Canada","Travaux publics et Services gouvernementaux Canada","","","","","","","","","","Public Works and Government Services Canada","Travaux publics et Services gouvernementaux Canada","CORPORATE ACCOMMODATION","N/D","PDPII, 165 Hôtel-de-Ville, pièce<br>C-111,GATINEAU,Quebec,J8X0A3,Canada","PDPII, 165 Hôtel-de-Ville, pièce<br>C-111,GATINEAU,Quebec,J8X0A3,Canada","","","","","","","","","","","","","","","",""
"ABI/ADVANCED BUSINESS INTERIORS INC (EP454-123513/001/PQ~000)","ABI/ADVANCED BUSINESS INTERIORS INC (EP454-123513/001/PQ~000)","EP454-123513/001/PQ","000","EP454-123513","","EP454-123513/001/PQ","1","2024-12-27","2013-01-18","","","2013-05-31","89052.00","89052.00","CAD","","","","","","","*N7110","*Office Furniture","*Meubles de bureau","","","","*GD","","","Competitive - Open bidding","Concurrentielle - Invitation ouverte à soumissionner","Lowest Price","Prix le plus bas","","","*World Trade Organization Agreement on Government Procurement (WTO GPA)
* Other trade agreements not listed here may apply
*Canada-European Union Comprehensive Economic and Trade Agreement (CETA)
*Canada-Peru Free Trade Agreement (CPFTA)
*Canada-Chile Free Trade Agreement (CCFTA)
*Canada-Colombia Free Trade Agreement
*North American Free Trade Agreement (NAFTA)
*Canada-Panama Free Trade Agreement","*Accord sur les marchés publics de l'Organisation mondiale du commerce (AMP-OMC)
*d'autres accords commerciaux non répertoriés ici peuvent s'appliquer
*Accord économique et commercial global (AECG) entre le Canada et l’Union européenne (UE)
*Accord de libre-échange Canada-Pérou (ALECP)
*Accord de libre-échange Canada-Chili (ALECC)
*Accord de libre-échange Canada-Colombie
*Accord de libre-échange nord-américain (ALENA)
*Accord de libre-échange Canada-Panama","","","ABI/Advanced Business Interiors Inc.","ABI/Advanced Business Interiors Inc.","ABI/ADVANCED BUSINESS INTERIORS INC","ABI/ADVANCED BUSINESS INTERIORS INC","ABI/Advanced Business Interiors Inc.","ABI/Advanced Business Interiors Inc.","100 to 199 employees","100 à 199 employés","2355 St Laurent Blvd","2355 St Laurent Blvd","Ottawa","Ottawa","Ontario","Ontario","K1G4L2","Canada","Canada","Public Works and Government Services Canada","Travaux publics et Services gouvernementaux Canada","","","","","","","","","","Public Works and Government Services Canada","Travaux publics et Services gouvernementaux Canada","CORPORATE ACCOMMODATION","N/D","PDPII, 165 Hôtel-de-Ville, pièce<br>C-111,GATINEAU,Quebec,J8X0A3,Canada","PDPII, 165 Hôtel-de-Ville, pièce<br>C-111,GATINEAU,Quebec,J8X0A3,Canada","","","","","","","","","","","","","","","",""
"PERFIX INC (EP454-141230/001/PQ~000)","PERFIX INC (EP454-141230/001/PQ~000)","EP454-141230/001/PQ","000","EP454-141230","","EP454-141230/001/PQ","1","2024-12-27","2013-12-03","","","2014-05-31","43218.00","43218.00","CAD","","","","","","","*N7110","*Office Furniture","*Meubles de bureau","","","","*GD","","","Competitive - Traditional","Concurrentielle - Traditionnelle","Lowest Price","Prix le plus bas","","","*Canada-Peru Free Trade Agreement (CPFTA)
*North American Free Trade Agreement (NAFTA)
*Canada-Chile Free Trade Agreement (CCFTA)
* Other trade agreements not listed here may apply
*Canada-Colombia Free Trade Agreement
*Canada-Panama Free Trade Agreement","*Accord de libre-échange Canada-Pérou (ALECP)
*Accord de libre-échange nord-américain (ALENA)
*Accord de libre-échange Canada-Chili (ALECC)
*d'autres accords commerciaux non répertoriés ici peuvent s'appliquer
*Accord de libre-échange Canada-Colombie
*Accord de libre-échange Canada-Panama","","","PERFIX INC.","PERFIX INC.","PERFIX INC","PERFIX INC","Perfix Inc.","Perfix Inc.","50 to 99 employees","50 à 99 employés","645, Boul.Curé-Boivin,#100","645, Boul.Curé-Boivin,#100","Boisbriand","Boisbriand","Quebec","Quebec","J7G2J2","Canada","Canada","Public Works and Government Services Canada","Travaux publics et Services gouvernementaux Canada","","","","","","","","","","Public Works and Government Services Canada","Travaux publics et Services gouvernementaux Canada","CORPORATE ACCOMMODATION","N/D","PDPII, 165 Hôtel-de-Ville, pièce<br>C-111,GATINEAU,Quebec,J8X0A3,Canada","PDPII, 165 Hôtel-de-Ville, pièce<br>C-111,GATINEAU,Quebec,J8X0A3,Canada","","","","","","","","","","","","","","","",""
"BRC BUSINESS ENTERPRISES LTD (EP454-141232/001/PQ~000)","BRC BUSINESS ENTERPRISES LTD (EP454-141232/001/PQ~000)","EP454-141232/001/PQ","000","EP454-141232","","EP454-141232/001/PQ","2","","2013-12-19","","","2014-12-17","58044.00","66736.00","CAD","","","","","","","*N7110","*Office Furniture","*Meubles de bureau","","","","*GD","","","Competitive - Traditional","Concurrentielle - Traditionnelle","Lowest Price","Prix le plus bas","","","*Canada-Peru Free Trade Agreement (CPFTA)
*Canada-Chile Free Trade Agreement (CCFTA)
* Other trade agreements not listed here may apply
*Canada-Colombia Free Trade Agreement
*North American Free Trade Agreement (NAFTA)
*Canada-Panama Free Trade Agreement","*Accord de libre-échange Canada-Pérou (ALECP)
*Accord de libre-échange Canada-Chili (ALECC)
*d'autres accords commerciaux non répertoriés ici peuvent s'appliquer
*Accord de libre-échange Canada-Colombie
*Accord de libre-échange nord-américain (ALENA)
*Accord de libre-échange Canada-Panama","","","BRC Business Enterprises Ltd","BRC Business Enterprises Ltd","BRC BUSINESS ENTERPRISES LTD","BRC BUSINESS ENTERPRISES LTD","BRC Business Enterprises Ltd","BRC Business Enterprises Ltd","20 to 49 employees","20 à 49 employés","24 Armstrong Ave.","24 Armstrong Ave.","Georgetown","Georgetown","Ontario","Ontario","L7G4R9","Canada","Canada","Public Works and Government Services Canada","Travaux publics et Services gouvernementaux Canada","","","","","","","","","","Public Works and Government Services Canada","Travaux publics et Services gouvernementaux Canada","CORPORATE ACCOMMODATION","N/D","11 Laurier Street, Floor 0A1,GATINEAU,Quebec,K1A0S5,Canada","11 Laurier Street, Floor 0A1,GATINEAU,Quebec,K1A0S5,Canada","","","","","","","","","","","","","","","",""
"TEKNION FURNITURE SYSTEMS LTD (EP168-110786/001/PQ~000)","TEKNION FURNITURE SYSTEMS LTD (EP168-110786/001/PQ~000)","EP168-110786/001/PQ","000","EP168-110786","","EP168-110786/001/PQ","2","","2010-11-25","","","2012-12-31","6645000.00","6645000.00","CAD","","","","","","","*N7110","*Office Furniture","*Meubles de bureau","","","","*GD","","","Competitive - Open bidding","Concurrentielle - Invitation ouverte à soumissionner","Lowest Price","Prix le plus bas","","","*Canada-Chile Free Trade Agreement (CCFTA)
*Canada-European Union Comprehensive Economic and Trade Agreement (CETA)
* Other trade agreements not listed here may apply
*North American Free Trade Agreement (NAFTA)
*World Trade Organization Agreement on Government Procurement (WTO GPA)
*Canada-Colombia Free Trade Agreement
*Canada-Panama Free Trade Agreement
*Canada-Peru Free Trade Agreement (CPFTA)","*Accord de libre-échange Canada-Chili (ALECC)
*Accord économique et commercial global (AECG) entre le Canada et l’Union européenne (UE)
*d'autres accords commerciaux non répertoriés ici peuvent s'appliquer
*Accord de libre-échange nord-américain (ALENA)
*Accord sur les marchés publics de l'Organisation mondiale du commerce (AMP-OMC)
*Accord de libre-échange Canada-Colombie
*Accord de libre-échange Canada-Panama
*Accord de libre-échange Canada-Pérou (ALECP)","","","Teknion Furniture Systems Limited","Teknion Furniture Systems Limited","TEKNION FURNITURE SYSTEMS LTD","TEKNION FURNITURE SYSTEMS LTD","Teknion Furniture Systems Limited","Teknion Furniture Systems Limited","500 to 999 employees","500  à  999 employés","1150 Flint Rd","1150 Flint Rd","Toronto","Toronto","Ontario","Ontario","M3J2J5","Canada","Canada","Public Works and Government Services Canada","Travaux publics et Services gouvernementaux Canada","","","","","","","","","","Public Works and Government Services Canada","Travaux publics et Services gouvernementaux Canada","RPS A&ES BLDGS DIRECTORATE","N/D","PORTAGE III 8A2<br>11 LAURIER ST,Gatineau,Quebec,K1A0S5,Canada","PORTAGE III 8A2<br>11 LAURIER ST,Gatineau,Quebec,K1A0S5,Canada","","","","","","","","","","","","","","","",""
"ABI/ADVANCED BUSINESS INTERIORS INC (EP454-170842/001/PQ~000)","ABI/ADVANCED BUSINESS INTERIORS INC (EP454-170842/001/PQ~000)","EP454-170842/001/PQ","000","EP454-170842","","EP454-170842/001/PQ","2","","2016-08-11","","","2017-11-08","245577.00","250374.00","CAD","","","","","","","*N7110","*Office Furniture","*Meubles de bureau","","","","*GD","","","Competitive - Open bidding","Concurrentielle - Invitation ouverte à soumissionner","Lowest Price","Prix le plus bas","","","*Canada-Chile Free Trade Agreement (CCFTA)
* Other trade agreements not listed here may apply
*Canada-Colombia Free Trade Agreement
*Canada-Peru Free Trade Agreement (CPFTA)
*Canada-Panama Free Trade Agreement
*North American Free Trade Agreement (NAFTA)","*Accord de libre-échange Canada-Chili (ALECC)
*d'autres accords commerciaux non répertoriés ici peuvent s'appliquer
*Accord de libre-échange Canada-Colombie
*Accord de libre-échange Canada-Pérou (ALECP)
*Accord de libre-échange Canada-Panama
*Accord de libre-échange nord-américain (ALENA)","","","ABI/Advanced Business Interiors Inc.","ABI/Advanced Business Interiors Inc.","ABI/ADVANCED BUSINESS INTERIORS INC","ABI/ADVANCED BUSINESS INTERIORS INC","ABI/Advanced Business Interiors Inc.","ABI/Advanced Business Interiors Inc.","100 to 199 employees","100 à 199 employés","2355 St Laurent Blvd","2355 St Laurent Blvd","Ottawa","Ottawa","Ontario","Ontario","K1G4L2","Canada","Canada","Public Works and Government Services Canada","Travaux publics et Services gouvernementaux Canada","","","","","","","","","","Public Works and Government Services Canada","Travaux publics et Services gouvernementaux Canada","CORPORATE ACCOMMODATION","N/D","11 Laurier Street, Floor 0A1,GATINEAU,Quebec,K1A0S5,Canada","11 Laurier Street, Floor 0A1,GATINEAU,Quebec,K1A0S5,Canada","","","","","","","","","","","","","","","",""
"GRAND & TOY LTD (EP549-202200/001/HAL~000)","GRAND & TOY LTD (EP549-202200/001/HAL~000)","EP549-202200/001/HAL","000","EP549-202200","","EP549-202200/001/HAL","1","","2020-01-23","","","2020-04-30","103032.00","103032.00","CAD","","","","","","","*N7110","*Office Furniture","*Meubles de bureau","","","","*GD","","","Competitive - Open bidding","Concurrentielle - Invitation ouverte à soumissionner","Lowest Price","Prix le plus bas","","","*Canada-European Union Comprehensive Economic and Trade Agreement (CETA)
*Canada-Peru Free Trade Agreement (CPFTA)
*Canada-Colombia Free Trade Agreement
* Other trade agreements not listed here may apply
*Canada-Chile Free Trade Agreement (CCFTA)
*North American Free Trade Agreement (NAFTA)
*Canada-Panama Free Trade Agreement
*World Trade Organization Agreement on Government Procurement (WTO GPA)","*Accord économique et commercial global (AECG) entre le Canada et l’Union européenne (UE)
*Accord de libre-échange Canada-Pérou (ALECP)
*Accord de libre-échange Canada-Colombie
*d'autres accords commerciaux non répertoriés ici peuvent s'appliquer
*Accord de libre-échange Canada-Chili (ALECC)
*Accord de libre-échange nord-américain (ALENA)
*Accord de libre-échange Canada-Panama
*Accord sur les marchés publics de l'Organisation mondiale du commerce (AMP-OMC)","","","Grand & Toy Limited","Grand & Toy Limited","GRAND & TOY LTD","GRAND & TOY LTD","Grand & Toy Limited","Grand & Toy Limited","1500 to 2499 employees","1500 à 2499 employés","200 Aviva Park Drive","200 Aviva Park Drive","Vaughan","Vaughan","Ontario","Ontario","L4L9C7","Canada","Canada","Public Works and Government Services Canada","Travaux publics et Services gouvernementaux Canada","","","","","","","","","","Public Works and Government Services Canada","Travaux publics et Services gouvernementaux Canada","SERVICE MGMT & SECTOR PLANNING","GEST SERV PLANIFICATION SEC","PDP I, C117<br>50 RUE VICTOIRA,GATINEAU,Quebec,K1A0S5,Canada","PDP I, C117<br>50 RUE VICTOIRA,GATINEAU,Quebec,K1A0S5,Canada","","","","","","","","","","","","","","","",""
"ATLANTIC BUSINESS SYSTEMS INC (EP549-202200/002/HAL~000)","ATLANTIC BUSINESS SYSTEMS INC (EP549-202200/002/HAL~000)","EP549-202200/002/HAL","000","EP549-202200","","EP549-202200/002/HAL","1","","2020-01-24","","","2020-03-31","12892.00","12892.00","CAD","","","","","","","*N7110","*Office Furniture","*Meubles de bureau","","","","*GD","","","Competitive - Open bidding","Concurrentielle - Invitation ouverte à soumissionner","Lowest Price","Prix le plus bas","","","* Other trade agreements not listed here may apply
*Canada-Peru Free Trade Agreement (CPFTA)
*World Trade Organization Agreement on Government Procurement (WTO GPA)
*Canada-European Union Comprehensive Economic and Trade Agreement (CETA)
*Canada-Chile Free Trade Agreement (CCFTA)
*Canada-Colombia Free Trade Agreement
*North American Free Trade Agreement (NAFTA)
*Canada-Panama Free Trade Agreement","*d'autres accords commerciaux non répertoriés ici peuvent s'appliquer
*Accord de libre-échange Canada-Pérou (ALECP)
*Accord sur les marchés publics de l'Organisation mondiale du commerce (AMP-OMC)
*Accord économique et commercial global (AECG) entre le Canada et l’Union européenne (UE)
*Accord de libre-échange Canada-Chili (ALECC)
*Accord de libre-échange Canada-Colombie
*Accord de libre-échange nord-américain (ALENA)
*Accord de libre-échange Canada-Panama","","","Atlantic Business Systems Inc.","Atlantic Business Systems Inc.","ATLANTIC BUSINESS SYSTEMS INC","ATLANTIC BUSINESS SYSTEMS INC","Atlantic Business Systems Inc.","Atlantic Business Systems Inc.","1 to 4 employees","1 à 4 employés","923 Prospect Street","923 Prospect Street","Fredericton","Fredericton","New Brunswick","New Brunswick","E3B2T7","Canada","Canada","Public Works and Government Services Canada","Travaux publics et Services gouvernementaux Canada","","","","","","","","","","Public Works and Government Services Canada","Travaux publics et Services gouvernementaux Canada","SERVICE MGMT & SECTOR PLANNING","GEST SERV PLANIFICATION SEC","PDP I, C117<br>50 RUE VICTOIRA,GATINEAU,Quebec,K1A0S5,Canada","PDP I, C117<br>50 RUE VICTOIRA,GATINEAU,Quebec,K1A0S5,Canada","","","","","","","","","","","","","","","",""
"GLOBAL UPHOLSTERY CO INC ON BEHALF OF GLOBAL TOTAL OFFICE LP (EP454-201568/001/PQ~000)","GLOBAL UPHOLSTERY CO INC ON BEHALF OF GLOBAL TOTAL OFFICE LP (EP454-201568/001/PQ~000)","EP454-201568/001/PQ","000","EP454-201568","","EP454-201568/001/PQ","2","","2019-12-11","","","2020-03-31","30133.00","24652.00","CAD","","","","","","","*N7110","*Office Furniture","*Meubles de bureau","","","","*GD","","","Competitive - Open bidding","Concurrentielle - Invitation ouverte à soumissionner","Lowest Price","Prix le plus bas","","","*Canada-Peru Free Trade Agreement (CPFTA)
*Canada-Chile Free Trade Agreement (CCFTA)
* Other trade agreements not listed here may apply
*North American Free Trade Agreement (NAFTA)
*Canada-Colombia Free Trade Agreement
*Canada-Panama Free Trade Agreement","*Accord de libre-échange Canada-Pérou (ALECP)
*Accord de libre-échange Canada-Chili (ALECC)
*d'autres accords commerciaux non répertoriés ici peuvent s'appliquer
*Accord de libre-échange nord-américain (ALENA)
*Accord de libre-échange Canada-Colombie
*Accord de libre-échange Canada-Panama","","","Global Total Office","Global Total Office","GLOBAL UPHOLSTERY CO INC ON BEHALF OF GLOBAL TOTAL OFFICE LP","GLOBAL UPHOLSTERY CO INC ON BEHALF OF GLOBAL TOTAL OFFICE LP","Global Upholstery Co. Inc. on behalf of Global Total Office LP","Global Upholstery Co. Inc. on behalf of Global Total Office LP","500 to 999 employees","500  à  999 employés","1350 Flint Road","1350 Flint Road","Toronto","Toronto","Ontario","Ontario","M3J2J7","Canada","Canada","Public Works and Government Services Canada","Travaux publics et Services gouvernementaux Canada","","","","","","","","","","Public Works and Government Services Canada","Travaux publics et Services gouvernementaux Canada","GTIS AMS PRGM OFFICE","N/D","PORTAGE III 4B1<br>11 LAURIER ST,Gatineau,Quebec,K1A0S5,Canada","PORTAGE III 4B1<br>11 LAURIER ST,Gatineau,Quebec,K1A0S5,Canada","","","","","","","","","","","","","","","",""
"KNOLL (EP707-122395/001/VAN~000)","KNOLL (EP707-122395/001/VAN~000)","EP707-122395/001/VAN","000","EP707-122395","","EP707-122395/001/VAN","1","","2011-12-20","","","2012-03-30","1572929.00","1572929.00","CAD","","","","","","","*N7110","*Office Furniture","*Meubles de bureau","","","","*GD","","","Competitive - Open bidding","Concurrentielle - Invitation ouverte à soumissionner","Highest Combined Rating of Technical Merit and Price","Cote combinée la plus élevée pour le mérite technique et le prix","","","* Other trade agreements not listed here may apply
*Canada-Colombia Free Trade Agreement
*Canada-European Union Comprehensive Economic and Trade Agreement (CETA)
*Canada-Peru Free Trade Agreement (CPFTA)
*World Trade Organization Agreement on Government Procurement (WTO GPA)
*North American Free Trade Agreement (NAFTA)
*Canada-Chile Free Trade Agreement (CCFTA)
*Canada-Panama Free Trade Agreement","*d'autres accords commerciaux non répertoriés ici peuvent s'appliquer
*Accord de libre-échange Canada-Colombie
*Accord économique et commercial global (AECG) entre le Canada et l’Union européenne (UE)
*Accord de libre-échange Canada-Pérou (ALECP)
*Accord sur les marchés publics de l'Organisation mondiale du commerce (AMP-OMC)
*Accord de libre-échange nord-américain (ALENA)
*Accord de libre-échange Canada-Chili (ALECC)
*Accord de libre-échange Canada-Panama","","","Knoll North America Corp.","Knoll North America Corp.","KNOLL","KNOLL","Knoll","Knoll","1000 to 1499 employees","1000 à 1499 employés","109 Atlantic Avenue<br>Suite 200","109 Atlantic Avenue<br>Suite 200","Toronto","Toronto","Ontario","Ontario","M6K1X4","Canada","Canada","Public Works and Government Services Canada","Travaux publics et Services gouvernementaux Canada","","","","","","","","","","Public Works and Government Services Canada","Travaux publics et Services gouvernementaux Canada","RCMP RELOCATION PRJCT","PRJT RELOCALISATION GRC","219-800 BURRARD ST,VANCOUVER,British Columbia,V6Z0B9,Canada","219-800 BURRARD ST,VANCOUVER,British Columbia,V6Z0B9,Canada","","","","","","","","","","","","","","","",""
"KNOLL (EP707-122494/001/VAN~000)","KNOLL (EP707-122494/001/VAN~000)","EP707-122494/001/VAN","000","EP707-122494","","EP707-122494/001/VAN","1","","2011-12-22","","","2012-03-30","70652.00","70652.00","CAD","","","","","","","*N7110","*Office Furniture","*Meubles de bureau","","","","*GD","","","Competitive - Open bidding","Concurrentielle - Invitation ouverte à soumissionner","Highest Combined Rating of Technical Merit and Price","Cote combinée la plus élevée pour le mérite technique et le prix","","","* Other trade agreements not listed here may apply
*Canada-Chile Free Trade Agreement (CCFTA)
*Canada-European Union Comprehensive Economic and Trade Agreement (CETA)
*Canada-Peru Free Trade Agreement (CPFTA)
*World Trade Organization Agreement on Government Procurement (WTO GPA)
*North American Free Trade Agreement (NAFTA)
*Canada-Colombia Free Trade Agreement
*Canada-Panama Free Trade Agreement","*d'autres accords commerciaux non répertoriés ici peuvent s'appliquer
*Accord de libre-échange Canada-Chili (ALECC)
*Accord économique et commercial global (AECG) entre le Canada et l’Union européenne (UE)
*Accord de libre-échange Canada-Pérou (ALECP)
*Accord sur les marchés publics de l'Organisation mondiale du commerce (AMP-OMC)
*Accord de libre-échange nord-américain (ALENA)
*Accord de libre-échange Canada-Colombie
*Accord de libre-échange Canada-Panama","","","Knoll North America Corp.","Knoll North America Corp.","KNOLL","KNOLL","Knoll","Knoll","1000 to 1499 employees","1000 à 1499 employés","109 Atlantic Avenue<br>Suite 200","109 Atlantic Avenue<br>Suite 200","Toronto","Toronto","Ontario","Ontario","M6K1X4","Canada","Canada","Public Works and Government Services Canada","Travaux publics et Services gouvernementaux Canada","","","","","","","","","","Public Works and Government Services Canada","Travaux publics et Services gouvernementaux Canada","RCMP RELOCATION PRJCT","PRJT RELOCALISATION GRC","219-800 BURRARD ST,VANCOUVER,British Columbia,V6Z0B9,Canada","219-800 BURRARD ST,VANCOUVER,British Columbia,V6Z0B9,Canada","","","","","","","","","","","","","","","",""
"KNOLL (EP707-122781/001/VAN~000)","KNOLL (EP707-122781/001/VAN~000)","EP707-122781/001/VAN","000","EP707-122781","","EP707-122781/001/VAN","2","","2012-01-31","","","2012-03-30","88127.00","66433.00","CAD","","","","","","","*N7110","*Office Furniture","*Meubles de bureau","","","","*GD","","","Competitive - Open bidding","Concurrentielle - Invitation ouverte à soumissionner","Highest Combined Rating of Technical Merit and Price","Cote combinée la plus élevée pour le mérite technique et le prix","","","*Canada-Peru Free Trade Agreement (CPFTA)
*Canada-Chile Free Trade Agreement (CCFTA)
* Other trade agreements not listed here may apply
*Canada-European Union Comprehensive Economic and Trade Agreement (CETA)
*North American Free Trade Agreement (NAFTA)
*Canada-Colombia Free Trade Agreement
*World Trade Organization Agreement on Government Procurement (WTO GPA)
*Canada-Panama Free Trade Agreement","*Accord de libre-échange Canada-Pérou (ALECP)
*Accord de libre-échange Canada-Chili (ALECC)
*d'autres accords commerciaux non répertoriés ici peuvent s'appliquer
*Accord économique et commercial global (AECG) entre le Canada et l’Union européenne (UE)
*Accord de libre-échange nord-américain (ALENA)
*Accord de libre-échange Canada-Colombie
*Accord sur les marchés publics de l'Organisation mondiale du commerce (AMP-OMC)
*Accord de libre-échange Canada-Panama","","","Knoll North America Corp.","Knoll North America Corp.","KNOLL","KNOLL","Knoll","Knoll","1000 to 1499 employees","1000 à 1499 employés","109 Atlantic Avenue<br>Suite 200","109 Atlantic Avenue<br>Suite 200","Toronto","Toronto","Ontario","Ontario","M6K1X4","Canada","Canada","Public Works and Government Services Canada","Travaux publics et Services gouvernementaux Canada","","","","","","","","","","Public Works and Government Services Canada","Travaux publics et Services gouvernementaux Canada","RCMP RELOCATION PRJCT","PRJT RELOCALISATION GRC","219-800 BURRARD ST,VANCOUVER,British Columbia,V6Z0B9,Canada","219-800 BURRARD ST,VANCOUVER,British Columbia,V6Z0B9,Canada","","","","","","","","","","","","","","","",""
"TEKNION FURNITURE SYSTEMS LTD (EP707-122782/001/VAN~000)","TEKNION FURNITURE SYSTEMS LTD (EP707-122782/001/VAN~000)","EP707-122782/001/VAN","000","EP707-122782","","EP707-122782/001/VAN","1","","2012-02-02","","","2012-03-30","149990.00","149990.00","CAD","","","","","","","*N7110","*Office Furniture","*Meubles de bureau","","","","*GD","","","Competitive - Open bidding","Concurrentielle - Invitation ouverte à soumissionner","Highest Combined Rating of Technical Merit and Price","Cote combinée la plus élevée pour le mérite technique et le prix","","","*Canada-European Union Comprehensive Economic and Trade Agreement (CETA)
*Canada-Peru Free Trade Agreement (CPFTA)
*Canada-Colombia Free Trade Agreement
* Other trade agreements not listed here may apply
*Canada-Chile Free Trade Agreement (CCFTA)
*North American Free Trade Agreement (NAFTA)
*Canada-Panama Free Trade Agreement
*World Trade Organization Agreement on Government Procurement (WTO GPA)","*Accord économique et commercial global (AECG) entre le Canada et l’Union européenne (UE)
*Accord de libre-échange Canada-Pérou (ALECP)
*Accord de libre-échange Canada-Colombie
*d'autres accords commerciaux non répertoriés ici peuvent s'appliquer
*Accord de libre-échange Canada-Chili (ALECC)
*Accord de libre-échange nord-américain (ALENA)
*Accord de libre-échange Canada-Panama
*Accord sur les marchés publics de l'Organisation mondiale du commerce (AMP-OMC)","","","Teknion Limited","Teknion Limited","TEKNION FURNITURE SYSTEMS LTD","TEKNION FURNITURE SYSTEMS LTD","Teknion Furniture Systems Ltd","Teknion Furniture Systems Ltd","2500 to 4999 employees","2500 à 4999 employés","1150 Flint Rd","1150 Flint Rd","Downsview","Downsview","Ontario","Ontario","M3J2J5","Canada","Canada","Public Works and Government Services Canada","Travaux publics et Services gouvernementaux Canada","","","","","","","","","","Public Works and Government Services Canada","Travaux publics et Services gouvernementaux Canada","RCMP RELOCATION PRJCT","PRJT RELOCALISATION GRC","219-800 BURRARD ST,VANCOUVER,British Columbia,V6Z0B9,Canada","219-800 BURRARD ST,VANCOUVER,British Columbia,V6Z0B9,Canada","","","","","","","","","","","","","","","",""
"KNOLL (EP707-122791/001/VAN~000)","KNOLL (EP707-122791/001/VAN~000)","EP707-122791/001/VAN","000","EP707-122791","","EP707-122791/001/VAN","1","","2012-01-31","","","2012-03-30","43848.00","43848.00","CAD","","","","","","","*N7110","*Office Furniture","*Meubles de bureau","","","","*GD","","","Competitive - Open bidding","Concurrentielle - Invitation ouverte à soumissionner","Highest Combined Rating of Technical Merit and Price","Cote combinée la plus élevée pour le mérite technique et le prix","","","*Canada-Chile Free Trade Agreement (CCFTA)
*Canada-Peru Free Trade Agreement (CPFTA)
*Canada-Colombia Free Trade Agreement
* Other trade agreements not listed here may apply
*North American Free Trade Agreement (NAFTA)
*Canada-Panama Free Trade Agreement","*Accord de libre-échange Canada-Chili (ALECC)
*Accord de libre-échange Canada-Pérou (ALECP)
*Accord de libre-échange Canada-Colombie
*d'autres accords commerciaux non répertoriés ici peuvent s'appliquer
*Accord de libre-échange nord-américain (ALENA)
*Accord de libre-échange Canada-Panama","","","Knoll North America Corp.","Knoll North America Corp.","KNOLL","KNOLL","Knoll","Knoll","1000 to 1499 employees","1000 à 1499 employés","109 Atlantic Avenue<br>Suite 200","109 Atlantic Avenue<br>Suite 200","Toronto","Toronto","Ontario","Ontario","M6K1X4","Canada","Canada","Public Works and Government Services Canada","Travaux publics et Services gouvernementaux Canada","","","","","","","","","","Public Works and Government Services Canada","Travaux publics et Services gouvernementaux Canada","RCMP RELOCATION PRJCT","PRJT RELOCALISATION GRC","219-800 BURRARD ST,VANCOUVER,British Columbia,V6Z0B9,Canada","219-800 BURRARD ST,VANCOUVER,British Columbia,V6Z0B9,Canada","","","","","","","","","","","","","","","",""
"KNOLL (EP707-122792/001/VAN~000)","KNOLL (EP707-122792/001/VAN~000)","EP707-122792/001/VAN","000","EP707-122792","","EP707-122792/001/VAN","1","","2012-01-30","","","2012-03-30","44818.00","44818.00","CAD","","","","","","","*N7110","*Office Furniture","*Meubles de bureau","","","","*GD","","","Competitive - Open bidding","Concurrentielle - Invitation ouverte à soumissionner","Highest Combined Rating of Technical Merit and Price","Cote combinée la plus élevée pour le mérite technique et le prix","","","* Other trade agreements not listed here may apply
*Canada-European Union Comprehensive Economic and Trade Agreement (CETA)
*World Trade Organization Agreement on Government Procurement (WTO GPA)
*Canada-Chile Free Trade Agreement (CCFTA)
*Canada-Colombia Free Trade Agreement
*Canada-Peru Free Trade Agreement (CPFTA)
*North American Free Trade Agreement (NAFTA)
*Canada-Panama Free Trade Agreement","*d'autres accords commerciaux non répertoriés ici peuvent s'appliquer
*Accord économique et commercial global (AECG) entre le Canada et l’Union européenne (UE)
*Accord sur les marchés publics de l'Organisation mondiale du commerce (AMP-OMC)
*Accord de libre-échange Canada-Chili (ALECC)
*Accord de libre-échange Canada-Colombie
*Accord de libre-échange Canada-Pérou (ALECP)
*Accord de libre-échange nord-américain (ALENA)
*Accord de libre-échange Canada-Panama","","","Knoll North America Corp.","Knoll North America Corp.","KNOLL","KNOLL","Knoll","Knoll","1000 to 1499 employees","1000 à 1499 employés","109 Atlantic Avenue<br>Suite 200","109 Atlantic Avenue<br>Suite 200","Toronto","Toronto","Ontario","Ontario","M6K1X4","Canada","Canada","Public Works and Government Services Canada","Travaux publics et Services gouvernementaux Canada","","","","","","","","","","Public Works and Government Services Canada","Travaux publics et Services gouvernementaux Canada","RCMP RELOCATION PRJCT","PRJT RELOCALISATION GRC","219-800 BURRARD ST,VANCOUVER,British Columbia,V6Z0B9,Canada","219-800 BURRARD ST,VANCOUVER,British Columbia,V6Z0B9,Canada","","","","","","","","","","","","","","","",""
"KNOLL (EP707-122821/001/VAN~000)","KNOLL (EP707-122821/001/VAN~000)","EP707-122821/001/VAN","000","EP707-122821","","EP707-122821/001/VAN","1","","2012-02-02","","","2012-03-30","50097.00","50097.00","CAD","","","","","","","*N7110","*Office Furniture","*Meubles de bureau","","","","*GD","","","Competitive - Open bidding","Concurrentielle - Invitation ouverte à soumissionner","Highest Combined Rating of Technical Merit and Price","Cote combinée la plus élevée pour le mérite technique et le prix","","","* Other trade agreements not listed here may apply
*Canada-Colombia Free Trade Agreement
*Canada-Chile Free Trade Agreement (CCFTA)
*Canada-European Union Comprehensive Economic and Trade Agreement (CETA)
*World Trade Organization Agreement on Government Procurement (WTO GPA)
*Canada-Peru Free Trade Agreement (CPFTA)
*North American Free Trade Agreement (NAFTA)
*Canada-Panama Free Trade Agreement","*d'autres accords commerciaux non répertoriés ici peuvent s'appliquer
*Accord de libre-échange Canada-Colombie
*Accord de libre-échange Canada-Chili (ALECC)
*Accord économique et commercial global (AECG) entre le Canada et l’Union européenne (UE)
*Accord sur les marchés publics de l'Organisation mondiale du commerce (AMP-OMC)
*Accord de libre-échange Canada-Pérou (ALECP)
*Accord de libre-échange nord-américain (ALENA)
*Accord de libre-échange Canada-Panama","","","Knoll North America Corp.","Knoll North America Corp.","KNOLL","KNOLL","Knoll","Knoll","1000 to 1499 employees","1000 à 1499 employés","109 Atlantic Avenue<br>Suite 200","109 Atlantic Avenue<br>Suite 200","Toronto","Toronto","Ontario","Ontario","M6K1X4","Canada","Canada","Public Works and Government Services Canada","Travaux publics et Services gouvernementaux Canada","","","","","","","","","","Public Works and Government Services Canada","Travaux publics et Services gouvernementaux Canada","RCMP RELOCATION PRJCT","PRJT RELOCALISATION GRC","219-800 BURRARD ST,VANCOUVER,British Columbia,V6Z0B9,Canada","219-800 BURRARD ST,VANCOUVER,British Columbia,V6Z0B9,Canada","","","","","","","","","","","","","","","",""
"KNOLL (EP707-122822/001/VAN~000)","KNOLL (EP707-122822/001/VAN~000)","EP707-122822/001/VAN","000","EP707-122822","","EP707-122822/001/VAN","1","","2012-02-02","","","2012-03-30","503472.00","503472.00","CAD","","","","","","","*N7110","*Office Furniture","*Meubles de bureau","","","","*GD","","","Competitive - Open bidding","Concurrentielle - Invitation ouverte à soumissionner","Highest Combined Rating of Technical Merit and Price","Cote combinée la plus élevée pour le mérite technique et le prix","","","*Canada-Peru Free Trade Agreement (CPFTA)
*Canada-Chile Free Trade Agreement (CCFTA)
* Other trade agreements not listed here may apply
*Canada-European Union Comprehensive Economic and Trade Agreement (CETA)
*World Trade Organization Agreement on Government Procurement (WTO GPA)
*Canada-Colombia Free Trade Agreement
*North American Free Trade Agreement (NAFTA)
*Canada-Panama Free Trade Agreement","*Accord de libre-échange Canada-Pérou (ALECP)
*Accord de libre-échange Canada-Chili (ALECC)
*d'autres accords commerciaux non répertoriés ici peuvent s'appliquer
*Accord économique et commercial global (AECG) entre le Canada et l’Union européenne (UE)
*Accord sur les marchés publics de l'Organisation mondiale du commerce (AMP-OMC)
*Accord de libre-échange Canada-Colombie
*Accord de libre-échange nord-américain (ALENA)
*Accord de libre-échange Canada-Panama","","","Knoll North America Corp.","Knoll North America Corp.","KNOLL","KNOLL","Knoll","Knoll","1000 to 1499 employees","1000 à 1499 employés","109 Atlantic Avenue<br>Suite 200","109 Atlantic Avenue<br>Suite 200","Toronto","Toronto","Ontario","Ontario","M6K1X4","Canada","Canada","Public Works and Government Services Canada","Travaux publics et Services gouvernementaux Canada","","","","","","","","","","Public Works and Government Services Canada","Travaux publics et Services gouvernementaux Canada","RCMP RELOCATION PRJCT","PRJT RELOCALISATION GRC","219-800 BURRARD ST,VANCOUVER,British Columbia,V6Z0B9,Canada","219-800 BURRARD ST,VANCOUVER,British Columbia,V6Z0B9,Canada","","","","","","","","","","","","","","","",""
"KNOLL (EP707-122910/001/VAN~000)","KNOLL (EP707-122910/001/VAN~000)","EP707-122910/001/VAN","000","EP707-122910","","EP707-122910/001/VAN","1","","2012-02-09","","","2012-03-30","17779.00","17779.00","CAD","","","","","","","*N7110","*Office Furniture","*Meubles de bureau","","","","*GD","","","Competitive - Open bidding","Concurrentielle - Invitation ouverte à soumissionner","Highest Combined Rating of Technical Merit and Price","Cote combinée la plus élevée pour le mérite technique et le prix","","","*Canadian Free Trade Agreement (CFTA)","*Accord de libre-échange canadien (ALEC)","","","Knoll North America Corp.","Knoll North America Corp.","KNOLL","KNOLL","Knoll","Knoll","1000 to 1499 employees","1000 à 1499 employés","109 Atlantic Avenue<br>Suite 200","109 Atlantic Avenue<br>Suite 200","Toronto","Toronto","Ontario","Ontario","M6K1X4","Canada","Canada","Public Works and Government Services Canada","Travaux publics et Services gouvernementaux Canada","","","","","","","","","","Public Works and Government Services Canada","Travaux publics et Services gouvernementaux Canada","RCMP RELOCATION PRJCT","PRJT RELOCALISATION GRC","219-800 BURRARD ST,VANCOUVER,British Columbia,V6Z0B9,Canada","219-800 BURRARD ST,VANCOUVER,British Columbia,V6Z0B9,Canada","","","","","","","","","","","","","","","",""
"KNOLL (EP707-123102/001/VAN~000)","KNOLL (EP707-123102/001/VAN~000)","EP707-123102/001/VAN","000","EP707-123102","","EP707-123102/001/VAN","1","","2012-02-24","","","2012-04-18","106675.00","106675.00","CAD","","","","","","","*N7110","*Office Furniture","*Meubles de bureau","","","","*GD","","","Competitive - Traditional","Concurrentielle - Traditionnelle","Highest Combined Rating of Technical Merit and Price","Cote combinée la plus élevée pour le mérite technique et le prix","","","*World Trade Organization Agreement on Government Procurement (WTO GPA)
*North American Free Trade Agreement (NAFTA)
* Other trade agreements not listed here may apply
*Canada-European Union Comprehensive Economic and Trade Agreement (CETA)
*Canada-Colombia Free Trade Agreement
*Canada-Peru Free Trade Agreement (CPFTA)
*Canada-Panama Free Trade Agreement","*Accord sur les marchés publics de l'Organisation mondiale du commerce (AMP-OMC)
*Accord de libre-échange nord-américain (ALENA)
*d'autres accords commerciaux non répertoriés ici peuvent s'appliquer
*Accord économique et commercial global (AECG) entre le Canada et l’Union européenne (UE)
*Accord de libre-échange Canada-Colombie
*Accord de libre-échange Canada-Pérou (ALECP)
*Accord de libre-échange Canada-Panama","","","Knoll North America Corp.","Knoll North America Corp.","KNOLL","KNOLL","Knoll","Knoll","1000 to 1499 employees","1000 à 1499 employés","109 Atlantic Avenue<br>Suite 200","109 Atlantic Avenue<br>Suite 200","Toronto","Toronto","Ontario","Ontario","M6K1X4","Canada","Canada","Public Works and Government Services Canada","Travaux publics et Services gouvernementaux Canada","","","","","","","","","","Public Works and Government Services Canada","Travaux publics et Services gouvernementaux Canada","RCMP RELOCATION PRJCT","PRJT RELOCALISATION GRC","219-800 BURRARD ST,VANCOUVER,British Columbia,V6Z0B9,Canada","219-800 BURRARD ST,VANCOUVER,British Columbia,V6Z0B9,Canada","","","","","","","","","","","","","","","",""
"KNOLL (EP707-123198/001/VAN~000)","KNOLL (EP707-123198/001/VAN~000)","EP707-123198/001/VAN","000","EP707-123198","","EP707-123198/001/VAN","2","","2012-03-15","","","2012-10-30","411604.00","413083.00","CAD","","","","","","","*N7110","*Office Furniture","*Meubles de bureau","","","","*GD","","","Competitive - Open bidding","Concurrentielle - Invitation ouverte à soumissionner","Highest Combined Rating of Technical Merit and Price","Cote combinée la plus élevée pour le mérite technique et le prix","","","*Canada-Chile Free Trade Agreement (CCFTA)
*Canada-Colombia Free Trade Agreement
*Canada-European Union Comprehensive Economic and Trade Agreement (CETA)
*Canada-Peru Free Trade Agreement (CPFTA)
*North American Free Trade Agreement (NAFTA)
* Other trade agreements not listed here may apply
*Canada-Panama Free Trade Agreement
*World Trade Organization Agreement on Government Procurement (WTO GPA)","*Accord de libre-échange Canada-Chili (ALECC)
*Accord de libre-échange Canada-Colombie
*Accord économique et commercial global (AECG) entre le Canada et l’Union européenne (UE)
*Accord de libre-échange Canada-Pérou (ALECP)
*Accord de libre-échange nord-américain (ALENA)
*d'autres accords commerciaux non répertoriés ici peuvent s'appliquer
*Accord de libre-échange Canada-Panama
*Accord sur les marchés publics de l'Organisation mondiale du commerce (AMP-OMC)","","","Knoll North America Corp.","Knoll North America Corp.","KNOLL","KNOLL","Knoll","Knoll","1000 to 1499 employees","1000 à 1499 employés","109 Atlantic Avenue<br>Suite 200","109 Atlantic Avenue<br>Suite 200","Toronto","Toronto","Ontario","Ontario","M6K1X4","Canada","Canada","Public Works and Government Services Canada","Travaux publics et Services gouvernementaux Canada","","","","","","","","","","Public Works and Government Services Canada","Travaux publics et Services gouvernementaux Canada","RCMP RELOCATION PRJCT","PRJT RELOCALISATION GRC","219-800 BURRARD ST,VANCOUVER,British Columbia,V6Z0B9,Canada","219-800 BURRARD ST,VANCOUVER,British Columbia,V6Z0B9,Canada","","","","","","","","","","","","","","","",""
"KNOLL (EP707-123317/001/VAN~000)","KNOLL (EP707-123317/001/VAN~000)","EP707-123317/001/VAN","000","EP707-123317","","EP707-123317/001/VAN","1","","2012-03-22","","","2012-10-30","149904.00","149904.00","CAD","","","","","","","*N7110","*Office Furniture","*Meubles de bureau","","","","*GD","","","Competitive - Open bidding","Concurrentielle - Invitation ouverte à soumissionner","Highest Combined Rating of Technical Merit and Price","Cote combinée la plus élevée pour le mérite technique et le prix","","","*Canada-Peru Free Trade Agreement (CPFTA)
*Canada-Chile Free Trade Agreement (CCFTA)
* Other trade agreements not listed here may apply
*Canada-European Union Comprehensive Economic and Trade Agreement (CETA)
*World Trade Organization Agreement on Government Procurement (WTO GPA)
*Canada-Colombia Free Trade Agreement
*North American Free Trade Agreement (NAFTA)
*Canada-Panama Free Trade Agreement","*Accord de libre-échange Canada-Pérou (ALECP)
*Accord de libre-échange Canada-Chili (ALECC)
*d'autres accords commerciaux non répertoriés ici peuvent s'appliquer
*Accord économique et commercial global (AECG) entre le Canada et l’Union européenne (UE)
*Accord sur les marchés publics de l'Organisation mondiale du commerce (AMP-OMC)
*Accord de libre-échange Canada-Colombie
*Accord de libre-échange nord-américain (ALENA)
*Accord de libre-échange Canada-Panama","","","Knoll North America Corp.","Knoll North America Corp.","KNOLL","KNOLL","Knoll","Knoll","1000 to 1499 employees","1000 à 1499 employés","109 Atlantic Avenue<br>Suite 200","109 Atlantic Avenue<br>Suite 200","Toronto","Toronto","Ontario","Ontario","M6K1X4","Canada","Canada","Public Works and Government Services Canada","Travaux publics et Services gouvernementaux Canada","","","","","","","","","","Public Works and Government Services Canada","Travaux publics et Services gouvernementaux Canada","RCMP RELOC