"title-titre-eng","title-titre-fra","referenceNumber-numeroReference","amendmentNumber-numeroModification","procurementNumber-numeroApprovisionnement","solicitationNumber-numeroSollicitation","contractNumber-numeroContrat","numberOfRecords-nombreEnregistrements","publicationDate-datePublication","contractAwardDate-dateAttributionContrat","amendmentDate-dateModification","contractStartDate-contratDateDebut","contractEndDate-dateFinContrat","contractAmount-montantContrat","totalContractValue-valeurTotaleContrat","contractCurrency-contratMonnaie","contractStatus-statutContrat-eng","contractStatus-statutContrat-fra","instrumentType-typeInstrument-eng","instrumentType-typeInstrument-fra","amendmentType-typeModification-eng","amendmentType-typeModification-fra","gsin-nibs","gsinDescription-nibsDescription-eng","gsinDescription-nibsDescription-fra","unspsc","unspscDescription-eng","unspscDescription-fra","procurementCategory-categorieApprovisionnement","noticeType-avisType-eng","noticeType-avisType-fra","procurementMethod-methodeApprovisionnement-eng","procurementMethod-methodeApprovisionnement-fra","selectionCriteria-criteresSelection-eng","selectionCriteria-criteresSelection-fra","limitedTenderingReason-raisonAppelOffresLimite-eng","limitedTenderingReason-raisonAppelOffresLimite-fra","tradeAgreements-accordsCommerciaux-eng","tradeAgreements-accordsCommerciaux-fra","regionsOfDelivery-regionsLivraison-eng","regionsOfDelivery-regionsLivraison-fra","supplierLegalName-nomLegalFournisseur-eng","supplierLegalName-nomLegalFournisseur-fra","supplierStandardizedName-nomNormaliseFournisseur-eng","supplierStandardizedName-nomNormaliseFournisseur-fra","supplierOperatingName-nomCommercialFournisseur-eng","supplierOperatingName-nomCommercialFournisseur-fra","supplierEmployeeCount-fournisseurNombreEmployes-eng","supplierEmployeeCount-fournisseurNombreEmployes-fra","supplierAddressLine-ligneAdresseFournisseur-eng","supplierAddressLine-ligneAdresseFournisseur-fra","supplierAddressCity-fournisseurAdresseVille-eng","supplierAddressCity-fournisseurAdresseVille-fra","supplierAddressProvince-fournisseurAdresseProvince-eng","supplierAddressProvince-fournisseurAdresseProvince-fra","supplierAddressPostalCode-fournisseurAdresseCodePostal","supplierAddressCountry-fournisseurAdressePays-eng","supplierAddressCountry-fournisseurAdressePays-fra","contractingEntityName-nomEntitContractante-eng","contractingEntityName-nomEntitContractante-fra","contractingEntityAddressLine-ligneAdresseEntiteContractante-eng","contractingEntityAddressLine-ligneAdresseEntiteContractante-fra","contractingEntityAddressCity-entiteContractanteAdresseVille-eng","contractingEntityAddressCity-entiteContractanteAdresseVille-fra","contractingEntityAddressProvince-entiteContractanteAdresseProvince-eng","contractingEntityAddressProvince-entiteContractanteAdresseProvince-fra","contractingEntityAddressPostalCode-entiteContractanteAdresseCodePostal","contractingEntityAddressCountry-entiteContractanteAdressePays-eng","contractingEntityAddressCountry-entiteContractanteAdressePays-fra","endUserEntitiesName-nomEntitesUtilisateurFinal-eng","endUserEntitiesName-nomEntitesUtilisateurFinal-fra","endUserEntitiesOfficeName-bureauNomEntitesUtilisateurFinal-eng","endUserEntitiesOfficeName-bureauNomEntitesUtilisateurFinal-fra","endUserEntitiesAddress-adresseEntitesUtilisateurFinal-eng","endUserEntitiesAddress-adresseEntitesUtilisateurFinal-fra","contactInfoName-informationsContactNom","contactInfoEmail-informationsContactCourriel","contactInfoPhone-contactInfoTelephone","contactInfoFax","contactInfoAddressLine-contactInfoAdresseLigne-eng","contactInfoAddressLine-contactInfoAdresseLigne-fra","contactInfoCity-contacterInfoVille-eng","contactInfoCity-contacterInfoVille-fra","contactInfoProvince-contacterInfoProvince-eng","contactInfoProvince-contacterInfoProvince-fra","contactInfoPostalcode","contactInfoCountry-contactInfoPays-eng","contactInfoCountry-contactInfoPays-fra","percentageOfGoodsByCountry-pourcentageDeBiensParPays","tenderDescription-descriptionAppelOffres-eng","tenderDescription-descriptionAppelOffres-fra"
"WEST BAY MECHANICAL LTD (W684Q-220178/002/PWY~000)","WEST BAY MECHANICAL LTD (W684Q-220178/002/PWY~000)","W684Q-220178/002/PWY","000","W684Q-220178","","W684Q-220178/002/PWY","1","2023-05-25","2023-04-04","","","2026-04-03","2800000.00","2800000.00","CAD","","","","","","","*5162C","*Plumbing Contractor Services","*Services d'entrepreneur en plomberie","","","","*CNST","","","Competitive - Open bidding","Concurrentielle - Invitation ouverte à soumissionner","Lowest Price","Prix le plus bas","","","*Canadian Free Trade Agreement (CFTA)","*Accord de libre-échange canadien (ALEC)","","","West Bay Mechanical Ltd..","West Bay Mechanical Ltd..","WEST BAY MECHANICAL LTD","WEST BAY MECHANICAL LTD","West Bay Mechanical Ltd..","West Bay Mechanical Ltd..","50 to 99 employees","50 à 99 employés","584 Ledsham Road","584 Ledsham Road","Victoria","Victoria","British Columbia","British Columbia","V9C1J8","Canada","Canada","Public Works and Government Services Canada","Travaux publics et Services gouvernementaux Canada","","","","","","","","","","Department of National Defence","Ministère de la défense nationale","RP OPER SEC(PACIFIC) ESQUIMALT","SEC DES OPÉR IMMOB (PACIFIQUE)","CFB ESQUIMALT, SH575<br>ATN:CONTRACTS 17000 STATIONS FORCES,VICTORIA,British Columbia,V9A7N2,Canada","CFB ESQUIMALT, SH575<br>ATN:CONTRACTS 17000 STATIONS FORCES,VICTORIA,British Columbia,V9A7N2,Canada","","","","","","","","","","","","","","","",""
"DELCO SECURITY (21120-219814/001/HN~000)","DELCO SECURITY (21120-219814/001/HN~000)","21120-219814/001/HN","000","21120-219814","","21120-219814/001/HN","6","2023-07-24","2023-07-05","","","2023-09-30","366870.00","366870.00","CAD","","","","","","","*5164CJ","*Security Control Systems - Installation and Repair","*Systèmes de contrôle de la sécurité - installation et réparation","","","","*CNST","","","Competitive - Open bidding","Concurrentielle - Invitation ouverte à soumissionner","Lowest Price","Prix le plus bas","","","","","","","Delco Automation Inc.","Delco Automation Inc.","DELCO SECURITY","DELCO SECURITY","Delco Security","Delco Security","50 to 99 employees","50 à 99 employés","3714 Kinnear Place","3714 Kinnear Place","Saskatoon","Saskatoon","Saskatchewan","Saskatchewan","S7P0A6","Canada","Canada","Public Works and Government Services Canada","Travaux publics et Services gouvernementaux Canada","","","","","","","","","","Correctional Service of Canada","Service correctionnel du Canada","CONTRACTING&MATERIEL SERVS","N/D","340 LAURIER AVE W.,OTTAWA,Ontario,K1A0P9,Canada","340 LAURIER AVE W.,OTTAWA,Ontario,K1A0P9,Canada","","","","","","","","","","","","","","","",""
"POMERLEAU INC (ED001-212664/002/PWC~000)","POMERLEAU INC (ED001-212664/002/PWC~000)","ED001-212664/002/PWC","000","ED001-212664","","ED001-212664/002/PWC","1","2024-07-27","2023-04-28","","","2025-12-28","93108346.00","93108346.00","CAD","","","","","","","*5177BA","*Interior Fit-Up/Renovations","*Aménagement intérieur/rénovations","","","","*CNST","","","Competitive - Open bidding","Concurrentielle - Invitation ouverte à soumissionner","Highest Combined Rating of Technical Merit and Price","Cote combinée la plus élevée pour le mérite technique et le prix","","","*Canada-European Union Comprehensive Economic and Trade Agreement (CETA)
* Other trade agreements not listed here may apply
*Canada-Chile Free Trade Agreement (CCFTA)
*Canada-Peru Free Trade Agreement (CPFTA)
*Canada-Colombia Free Trade Agreement
*Canada-UK Trade Continuity Agreement (Canada-UK TCA)
*Comprehensive and Progressive Agreement for Trans-Pacific Partnership (CPTPP)
*Canada-Panama Free Trade Agreement
*World Trade Organization Agreement on Government Procurement (WTO GPA)","*Accord économique et commercial global (AECG) entre le Canada et l’Union européenne (UE)
*d'autres accords commerciaux non répertoriés ici peuvent s'appliquer
*Accord de libre-échange Canada-Chili (ALECC)
*Accord de libre-échange Canada-Pérou (ALECP)
*Accord de libre-échange Canada-Colombie
*Accord de continuité commerciale Canada–Royaume-Uni (ACC Canada-Royaume-Uni)
*Accord de Partenariat transpacifique global et progressiste (PTPGP)
*Accord de libre-échange Canada-Panama
*Accord sur les marchés publics de l'Organisation mondiale du commerce (AMP-OMC)","","","POMERLEAU INC.","POMERLEAU INC.","POMERLEAU INC","POMERLEAU INC","POMERLEAU INC.","POMERLEAU INC.","1500 to 2499 employees","1500 à 2499 employés","1496 Bedford Highway<br>Suite 500","1496 Bedford Highway<br>Suite 500","Bedford","Bedford","Nova Scotia","Nova Scotia","B4A1E5","Canada","Canada","Public Works and Government Services Canada","Travaux publics et Services gouvernementaux Canada","","","","","","","","","","Public Works and Government Services Canada","Travaux publics et Services gouvernementaux Canada","REAL PROPERTY-PROJ MGMT","BIENS IMMOBILIERS-GEST PROJETS","PO BOX 1268<br>3 QUEEN ST,CHARLOTTETOWN,Prince Edward Island,C1A4A2,Canada","PO BOX 1268<br>3 QUEEN ST,CHARLOTTETOWN,Prince Edward Island,C1A4A2,Canada","","","","","","","","","","","","","","","",""
"INCITE EXPERIENTIAL DESIGN INC DBA RMUS CANADA (W6399-23DB09/001/KIN~000)","INCITE EXPERIENTIAL DESIGN INC DBA RMUS CANADA (W6399-23DB09/001/KIN~000)","W6399-23DB09/001/KIN","000","W6399-23DB09","","W6399-23DB09/001/KIN","1","2024-07-27","2023-06-08","","","2025-03-31","549180.00","549180.00","CAD","","","","","","","*AD917700","*Military (R&D)","*Domaine militaire (R&D)","","","","*SRV","","","Competitive - Traditional","Concurrentielle - Traditionnelle","Lowest Price","Prix le plus bas","","","*Canada-Peru Free Trade Agreement (CPFTA)
*Canada-Chile Free Trade Agreement (CCFTA)
* Other trade agreements not listed here may apply
*Canada-Colombia Free Trade Agreement
*Canada-Panama Free Trade Agreement","*Accord de libre-échange Canada-Pérou (ALECP)
*Accord de libre-échange Canada-Chili (ALECC)
*d'autres accords commerciaux non répertoriés ici peuvent s'appliquer
*Accord de libre-échange Canada-Colombie
*Accord de libre-échange Canada-Panama","","","Incite Experiential Design INC DBA RMUS Canada","Incite Experiential Design INC DBA RMUS Canada","INCITE EXPERIENTIAL DESIGN INC DBA RMUS CANADA","INCITE EXPERIENTIAL DESIGN INC DBA RMUS CANADA","Incite Experiential Design INC DBA RMUS Canada","Incite Experiential Design INC DBA RMUS Canada","1 to 4 employees","1 à 4 employés","5070 Benson Drive<br>Unit 102","5070 Benson Drive<br>Unit 102","Burlington","Burlington","Ontario","Ontario","L7L5N6","Canada","Canada","Public Works and Government Services Canada","Travaux publics et Services gouvernementaux Canada","","","","","","","","","","Department of National Defence","Ministère de la défense nationale","CANSOFCOM HQ","N/D","101 COLONEL BY DR.,OTTAWA,Ontario,K1A0K2,Canada","101 COLONEL BY DR.,OTTAWA,Ontario,K1A0K2,Canada","","","","","","","","","","","","","","","",""
"NFM TECHNOLOGY AS (W7701-217392/001/QCL~000)","NFM TECHNOLOGY AS (W7701-217392/001/QCL~000)","W7701-217392/001/QCL","000","W7701-217392","","W7701-217392/001/QCL","4","2023-09-22","2023-09-13","","","2025-09-12","595000.00","773500.00","CAD","","","","","","","*AD917700","*Military (R&D)","*Domaine militaire (R&D)","","","","*SRV","","","Competitive - Open bidding","Concurrentielle - Invitation ouverte à soumissionner","Highest Combined Rating of Technical Merit and Price","Cote combinée la plus élevée pour le mérite technique et le prix","","","*Canadian Free Trade Agreement (CFTA)","*Accord de libre-échange canadien (ALEC)","","","NFM TECHNOLOGY AS","NFM TECHNOLOGY AS","NFM TECHNOLOGY AS","NFM TECHNOLOGY AS","NFM TECHNOLOGY AS","NFM TECHNOLOGY AS","500 to 999 employees","500  à  999 employés","Glynitveien 15","Glynitveien 15","Ski","Ski","","","1400","Norway","Norway","Public Works and Government Services Canada","Travaux publics et Services gouvernementaux Canada","","","","","","","","","","Department of National Defence","Ministère de la défense nationale","D&R DEFENCE CANADA VALCARTIER","R&D DEFENSE CANADA VALCARTIER","BATISSE 53<br>2459 ROUTE DE LA BRAVOURE,QUEBEC,Quebec,G3J1X5,Canada","BATISSE 53<br>2459 ROUTE DE LA BRAVOURE,QUEBEC,Quebec,G3J1X5,Canada","","","","","","","","","","","","","","","",""
"SKYWATCH SPACE APPLICATIONS INC (9F063-190140/002/SI~000)","SKYWATCH SPACE APPLICATIONS INC (9F063-190140/002/SI~000)","9F063-190140/002/SI","000","9F063-190140","","9F063-190140/002/SI","2","2023-05-25","2023-04-13","","","2025-01-13","1128870.00","1128870.00","CAD","","","","","","","*AR910400","*Astronautics (R&D)","*Astronautique (R&D)","","","","*SRV","","","Competitive - Open bidding","Concurrentielle - Invitation ouverte à soumissionner","Highest Combined Rating of Technical Merit and Price","Cote combinée la plus élevée pour le mérite technique et le prix","","","*None","*Aucun","","","SkyWatch Space Applications Inc.","SkyWatch Space Applications Inc.","SKYWATCH SPACE APPLICATIONS INC","SKYWATCH SPACE APPLICATIONS INC","SkyWatch Space Applications Inc.","SkyWatch Space Applications Inc.","20 to 49 employees","20 à 49 employés","8 Queen St. N<br>Unit 3","8 Queen St. N<br>Unit 3","Kitchener","Kitchener","Ontario","Ontario","N2H2G8","Canada","Canada","Public Works and Government Services Canada","Travaux publics et Services gouvernementaux Canada","","","","","","","","","","Canadian Space Agency","Agence spatiale canadienne","INDUSTRIAL DEVELOPMENT","DEVELOPPEMENT INDUSTRIEL","6767 ROUTE DE L AEROPORT,ST HUBERT,Quebec,J3Y8Y9,Canada","6767 ROUTE DE L AEROPORT,ST HUBERT,Quebec,J3Y8Y9,Canada","","","","","","","","","","","","","","","",""
"PMG TECHNOLOGIES INC (T8127-200020/001/MTP~000)","PMG TECHNOLOGIES INC (T8127-200020/001/MTP~000)","T8127-200020/001/MTP","000","T8127-200020","","T8127-200020/001/MTP","9","2023-06-22","2023-06-06","","","2028-03-31","148940954.00","250690540.31","CAD","","","","","","","*AS219652","*Vehicle Performance Measurement (Research)","*Mesure des performances des véhicules (Recherche)","","","","*SRV","","","Competitive - Open bidding","Concurrentielle - Invitation ouverte à soumissionner","Highest Combined Rating of Technical Merit and Price","Cote combinée la plus élevée pour le mérite technique et le prix","","","","","","","PMG TECHNOLOGIES INC.","PMG TECHNOLOGIES INC.","PMG TECHNOLOGIES INC","PMG TECHNOLOGIES INC","PMG TECHNOLOGIES INC.","PMG TECHNOLOGIES INC.","50 to 99 employees","50 à 99 employés","100 rue du Landais","100 rue du Landais","Blainville","Blainville","Quebec","Quebec","J7C5C9","Canada","Canada","Public Works and Government Services Canada","Travaux publics et Services gouvernementaux Canada","","","","","","","","","","Transport Canada","Transports Canada","MOTOR VEHICLE TEST CENTRE","N/D","100 RUE DU LANDAIS,BLAINVILLE,Quebec,J7C5C9,Canada","100 RUE DU LANDAIS,BLAINVILLE,Quebec,J7C5C9,Canada","","","","","","","","","","","","","","","",""
"IMT PARTNERSHIP (W7714-238401/001/BK~000)","IMT PARTNERSHIP (W7714-238401/001/BK~000)","W7714-238401/001/BK","000","W7714-238401","","W7714-238401/001/BK","2","2023-10-25","2023-10-16","","","2029-01-31","3675000.00","3675000.00","CAD","","","","","","","*AZ110140","*Product/Material - Design, Development, Formulation, Modification: Science and Technology Related (R&D)","*Produits, Matériaux - conception, mise au point, élaboration: Domaine de la Science et de la Technologie (R&D)","","","","*SRV","","","Competitive - Traditional","Concurrentielle - Traditionnelle","Lowest Price","Prix le plus bas","","","*Canadian Free Trade Agreement (CFTA)","*Accord de libre-échange canadien (ALEC)","","","IMT Partnership","IMT Partnership","IMT PARTNERSHIP","IMT PARTNERSHIP","IMT Partnership","IMT Partnership","200 to 499 employees","200 à 499 employés","347 King Street West","347 King Street West","Ingersoll","Ingersoll","Ontario","Ontario","N5C3K6","Canada","Canada","Public Works and Government Services Canada","Travaux publics et Services gouvernementaux Canada","","","","","","","","","","Department of National Defence","Ministère de la défense nationale","DEFENCE R&D CANADA OTTAWA","N/D","BLDG 29 RECEIVING<br>3701 CARLING AVE,OTTAWA,Ontario,K1A0Z4,Canada","BLDG 29 RECEIVING<br>3701 CARLING AVE,OTTAWA,Ontario,K1A0Z4,Canada","","","","","","","","","","","","","","","",""
"AMERESCO CANADA, INC (EP959-202438/001/FK~000)","AMERESCO CANADA, INC (EP959-202438/001/FK~000)","EP959-202438/001/FK","000","EP959-202438","","EP959-202438/001/FK","10","2024-07-27","2023-09-01","","","2033-09-01","8000914.00","12311617.80","CAD","","","","","","","*B206A","*Energy Studies including Federal Buildings Initiative","*Études sur l'énergie, y compris L'Initiative des bâtiments fédéraux","","","","*SRV","","","Competitive - Open bidding","Concurrentielle - Invitation ouverte à soumissionner","Highest Combined Rating of Technical Merit and Price","Cote combinée la plus élevée pour le mérite technique et le prix","","","*Canada-European Union Comprehensive Economic and Trade Agreement (CETA)
*Canada-Colombia Free Trade Agreement
*Canada-Chile Free Trade Agreement (CCFTA)
*Canada-Peru Free Trade Agreement (CPFTA)
*Comprehensive and Progressive Agreement for Trans-Pacific Partnership (CPTPP)
*Canada-Panama Free Trade Agreement
*Canada-UK Trade Continuity Agreement (Canada-UK TCA)
* Other trade agreements not listed here may apply
*World Trade Organization Agreement on Government Procurement (WTO GPA)","*Accord économique et commercial global (AECG) entre le Canada et l’Union européenne (UE)
*Accord de libre-échange Canada-Colombie
*Accord de libre-échange Canada-Chili (ALECC)
*Accord de libre-échange Canada-Pérou (ALECP)
*Accord de Partenariat transpacifique global et progressiste (PTPGP)
*Accord de libre-échange Canada-Panama
*Accord de continuité commerciale Canada–Royaume-Uni (ACC Canada-Royaume-Uni)
*d'autres accords commerciaux non répertoriés ici peuvent s'appliquer
*Accord sur les marchés publics de l'Organisation mondiale du commerce (AMP-OMC)","","","Ameresco","Ameresco","AMERESCO CANADA, INC","AMERESCO CANADA, INC","Ameresco Canada, Inc.","Ameresco Canada, Inc.","50 to 99 employees","50 à 99 employés","30 Leek Crescent, Suite 301","30 Leek Crescent, Suite 301","Richmond Hill","Richmond Hill","Ontario","Ontario","L4B4N4","Canada","Canada","Public Works and Government Services Canada","Travaux publics et Services gouvernementaux Canada","","","","","","","","","","Public Works and Government Services Canada","Travaux publics et Services gouvernementaux Canada","GREEN SUSTAINABLE GOVERNMENT","GOUVERNEMENT VERT ET DURABLE","165 De l'Hotel de Ville,GATINEAU,Quebec,K1A0J2,Canada","165 De l'Hotel de Ville,GATINEAU,Quebec,K1A0J2,Canada","","","","","","","","","","","","","","","",""
"MORIYAMA & TESHIMA ARCHITECTS (EA003-212331/001/PWD~000)","MORIYAMA & TESHIMA ARCHITECTS (EA003-212331/001/PWD~000)","EA003-212331/001/PWD","000","EA003-212331","","EA003-212331/001/PWD","8","2024-01-31","2023-11-30","","","2030-07-25","8814750.00","12239761.65","CAD","","","","","","","*C111A","*Architect/Engineer Services - Administration & Service Buildings","*Services d'architectes et d'ingénieurs - bâtiments d'administration et de service","","","","*SRV","","","Competitive - Open bidding","Concurrentielle - Invitation ouverte à soumissionner","Highest Combined Rating of Technical Merit and Price","Cote combinée la plus élevée pour le mérite technique et le prix","","","","","","","Moriyama & Teshima Architects","Moriyama & Teshima Architects","MORIYAMA & TESHIMA ARCHITECTS","MORIYAMA & TESHIMA ARCHITECTS","MORIYAMA & TESHIMA ARCHITECTS","MORIYAMA & TESHIMA ARCHITECTS","50 to 99 employees","50 à 99 employés","117 George Street","117 George Street","Toronto","Toronto","Ontario","Ontario","M5A2N4","Canada","Canada","Public Works and Government Services Canada","Travaux publics et Services gouvernementaux Canada","","","","","","","","","","Public Works and Government Services Canada / Public Works and Government Services Canada","Travaux publics et Services gouvernementaux Canada / Travaux publics et Services gouvernementaux Canada","PROJECT MGNT RPS / PROJECT MGNT RPS","N/D / N/D","JOHN CABOT BLDG<br>10 BARTERS HILL P.O.BOX 4600,ST JOHNS,Newfoundland and Labrador,A1C5T2,Canada / JOHN CABOT BLDG<br>10 BARTERS HILL P.O.BOX 4600,ST JOHNS,Newfoundland and Labrador,A1C5T2,Canada","JOHN CABOT BLDG<br>10 BARTERS HILL P.O.BOX 4600,ST JOHNS,Newfoundland and Labrador,A1C5T2,Canada / JOHN CABOT BLDG<br>10 BARTERS HILL P.O.BOX 4600,ST JOHNS,Newfoundland and Labrador,A1C5T2,Canada","","","","","","","","","","","","","","","",""
"BUREAU VERITAS MARINE (CANADA) INC (F7044-221317/001/ML~000)","BUREAU VERITAS MARINE (CANADA) INC (F7044-221317/001/ML~000)","F7044-221317/001/ML","000","F7044-221317","","F7044-221317/001/ML","2","2023-07-24","2023-07-07","","","2030-12-31","340667.00","610916.80","CAD","","","","","","","*C216A","*Naval Architecture","*Architecture navale","","","","*SRV","","","Non-competitive","Non concurrentielle","Government Objectives Representing Best Interests/Value to Govt","Objectifs gouvern.  représentant  les meilleurs intérets/valeur pour l'État","","","*Canadian Free Trade Agreement (CFTA)","*Accord de libre-échange canadien (ALEC)","","","Bureau Veritas Marine (Canada) Inc.","Bureau Veritas Marine (Canada) Inc.","BUREAU VERITAS MARINE (CANADA) INC","BUREAU VERITAS MARINE (CANADA) INC","Bureau Veritas Marine (Canada) Inc.","Bureau Veritas Marine (Canada) Inc.","5 to 9 employees","5 à 9 employés","25 Rue du Marche-Champlain<br>Suite 403","25 Rue du Marche-Champlain<br>Suite 403","Quebec","Quebec","Quebec","Quebec","G1K4H2","Canada","Canada","Public Works and Government Services Canada","Travaux publics et Services gouvernementaux Canada","","","","","","","","","","Fisheries and Oceans Canada","Pêches et Océans Canada","D/PROJ.MGR STIMULUS PACKAGE","GEST.A.PRGM PLAN ACTION ECON.","INTEGRATED TECHNICAL SERVICES<br>200 KENT ST STN. 7W060,OTTAWA,Ontario,K1A0E6,Canada","INTEGRATED TECHNICAL SERVICES<br>200 KENT ST STN. 7W060,OTTAWA,Ontario,K1A0E6,Canada","","","","","","","","","","","","","","","",""
"3GA MARINE LTD (F1802-220005/001/MER~000)","3GA MARINE LTD (F1802-220005/001/MER~000)","F1802-220005/001/MER","000","F1802-220005","","F1802-220005/001/MER","2","2023-06-22","2023-06-15","","","2024-06-15","819294.00","819294.00","CAD","","","","","","","*C216AA","*Naval Architecture - Consulting Services","*Architecture navale - services de consultation","","","","*SRV","","","Competitive - Traditional","Concurrentielle - Traditionnelle","Lowest Price","Prix le plus bas","","","","","","","3GA Marine Ltd","3GA Marine Ltd","3GA MARINE LTD","3GA MARINE LTD","3GA Marine Ltd","3GA Marine Ltd","20 to 49 employees","20 à 49 employés","unit 208<br>1497 Admirals Road","unit 208<br>1497 Admirals Road","Victoria","Victoria","British Columbia","British Columbia","V9A2P8","Canada","Canada","Public Works and Government Services Canada","Travaux publics et Services gouvernementaux Canada","","","","","","","","","","Fisheries and Oceans Canada","Pêches et Océans Canada","SUPERVISOR RESPONSE RICHMOND","N/D","4260 INGLIS DR.<br>P.O.BOX 3,RICHMOND,British Columbia,V7B1L7,Canada","4260 INGLIS DR.<br>P.O.BOX 3,RICHMOND,British Columbia,V7B1L7,Canada","","","","","","","","","","","","","","","",""
"MARINE RECYCLING CORPORATION (F7044-230296/001/MER~000)","MARINE RECYCLING CORPORATION (F7044-230296/001/MER~000)","F7044-230296/001/MER","000","F7044-230296","","F7044-230296/001/MER","2","2023-10-25","2023-10-06","","","2024-08-01","392529.00","392529.00","CAD","","","","","","","*C216AA","*Naval Architecture - Consulting Services","*Architecture navale - services de consultation","","","","*SRV","","","Competitive - Open bidding","Concurrentielle - Invitation ouverte à soumissionner","Lowest Price","Prix le plus bas","","","*Canadian Free Trade Agreement (CFTA)","*Accord de libre-échange canadien (ALEC)","","","Marine Recycling Corporation","Marine Recycling Corporation","MARINE RECYCLING CORPORATION","MARINE RECYCLING CORPORATION","Marine Recycling Corporation","Marine Recycling Corporation","20 to 49 employees","20 à 49 employés","17 Invertose Drive","17 Invertose Drive","Port Colborne","Port Colborne","Ontario","Ontario","L3K5V5","Canada","Canada","Public Works and Government Services Canada","Travaux publics et Services gouvernementaux Canada","","","","","","","","","","Fisheries and Oceans Canada","Pêches et Océans Canada","D/PROJ.MGR STIMULUS PACKAGE","GEST.A.PRGM PLAN ACTION ECON.","INTEGRATED TECHNICAL SERVICES<br>200 KENT ST STN. 7W060,OTTAWA,Ontario,K1A0E6,Canada","INTEGRATED TECHNICAL SERVICES<br>200 KENT ST STN. 7W060,OTTAWA,Ontario,K1A0E6,Canada","","","","","","","","","","","","","","","",""
"VARD MARINE INC (F7054-231354/001/MC~000)","VARD MARINE INC (F7054-231354/001/MC~000)","F7054-231354/001/MC","000","F7054-231354","","F7054-231354/001/MC","1","2023-05-25","2023-05-18","","","2023-11-20","24999.00","24999.00","CAD","","","","","","","*C216AA","*Naval Architecture - Consulting Services","*Architecture navale - services de consultation","","","","*SRV","","","Non-competitive","Non concurrentielle","Low Dollar Value","Faible valeur","","","*None","*Aucun","","","Vard Marine Inc.","Vard Marine Inc.","VARD MARINE INC","VARD MARINE INC","Vard Marine Inc.","Vard Marine Inc.","50 to 99 employees","50 à 99 employés","2930 Virtual Way<br>Suite 180","2930 Virtual Way<br>Suite 180","Vancouver","Vancouver","British Columbia","British Columbia","V5M0A5","Canada","Canada","Public Works and Government Services Canada","Travaux publics et Services gouvernementaux Canada","","","","","","","","","","Fisheries and Oceans Canada","Pêches et Océans Canada","CCG FLEET DIR OPERATIONL SPPRT","N/D","STN 6N155<br>200 KENT ST,OTTAWA,Ontario,K1A0E6,Canada","STN 6N155<br>200 KENT ST,OTTAWA,Ontario,K1A0E6,Canada","","","","","","","","","","","","","","","",""
"TERRA SERVICES INC (T5013-230002/001/MER~000)","TERRA SERVICES INC (T5013-230002/001/MER~000)","T5013-230002/001/MER","000","T5013-230002","","T5013-230002/001/MER","2","2023-09-22","2023-09-01","","","2024-03-31","868000.00","868000.00","CAD","","","","","","","*C216AA","*Naval Architecture - Consulting Services","*Architecture navale - services de consultation","","","","*SRV","","","Competitive - Traditional","Concurrentielle - Traditionnelle","Lowest Price","Prix le plus bas","","","","","","","TERRA SERVICES INC","TERRA SERVICES INC","TERRA SERVICES INC","TERRA SERVICES INC","TERRA SERVICES INC","TERRA SERVICES INC","5 to 9 employees","5 à 9 employés","1 Hummingbird Rd.","1 Hummingbird Rd.","Paradise","Paradise","Newfoundland and Labrador","Newfoundland and Labrador","A1L2P8","Canada","Canada","Public Works and Government Services Canada","Travaux publics et Services gouvernementaux Canada","","","","","","","","","","Transport Canada","Transports Canada","PROGRAMS","N/D","344 EDMONTON ST 3RD FL.<br>P.O.BOX 8550,WINNIPEG,Manitoba,R3C0P6,Canada","344 EDMONTON ST 3RD FL.<br>P.O.BOX 8550,WINNIPEG,Manitoba,R3C0P6,Canada","","","","","","","","","","","","","","","",""
"CHANTIER DAVIE CANADA INC (F7013-210307/001/MB~000)","CHANTIER DAVIE CANADA INC (F7013-210307/001/MB~000)","F7013-210307/001/MB","000","F7013-210307","","F7013-210307/001/MB","7","2024-05-28","2024-03-26","","","2026-03-26","19541500.00","40241250.00","CAD","","","","","","","*C216AB","*Naval Architecture - Design Services","*Architecture navale - services de dessin","","","","*SRV","","","Competitive - Open bidding","Concurrentielle - Invitation ouverte à soumissionner","Highest Combined Rating of Technical Merit and Price","Cote combinée la plus élevée pour le mérite technique et le prix","","","*None","*Aucun","","","Chantier Davie Canada Inc.","Chantier Davie Canada Inc.","CHANTIER DAVIE CANADA INC","CHANTIER DAVIE CANADA INC","Chantier Davie Canada Inc.","Chantier Davie Canada Inc.","500 to 999 employees","500  à  999 employés","22 rue George-D.-Davie","22 rue George-D.-Davie","Lévis","Lévis","Quebec","Quebec","G6V0K4","Canada","Canada","Public Works and Government Services Canada","Travaux publics et Services gouvernementaux Canada","","","","","","","","","","Fisheries and Oceans Canada","Pêches et Océans Canada","MAJOR CROWN PROJECTS DIR.","DIR GRANDS PROJETS D'ETAT","3RD FL.<br>200 ELGIN ST,OTTAWA,Ontario,K2P1L5,Canada","3RD FL.<br>200 ELGIN ST,OTTAWA,Ontario,K2P1L5,Canada","","","","","","","","","","","","","","","",""
"GRIFFON HOVERWORK LTD (F7013-220301/001/MC~000)","GRIFFON HOVERWORK LTD (F7013-220301/001/MC~000)","F7013-220301/001/MC","000","F7013-220301","","F7013-220301/001/MC","3","2024-03-05","2024-01-30","","","2029-01-29","5000000.00","7100000.00","CAD","","","","","","","*C216AB","*Naval Architecture - Design Services","*Architecture navale - services de dessin","","","","*SRV","","","Advance contract award notice","Préavis d'attribution du contrat","","","Exclusive Rights","Droits exclusifs","*Canadian Free Trade Agreement (CFTA)","*Accord de libre-échange canadien (ALEC)","","","GRIFFON HOVERWORK LIMITED","GRIFFON HOVERWORK LIMITED","GRIFFON HOVERWORK LTD","GRIFFON HOVERWORK LTD","GRIFFON HOVERWORK LIMITED","GRIFFON HOVERWORK LIMITED","20 to 49 employees","20 à 49 employés","Griffon Hoverwork Limited<br>8 HAZEL  Road","Griffon Hoverwork Limited<br>8 HAZEL  Road","SOUTHAMPTON","SOUTHAMPTON","","","S0197GB","United Kingdom","United Kingdom","Public Works and Government Services Canada","Travaux publics et Services gouvernementaux Canada","","","","","","","","","","Fisheries and Oceans Canada","Pêches et Océans Canada","MAJOR CROWN PROJECTS DIR.","DIR GRANDS PROJETS D'ETAT","3RD FL.<br>200 ELGIN ST,OTTAWA,Ontario,K2P1L5,Canada","3RD FL.<br>200 ELGIN ST,OTTAWA,Ontario,K2P1L5,Canada","","","","","","","","","","","","","","","",""
"WEIR CANADA, INC (W8482-217850/001/ISM~000)","WEIR CANADA, INC (W8482-217850/001/ISM~000)","W8482-217850/001/ISM","000","W8482-217850","","W8482-217850/001/ISM","1","2024-01-31","2023-10-23","","","2029-03-31","643860000.00","643860000.00","CAD","","","","","","","*C216BA","*Marine Systems and Engineering","*Systèmes et mécanique marins","","","","*SRV","","","Competitive - Open bidding","Concurrentielle - Invitation ouverte à soumissionner","Highest Combined Rating of Technical Merit and Price","Cote combinée la plus élevée pour le mérite technique et le prix","","","*Canadian Free Trade Agreement (CFTA)","*Accord de libre-échange canadien (ALEC)","","","WEIR CANADA, INC.","WEIR CANADA, INC.","WEIR CANADA, INC","WEIR CANADA, INC","WEIR CANADA, INC.","WEIR CANADA, INC.","1000 to 1499 employees","1000 à 1499 employés","9999 Cavendish Blvd.<br>Suite #100","9999 Cavendish Blvd.<br>Suite #100","Saint-Laurent","Saint-Laurent","Quebec","Quebec","H4M2X5","Canada","Canada","Public Works and Government Services Canada","Travaux publics et Services gouvernementaux Canada","","","","","","","","","","Department of National Defence / Department of National Defence","Ministère de la défense nationale / Ministère de la défense nationale","NDHQ / NDHQ","N/D / N/D","ATTN DGMEPM NP - DMARP<br>101 COLONEL BY DR.,OTTAWA,Ontario,K1A0K2,Canada / ATTN DGMEPM NP - DMARP<br>101 COLONEL BY DR.,OTTAWA,Ontario,K1A0K2,Canada","ATTN DGMEPM NP - DMARP<br>101 COLONEL BY DR.,OTTAWA,Ontario,K1A0K2,Canada / ATTN DGMEPM NP - DMARP<br>101 COLONEL BY DR.,OTTAWA,Ontario,K1A0K2,Canada","","","","","","","","","","","","","","","",""
"TEKSYSTEMS (B8947-220390/003/ZM~000)","TEKSYSTEMS (B8947-220390/003/ZM~000)","B8947-220390/003/ZM","000","B8947-220390","","B8947-220390/003/ZM","3","2023-09-22","2023-09-07","","","2025-09-06","6161490.00","6161490.29","CAD","","","","","","","*D302A","*Informatics Professional Services","*Services professionnels, informatique","","","","*SRV","","","Competitive - Open bidding","Concurrentielle - Invitation ouverte à soumissionner","Highest Combined Rating of Technical Merit and Price","Cote combinée la plus élevée pour le mérite technique et le prix","","","","","","","TEKSYSTEMS CANADA CORP./SOCIÉTÉ TEKSYSTEMS CANADA","TEKSYSTEMS CANADA CORP./SOCIÉTÉ TEKSYSTEMS CANADA","TEKSYSTEMS","TEKSYSTEMS","TEKsystems","TEKsystems","2500 to 4999 employees","2500 à 4999 employés","123 Slater Street,<br>Suite 1000","123 Slater Street,<br>Suite 1000","Ottawa","Ottawa","Ontario","Ontario","K1P5H2","Canada","Canada","Public Works and Government Services Canada","Travaux publics et Services gouvernementaux Canada","","","","","","","","","","Citizenship and Immigration Canada","Citoyenneté et Immigration Canada","IT OPERATIONS","N/D","70 rue Crémazie<br>IRCC.ITopsFinanceAdmin-,Gatineau,Quebec,K1A1L1,Canada","70 rue Crémazie<br>IRCC.ITopsFinanceAdmin-,Gatineau,Quebec,K1A1L1,Canada","","","","","","","","","","","","","","","",""
"AERO SUPPLIES INC (T8493-230027/001/CAG~000)","AERO SUPPLIES INC (T8493-230027/001/CAG~000)","T8493-230027/001/CAG","000","T8493-230027","","T8493-230027/001/CAG","1","2024-07-27","2023-08-22","","","2023-12-30","20510.00","20510.00","CAD","","","","","","","*JX1680","*Miscellaneous Aircraft Accessories and Components (Military) - Repair and Overhaul","*Accessoires et composants divers pour aéronefs (militaires) - réparation et révision","","","","*SRVTGD","","","Competitive - Traditional","Concurrentielle - Traditionnelle","Highest Combined Rating of Technical Merit and Price","Cote combinée la plus élevée pour le mérite technique et le prix","","","*Canada-Korea Free Trade Agreement (CKFTA)","*Accord de libre-échange Canada-Corée","","","AERO SUPPLIES INC.","AERO SUPPLIES INC.","AERO SUPPLIES INC","AERO SUPPLIES INC","AERO SUPPLIES INC.","AERO SUPPLIES INC.","5 to 9 employees","5 à 9 employés","7486 Bath Road","7486 Bath Road","MISSISSAUGA","MISSISSAUGA","Ontario","Ontario","L4T1L2","Canada","Canada","Public Works and Government Services Canada","Travaux publics et Services gouvernementaux Canada","","","","","","","","","","Transport Canada","Transports Canada","AIRCRAFT SERVICES DIRECTORATE","N/D","200 COMET PRIVATE,OTTAWA,Ontario,K1V9B2,Canada","200 COMET PRIVATE,OTTAWA,Ontario,K1V9B2,Canada","","","","","","","","","","","","","","","",""
"BELL HELICOPTER TEXTRON CANADA LTD (T8493-230029/001/CAG~000)","BELL HELICOPTER TEXTRON CANADA LTD (T8493-230029/001/CAG~000)","T8493-230029/001/CAG","000","T8493-230029","","T8493-230029/001/CAG","1","2024-07-27","2023-09-08","","","2024-09-08","45719.00","45719.00","CAD","","","","","","","*JX1680","*Miscellaneous Aircraft Accessories and Components (Military) - Repair and Overhaul","*Accessoires et composants divers pour aéronefs (militaires) - réparation et révision","","","","*SRVTGD","","","Competitive - Open bidding","Concurrentielle - Invitation ouverte à soumissionner","Highest Combined Rating of Technical Merit and Price","Cote combinée la plus élevée pour le mérite technique et le prix","","","*Canada-European Union Comprehensive Economic and Trade Agreement (CETA)
* Other trade agreements not listed here may apply
*Canada-Chile Free Trade Agreement (CCFTA)
*Canada-Peru Free Trade Agreement (CPFTA)
*Canada-Colombia Free Trade Agreement
*Canada-UK Trade Continuity Agreement (Canada-UK TCA)
*Comprehensive and Progressive Agreement for Trans-Pacific Partnership (CPTPP)
*Canada-Panama Free Trade Agreement
*World Trade Organization Agreement on Government Procurement (WTO GPA)","*Accord économique et commercial global (AECG) entre le Canada et l’Union européenne (UE)
*d'autres accords commerciaux non répertoriés ici peuvent s'appliquer
*Accord de libre-échange Canada-Chili (ALECC)
*Accord de libre-échange Canada-Pérou (ALECP)
*Accord de libre-échange Canada-Colombie
*Accord de continuité commerciale Canada–Royaume-Uni (ACC Canada-Royaume-Uni)
*Accord de Partenariat transpacifique global et progressiste (PTPGP)
*Accord de libre-échange Canada-Panama
*Accord sur les marchés publics de l'Organisation mondiale du commerce (AMP-OMC)","","","Bell Textron Canada Limited","Bell Textron Canada Limited","BELL HELICOPTER TEXTRON CANADA LTD","BELL HELICOPTER TEXTRON CANADA LTD","Bell Textron Canada Limited","Bell Textron Canada Limited","1000 to 1499 employees","1000 à 1499 employés","12 800 rue de l'Avenir","12 800 rue de l'Avenir","Mirabel","Mirabel","Quebec","Quebec","J7J1R4","Canada","Canada","Public Works and Government Services Canada","Travaux publics et Services gouvernementaux Canada","","","","","","","","","","Transport Canada","Transports Canada","AIRCRAFT SERVICES DIRECTORATE","N/D","200 COMET PRIVATE,OTTAWA,Ontario,K1V9B2,Canada","200 COMET PRIVATE,OTTAWA,Ontario,K1V9B2,Canada","","","","","","","","","","","","","","","",""
"CANADA WEST AVIONICS LTD (T8493-230030/001/CAG~000)","CANADA WEST AVIONICS LTD (T8493-230030/001/CAG~000)","T8493-230030/001/CAG","000","T8493-230030","","T8493-230030/001/CAG","1","2023-09-22","2023-08-28","","","2023-10-30","79333.00","79333.00","CAD","","","","","","","*JX1680","*Miscellaneous Aircraft Accessories and Components (Military) - Repair and Overhaul","*Accessoires et composants divers pour aéronefs (militaires) - réparation et révision","","","","*SRVTGD","","","Competitive - Traditional","Concurrentielle - Traditionnelle","Highest Combined Rating of Technical Merit and Price","Cote combinée la plus élevée pour le mérite technique et le prix","","","*Canadian Free Trade Agreement (CFTA)","*Accord de libre-échange canadien (ALEC)","","","Canada West Avionics Ltd","Canada West Avionics Ltd","CANADA WEST AVIONICS LTD","CANADA WEST AVIONICS LTD","Canada West Avionics Ltd","Canada West Avionics Ltd","10 to 19 employees","10 à 19 employés","Canada West Avionics Ltd<br>Unit 3, 7630 Montreal Street","Canada West Avionics Ltd<br>Unit 3, 7630 Montreal Street","Delta","Delta","British Columbia","British Columbia","V4K0A7","Canada","Canada","Public Works and Government Services Canada","Travaux publics et Services gouvernementaux Canada","","","","","","","","","","Transport Canada","Transports Canada","AIRCRAFT SERVICES DIRECTORATE","N/D","200 COMET PRIVATE,OTTAWA,Ontario,K1V9B2,Canada","200 COMET PRIVATE,OTTAWA,Ontario,K1V9B2,Canada","","","","","","","","","","","","","","","",""
"BELL HELICOPTER TEXTRON CANADA LTD (T8493-230031/001/CAG~000)","BELL HELICOPTER TEXTRON CANADA LTD (T8493-230031/001/CAG~000)","T8493-230031/001/CAG","000","T8493-230031","","T8493-230031/001/CAG","1","2024-07-27","2023-09-15","","","2024-09-15","48289.00","48289.00","CAD","","","","","","","*JX1680","*Miscellaneous Aircraft Accessories and Components (Military) - Repair and Overhaul","*Accessoires et composants divers pour aéronefs (militaires) - réparation et révision","","","","*SRVTGD","","","Competitive - Open bidding","Concurrentielle - Invitation ouverte à soumissionner","Highest Combined Rating of Technical Merit and Price","Cote combinée la plus élevée pour le mérite technique et le prix","","","*Canada-Peru Free Trade Agreement (CPFTA)
*Canada-Chile Free Trade Agreement (CCFTA)
*Canada-European Union Comprehensive Economic and Trade Agreement (CETA)
* Other trade agreements not listed here may apply
*Canada-Panama Free Trade Agreement
*Comprehensive and Progressive Agreement for Trans-Pacific Partnership (CPTPP)
*Canada-Colombia Free Trade Agreement
*World Trade Organization Agreement on Government Procurement (WTO GPA)
*Canada-UK Trade Continuity Agreement (Canada-UK TCA)","*Accord de libre-échange Canada-Pérou (ALECP)
*Accord de libre-échange Canada-Chili (ALECC)
*Accord économique et commercial global (AECG) entre le Canada et l’Union européenne (UE)
*d'autres accords commerciaux non répertoriés ici peuvent s'appliquer
*Accord de libre-échange Canada-Panama
*Accord de Partenariat transpacifique global et progressiste (PTPGP)
*Accord de libre-échange Canada-Colombie
*Accord sur les marchés publics de l'Organisation mondiale du commerce (AMP-OMC)
*Accord de continuité commerciale Canada–Royaume-Uni (ACC Canada-Royaume-Uni)","","","Bell Textron Canada Limited","Bell Textron Canada Limited","BELL HELICOPTER TEXTRON CANADA LTD","BELL HELICOPTER TEXTRON CANADA LTD","Bell Textron Canada Limited","Bell Textron Canada Limited","1000 to 1499 employees","1000 à 1499 employés","12 800 rue de l'Avenir","12 800 rue de l'Avenir","Mirabel","Mirabel","Quebec","Quebec","J7J1R4","Canada","Canada","Public Works and Government Services Canada","Travaux publics et Services gouvernementaux Canada","","","","","","","","","","Transport Canada","Transports Canada","AIRCRAFT SERVICES DIRECTORATE","N/D","200 COMET PRIVATE,OTTAWA,Ontario,K1V9B2,Canada","200 COMET PRIVATE,OTTAWA,Ontario,K1V9B2,Canada","","","","","","","","","","","","","","","",""
"CANADA WEST AVIONICS LTD (T8493-230031/002/CAG~000)","CANADA WEST AVIONICS LTD (T8493-230031/002/CAG~000)","T8493-230031/002/CAG","000","T8493-230031","","T8493-230031/002/CAG","1","2024-07-27","2023-09-14","","","2024-09-14","170.00","170.00","CAD","","","","","","","*JX1680","*Miscellaneous Aircraft Accessories and Components (Military) - Repair and Overhaul","*Accessoires et composants divers pour aéronefs (militaires) - réparation et révision","","","","*SRVTGD","","","Competitive - Open bidding","Concurrentielle - Invitation ouverte à soumissionner","Highest Combined Rating of Technical Merit and Price","Cote combinée la plus élevée pour le mérite technique et le prix","","","*Comprehensive and Progressive Agreement for Trans-Pacific Partnership (CPTPP)
*Canada-Colombia Free Trade Agreement
* Other trade agreements not listed here may apply
*Canada-European Union Comprehensive Economic and Trade Agreement (CETA)
*World Trade Organization Agreement on Government Procurement (WTO GPA)
*Canada-Peru Free Trade Agreement (CPFTA)
*Canada-Chile Free Trade Agreement (CCFTA)
*Canada-Panama Free Trade Agreement
*Canada-UK Trade Continuity Agreement (Canada-UK TCA)","*Accord de Partenariat transpacifique global et progressiste (PTPGP)
*Accord de libre-échange Canada-Colombie
*d'autres accords commerciaux non répertoriés ici peuvent s'appliquer
*Accord économique et commercial global (AECG) entre le Canada et l’Union européenne (UE)
*Accord sur les marchés publics de l'Organisation mondiale du commerce (AMP-OMC)
*Accord de libre-échange Canada-Pérou (ALECP)
*Accord de libre-échange Canada-Chili (ALECC)
*Accord de libre-échange Canada-Panama
*Accord de continuité commerciale Canada–Royaume-Uni (ACC Canada-Royaume-Uni)","","","Canada West Avionics Ltd","Canada West Avionics Ltd","CANADA WEST AVIONICS LTD","CANADA WEST AVIONICS LTD","Canada West Avionics Ltd","Canada West Avionics Ltd","10 to 19 employees","10 à 19 employés","Canada West Avionics Ltd<br>Unit 3, 7630 Montreal Street","Canada West Avionics Ltd<br>Unit 3, 7630 Montreal Street","Delta","Delta","British Columbia","British Columbia","V4K0A7","Canada","Canada","Public Works and Government Services Canada","Travaux publics et Services gouvernementaux Canada","","","","","","","","","","Transport Canada","Transports Canada","AIRCRAFT SERVICES DIRECTORATE","N/D","200 COMET PRIVATE,OTTAWA,Ontario,K1V9B2,Canada","200 COMET PRIVATE,OTTAWA,Ontario,K1V9B2,Canada","","","","","","","","","","","","","","","",""
"BELL HELICOPTER TEXTRON CANADA LTD (T8493-230034/001/CAG~000)","BELL HELICOPTER TEXTRON CANADA LTD (T8493-230034/001/CAG~000)","T8493-230034/001/CAG","000","T8493-230034","","T8493-230034/001/CAG","1","2023-09-22","2023-09-05","","","2023-11-30","74162.00","74162.00","CAD","","","","","","","*JX1680","*Miscellaneous Aircraft Accessories and Components (Military) - Repair and Overhaul","*Accessoires et composants divers pour aéronefs (militaires) - réparation et révision","","","","*SRVTGD","","","Competitive - Traditional","Concurrentielle - Traditionnelle","Highest Combined Rating of Technical Merit and Price","Cote combinée la plus élevée pour le mérite technique et le prix","","","*Canadian Free Trade Agreement (CFTA)","*Accord de libre-échange canadien (ALEC)","","","Bell Textron Canada Limited","Bell Textron Canada Limited","BELL HELICOPTER TEXTRON CANADA LTD","BELL HELICOPTER TEXTRON CANADA LTD","Bell Textron Canada Limited","Bell Textron Canada Limited","1000 to 1499 employees","1000 à 1499 employés","12 800 rue de l'Avenir","12 800 rue de l'Avenir","Mirabel","Mirabel","Quebec","Quebec","J7J1R4","Canada","Canada","Public Works and Government Services Canada","Travaux publics et Services gouvernementaux Canada","","","","","","","","","","Transport Canada","Transports Canada","AIRCRAFT SERVICES DIRECTORATE","N/D","200 COMET PRIVATE,OTTAWA,Ontario,K1V9B2,Canada","200 COMET PRIVATE,OTTAWA,Ontario,K1V9B2,Canada","","","","","","","","","","","","","","","",""
"AERO SUPPLIES INC (T8493-230035/001/CAG~000)","AERO SUPPLIES INC (T8493-230035/001/CAG~000)","T8493-230035/001/CAG","000","T8493-230035","","T8493-230035/001/CAG","1","2023-09-22","2023-09-06","","","2023-10-30","67275.00","67275.00","CAD","","","","","","","*JX1680","*Miscellaneous Aircraft Accessories and Components (Military) - Repair and Overhaul","*Accessoires et composants divers pour aéronefs (militaires) - réparation et révision","","","","*SRVTGD","","","Competitive - Traditional","Concurrentielle - Traditionnelle","Highest Combined Rating of Technical Merit and Price","Cote combinée la plus élevée pour le mérite technique et le prix","","","*Canadian Free Trade Agreement (CFTA)","*Accord de libre-échange canadien (ALEC)","","","AERO SUPPLIES INC.","AERO SUPPLIES INC.","AERO SUPPLIES INC","AERO SUPPLIES INC","AERO SUPPLIES INC.","AERO SUPPLIES INC.","5 to 9 employees","5 à 9 employés","7486 Bath Road","7486 Bath Road","MISSISSAUGA","MISSISSAUGA","Ontario","Ontario","L4T1L2","Canada","Canada","Public Works and Government Services Canada","Travaux publics et Services gouvernementaux Canada","","","","","","","","","","Transport Canada","Transports Canada","AIRCRAFT SERVICES DIRECTORATE","N/D","200 COMET PRIVATE,OTTAWA,Ontario,K1V9B2,Canada","200 COMET PRIVATE,OTTAWA,Ontario,K1V9B2,Canada","","","","","","","","","","","","","","","",""
"BELL HELICOPTER TEXTRON CANADA LTD (T8493-230037/001/CAG~000)","BELL HELICOPTER TEXTRON CANADA LTD (T8493-230037/001/CAG~000)","T8493-230037/001/CAG","000","T8493-230037","","T8493-230037/001/CAG","1","2023-10-25","2023-10-12","","","2023-12-30","19561.00","19561.00","CAD","","","","","","","*JX1680","*Miscellaneous Aircraft Accessories and Components (Military) - Repair and Overhaul","*Accessoires et composants divers pour aéronefs (militaires) - réparation et révision","","","","*SRVTGD","","","Competitive - Traditional","Concurrentielle - Traditionnelle","Highest Combined Rating of Technical Merit and Price","Cote combinée la plus élevée pour le mérite technique et le prix","","","*Canadian Free Trade Agreement (CFTA)","*Accord de libre-échange canadien (ALEC)","","","Bell Textron Canada Limited","Bell Textron Canada Limited","BELL HELICOPTER TEXTRON CANADA LTD","BELL HELICOPTER TEXTRON CANADA LTD","Bell Textron Canada Limited","Bell Textron Canada Limited","1000 to 1499 employees","1000 à 1499 employés","12 800 rue de l'Avenir","12 800 rue de l'Avenir","Mirabel","Mirabel","Quebec","Quebec","J7J1R4","Canada","Canada","Public Works and Government Services Canada","Travaux publics et Services gouvernementaux Canada","","","","","","","","","","Transport Canada","Transports Canada","AIRCRAFT SERVICES DIRECTORATE","N/D","200 COMET PRIVATE,OTTAWA,Ontario,K1V9B2,Canada","200 COMET PRIVATE,OTTAWA,Ontario,K1V9B2,Canada","","","","","","","","","","","","","","","",""
"MHD - ROCKLAND INC (T8493-230040/001/CAG~000)","MHD - ROCKLAND INC (T8493-230040/001/CAG~000)","T8493-230040/001/CAG","000","T8493-230040","","T8493-230040/001/CAG","1","2023-10-25","2023-10-03","","","2024-10-03","19783.00","19783.00","CAD","","","","","","","*JX1680","*Miscellaneous Aircraft Accessories and Components (Military) - Repair and Overhaul","*Accessoires et composants divers pour aéronefs (militaires) - réparation et révision","","","","*SRVTGD","","","Competitive - Open bidding","Concurrentielle - Invitation ouverte à soumissionner","Highest Combined Rating of Technical Merit and Price","Cote combinée la plus élevée pour le mérite technique et le prix","","","*Canadian Free Trade Agreement (CFTA)","*Accord de libre-échange canadien (ALEC)","","","MHD - ROCKLAND INC.","MHD - ROCKLAND INC.","MHD - ROCKLAND INC","MHD - ROCKLAND INC","MHD - ROCKLAND INC.","MHD - ROCKLAND INC.","20 to 49 employees","20 à 49 employés","21250 Industrial Blvd.","21250 Industrial Blvd.","Sainte-Anne-de-Bellevue","Sainte-Anne-de-Bellevue","Quebec","Quebec","H9X0B4","Canada","Canada","Public Works and Government Services Canada","Travaux publics et Services gouvernementaux Canada","","","","","","","","","","Transport Canada","Transports Canada","AIRCRAFT SERVICES DIRECTORATE","N/D","200 COMET PRIVATE,OTTAWA,Ontario,K1V9B2,Canada","200 COMET PRIVATE,OTTAWA,Ontario,K1V9B2,Canada","","","","","","","","","","","","","","","",""
"BELL HELICOPTER TEXTRON CANADA LTD (T8493-230041/001/CAG~000)","BELL HELICOPTER TEXTRON CANADA LTD (T8493-230041/001/CAG~000)","T8493-230041/001/CAG","000","T8493-230041","","T8493-230041/001/CAG","1","2023-10-25","2023-09-25","","","2023-12-30","96433.00","96433.00","CAD","","","","","","","*JX1680","*Miscellaneous Aircraft Accessories and Components (Military) - Repair and Overhaul","*Accessoires et composants divers pour aéronefs (militaires) - réparation et révision","","","","*SRVTGD","","","Competitive - Traditional","Concurrentielle - Traditionnelle","Highest Combined Rating of Technical Merit and Price","Cote combinée la plus élevée pour le mérite technique et le prix","","","*Canadian Free Trade Agreement (CFTA)","*Accord de libre-échange canadien (ALEC)","","","Bell Textron Canada Limited","Bell Textron Canada Limited","BELL HELICOPTER TEXTRON CANADA LTD","BELL HELICOPTER TEXTRON CANADA LTD","Bell Textron Canada Limited","Bell Textron Canada Limited","1000 to 1499 employees","1000 à 1499 employés","12 800 rue de l'Avenir","12 800 rue de l'Avenir","Mirabel","Mirabel","Quebec","Quebec","J7J1R4","Canada","Canada","Public Works and Government Services Canada","Travaux publics et Services gouvernementaux Canada","","","","","","","","","","Transport Canada","Transports Canada","AIRCRAFT SERVICES DIRECTORATE","N/D","200 COMET PRIVATE,OTTAWA,Ontario,K1V9B2,Canada","200 COMET PRIVATE,OTTAWA,Ontario,K1V9B2,Canada","","","","","","","","","","","","","","","",""
"AERO SUPPLIES INC (T8493-230045/001/CAG~000)","AERO SUPPLIES INC (T8493-230045/001/CAG~000)","T8493-230045/001/CAG","000","T8493-230045","","T8493-230045/001/CAG","1","2023-10-25","2023-10-06","","","2023-12-30","138001.00","138001.00","CAD","","","","","","","*JX1680","*Miscellaneous Aircraft Accessories and Components (Military) - Repair and Overhaul","*Accessoires et composants divers pour aéronefs (militaires) - réparation et révision","","","","*SRVTGD","","","Competitive - Traditional","Concurrentielle - Traditionnelle","Highest Combined Rating of Technical Merit and Price","Cote combinée la plus élevée pour le mérite technique et le prix","","","*Canadian Free Trade Agreement (CFTA)","*Accord de libre-échange canadien (ALEC)","","","AERO SUPPLIES INC.","AERO SUPPLIES INC.","AERO SUPPLIES INC","AERO SUPPLIES INC","AERO SUPPLIES INC.","AERO SUPPLIES INC.","5 to 9 employees","5 à 9 employés","7486 Bath Road","7486 Bath Road","MISSISSAUGA","MISSISSAUGA","Ontario","Ontario","L4T1L2","Canada","Canada","Public Works and Government Services Canada","Travaux publics et Services gouvernementaux Canada","","","","","","","","","","Transport Canada","Transports Canada","AIRCRAFT SERVICES DIRECTORATE","N/D","200 COMET PRIVATE,OTTAWA,Ontario,K1V9B2,Canada","200 COMET PRIVATE,OTTAWA,Ontario,K1V9B2,Canada","","","","","","","","","","","","","","","",""
"AERO SUPPLIES INC (T8493-230064/001/CAG~000)","AERO SUPPLIES INC (T8493-230064/001/CAG~000)","T8493-230064/001/CAG","000","T8493-230064","","T8493-230064/001/CAG","1","2024-01-31","2024-01-08","","","2024-01-31","125995.00","125995.00","CAD","","","","","","","*JX1680","*Miscellaneous Aircraft Accessories and Components (Military) - Repair and Overhaul","*Accessoires et composants divers pour aéronefs (militaires) - réparation et révision","","","","*SRVTGD","","","Competitive - Traditional","Concurrentielle - Traditionnelle","Highest Combined Rating of Technical Merit and Price","Cote combinée la plus élevée pour le mérite technique et le prix","","","*Canadian Free Trade Agreement (CFTA)","*Accord de libre-échange canadien (ALEC)","","","AERO SUPPLIES INC.","AERO SUPPLIES INC.","AERO SUPPLIES INC","AERO SUPPLIES INC","AERO SUPPLIES INC.","AERO SUPPLIES INC.","5 to 9 employees","5 à 9 employés","7486 Bath Road","7486 Bath Road","MISSISSAUGA","MISSISSAUGA","Ontario","Ontario","L4T1L2","Canada","Canada","Public Works and Government Services Canada","Travaux publics et Services gouvernementaux Canada","","","","","","","","","","Transport Canada / Transport Canada","Transports Canada / Transports Canada","AIRCRAFT SERVICES DIRECTORATE / AIRCRAFT SERVICES DIRECTORATE","N/D / N/D","200 COMET PRIVATE,OTTAWA,Ontario,K1V9B2,Canada / 200 COMET PRIVATE,OTTAWA,Ontario,K1V9B2,Canada","200 COMET PRIVATE,OTTAWA,Ontario,K1V9B2,Canada / 200 COMET PRIVATE,OTTAWA,Ontario,K1V9B2,Canada","","","","","","","","","","","","","","","",""
"PHP CANADA (T8493-230066/001/CAG~000)","PHP CANADA (T8493-230066/001/CAG~000)","T8493-230066/001/CAG","000","T8493-230066","","T8493-230066/001/CAG","1","2024-01-31","2024-01-12","","","2025-03-31","27730.00","27730.00","CAD","","","","","","","*JX1680","*Miscellaneous Aircraft Accessories and Components (Military) - Repair and Overhaul","*Accessoires et composants divers pour aéronefs (militaires) - réparation et révision","","","","*SRVTGD","","","Competitive - Open bidding","Concurrentielle - Invitation ouverte à soumissionner","Highest Combined Rating of Technical Merit and Price","Cote combinée la plus élevée pour le mérite technique et le prix","","","*Canadian Free Trade Agreement (CFTA)","*Accord de libre-échange canadien (ALEC)","","","Precision Heliparts Canada ULC","Precision Heliparts Canada ULC","PHP CANADA","PHP CANADA","PHP Canada","PHP Canada","10 to 19 employees","10 à 19 employés","Unit 305<br>19133 26th Avenue","Unit 305<br>19133 26th Avenue","Surrey","Surrey","British Columbia","British Columbia","V3Z3V7","Canada","Canada","Public Works and Government Services Canada","Travaux publics et Services gouvernementaux Canada","","","","","","","","","","Transport Canada / Transport Canada","Transports Canada / Transports Canada","AIRCRAFT SERVICES DIRECTORATE / AIRCRAFT SERVICES DIRECTORATE","N/D / N/D","200 COMET PRIVATE,OTTAWA,Ontario,K1V9B2,Canada / 200 COMET PRIVATE,OTTAWA,Ontario,K1V9B2,Canada","200 COMET PRIVATE,OTTAWA,Ontario,K1V9B2,Canada / 200 COMET PRIVATE,OTTAWA,Ontario,K1V9B2,Canada","","","","","","","","","","","","","","","",""
"PHP CANADA (T8493-230074/001/CAG~000)","PHP CANADA (T8493-230074/001/CAG~000)","T8493-230074/001/CAG","000","T8493-230074","","T8493-230074/001/CAG","1","2024-01-31","2024-01-15","","","2024-03-31","25767.00","25767.00","CAD","","","","","","","*JX1680","*Miscellaneous Aircraft Accessories and Components (Military) - Repair and Overhaul","*Accessoires et composants divers pour aéronefs (militaires) - réparation et révision","","","","*SRVTGD","","","Competitive - Traditional","Concurrentielle - Traditionnelle","Highest Combined Rating of Technical Merit and Price","Cote combinée la plus élevée pour le mérite technique et le prix","","","*Canadian Free Trade Agreement (CFTA)","*Accord de libre-échange canadien (ALEC)","","","Precision Heliparts Canada ULC","Precision Heliparts Canada ULC","PHP CANADA","PHP CANADA","PHP Canada","PHP Canada","10 to 19 employees","10 à 19 employés","Unit 305<br>19133 26th Avenue","Unit 305<br>19133 26th Avenue","Surrey","Surrey","British Columbia","British Columbia","V3Z3V7","Canada","Canada","Public Works and Government Services Canada","Travaux publics et Services gouvernementaux Canada","","","","","","","","","","Transport Canada / Transport Canada","Transports Canada / Transports Canada","AIRCRAFT SERVICES DIRECTORATE / AIRCRAFT SERVICES DIRECTORATE","N/D / N/D","200 COMET PRIVATE,OTTAWA,Ontario,K1V9B2,Canada / 200 COMET PRIVATE,OTTAWA,Ontario,K1V9B2,Canada","200 COMET PRIVATE,OTTAWA,Ontario,K1V9B2,Canada / 200 COMET PRIVATE,OTTAWA,Ontario,K1V9B2,Canada","","","","","","","","","","","","","","","",""
"BELL HELICOPTER TEXTRON CANADA LTD (T8493-230078/001/CAG~000)","BELL HELICOPTER TEXTRON CANADA LTD (T8493-230078/001/CAG~000)","T8493-230078/001/CAG","000","T8493-230078","","T8493-230078/001/CAG","1","2024-03-05","2024-01-26","","","2025-03-31","32168.00","32168.00","CAD","","","","","","","*JX1680","*Miscellaneous Aircraft Accessories and Components (Military) - Repair and Overhaul","*Accessoires et composants divers pour aéronefs (militaires) - réparation et révision","","","","*SRVTGD","","","Competitive - Open bidding","Concurrentielle - Invitation ouverte à soumissionner","Highest Combined Rating of Technical Merit and Price","Cote combinée la plus élevée pour le mérite technique et le prix","","","*Canadian Free Trade Agreement (CFTA)","*Accord de libre-échange canadien (ALEC)","","","Bell Textron Canada Limited","Bell Textron Canada Limited","BELL HELICOPTER TEXTRON CANADA LTD","BELL HELICOPTER TEXTRON CANADA LTD","Bell Textron Canada Limited","Bell Textron Canada Limited","1000 to 1499 employees","1000 à 1499 employés","12 800 rue de l'Avenir","12 800 rue de l'Avenir","Mirabel","Mirabel","Quebec","Quebec","J7J1R4","Canada","Canada","Public Works and Government Services Canada","Travaux publics et Services gouvernementaux Canada","","","","","","","","","","Transport Canada","Transports Canada","AIRCRAFT SERVICES DIRECTORATE","N/D","200 COMET PRIVATE,OTTAWA,Ontario,K1V9B2,Canada","200 COMET PRIVATE,OTTAWA,Ontario,K1V9B2,Canada","","","","","","","","","","","","","","","",""
"AERO SUPPLIES INC (T8493-230079/001/CAG~000)","AERO SUPPLIES INC (T8493-230079/001/CAG~000)","T8493-230079/001/CAG","000","T8493-230079","","T8493-230079/001/CAG","1","2024-03-05","2024-01-25","","","2024-03-31","46895.00","46895.00","CAD","","","","","","","*JX1680","*Miscellaneous Aircraft Accessories and Components (Military) - Repair and Overhaul","*Accessoires et composants divers pour aéronefs (militaires) - réparation et révision","","","","*SRVTGD","","","Competitive - Traditional","Concurrentielle - Traditionnelle","Highest Combined Rating of Technical Merit and Price","Cote combinée la plus élevée pour le mérite technique et le prix","","","*Canadian Free Trade Agreement (CFTA)","*Accord de libre-échange canadien (ALEC)","","","AERO SUPPLIES INC.","AERO SUPPLIES INC.","AERO SUPPLIES INC","AERO SUPPLIES INC","AERO SUPPLIES INC.","AERO SUPPLIES INC.","5 to 9 employees","5 à 9 employés","7486 Bath Road","7486 Bath Road","MISSISSAUGA","MISSISSAUGA","Ontario","Ontario","L4T1L2","Canada","Canada","Public Works and Government Services Canada","Travaux publics et Services gouvernementaux Canada","","","","","","","","","","Transport Canada","Transports Canada","AIRCRAFT SERVICES DIRECTORATE","N/D","200 COMET PRIVATE,OTTAWA,Ontario,K1V9B2,Canada","200 COMET PRIVATE,OTTAWA,Ontario,K1V9B2,Canada","","","","","","","","","","","","","","","",""
"BELL HELICOPTER TEXTRON CANADA LTD (T8493-230012/001/CAG~000)","BELL HELICOPTER TEXTRON CANADA LTD (T8493-230012/001/CAG~000)","T8493-230012/001/CAG","000","T8493-230012","","T8493-230012/001/CAG","1","2023-05-25","2023-05-15","","","2023-06-30","31640.00","31640.00","CAD","","","","","","","*JX1680A","*Miscellaneous Aircraft Accessories and Components - Repair and Overhaul","*Accessoires et composants divers pour aéronefs - réparation et révision","","","","*SRVTGD","","","Competitive - Traditional","Concurrentielle - Traditionnelle","Highest Combined Rating of Technical Merit and Price","Cote combinée la plus élevée pour le mérite technique et le prix","","","*Canadian Free Trade Agreement (CFTA)","*Accord de libre-échange canadien (ALEC)","","","Bell Textron Canada Limited","Bell Textron Canada Limited","BELL HELICOPTER TEXTRON CANADA LTD","BELL HELICOPTER TEXTRON CANADA LTD","Bell Textron Canada Limited","Bell Textron Canada Limited","1000 to 1499 employees","1000 à 1499 employés","12 800 rue de l'Avenir","12 800 rue de l'Avenir","Mirabel","Mirabel","Quebec","Quebec","J7J1R4","Canada","Canada","Public Works and Government Services Canada","Travaux publics et Services gouvernementaux Canada","","","","","","","","","","Transport Canada","Transports Canada","AIRCRAFT SERVICES DIRECTORATE","N/D","200 COMET PRIVATE,OTTAWA,Ontario,K1V9B2,Canada","200 COMET PRIVATE,OTTAWA,Ontario,K1V9B2,Canada","","","","","","","","","","","","","","","",""
"AERO SUPPLIES INC (T8493-230018/001/CAG~000)","AERO SUPPLIES INC (T8493-230018/001/CAG~000)","T8493-230018/001/CAG","000","T8493-230018","","T8493-230018/001/CAG","1","2023-08-23","2023-08-15","","","2023-09-30","44285.00","44285.00","CAD","","","","","","","*JX1680A","*Miscellaneous Aircraft Accessories and Components - Repair and Overhaul","*Accessoires et composants divers pour aéronefs - réparation et révision","","","","*SRVTGD","","","Competitive - Traditional","Concurrentielle - Traditionnelle","Lowest Price","Prix le plus bas","","","*Canadian Free Trade Agreement (CFTA)","*Accord de libre-échange canadien (ALEC)","","","AERO SUPPLIES INC.","AERO SUPPLIES INC.","AERO SUPPLIES INC","AERO SUPPLIES INC","AERO SUPPLIES INC.","AERO SUPPLIES INC.","5 to 9 employees","5 à 9 employés","7486 Bath Road","7486 Bath Road","MISSISSAUGA","MISSISSAUGA","Ontario","Ontario","L4T1L2","Canada","Canada","Public Works and Government Services Canada","Travaux publics et Services gouvernementaux Canada","","","","","","","","","","Transport Canada","Transports Canada","AIRCRAFT SERVICES DIRECTORATE","N/D","200 COMET PRIVATE,OTTAWA,Ontario,K1V9B2,Canada","200 COMET PRIVATE,OTTAWA,Ontario,K1V9B2,Canada","","","","","","","","","","","","","","","",""
"SIMEX DEFENCE INC / DEFENSE SIMEX INC (T8493-230020/001/CAG~000)","SIMEX DEFENCE INC / DEFENSE SIMEX INC (T8493-230020/001/CAG~000)","T8493-230020/001/CAG","000","T8493-230020","","T8493-230020/001/CAG","2","2023-09-22","2023-08-22","","","2024-08-22","42886.00","42886.00","CAD","","","","","","","*JX1680A","*Miscellaneous Aircraft Accessories and Components - Repair and Overhaul","*Accessoires et composants divers pour aéronefs - réparation et révision","","","","*SRVTGD","","","Competitive - Open bidding","Concurrentielle - Invitation ouverte à soumissionner","Lowest Price","Prix le plus bas","","","","","","","SIMEX DEFENCE INC. / DEFENSE SIMEX INC.","SIMEX DEFENCE INC. / DEFENSE SIMEX INC.","SIMEX DEFENCE INC / DEFENSE SIMEX INC","SIMEX DEFENCE INC / DEFENSE SIMEX INC","SIMEX DEFENCE INC. / DEFENSE SIMEX INC.","SIMEX DEFENCE INC. / DEFENSE SIMEX INC.","10 to 19 employees","10 à 19 employés","216 Brunswick Blvd.","216 Brunswick Blvd.","Pointe-Claire","Pointe-Claire","Quebec","Quebec","H9R1A6","Canada","Canada","Public Works and Government Services Canada","Travaux publics et Services gouvernementaux Canada","","","","","","","","","","Transport Canada","Transports Canada","CHIEF SUP.OFFICER","N/D","AIRCRAFT SERVICES DIRECTORATE<br>200 COMET PRIVATE,OTTAWA,Ontario,K1V9B2,Canada","AIRCRAFT SERVICES DIRECTORATE<br>200 COMET PRIVATE,OTTAWA,Ontario,K1V9B2,Canada","","","","","","","","","","","","","","","",""
"UNITED STATES DEPARTMENT OF THE NAVY (NAVAIR) (W8485-237354/001/USW~000)","UNITED STATES DEPARTMENT OF THE NAVY (NAVAIR) (W8485-237354/001/USW~000)","W8485-237354/001/USW","000","W8485-237354","","W8485-237354/001/USW","1","2024-01-31","2023-12-01","","","2028-10-31","4997801.00","4997801.00","CAD","","","","","","","*JD5865","*ELECTRONIC COUNTERMEASURES, COUNTER-COUNTERMEASURES AND QUICK REACTION CAPABILITY EQUIPMENT - PRODUCTION DESIGN","*Équipements de contre-mesures et d'anti-contre-mesures électroniques et équipements à capacité de réaction rapide -dessin de production","","","","*SRVTGD","","","Non-competitive","Non concurrentielle","Government Objectives Representing Best Interests/Value to Govt","Objectifs gouvern.  représentant  les meilleurs intérets/valeur pour l'État","","","*None","*Aucun","","","UNITED STATES DEPARTMENT OF THE NAVY (NAVAIR)","UNITED STATES DEPARTMENT OF THE NAVY (NAVAIR)","UNITED STATES DEPARTMENT OF THE NAVY (NAVAIR)","UNITED STATES DEPARTMENT OF THE NAVY (NAVAIR)","Not applicable","Not applicable","UNKNOWN","INCONNU","2521 South Clark Street<br>Suite 800","2521 South Clark Street<br>Suite 800","Arlington","Arlington","Virginia","Virginia","22202-3928","United States","United States","Public Works and Government Services Canada","Travaux publics et Services gouvernementaux Canada","","","","","","","","","","Department of National Defence / Department of National Defence","Ministère de la défense nationale / Ministère de la défense nationale","NDHQ / NDHQ","N/D / N/D","DGAEPM<br>101 COLONEL BY DR.,OTTAWA,Ontario,K1A0K2,Canada / DGAEPM<br>101 COLONEL BY DR.,OTTAWA,Ontario,K1A0K2,Canada","DGAEPM<br>101 COLONEL BY DR.,OTTAWA,Ontario,K1A0K2,Canada / DGAEPM<br>101 COLONEL BY DR.,OTTAWA,Ontario,K1A0K2,Canada","","","","","","","","","","","","","","","",""
"AERO SUPPLIES INC (T8493-230004/001/CAG~000)","AERO SUPPLIES INC (T8493-230004/001/CAG~000)","T8493-230004/001/CAG","000","T8493-230004","","T8493-230004/001/CAG","1","2023-05-25","2023-04-21","","","2023-05-30","24013.00","24013.00","CAD","","","","","","","*JX1680","*Miscellaneous Aircraft Accessories and Components (Military) - Repair and Overhaul","*Accessoires et composants divers pour aéronefs (militaires) - réparation et révision","","","","*SRVTGD","","","Competitive - Traditional","Concurrentielle - Traditionnelle","Highest Combined Rating of Technical Merit and Price","Cote combinée la plus élevée pour le mérite technique et le prix","","","*Canadian Free Trade Agreement (CFTA)","*Accord de libre-échange canadien (ALEC)","","","AERO SUPPLIES INC.","AERO SUPPLIES INC.","AERO SUPPLIES INC","AERO SUPPLIES INC","AERO SUPPLIES INC.","AERO SUPPLIES INC.","5 to 9 employees","5 à 9 employés","7486 Bath Road","7486 Bath Road","MISSISSAUGA","MISSISSAUGA","Ontario","Ontario","L4T1L2","Canada","Canada","Public Works and Government Services Canada","Travaux publics et Services gouvernementaux Canada","","","","","","","","","","Transport Canada","Transports Canada","AIRCRAFT SERVICES DIRECTORATE","N/D","200 COMET PRIVATE,OTTAWA,Ontario,K1V9B2,Canada","200 COMET PRIVATE,OTTAWA,Ontario,K1V9B2,Canada","","","","","","","","","","","","","","","",""
"BELL HELICOPTER TEXTRON CANADA LTD (T8493-230006/001/CAG~000)","BELL HELICOPTER TEXTRON CANADA LTD (T8493-230006/001/CAG~000)","T8493-230006/001/CAG","000","T8493-230006","","T8493-230006/001/CAG","1","2023-07-24","2023-07-13","","","2023-09-30","85421.00","85421.00","CAD","","","","","","","*JX1680","*Miscellaneous Aircraft Accessories and Components (Military) - Repair and Overhaul","*Accessoires et composants divers pour aéronefs (militaires) - réparation et révision","","","","*SRVTGD","","","Competitive - Traditional","Concurrentielle - Traditionnelle","Lowest Price","Prix le plus bas","","","*Canadian Free Trade Agreement (CFTA)","*Accord de libre-échange canadien (ALEC)","","","Bell Textron Canada Limited","Bell Textron Canada Limited","BELL HELICOPTER TEXTRON CANADA LTD","BELL HELICOPTER TEXTRON CANADA LTD","Bell Textron Canada Limited","Bell Textron Canada Limited","1000 to 1499 employees","1000 à 1499 employés","12 800 rue de l'Avenir","12 800 rue de l'Avenir","Mirabel","Mirabel","Quebec","Quebec","J7J1R4","Canada","Canada","Public Works and Government Services Canada","Travaux publics et Services gouvernementaux Canada","","","","","","","","","","Transport Canada","Transports Canada","AIRCRAFT SERVICES DIRECTORATE","N/D","200 COMET PRIVATE,OTTAWA,Ontario,K1V9B2,Canada","200 COMET PRIVATE,OTTAWA,Ontario,K1V9B2,Canada","","","","","","","","","","","","","","","",""
"SIMEX DEFENCE INC / DEFENSE SIMEX INC (T8493-230026/001/CAG~000)","SIMEX DEFENCE INC / DEFENSE SIMEX INC (T8493-230026/001/CAG~000)","T8493-230026/001/CAG","000","T8493-230026","","T8493-230026/001/CAG","8","2024-03-05","2024-02-06","","","2025-02-05","187058.00","187058.00","CAD","","","","","","","*JX1680","*Miscellaneous Aircraft Accessories and Components (Military) - Repair and Overhaul","*Accessoires et composants divers pour aéronefs (militaires) - réparation et révision","","","","*SRVTGD","","","Competitive - Open bidding","Concurrentielle - Invitation ouverte à soumissionner","Lowest Price","Prix le plus bas","","","*Canadian Free Trade Agreement (CFTA)","*Accord de libre-échange canadien (ALEC)","","","SIMEX DEFENCE INC. / DEFENSE SIMEX INC.","SIMEX DEFENCE INC. / DEFENSE SIMEX INC.","SIMEX DEFENCE INC / DEFENSE SIMEX INC","SIMEX DEFENCE INC / DEFENSE SIMEX INC","SIMEX DEFENCE INC. / DEFENSE SIMEX INC.","SIMEX DEFENCE INC. / DEFENSE SIMEX INC.","10 to 19 employees","10 à 19 employés","216 Brunswick Blvd.","216 Brunswick Blvd.","Pointe-Claire","Pointe-Claire","Quebec","Quebec","H9R1A6","Canada","Canada","Public Works and Government Services Canada","Travaux publics et Services gouvernementaux Canada","","","","","","","","","","Transport Canada","Transports Canada","AIRCRAFT SERVICES DIRECTORATE","N/D","200 COMET PRIVATE,OTTAWA,Ontario,K1V9B2,Canada","200 COMET PRIVATE,OTTAWA,Ontario,K1V9B2,Canada","","","","","","","","","","","","","","","",""
"MODIS CANADA INC, THALES CANADA INC LA SOCIETE THALES CANADA INC, KWESST INC, IN JOINT VENTURE (W8486-217807/001/IPS~000)","MODIS CANADA INC, THALES CANADA INC LA SOCIETE THALES CANADA INC, KWESST INC, IN JOINT VENTURE (W8486-217807/001/IPS~000)","W8486-217807/001/IPS","000","W8486-217807","","W8486-217807/001/IPS","2","2024-01-31","2023-05-01","","","2028-04-30","136195643.00","136195643.00","CAD","","","","","","","*D302A","*Informatics Professional Services","*Services professionnels, informatique","","","","*SRV","","","Competitive - Open bidding","Concurrentielle - Invitation ouverte à soumissionner","Highest Combined Rating of Technical Merit and Price","Cote combinée la plus élevée pour le mérite technique et le prix","","","*None","*Aucun","","","Akkodis Canada Inc., THALES CANADA INC. LA SOCIÉTÉ THALES CANADA INC., KWESST INC., IN JOINT VENTURE","Akkodis Canada Inc., THALES CANADA INC. LA SOCIÉTÉ THALES CANADA INC., KWESST INC., IN JOINT VENTURE","MODIS CANADA INC, THALES CANADA INC LA SOCIETE THALES CANADA INC, KWESST INC, IN JOINT VENTURE","MODIS CANADA INC, THALES CANADA INC LA SOCIETE THALES CANADA INC, KWESST INC, IN JOINT VENTURE","Akkodis Canada Inc., THALES CANADA INC. LA SOCIÉTÉ THALES CANADA INC., KWESST INC., IN JOINT VENTURE","Akkodis Canada Inc., THALES CANADA INC. LA SOCIÉTÉ THALES CANADA INC., KWESST INC., IN JOINT VENTURE","100 to 199 employees","100 à 199 employés","360 Albert Street, Ste. 1010","360 Albert Street, Ste. 1010","Ottawa","Ottawa","Ontario","Ontario","K1R7X7","Canada","Canada","Public Works and Government Services Canada","Travaux publics et Services gouvernementaux Canada","","","","","","","","","","Department of National Defence","Ministère de la défense nationale","NDHQ DGLEPM","N/D","101 COLONEL BY DR.,OTTAWA,Ontario,K1A0K2,Canada","101 COLONEL BY DR.,OTTAWA,Ontario,K1A0K2,Canada","","","","","","","","","","","","","","","",""
"CNS SYSTEMS (F7048-230090/001/QF~000)","CNS SYSTEMS (F7048-230090/001/QF~000)","F7048-230090/001/QF","000","F7048-230090","","F7048-230090/001/QF","1","2023-05-25","2023-04-27","","","2024-03-31","98914.00","98914.00","CAD","","","","","","","*J019A","*Maintenance, Repair, Modification, Rebuilding & Installation of Equipment related to Ships","*Entretien, réparation, modification, réflection, et installation de biens et d'équipement afférents aux navires","","","","*SRVTGD","","","Non-competitive","Non concurrentielle","","","Exclusive Rights","Droits exclusifs","*None","*Aucun","","","International Communications And Navigation Ltd.","International Communications And Navigation Ltd.","CNS SYSTEMS","CNS SYSTEMS","CNS Systems","CNS Systems","20 to 49 employees","20 à 49 employés","ICAN Ltd.<br>Suite W210, Bally Rou Place","ICAN Ltd.<br>Suite W210, Bally Rou Place","St. John's","St. John's","Newfoundland and Labrador","Newfoundland and Labrador","A1A3W8","Canada","Canada","Public Works and Government Services Canada","Travaux publics et Services gouvernementaux Canada","","","","","","","","","","Fisheries and Oceans Canada","Pêches et Océans Canada","DIRECTOR, ENGINEERING SERVICES","DIRECTEUR, SERVICES D'INGÉNRIE","INTEGRATED TECHNICAL SERVICES<br>200 KENT ST - STN 7W064,OTTAWA,Ontario,K1A0E6,Canada","INTEGRATED TECHNICAL SERVICES<br>200 KENT ST - STN 7W064,OTTAWA,Ontario,K1A0E6,Canada","","","","","","","","","","","","","","","",""
"THALES CANADA INC AND THALES AUSTRALIA LTD IN JOINT VENTURE (W8482-171789/001/ISM~000)","THALES CANADA INC AND THALES AUSTRALIA LTD IN JOINT VENTURE (W8482-171789/001/ISM~000)","W8482-171789/001/ISM","000","W8482-171789","","W8482-171789/001/ISM","5","2023-07-24","2023-07-12","","","2028-07-11","517500000.00","517500000.00","CAD","","","","","","","*J019A","*Maintenance, Repair, Modification, Rebuilding & Installation of Equipment related to Ships","*Entretien, réparation, modification, réflection, et installation de biens et d'équipement afférents aux navires","","","","*SRVTGD","","","Competitive - Open bidding","Concurrentielle - Invitation ouverte à soumissionner","Highest Combined Rating of Technical Merit and Price","Cote combinée la plus élevée pour le mérite technique et le prix","","","*Canadian Free Trade Agreement (CFTA)","*Accord de libre-échange canadien (ALEC)","","","THALES CANADA INC. and THALES AUSTRALIA LIMITED IN JOINT VENTURE","THALES CANADA INC. and THALES AUSTRALIA LIMITED IN JOINT VENTURE","THALES CANADA INC AND THALES AUSTRALIA LTD IN JOINT VENTURE","THALES CANADA INC AND THALES AUSTRALIA LTD IN JOINT VENTURE","THALES CANADA INC. and THALES AUSTRALIA LIMITED  IN JOINT VENTURE","THALES CANADA INC. and THALES AUSTRALIA LIMITED  IN JOINT VENTURE","100 to 199 employees","100 à 199 employés","1 Chrysalis Way","1 Chrysalis Way","Ottawa","Ottawa","Ontario","Ontario","K2G6P9","Canada","Canada","Public Works and Government Services Canada","Travaux publics et Services gouvernementaux Canada","","","","","","","","","","Department of National Defence","Ministère de la défense nationale","NDHQ","N/D","ATTN DGMEPM NP - DMARP<br>101 COLONEL BY DR.,OTTAWA,Ontario,K1A0K2,Canada","ATTN DGMEPM NP - DMARP<br>101 COLONEL BY DR.,OTTAWA,Ontario,K1A0K2,Canada","","","","","","","","","","","","","","","",""
"BELL HELICOPTER TEXTRON CANADA LTD (T8493-230024/001/CAG~000)","BELL HELICOPTER TEXTRON CANADA LTD (T8493-230024/001/CAG~000)","T8493-230024/001/CAG","000","T8493-230024","","T8493-230024/001/CAG","1","2023-07-24","2023-07-18","","","2024-01-30","78465.00","78465.00","CAD","","","","","","","*JX1680A","*Miscellaneous Aircraft Accessories and Components - Repair and Overhaul","*Accessoires et composants divers pour aéronefs - réparation et révision","","","","*SRVTGD","","","Competitive - Traditional","Concurrentielle - Traditionnelle","Highest Combined Rating of Technical Merit and Price","Cote combinée la plus élevée pour le mérite technique et le prix","","","*Canadian Free Trade Agreement (CFTA)","*Accord de libre-échange canadien (ALEC)","","","Bell Textron Canada Limited","Bell Textron Canada Limited","BELL HELICOPTER TEXTRON CANADA LTD","BELL HELICOPTER TEXTRON CANADA LTD","Bell Textron Canada Limited","Bell Textron Canada Limited","1000 to 1499 employees","1000 à 1499 employés","12 800 rue de l'Avenir","12 800 rue de l'Avenir","Mirabel","Mirabel","Quebec","Quebec","J7J1R4","Canada","Canada","Public Works and Government Services Canada","Travaux publics et Services gouvernementaux Canada","","","","","","","","","","Transport Canada","Transports Canada","AIRCRAFT SERVICES DIRECTORATE","N/D","200 COMET PRIVATE,OTTAWA,Ontario,K1V9B2,Canada","200 COMET PRIVATE,OTTAWA,Ontario,K1V9B2,Canada","","","","","","","","","","","","","","","",""
"HAWBOLDT INDUSTRIES (1989) LTD (F7013-230001/001/ML~000)","HAWBOLDT INDUSTRIES (1989) LTD (F7013-230001/001/ML~000)","F7013-230001/001/ML","000","F7013-230001","","F7013-230001/001/ML","4","2023-08-23","2023-08-09","","","2024-08-11","0.00","592925.00","CAD","","","","","","","*JX1920","*Fishing Vessels - Repair","*Bateaux de pêche - réparation","","","","*SRVTGD","","","Non-competitive","Non concurrentielle","","","Exclusive Rights","Droits exclusifs","","","","","HAWBOLDT INDUSTRIES (1989) LIMITED","HAWBOLDT INDUSTRIES (1989) LIMITED","HAWBOLDT INDUSTRIES (1989) LTD","HAWBOLDT INDUSTRIES (1989) LTD","HAWBOLDT INDUSTRIES (1989) LTD","HAWBOLDT INDUSTRIES (1989) LTD","50 to 99 employees","50 à 99 employés","PO Box 80<br>220 Windsor Road","PO Box 80<br>220 Windsor Road","Chester","Chester","Nova Scotia","Nova Scotia","B0J1J0","Canada","Canada","Public Works and Government Services Canada","Travaux publics et Services gouvernementaux Canada","","","","","","","","","","Fisheries and Oceans Canada","Pêches et Océans Canada","MAJOR CROWN PROJECTS DIR.","DIR GRANDS PROJETS D'ETAT","3RD FL.<br>200 ELGIN ST,OTTAWA,Ontario,K2P1L5,Canada","3RD FL.<br>200 ELGIN ST,OTTAWA,Ontario,K2P1L5,Canada","","","","","","","","","","","","","","","",""
"W&O SUPPLY (CANADA) INC (F7013-200012/006/ML~000)","W&O SUPPLY (CANADA) INC (F7013-200012/006/ML~000)","F7013-200012/006/ML","000","F7013-200012","","F7013-200012/006/ML","1","2023-08-23","2023-08-02","","","2025-01-17","143161.00","143161.00","CAD","","","","","","","*JX1990","*Vessels, Miscellaneous - Repair","*Bateaux divers - réparation","","","","*SRVTGD","","","Non-competitive","Non concurrentielle","","","Exclusive Rights","Droits exclusifs","*Canadian Free Trade Agreement (CFTA)","*Accord de libre-échange canadien (ALEC)","","","W&O Supply (Canada) Inc.","W&O Supply (Canada) Inc.","W&O SUPPLY (CANADA) INC","W&O SUPPLY (CANADA) INC","W&O Supply (Canada) Inc.","W&O Supply (Canada) Inc.","5 to 9 employees","5 à 9 employés","590 Ebury Place<br>Unit 102","590 Ebury Place<br>Unit 102","Delta","Delta","British Columbia","British Columbia","V3M6K7","Canada","Canada","Public Works and Government Services Canada","Travaux publics et Services gouvernementaux Canada","","","","","","","","","","Fisheries and Oceans Canada","Pêches et Océans Canada","MAJOR CROWN PROJECTS DIR.","DIR GRANDS PROJETS D'ETAT","3RD FL.<br>200 ELGIN ST,OTTAWA,Ontario,K2P1L5,Canada","3RD FL.<br>200 ELGIN ST,OTTAWA,Ontario,K2P1L5,Canada","","","","","","","","","","","","","","","",""
"ST JOHNS DOCKYARD LTD (F7044-221042/001/MD~000)","ST JOHNS DOCKYARD LTD (F7044-221042/001/MD~000)","F7044-221042/001/MD","000","F7044-221042","","F7044-221042/001/MD","14","2024-01-31","2023-11-22","","","2025-08-01","34298750.00","48627235.81","CAD","","","","","","","*JX1990","*Vessels, Miscellaneous - Repair","*Bateaux divers - réparation","","","","*SRVTGD","","","Competitive - Open bidding","Concurrentielle - Invitation ouverte à soumissionner","Lowest Price","Prix le plus bas","","","","","","","St John's Dockyard Limited","St John's Dockyard Limited","ST JOHNS DOCKYARD LTD","ST JOHNS DOCKYARD LTD","St John's Dockyard Limited","St John's Dockyard Limited","100 to 199 employees","100 à 199 employés","475 Water Street","475 Water Street","St. John's","St. John's","Newfoundland and Labrador","Newfoundland and Labrador","A1E6B5","Canada","Canada","Public Works and Government Services Canada","Travaux publics et Services gouvernementaux Canada","","","","","","","","","","Fisheries and Oceans Canada / Fisheries and Oceans Canada","Pêches et Océans Canada / Pêches et Océans Canada","D/PROJ.MGR STIMULUS PACKAGE / D/PROJ.MGR STIMULUS PACKAGE","GEST.A.PRGM PLAN ACTION ECON. / GEST.A.PRGM PLAN ACTION ECON.","INTEGRATED TECHNICAL SERVICES<br>200 KENT ST STN. 7W060,OTTAWA,Ontario,K1A0E6,Canada / INTEGRATED TECHNICAL SERVICES<br>200 KENT ST STN. 7W060,OTTAWA,Ontario,K1A0E6,Canada","INTEGRATED TECHNICAL SERVICES<br>200 KENT ST STN. 7W060,OTTAWA,Ontario,K1A0E6,Canada / INTEGRATED TECHNICAL SERVICES<br>200 KENT ST STN. 7W060,OTTAWA,Ontario,K1A0E6,Canada","","","","","","","","","","","","","","","",""
"SIMEX DEFENCE INC / DEFENSE SIMEX INC (T8493-230022/001/CAG~000)","SIMEX DEFENCE INC / DEFENSE SIMEX INC (T8493-230022/001/CAG~000)","T8493-230022/001/CAG","000","T8493-230022","","T8493-230022/001/CAG","2","2023-10-25","2023-09-21","","","2024-09-21","40236.00","40595.00","CAD","","","","","","","*JX1680A","*Miscellaneous Aircraft Accessories and Components - Repair and Overhaul","*Accessoires et composants divers pour aéronefs - réparation et révision","","","","*SRVTGD","","","Competitive - Open bidding","Concurrentielle - Invitation ouverte à soumissionner","Lowest Price","Prix le plus bas","","","*Canadian Free Trade Agreement (CFTA)","*Accord de libre-échange canadien (ALEC)","","","SIMEX DEFENCE INC. / DEFENSE SIMEX INC.","SIMEX DEFENCE INC. / DEFENSE SIMEX INC.","SIMEX DEFENCE INC / DEFENSE SIMEX INC","SIMEX DEFENCE INC / DEFENSE SIMEX INC","SIMEX DEFENCE INC. / DEFENSE SIMEX INC.","SIMEX DEFENCE INC. / DEFENSE SIMEX INC.","10 to 19 employees","10 à 19 employés","216 Brunswick Blvd.","216 Brunswick Blvd.","Pointe-Claire","Pointe-Claire","Quebec","Quebec","H9R1A6","Canada","Canada","Public Works and Government Services Canada","Travaux publics et Services gouvernementaux Canada","","","","","","","","","","Transport Canada","Transports Canada","AIRCRAFT SERVICES DIRECTORATE","N/D","200 COMET PRIVATE,OTTAWA,Ontario,K1V9B2,Canada","200 COMET PRIVATE,OTTAWA,Ontario,K1V9B2,Canada","","","","","","","","","","","","","","","",""
"WAJAX LTD (F7044-230289/001/ML~000)","WAJAX LTD (F7044-230289/001/ML~000)","F7044-230289/001/ML","000","F7044-230289","","F7044-230289/001/ML","2","2024-07-27","2023-11-15","","","2029-11-15","1894942.00","1902828.00","CAD","","","","","","","*JX1990","*Vessels, Miscellaneous - Repair","*Bateaux divers - réparation","","","","*SRVTGD","","","Competitive - Traditional","Concurrentielle - Traditionnelle","Lowest Price","Prix le plus bas","","","*Canada-UK Trade Continuity Agreement (Canada-UK TCA)
*Canada-European Union Comprehensive Economic and Trade Agreement (CETA)
*World Trade Organization Agreement on Government Procurement (WTO GPA)
*Canada-Chile Free Trade Agreement (CCFTA)
*Comprehensive and Progressive Agreement for Trans-Pacific Partnership (CPTPP)","*Accord de continuité commerciale Canada–Royaume-Uni (ACC Canada-Royaume-Uni)
*Accord économique et commercial global (AECG) entre le Canada et l’Union européenne (UE)
*Accord sur les marchés publics de l'Organisation mondiale du commerce (AMP-OMC)
*Accord de libre-échange Canada-Chili (ALECC)
*Accord de Partenariat transpacifique global et progressiste (PTPGP)","","","Wajax limited","Wajax limited","WAJAX LTD","WAJAX LTD","Wajax limited","Wajax limited","2500 to 4999 employees","2500 à 4999 employés","10 Diesel Drive","10 Diesel Drive","Toronto","Toronto","Ontario","Ontario","M8W2T8","Canada","Canada","Public Works and Government Services Canada","Travaux publics et Services gouvernementaux Canada","","","","","","","","","","Fisheries and Oceans Canada","Pêches et Océans Canada","D/PROJ.MGR STIMULUS PACKAGE","GEST.A.PRGM PLAN ACTION ECON.","INTEGRATED TECHNICAL SERVICES<br>200 KENT ST STN. 7W060,OTTAWA,Ontario,K1A0E6,Canada","INTEGRATED TECHNICAL SERVICES<br>200 KENT ST STN. 7W060,OTTAWA,Ontario,K1A0E6,Canada","","","","","","","","","","","","","","","",""
"CHANTIER DAVIE CANADA INC (F7049-220333/001/MD~000)","CHANTIER DAVIE CANADA INC (F7049-220333/001/MD~000)","F7049-220333/001/MD","000","F7049-220333","","F7049-220333/001/MD","6","2023-07-24","2023-07-07","","","2025-07-01","1555290.00","17270253.00","CAD","","","","","","","*JX1990","*Vessels, Miscellaneous - Repair","*Bateaux divers - réparation","","","","*SRVTGD","","","Advance contract award notice","Préavis d'attribution du contrat","Only One Response to Bid Solicitation","Une seule réponse à une invitation à soumissionner","","","*Canadian Free Trade Agreement (CFTA)","*Accord de libre-échange canadien (ALEC)","","","Chantier Davie Canada Inc.","Chantier Davie Canada Inc.","CHANTIER DAVIE CANADA INC","CHANTIER DAVIE CANADA INC","Chantier Davie Canada Inc.","Chantier Davie Canada Inc.","500 to 999 employees","500  à  999 employés","22 rue George-D.-Davie","22 rue George-D.-Davie","Lévis","Lévis","Quebec","Quebec","G6V0K4","Canada","Canada","Public Works and Government Services Canada","Travaux publics et Services gouvernementaux Canada","","","","","","","","","","Fisheries and Oceans Canada","Pêches et Océans Canada","INTEGRATED TECHNICAL SERVICES","SERVICES TECHNIQUES INTEGRÉS","VLE MLM PROGRAM<br>200 KENT ST., STN 7N157,OTTAWA,Ontario,K1A0E6,Canada","VLE MLM PROGRAM<br>200 KENT ST., STN 7N157,OTTAWA,Ontario,K1A0E6,Canada","","","","","","","","","","","","","","","",""
"ALL SEA ATLANTIC LTD (W8482-231386/001/MCS~000)","ALL SEA ATLANTIC LTD (W8482-231386/001/MCS~000)","W8482-231386/001/MCS","000","W8482-231386","","W8482-231386/001/MCS","4","2023-05-25","2023-05-01","","","2023-08-01","677669.00","677669.00","CAD","","","","","","","*JX1990","*Vessels, Miscellaneous - Repair","*Bateaux divers - réparation","","","","*SRVTGD","","","Competitive - Traditional","Concurrentielle - Traditionnelle","Lowest Price","Prix le plus bas","","","*Canadian Free Trade Agreement (CFTA)","*Accord de libre-échange canadien (ALEC)","","","SGS Saint John Diving, ULC","SGS Saint John Diving, ULC","ALL SEA ATLANTIC LTD","ALL SEA ATLANTIC LTD","SGS Saint John Diving, ULC","SGS Saint John Diving, ULC","5 to 9 employees","5 à 9 employés","50 Thornhill Drive","50 Thornhill Drive","Dartmouth","Dartmouth","Nova Scotia","Nova Scotia","B3B1S1","Canada","Canada","Public Works and Government Services Canada","Travaux publics et Services gouvernementaux Canada","","","","","","","","","","Department of National Defence","Ministère de la défense nationale","NDHQ","N/D","ATTN DGMEPM NP - DMARP<br>101 COLONEL BY DR.,OTTAWA,Ontario,K1A0K2,Canada","ATTN DGMEPM NP - DMARP<br>101 COLONEL BY DR.,OTTAWA,Ontario,K1A0K2,Canada","","","","","","","","","","","","","","","",""
"INDUSTRIES OCEAN INC (F7049-200157/001/MD~000)","INDUSTRIES OCEAN INC (F7049-200157/001/MD~000)","F7049-200157/001/MD","000","F7049-200157","","F7049-200157/001/MD","11","2024-04-29","2024-01-31","","","2026-10-28","38216380.00","59915976.02","CAD","","","","","","","*JX1990A","*Ships and Vessels (large) - Repair, Refits and Conversions (including Dry Docking)","*Navires et bateaux de grandes dimensions -réparation, radoub et transformation (mise en cale sèche comprise)","","","","*SRVTGD","","","Competitive - Open bidding","Concurrentielle - Invitation ouverte à soumissionner","Lowest Price","Prix le plus bas","","","*Canadian Free Trade Agreement (CFTA)","*Accord de libre-échange canadien (ALEC)","","","INDUSTRIES OCEAN INC","INDUSTRIES OCEAN INC","INDUSTRIES OCEAN INC","INDUSTRIES OCEAN INC","INDUSTRIES OCEAN INC","INDUSTRIES OCEAN INC","100 to 199 employees","100 à 199 employés","3 chemin de la Traverse","3 chemin de la Traverse","Isle-aux-Coudres","Isle-aux-Coudres","Quebec","Quebec","G0A3J0","Canada","Canada","Public Works and Government Services Canada","Travaux publics et Services gouvernementaux Canada","","","","","","","","","","Fisheries and Oceans Canada","Pêches et Océans Canada","INTEGRATED TECHNICAL SERVICES","SERVICES TECHNIQUES INTEGRÉS","VLE MLM PROGRAM<br>200 KENT ST., STN 7N157,OTTAWA,Ontario,K1A0E6,Canada","VLE MLM PROGRAM<br>200 KENT ST., STN 7N157,OTTAWA,Ontario,K1A0E6,Canada","","","","","","","","","","","","","","","",""
"ST JOHNS DOCKYARD LTD (F7049-210183/001/MD~000)","ST JOHNS DOCKYARD LTD (F7049-210183/001/MD~000)","F7049-210183/001/MD","000","F7049-210183","","F7049-210183/001/MD","16","2023-05-25","2023-04-18","","","2025-01-31","29728172.00","43272895.44","CAD","","","","","","","*JX1990A","*Ships and Vessels (large) - Repair, Refits and Conversions (including Dry Docking)","*Navires et bateaux de grandes dimensions -réparation, radoub et transformation (mise en cale sèche comprise)","","","","*SRVTGD","","","Competitive - Open bidding","Concurrentielle - Invitation ouverte à soumissionner","Lowest Price","Prix le plus bas","","","*Canadian Free Trade Agreement (CFTA)","*Accord de libre-échange canadien (ALEC)","","","St John's Dockyard Limited","St John's Dockyard Limited","ST JOHNS DOCKYARD LTD","ST JOHNS DOCKYARD LTD","St John's Dockyard Limited","St John's Dockyard Limited","100 to 199 employees","100 à 199 employés","475 Water Street","475 Water Street","St. John's","St. John's","Newfoundland and Labrador","Newfoundland and Labrador","A1E6B5","Canada","Canada","Public Works and Government Services Canada","Travaux publics et Services gouvernementaux Canada","","","","","","","","","","Fisheries and Oceans Canada","Pêches et Océans Canada","INTEGRATED TECHNICAL SERVICES","SERVICES TECHNIQUES INTEGRÉS","VLE MLM PROGRAM<br>200 KENT ST., STN 7N157,OTTAWA,Ontario,K1A0E6,Canada","VLE MLM PROGRAM<br>200 KENT ST., STN 7N157,OTTAWA,Ontario,K1A0E6,Canada","","","","","","","","","","","","","","","",""
"VERREAULT NAVIGATION INC (F7049-210340/001/MD~000)","VERREAULT NAVIGATION INC (F7049-210340/001/MD~000)","F7049-210340/001/MD","000","F7049-210340","","F7049-210340/001/MD","10","2023-05-25","2023-04-26","","","2024-06-01","31628049.00","53300363.40","CAD","","","","","","","*JX1990A","*Ships and Vessels (large) - Repair, Refits and Conversions (including Dry Docking)","*Navires et bateaux de grandes dimensions -réparation, radoub et transformation (mise en cale sèche comprise)","","","","*SRVTGD","","","Competitive - Open bidding","Concurrentielle - Invitation ouverte à soumissionner","Lowest Price","Prix le plus bas","","","*Canadian Free Trade Agreement (CFTA)","*Accord de libre-échange canadien (ALEC)","","","Verreault Navigation Inc.","Verreault Navigation Inc.","VERREAULT NAVIGATION INC","VERREAULT NAVIGATION INC","Verreault Navigation Inc","Verreault Navigation Inc","200 to 499 employees","200 à 499 employés","108 rue du Collège","108 rue du Collège","Les Mechins","Les Mechins","Quebec","Quebec","G0J1T0","Canada","Canada","Public Works and Government Services Canada","Travaux publics et Services gouvernementaux Canada","","","","","","","","","","Fisheries and Oceans Canada","Pêches et Océans Canada","INTEGRATED TECHNICAL SERVICES","SERVICES TECHNIQUES INTEGRÉS","VLE MLM PROGRAM<br>200 KENT ST., STN 7N157,OTTAWA,Ontario,K1A0E6,Canada","VLE MLM PROGRAM<br>200 KENT ST., STN 7N157,OTTAWA,Ontario,K1A0E6,Canada","","","","","","","","","","","","","","","",""
"HEDDLE MARINE SERVICE INC (F2599-230002/001/MD~000)","HEDDLE MARINE SERVICE INC (F2599-230002/001/MD~000)","F2599-230002/001/MD","000","F2599-230002","","F2599-230002/001/MD","17","2023-05-25","2023-05-18","","","2024-05-18","2553727.00","5154636.00","CAD","","","","","","","*JX1990B","*Ships, and Vessels (small) - Repair, Refits and Conversions (including Dry Docks)","*Navires et bateaux, de petites dimensions - réparation, radoub et transformation, (mise en case sèche comprise)","","","","*SRVTGD","","","Competitive - Open bidding","Concurrentielle - Invitation ouverte à soumissionner","Lowest Price","Prix le plus bas","","","*Canadian Free Trade Agreement (CFTA)","*Accord de libre-échange canadien (ALEC)","","","HEDDLE MARINE SERVICE INC.","HEDDLE MARINE SERVICE INC.","HEDDLE MARINE SERVICE INC","HEDDLE MARINE SERVICE INC","HEDDLE MARINE SERVICE INC.","HEDDLE MARINE SERVICE INC.","50 to 99 employees","50 à 99 employés","208 hillyard st.<br>pier 14","208 hillyard st.<br>pier 14","hamilton","hamilton","Ontario","Ontario","L8L6B6","Canada","Canada","Public Works and Government Services Canada","Travaux publics et Services gouvernementaux Canada","","","","","","","","","","Fisheries and Oceans Canada","Pêches et Océans Canada","CCG CENTRAL&ARCTIC RGN","N/D","MARINE ENGINEERING<br>520 EXMOUTH ST,SARNIA,Ontario,N7T8B1,Canada","MARINE ENGINEERING<br>520 EXMOUTH ST,SARNIA,Ontario,N7T8B1,Canada","","","","","","","","","","","","","","","",""
"CANADIAN MARITIME ENGINEERING LTD (F2599-230001/001/MD~000)","CANADIAN MARITIME ENGINEERING LTD (F2599-230001/001/MD~000)","F2599-230001/001/MD","000","F2599-230001","","F2599-230001/001/MD","5","2023-06-22","2023-05-23","","","2024-01-01","537660.00","791370.00","CAD","","","","","","","*JX1990A","*Ships and Vessels (large) - Repair, Refits and Conversions (including Dry Docking)","*Navires et bateaux de grandes dimensions -réparation, radoub et transformation (mise en cale sèche comprise)","","","","*SRVTGD","","","Competitive - Open bidding","Concurrentielle - Invitation ouverte à soumissionner","Lowest Price","Prix le plus bas","","","","","","","Canadian Maritime Engineering Ltd.","Canadian Maritime Engineering Ltd.","CANADIAN MARITIME ENGINEERING LTD","CANADIAN MARITIME ENGINEERING LTD","Canadian Maritime Engineering Ltd.","Canadian Maritime Engineering Ltd.","20 to 49 employees","20 à 49 employés","3363 Davis Rd","3363 Davis Rd","Thorold","Thorold","Ontario","Ontario","L0S1A0","Canada","Canada","Public Works and Government Services Canada","Travaux publics et Services gouvernementaux Canada","","","","","","","","","","Fisheries and Oceans Canada","Pêches et Océans Canada","CCG CENTRAL&ARCTIC RGN","N/D","MARINE ENGINEERING<br>520 EXMOUTH ST,SARNIA,Ontario,N7T8B1,Canada","MARINE ENGINEERING<br>520 EXMOUTH ST,SARNIA,Ontario,N7T8B1,Canada","","","","","","","","","","","","","","","",""
"ST JOHNS DOCKYARD LTD (F6855-221005/001/OLZ~000)","ST JOHNS DOCKYARD LTD (F6855-221005/001/OLZ~000)","F6855-221005/001/OLZ","000","F6855-221005","","F6855-221005/001/OLZ","3","2023-05-25","2023-04-03","","","2023-09-21","4064368.00","5054036.00","CAD","","","","","","","*JX1990A","*Ships and Vessels (large) - Repair, Refits and Conversions (including Dry Docking)","*Navires et bateaux de grandes dimensions -réparation, radoub et transformation (mise en cale sèche comprise)","","","","*SRVTGD","","","Competitive - Open bidding","Concurrentielle - Invitation ouverte à soumissionner","Lowest Price","Prix le plus bas","","","*Canadian Free Trade Agreement (CFTA)","*Accord de libre-échange canadien (ALEC)","","","St John's Dockyard Limited","St John's Dockyard Limited","ST JOHNS DOCKYARD LTD","ST JOHNS DOCKYARD LTD","St John's Dockyard Limited","St John's Dockyard Limited","100 to 199 employees","100 à 199 employés","475 Water Street","475 Water Street","St. John's","St. John's","Newfoundland and Labrador","Newfoundland and Labrador","A1E6B5","Canada","Canada","Public Works and Government Services Canada","Travaux publics et Services gouvernementaux Canada","","","","","","","","","","Fisheries and Oceans Canada","Pêches et Océans Canada","CCG SUPVR ENGINEERING","N/D","C/O SUPPLY DEPOT<br>SOUTHSIDE RD PO BOX 5667,ST JOHNS,Newfoundland and Labrador,A1C5X1,Canada","C/O SUPPLY DEPOT<br>SOUTHSIDE RD PO BOX 5667,ST JOHNS,Newfoundland and Labrador,A1C5X1,Canada","","","","","","","","","","","","","","","",""
"UNITED STATES DEPARTMENT OF THE NAVY (NAVAIR) (W636A-23PTMU/001/USW~000)","UNITED STATES DEPARTMENT OF THE NAVY (NAVAIR) (W636A-23PTMU/001/USW~000)","W636A-23PTMU/001/USW","000","W636A-23PTMU","","W636A-23PTMU/001/USW","1","2023-06-22","2023-06-15","","","2030-05-31","11418106.00","11418106.00","CAD","","","","","","","*JX5865","*Electronic Countermeasures, Counter-Countermeasures and Quick Reaction Capability Equipment - Repair","*Équipements de contre-mesures et d'anti-contre mesures électroniques et équipements à capacité de réaction rapide - réparation","","","","*SRVTGD","","","Non-competitive","Non concurrentielle","Government Objectives Representing Best Interests/Value to Govt","Objectifs gouvern.  représentant  les meilleurs intérets/valeur pour l'État","","","*None","*Aucun","","","UNITED STATES DEPARTMENT OF THE NAVY (NAVAIR)","UNITED STATES DEPARTMENT OF THE NAVY (NAVAIR)","UNITED STATES DEPARTMENT OF THE NAVY (NAVAIR)","UNITED STATES DEPARTMENT OF THE NAVY (NAVAIR)","Not applicable","Not applicable","UNKNOWN","INCONNU","2521 South Clark Street<br>Suite 800","2521 South Clark Street<br>Suite 800","Arlington","Arlington","Virginia","Virginia","22202-3928","United States","United States","Public Works and Government Services Canada","Travaux publics et Services gouvernementaux Canada","","","","","","","","","","Department of National Defence","Ministère de la défense nationale","D MJR PROC 5 PMO CATS","N/D","DND HDQRTS<br>101 COLONEL BY DR.,OTTAWA,Ontario,K1A0K2,Canada","DND HDQRTS<br>101 COLONEL BY DR.,OTTAWA,Ontario,K1A0K2,Canada","","","","","","","","","","","","","","","",""
"BCS AUTOMATION LTD (F7044-200246/001/ML~000)","BCS AUTOMATION LTD (F7044-200246/001/ML~000)","F7044-200246/001/ML","000","F7044-200246","","F7044-200246/001/ML","11","2023-08-23","2023-08-02","","","2024-09-02","1702077.00","5984352.84","CAD","","","","","","","*JX6320","*Shipboard Alarm and Signal Systems - Repair","*Systèmes d'alarme et de signalisation de bord, navires - réparation","","","","*SRVTGD","","","Competitive - Open bidding","Concurrentielle - Invitation ouverte à soumissionner","Lowest Price","Prix le plus bas","","","","","","","BCS automation ltd.","BCS automation ltd.","BCS AUTOMATION LTD","BCS AUTOMATION LTD","BCS automation ltd.","BCS automation ltd.","10 to 19 employees","10 à 19 employés","316 Dundas Street E.","316 Dundas Street E.","Belleville","Belleville","Ontario","Ontario","K8N1E6","Canada","Canada","Public Works and Government Services Canada","Travaux publics et Services gouvernementaux Canada","","","","","","","","","","Fisheries and Oceans Canada","Pêches et Océans Canada","D/PROJ.MGR STIMULUS PACKAGE","GEST.A.PRGM PLAN ACTION ECON.","INTEGRATED TECHNICAL SERVICES<br>200 KENT ST STN. 7W060,OTTAWA,Ontario,K1A0E6,Canada","INTEGRATED TECHNICAL SERVICES<br>200 KENT ST STN. 7W060,OTTAWA,Ontario,K1A0E6,Canada","","","","","","","","","","","","","","","",""
"VARD (F7044-230497/001/ML~000)","VARD (F7044-230497/001/ML~000)","F7044-230497/001/ML","000","F7044-230497","","F7044-230497/001/ML","1","2024-01-31","2023-11-15","","","2024-03-31","71405.00","71405.00","CAD","","","","","","","*JX2090","*Ship and Marine Miscellaneous Equipment - Repair","*Matériels nautiques divers - réparation","","","","*SRVTGD","","","Non-competitive","Non concurrentielle","","","Exclusive Rights","Droits exclusifs","*Canadian Free Trade Agreement (CFTA)","*Accord de libre-échange canadien (ALEC)","","","Vard Electro Canada Inc","Vard Electro Canada Inc","VARD","VARD","Vard Electro","Vard Electro","20 to 49 employees","20 à 49 employés","Vard Electro Canada Inc.<br>2955 Virtual Way","Vard Electro Canada Inc.<br>2955 Virtual Way","Vancouver","Vancouver","British Columbia","British Columbia","V5M4X6","Canada","Canada","Public Works and Government Services Canada","Travaux publics et Services gouvernementaux Canada","","","","","","","","","","Fisheries and Oceans Canada / Fisheries and Oceans Canada","Pêches et Océans Canada / Pêches et Océans Canada","D/PROJ.MGR STIMULUS PACKAGE / D/PROJ.MGR STIMULUS PACKAGE","GEST.A.PRGM PLAN ACTION ECON. / GEST.A.PRGM PLAN ACTION ECON.","INTEGRATED TECHNICAL SERVICES<br>200 KENT ST STN. 7W060,OTTAWA,Ontario,K1A0E6,Canada / INTEGRATED TECHNICAL SERVICES<br>200 KENT ST STN. 7W060,OTTAWA,Ontario,K1A0E6,Canada","INTEGRATED TECHNICAL SERVICES<br>200 KENT ST STN. 7W060,OTTAWA,Ontario,K1A0E6,Canada / INTEGRATED TECHNICAL SERVICES<br>200 KENT ST STN. 7W060,OTTAWA,Ontario,K1A0E6,Canada","","","","","","","","","","","","","","","",""
"GENERAL DYNAMICS CANADA LTD (W8486-249184/001/QD~000)","GENERAL DYNAMICS CANADA LTD (W8486-249184/001/QD~000)","W8486-249184/001/QD","000","W8486-249184","","W8486-249184/001/QD","4","2024-04-29","2024-03-28","","","2028-03-31","7641852.00","7641852.00","CAD","","","","","","","*JX5810","*Communications Security Equipment and Components - Repair","*Équipement de sécurité des télécommunications et composants - réparation","","","","*SRVTGD","","","Non-competitive","Non concurrentielle","","","Exclusive Rights","Droits exclusifs","","","","","General Dynamics Canada Ltd.","General Dynamics Canada Ltd.","GENERAL DYNAMICS CANADA LTD","GENERAL DYNAMICS CANADA LTD","General Dynamics Canada Ltd.","General Dynamics Canada Ltd.","1000 to 1499 employees","1000 à 1499 employés","1941 Robertson Road","1941 Robertson Road","Ottawa","Ottawa","Ontario","Ontario","K2H5B7","Canada","Canada","Public Works and Government Services Canada","Travaux publics et Services gouvernementaux Canada","","","","","","","","","","Department of National Defence","Ministère de la défense nationale","NDHQ DGLEPM","N/D","101 COLONEL BY DR.,OTTAWA,Ontario,K1A0K2,Canada","101 COLONEL BY DR.,OTTAWA,Ontario,K1A0K2,Canada","","","","","","","","","","","","","","","",""
"MACKAY MARINE CANADA (F7013-190108/001/ML~000)","MACKAY MARINE CANADA (F7013-190108/001/ML~000)","F7013-190108/001/ML","000","F7013-190108","","F7013-190108/001/ML","1","2023-09-22","2023-08-25","","","2024-08-24","699010.00","699010.00","CAD","","","","","","","*JX1990D","*Shipboard Machinery & Equipment -Repair, Overhaul, Modification, Maintenance & Calibration","*Machines et équipement à bord des navires - réparation, révision, modification, entretien et calibrage","","","","*SRVTGD","","","Non-competitive","Non concurrentielle","","","Exclusive Rights","Droits exclusifs","*Canadian Free Trade Agreement (CFTA)","*Accord de libre-échange canadien (ALEC)","","","Mackay Communications Canada Inc","Mackay Communications Canada Inc","MACKAY MARINE CANADA","MACKAY MARINE CANADA","Mackay Marine Canada","Mackay Marine Canada","200 to 499 employees","200 à 499 employés","7 Mellor Avenue<br>Unit 16","7 Mellor Avenue<br>Unit 16","Dartmouth","Dartmouth","Nova Scotia","Nova Scotia","B3B0E8","Canada","Canada","Public Works and Government Services Canada","Travaux publics et Services gouvernementaux Canada","","","","","","","","","","Fisheries and Oceans Canada","Pêches et Océans Canada","MAJOR CROWN PROJECTS DIR.","DIR GRANDS PROJETS D'ETAT","3RD FL.<br>200 ELGIN ST,OTTAWA,Ontario,K2P1L5,Canada","3RD FL.<br>200 ELGIN ST,OTTAWA,Ontario,K2P1L5,Canada","","","","","","","","","","","","","","","",""
"AXON PUBLIC SAFETY CANADA INC (M5000-241278/001/BM~000)","AXON PUBLIC SAFETY CANADA INC (M5000-241278/001/BM~000)","M5000-241278/001/BM","000","M5000-241278","","M5000-241278/001/BM","2","2024-04-02","2024-02-21","","","2024-06-14","384510.00","384510.00","CAD","","","","","","","*N1095","*Miscellaneous Weapons","*Armes diverses","","","","*GD","","","Non-competitive","Non concurrentielle","","","Exclusive Rights","Droits exclusifs","*Canadian Free Trade Agreement (CFTA)","*Accord de libre-échange canadien (ALEC)","","","Axon Public Safety Canada Inc.","Axon Public Safety Canada Inc.","AXON PUBLIC SAFETY CANADA INC","AXON PUBLIC SAFETY CANADA INC","Axon Public Safety Canada Inc.","Axon Public Safety Canada Inc.","500 to 999 employees","500  à  999 employés","16 FOUR SEASONS PLACE<br>SUITE 110","16 FOUR SEASONS PLACE<br>SUITE 110","Toronto","Toronto","Ontario","Ontario","M9B6E5","Canada","Canada","Public Works and Government Services Canada","Travaux publics et Services gouvernementaux Canada","","","","","","","","","","Royal Canadian Mounted Police","Gendarmerie royale du Canada","NORTH WEST REGION K-DIVISION","N/D","ASSET & CONTRACTING BRANCH<br>111140-109TH ST,Edmonton,Alberta,T5G2T4,Canada","ASSET & CONTRACTING BRANCH<br>111140-109TH ST,Edmonton,Alberta,T5G2T4,Canada","","","","","","","","","","","","","","","",""
"COLT CANADA (M7594-234222/001/BM~000)","COLT CANADA (M7594-234222/001/BM~000)","M7594-234222/001/BM","000","M7594-234222","","M7594-234222/001/BM","3","2023-06-22","2023-06-15","","","2028-03-31","0.00","0.00","CAD","","","","","","","*N1095","*Miscellaneous Weapons","*Armes diverses","","","","*GD","","","Non-competitive","Non concurrentielle","Government Objectives Representing Best Interests/Value to Govt","Objectifs gouvern.  représentant  les meilleurs intérets/valeur pour l'État","","","*Canadian Free Trade Agreement (CFTA)","*Accord de libre-échange canadien (ALEC)","","","COLT CANADA CORPORATION","COLT CANADA CORPORATION","COLT CANADA","COLT CANADA","Colt Canada","Colt Canada","100 to 199 employees","100 à 199 employés","1036 Wilson Avenue","1036 Wilson Avenue","Kitchener","Kitchener","Ontario","Ontario","N2C1J3","Canada","Canada","Public Works and Government Services Canada","Travaux publics et Services gouvernementaux Canada","","","","","","","","","","Royal Canadian Mounted Police","Gendarmerie royale du Canada","HQ PROCURE.&CONTRACT.SERVS","SERVS APPROVISION.&CONTRATS QG","4TH FL.<br>73 LEIKIN DR. M1,OTTAWA,Ontario,K1A0R2,Canada","4TH FL.<br>73 LEIKIN DR. M1,OTTAWA,Ontario,K1A0R2,Canada","","","","","","","","","","","","","","","",""
"ATLAS DEVICES (W6399-23LM19/001/BM~000)","ATLAS DEVICES (W6399-23LM19/001/BM~000)","W6399-23LM19/001/BM","000","W6399-23LM19","","W6399-23LM19/001/BM","1","2024-01-31","2023-11-23","","","2034-12-22","823848.00","823848.00","CAD","","","","","","","*N1095","*Miscellaneous Weapons","*Armes diverses","","","","*GD","","","Non-competitive","Non concurrentielle","","","Exclusive Rights","Droits exclusifs","*Canadian Free Trade Agreement (CFTA)","*Accord de libre-échange canadien (ALEC)","","","Atlas Devices","Atlas Devices","ATLAS DEVICES","ATLAS DEVICES","Atlas Devices","Atlas Devices","UNKNOWN","INCONNU","21 Alpha Rd<br>Suite 202","21 Alpha Rd<br>Suite 202","Chelmsford","Chelmsford","Massachusetts","Massachusetts","01824","United States","United States","Public Works and Government Services Canada","Travaux publics et Services gouvernementaux Canada","","","","","","","","","","Department of National Defence / Department of National Defence","Ministère de la défense nationale / Ministère de la défense nationale","CANSOFCOM HQ / CANSOFCOM HQ","N/D / N/D","101 COLONEL BY DR.,OTTAWA,Ontario,K1A0K2,Canada / 101 COLONEL BY DR.,OTTAWA,Ontario,K1A0K2,Canada","101 COLONEL BY DR.,OTTAWA,Ontario,K1A0K2,Canada / 101 COLONEL BY DR.,OTTAWA,Ontario,K1A0K2,Canada","","","","","","","","","","","","","","","",""
"UNITED STATES DEPARTMENT OF THE NAVY (NAVAIR) (W8485-237432/001/USW~000)","UNITED STATES DEPARTMENT OF THE NAVY (NAVAIR) (W8485-237432/001/USW~000)","W8485-237432/001/USW","000","W8485-237432","","W8485-237432/001/USW","1","2024-04-02","2024-03-15","","","2031-03-31","7763970.00","7763970.00","CAD","","","","","","","*N1095","*Miscellaneous Weapons","*Armes diverses","","","","*GD","","","Non-competitive","Non concurrentielle","Government Objectives Representing Best Interests/Value to Govt","Objectifs gouvern.  représentant  les meilleurs intérets/valeur pour l'État","","","*None","*Aucun","","","UNITED STATES DEPARTMENT OF THE NAVY (NAVAIR)","UNITED STATES DEPARTMENT OF THE NAVY (NAVAIR)","UNITED STATES DEPARTMENT OF THE NAVY (NAVAIR)","UNITED STATES DEPARTMENT OF THE NAVY (NAVAIR)","Not applicable","Not applicable","UNKNOWN","INCONNU","2521 South Clark Street<br>Suite 800","2521 South Clark Street<br>Suite 800","Arlington","Arlington","Virginia","Virginia","22202-3928","United States","United States","Public Works and Government Services Canada","Travaux publics et Services gouvernementaux Canada","","","","","","","","","","Department of National Defence","Ministère de la défense nationale","NDHQ","N/D","DGAEPM<br>101 COLONEL BY DR.,OTTAWA,Ontario,K1A0K2,Canada","DGAEPM<br>101 COLONEL BY DR.,OTTAWA,Ontario,K1A0K2,Canada","","","","","","","","","","","","","","","",""
"THE BOEING COMPANY (W8482-217915/001/QF~000)","THE BOEING COMPANY (W8482-217915/001/QF~000)","W8482-217915/001/QF","000","W8482-217915","","W8482-217915/001/QF","2","2023-05-25","2023-05-09","","","2028-06-30","3530300.00","3530300.00","CAD","","","","","","","*N1230","*Fire Control Systems, Complete","*Systèmes de conduite de tir, complets","","","","*GD","","","Non-competitive","Non concurrentielle","","","Exclusive Rights","Droits exclusifs","*Canadian Free Trade Agreement (CFTA)","*Accord de libre-échange canadien (ALEC)","","","The Boeing Company","The Boeing Company","THE BOEING COMPANY","THE BOEING COMPANY","The Boeing Company","The Boeing Company","5000 employees and over","5000 employés et plus","P.O. Box 516","P.O. Box 516","Saint Louis","Saint Louis","Missouri","Missouri","63134","United States","United States","Public Works and Government Services Canada","Travaux publics et Services gouvernementaux Canada","","","","","","","","","","Department of National Defence","Ministère de la défense nationale","NDHQ","N/D","ATTN DGMEPM NP - DMARP<br>101 COLONEL BY DR.,OTTAWA,Ontario,K1A0K2,Canada","ATTN DGMEPM NP - DMARP<br>101 COLONEL BY DR.,OTTAWA,Ontario,K1A0K2,Canada","","","","","","","","","","","","","","","",""
"UNITED STATES DEPARTMENT OF THE NAVY (NAVSEA) (W8482-230449/001/USW~000)","UNITED STATES DEPARTMENT OF THE NAVY (NAVSEA) (W8482-230449/001/USW~000)","W8482-230449/001/USW","000","W8482-230449","","W8482-230449/001/USW","1","2024-04-02","2024-02-28","","","2031-03-01","5178035.00","5178035.00","CAD","","","","","","","*N1230","*Fire Control Systems, Complete","*Systèmes de conduite de tir, complets","","","","*GD","","","Non-competitive","Non concurrentielle","Government Objectives Representing Best Interests/Value to Govt","Objectifs gouvern.  représentant  les meilleurs intérets/valeur pour l'État","","","*None","*Aucun","","","UNITED STATES DEPARTMENT OF THE NAVY (NAVSEA)","UNITED STATES DEPARTMENT OF THE NAVY (NAVSEA)","UNITED STATES DEPARTMENT OF THE NAVY (NAVSEA)","UNITED STATES DEPARTMENT OF THE NAVY (NAVSEA)","Not applicable","Not applicable","UNKNOWN","INCONNU","2521 South Clark Street<br>Suite 800","2521 South Clark Street<br>Suite 800","Arlington","Arlington","Virginia","Virginia","22202-3928","United States","United States","Public Works and Government Services Canada","Travaux publics et Services gouvernementaux Canada","","","","","","","","","","Department of National Defence","Ministère de la défense nationale","NDHQ","N/D","ATTN DGMEPM NP - DMARP<br>101 COLONEL BY DR.,OTTAWA,Ontario,K1A0K2,Canada","ATTN DGMEPM NP - DMARP<br>101 COLONEL BY DR.,OTTAWA,Ontario,K1A0K2,Canada","","","","","","","","","","","","","","","",""
"AGENCE GRAVEL INC (21107-233006/001/QF~000)","AGENCE GRAVEL INC (21107-233006/001/QF~000)","21107-233006/001/QF","000","21107-233006","","21107-233006/001/QF","1","2024-03-05","2024-02-08","","","2027-02-06","202722.00","202722.00","CAD","","","","","","","*N1240","*Optical Sighting and Ranging Equipment","*Instruments optiques de visée et de télémétrie","","","","*GD","","","Competitive - Open bidding","Concurrentielle - Invitation ouverte à soumissionner","Lowest Price","Prix le plus bas","","","*Canadian Free Trade Agreement (CFTA)","*Accord de libre-échange canadien (ALEC)","","","AGENCE GRAVEL INC.","AGENCE GRAVEL INC.","AGENCE GRAVEL INC","AGENCE GRAVEL INC","AGENCE GRAVEL INC.","AGENCE GRAVEL INC.","20 to 49 employees","20 à 49 employés","5175 John Molson","5175 John Molson","QUEBEC","QUEBEC","Quebec","Quebec","G1X3X4","Canada","Canada","Public Works and Government Services Canada","Travaux publics et Services gouvernementaux Canada","","","","","","","","","","Correctional Service of Canada","Service correctionnel du Canada","PWGSC TB CONFERENCE INTERPRETN","TPSGC BT INTERPRETN CONFERENCE","5TH<br>975 ST JOSEPH BLVD,GATINEAU,Quebec,K1A0S5,Canada","5TH<br>975 ST JOSEPH BLVD,GATINEAU,Quebec,K1A0S5,Canada","","","","","","","","","","","","","","","",""
"UNITED STATES DEPARTMENT OF THE NAVY (NAVAIR) (W8485-21D801/001/USW~000)","UNITED STATES DEPARTMENT OF THE NAVY (NAVAIR) (W8485-21D801/001/USW~000)","W8485-21D801/001/USW","000","W8485-21D801","","W8485-21D801/001/USW","2","2023-05-25","2023-04-06","","","2030-04-06","3678700.00","4055002.00","CAD","","","","","","","*N1270","*Aircraft Gunnery Fire Control Components","*Éléments de conduite de tir pour armes de bord d'aéronefs","","","","*GD","","","Non-competitive","Non concurrentielle","Government Objectives Representing Best Interests/Value to Govt","Objectifs gouvern.  représentant  les meilleurs intérets/valeur pour l'État","","","*None","*Aucun","","","UNITED STATES DEPARTMENT OF THE NAVY (NAVAIR)","UNITED STATES DEPARTMENT OF THE NAVY (NAVAIR)","UNITED STATES DEPARTMENT OF THE NAVY (NAVAIR)","UNITED STATES DEPARTMENT OF THE NAVY (NAVAIR)","Not applicable","Not applicable","UNKNOWN","INCONNU","2521 South Clark Street<br>Suite 800","2521 South Clark Street<br>Suite 800","Arlington","Arlington","Virginia","Virginia","22202-3928","United States","United States","Public Works and Government Services Canada","Travaux publics et Services gouvernementaux Canada","","","","","","","","","","Department of National Defence","Ministère de la défense nationale","NDHQ","N/D","DGAEPM<br>101 COLONEL BY DR.,OTTAWA,Ontario,K1A0K2,Canada","DGAEPM<br>101 COLONEL BY DR.,OTTAWA,Ontario,K1A0K2,Canada","","","","","","","","","","","","","","","",""
"GENERAL DYNAMICS ORDNANCE AND TACTICAL SYSTEMS - CANADA INC (W8486-24XA01/001/BK~000)","GENERAL DYNAMICS ORDNANCE AND TACTICAL SYSTEMS - CANADA INC (W8486-24XA01/001/BK~000)","W8486-24XA01/001/BK","000","W8486-24XA01","","W8486-24XA01/001/BK","1","2024-04-02","2024-03-08","","","2026-12-31","15238575.00","15238575.00","CAD","","","","","","","*N1305","*Ammunition, through 30mm","*Munitions, jusqu'à 30 mm","","","","*GD","","","Non-competitive","Non concurrentielle","Government Objectives Representing Best Interests/Value to Govt","Objectifs gouvern.  représentant  les meilleurs intérets/valeur pour l'État","","","*Canadian Free Trade Agreement (CFTA)","*Accord de libre-échange canadien (ALEC)","","","GENERAL DYNAMICS ORDNANCE AND TACTICAL SYSTEMS - CANADA INC.","GENERAL DYNAMICS ORDNANCE AND TACTICAL SYSTEMS - CANADA INC.","GENERAL DYNAMICS ORDNANCE AND TACTICAL SYSTEMS - CANADA INC","GENERAL DYNAMICS ORDNANCE AND TACTICAL SYSTEMS - CANADA INC","General Dynamics Ordnance and Tactical Systems - Canada Inc","General Dynamics Ordnance and Tactical Systems - Canada Inc","1000 to 1499 employees","1000 à 1499 employés","5 Montée des Arsenaux","5 Montée des Arsenaux","Repentigny","Repentigny","Quebec","Quebec","J5Z2P4","Canada","Canada","Public Works and Government Services Canada","Travaux publics et Services gouvernementaux Canada","","","","","","","","","","Department of National Defence","Ministère de la défense nationale","NDHQ DGLEPM","N/D","101 COLONEL BY DR.,OTTAWA,Ontario,K1A0K2,Canada","101 COLONEL BY DR.,OTTAWA,Ontario,K1A0K2,Canada","","","","","","","","","","","","","","","",""
"GENERAL DYNAMICS ORDNANCE AND TACTICAL SYSTEMS - CANADA INC (W8486-24XA02/001/BK~000)","GENERAL DYNAMICS ORDNANCE AND TACTICAL SYSTEMS - CANADA INC (W8486-24XA02/001/BK~000)","W8486-24XA02/001/BK","000","W8486-24XA02","","W8486-24XA02/001/BK","1","2024-04-02","2024-03-14","","","2027-12-31","5645398.00","5645398.00","CAD","","","","","","","*N1305","*Ammunition, through 30mm","*Munitions, jusqu'à 30 mm","","","","*GD","","","Non-competitive","Non concurrentielle","Government Objectives Representing Best Interests/Value to Govt","Objectifs gouvern.  représentant  les meilleurs intérets/valeur pour l'État","","","*Canadian Free Trade Agreement (CFTA)","*Accord de libre-échange canadien (ALEC)","","","GENERAL DYNAMICS ORDNANCE AND TACTICAL SYSTEMS - CANADA INC.","GENERAL DYNAMICS ORDNANCE AND TACTICAL SYSTEMS - CANADA INC.","GENERAL DYNAMICS ORDNANCE AND TACTICAL SYSTEMS - CANADA INC","GENERAL DYNAMICS ORDNANCE AND TACTICAL SYSTEMS - CANADA INC","General Dynamics Ordnance and Tactical Systems - Canada Inc","General Dynamics Ordnance and Tactical Systems - Canada Inc","1000 to 1499 employees","1000 à 1499 employés","5 Montée des Arsenaux","5 Montée des Arsenaux","Repentigny","Repentigny","Quebec","Quebec","J5Z2P4","Canada","Canada","Public Works and Government Services Canada","Travaux publics et Services gouvernementaux Canada","","","","","","","","","","Department of National Defence","Ministère de la défense nationale","NDHQ DGLEPM","N/D","101 COLONEL BY DR.,OTTAWA,Ontario,K1A0K2,Canada","101 COLONEL BY DR.,OTTAWA,Ontario,K1A0K2,Canada","","","","","","","","","","","","","","","",""
"GENERAL DYNAMICS ORDNANCE AND TACTICAL SYSTEMS - CANADA INC (W8486-24XA03/001/BK~000)","GENERAL DYNAMICS ORDNANCE AND TACTICAL SYSTEMS - CANADA INC (W8486-24XA03/001/BK~000)","W8486-24XA03/001/BK","000","W8486-24XA03","","W8486-24XA03/001/BK","1","2024-04-02","2024-03-14","","","2027-12-31","10073794.00","10073794.00","CAD","","","","","","","*N1305","*Ammunition, through 30mm","*Munitions, jusqu'à 30 mm","","","","*GD","","","Non-competitive","Non concurrentielle","Government Objectives Representing Best Interests/Value to Govt","Objectifs gouvern.  représentant  les meilleurs intérets/valeur pour l'État","","","*Canadian Free Trade Agreement (CFTA)","*Accord de libre-échange canadien (ALEC)","","","GENERAL DYNAMICS ORDNANCE AND TACTICAL SYSTEMS - CANADA INC.","GENERAL DYNAMICS ORDNANCE AND TACTICAL SYSTEMS - CANADA INC.","GENERAL DYNAMICS ORDNANCE AND TACTICAL SYSTEMS - CANADA INC","GENERAL DYNAMICS ORDNANCE AND TACTICAL SYSTEMS - CANADA INC","General Dynamics Ordnance and Tactical Systems - Canada Inc","General Dynamics Ordnance and Tactical Systems - Canada Inc","1000 to 1499 employees","1000 à 1499 employés","5 Montée des Arsenaux","5 Montée des Arsenaux","Repentigny","Repentigny","Quebec","Quebec","J5Z2P4","Canada","Canada","Public Works and Government Services Canada","Travaux publics et Services gouvernementaux Canada","","","","","","","","","","Department of National Defence","Ministère de la défense nationale","NDHQ DGLEPM","N/D","101 COLONEL BY DR.,OTTAWA,Ontario,K1A0K2,Canada","101 COLONEL BY DR.,OTTAWA,Ontario,K1A0K2,Canada","","","","","","","","","","","","","","","",""
"GENERAL DYNAMICS ORDNANCE AND TACTICAL SYSTEMS - CANADA INC (W8486-24XA04/001/BK~000)","GENERAL DYNAMICS ORDNANCE AND TACTICAL SYSTEMS - CANADA INC (W8486-24XA04/001/BK~000)","W8486-24XA04/001/BK","000","W8486-24XA04","","W8486-24XA04/001/BK","1","2024-04-02","2024-03-14","","","2027-12-31","4697012.00","4697012.00","CAD","","","","","","","*N1305","*Ammunition, through 30mm","*Munitions, jusqu'à 30 mm","","","","*GD","","","Non-competitive","Non concurrentielle","Government Objectives Representing Best Interests/Value to Govt","Objectifs gouvern.  représentant  les meilleurs intérets/valeur pour l'État","","","*Canadian Free Trade Agreement (CFTA)","*Accord de libre-échange canadien (ALEC)","","","GENERAL DYNAMICS ORDNANCE AND TACTICAL SYSTEMS - CANADA INC.","GENERAL DYNAMICS ORDNANCE AND TACTICAL SYSTEMS - CANADA INC.","GENERAL DYNAMICS ORDNANCE AND TACTICAL SYSTEMS - CANADA INC","GENERAL DYNAMICS ORDNANCE AND TACTICAL SYSTEMS - CANADA INC","General Dynamics Ordnance and Tactical Systems - Canada Inc","General Dynamics Ordnance and Tactical Systems - Canada Inc","1000 to 1499 employees","1000 à 1499 employés","5 Montée des Arsenaux","5 Montée des Arsenaux","Repentigny","Repentigny","Quebec","Quebec","J5Z2P4","Canada","Canada","Public Works and Government Services Canada","Travaux publics et Services gouvernementaux Canada","","","","","","","","","","Department of National Defence","Ministère de la défense nationale","NDHQ DGLEPM","N/D","101 COLONEL BY DR.,OTTAWA,Ontario,K1A0K2,Canada","101 COLONEL BY DR.,OTTAWA,Ontario,K1A0K2,Canada","","","","","","","","","","","","","","","",""
"GENERAL DYNAMICS ORDNANCE AND TACTICAL SYSTEMS - CANADA INC (W8486-24XA05/001/BK~000)","GENERAL DYNAMICS ORDNANCE AND TACTICAL SYSTEMS - CANADA INC (W8486-24XA05/001/BK~000)","W8486-24XA05/001/BK","000","W8486-24XA05","","W8486-24XA05/001/BK","1","2024-04-02","2024-03-14","","","2027-12-31","5544618.00","5544618.00","CAD","","","","","","","*N1305","*Ammunition, through 30mm","*Munitions, jusqu'à 30 mm","","","","*GD","","","Non-competitive","Non concurrentielle","Government Objectives Representing Best Interests/Value to Govt","Objectifs gouvern.  représentant  les meilleurs intérets/valeur pour l'État","","","*Canadian Free Trade Agreement (CFTA)","*Accord de libre-échange canadien (ALEC)","","","GENERAL DYNAMICS ORDNANCE AND TACTICAL SYSTEMS - CANADA INC.","GENERAL DYNAMICS ORDNANCE AND TACTICAL SYSTEMS - CANADA INC.","GENERAL DYNAMICS ORDNANCE AND TACTICAL SYSTEMS - CANADA INC","GENERAL DYNAMICS ORDNANCE AND TACTICAL SYSTEMS - CANADA INC","General Dynamics Ordnance and Tactical Systems - Canada Inc","General Dynamics Ordnance and Tactical Systems - Canada Inc","1000 to 1499 employees","1000 à 1499 employés","5 Montée des Arsenaux","5 Montée des Arsenaux","Repentigny","Repentigny","Quebec","Quebec","J5Z2P4","Canada","Canada","Public Works and Government Services Canada","Travaux publics et Services gouvernementaux Canada","","","","","","","","","","Department of National Defence","Ministère de la défense nationale","NDHQ DGLEPM","N/D","101 COLONEL BY DR.,OTTAWA,Ontario,K1A0K2,Canada","101 COLONEL BY DR.,OTTAWA,Ontario,K1A0K2,Canada","","","","","","","","","","","","","","","",""
"GENERAL DYNAMICS ORDNANCE AND TACTICAL SYSTEMS - CANADA INC (W8486-24XA08/001/BK~000)","GENERAL DYNAMICS ORDNANCE AND TACTICAL SYSTEMS - CANADA INC (W8486-24XA08/001/BK~000)","W8486-24XA08/001/BK","000","W8486-24XA08","","W8486-24XA08/001/BK","1","2024-04-02","2024-03-14","","","2027-12-31","13475019.00","13475019.00","CAD","","","","","","","*N1305","*Ammunition, through 30mm","*Munitions, jusqu'à 30 mm","","","","*GD","","","Non-competitive","Non concurrentielle","Government Objectives Representing Best Interests/Value to Govt","Objectifs gouvern.  représentant  les meilleurs intérets/valeur pour l'État","","","*Canadian Free Trade Agreement (CFTA)","*Accord de libre-échange canadien (ALEC)","","","GENERAL DYNAMICS ORDNANCE AND TACTICAL SYSTEMS - CANADA INC.","GENERAL DYNAMICS ORDNANCE AND TACTICAL SYSTEMS - CANADA INC.","GENERAL DYNAMICS ORDNANCE AND TACTICAL SYSTEMS - CANADA INC","GENERAL DYNAMICS ORDNANCE AND TACTICAL SYSTEMS - CANADA INC","General Dynamics Ordnance and Tactical Systems - Canada Inc","General Dynamics Ordnance and Tactical Systems - Canada Inc","1000 to 1499 employees","1000 à 1499 employés","5 Montée des Arsenaux","5 Montée des Arsenaux","Repentigny","Repentigny","Quebec","Quebec","J5Z2P4","Canada","Canada","Public Works and Government Services Canada","Travaux publics et Services gouvernementaux Canada","","","","","","","","","","Department of National Defence","Ministère de la défense nationale","NDHQ DGLEPM","N/D","101 COLONEL BY DR.,OTTAWA,Ontario,K1A0K2,Canada","101 COLONEL BY DR.,OTTAWA,Ontario,K1A0K2,Canada","","","","","","","","","","","","","","","",""
"GENERAL DYNAMICS ORDNANCE AND TACTICAL SYSTEMS - CANADA INC (W8486-24XA09/001/BK~000)","GENERAL DYNAMICS ORDNANCE AND TACTICAL SYSTEMS - CANADA INC (W8486-24XA09/001/BK~000)","W8486-24XA09/001/BK","000","W8486-24XA09","","W8486-24XA09/001/BK","1","2024-04-02","2024-03-15","","","2027-12-31","2036225.00","2036225.00","CAD","","","","","","","*N1305","*Ammunition, through 30mm","*Munitions, jusqu'à 30 mm","","","","*GD","","","Non-competitive","Non concurrentielle","Government Objectives Representing Best Interests/Value to Govt","Objectifs gouvern.  représentant  les meilleurs intérets/valeur pour l'État","","","*Canadian Free Trade Agreement (CFTA)","*Accord de libre-échange canadien (ALEC)","","","GENERAL DYNAMICS ORDNANCE AND TACTICAL SYSTEMS - CANADA INC.","GENERAL DYNAMICS ORDNANCE AND TACTICAL SYSTEMS - CANADA INC.","GENERAL DYNAMICS ORDNANCE AND TACTICAL SYSTEMS - CANADA INC","GENERAL DYNAMICS ORDNANCE AND TACTICAL SYSTEMS - CANADA INC","General Dynamics Ordnance and Tactical Systems - Canada Inc","General Dynamics Ordnance and Tactical Systems - Canada Inc","1000 to 1499 employees","1000 à 1499 employés","5 Montée des Arsenaux","5 Montée des Arsenaux","Repentigny","Repentigny","Quebec","Quebec","J5Z2P4","Canada","Canada","Public Works and Government Services Canada","Travaux publics et Services gouvernementaux Canada","","","","","","","","","","Department of National Defence","Ministère de la défense nationale","NDHQ DGLEPM","N/D","101 COLONEL BY DR.,OTTAWA,Ontario,K1A0K2,Canada","101 COLONEL BY DR.,OTTAWA,Ontario,K1A0K2,Canada","","","","","","","","","","","","","","","",""
"GENERAL DYNAMICS ORDNANCE AND TACTICAL SYSTEMS - CANADA INC (W8486-24XA10/001/BK~000)","GENERAL DYNAMICS ORDNANCE AND TACTICAL SYSTEMS - CANADA INC (W8486-24XA10/001/BK~000)","W8486-24XA10/001/BK","000","W8486-24XA10","","W8486-24XA10/001/BK","1","2024-04-02","2024-03-15","","","2027-12-31","738666.00","738666.00","CAD","","","","","","","*N1305","*Ammunition, through 30mm","*Munitions, jusqu'à 30 mm","","","","*GD","","","Non-competitive","Non concurrentielle","Government Objectives Representing Best Interests/Value to Govt","Objectifs gouvern.  représentant  les meilleurs intérets/valeur pour l'État","","","*Canadian Free Trade Agreement (CFTA)","*Accord de libre-échange canadien (ALEC)","","","GENERAL DYNAMICS ORDNANCE AND TACTICAL SYSTEMS - CANADA INC.","GENERAL DYNAMICS ORDNANCE AND TACTICAL SYSTEMS - CANADA INC.","GENERAL DYNAMICS ORDNANCE AND TACTICAL SYSTEMS - CANADA INC","GENERAL DYNAMICS ORDNANCE AND TACTICAL SYSTEMS - CANADA INC","General Dynamics Ordnance and Tactical Systems - Canada Inc","General Dynamics Ordnance and Tactical Systems - Canada Inc","1000 to 1499 employees","1000 à 1499 employés","5 Montée des Arsenaux","5 Montée des Arsenaux","Repentigny","Repentigny","Quebec","Quebec","J5Z2P4","Canada","Canada","Public Works and Government Services Canada","Travaux publics et Services gouvernementaux Canada","","","","","","","","","","Department of National Defence","Ministère de la défense nationale","NDHQ DGLEPM","N/D","101 COLONEL BY DR.,OTTAWA,Ontario,K1A0K2,Canada","101 COLONEL BY DR.,OTTAWA,Ontario,K1A0K2,Canada","","","","","","","","","","","","","","","",""
"GENERAL DYNAMICS ORDNANCE AND TACTICAL SYSTEMS - CANADA INC (W8486-24XA11/001/BK~000)","GENERAL DYNAMICS ORDNANCE AND TACTICAL SYSTEMS - CANADA INC (W8486-24XA11/001/BK~000)","W8486-24XA11/001/BK","000","W8486-24XA11","","W8486-24XA11/001/BK","1","2024-04-02","2024-03-15","","","2027-12-31","9100131.00","9100131.00","CAD","","","","","","","*N1305","*Ammunition, through 30mm","*Munitions, jusqu'à 30 mm","","","","*GD","","","Non-competitive","Non concurrentielle","Government Objectives Representing Best Interests/Value to Govt","Objectifs gouvern.  représentant  les meilleurs intérets/valeur pour l'État","","","*Canadian Free Trade Agreement (CFTA)","*Accord de libre-échange canadien (ALEC)","","","GENERAL DYNAMICS ORDNANCE AND TACTICAL SYSTEMS - CANADA INC.","GENERAL DYNAMICS ORDNANCE AND TACTICAL SYSTEMS - CANADA INC.","GENERAL DYNAMICS ORDNANCE AND TACTICAL SYSTEMS - CANADA INC","GENERAL DYNAMICS ORDNANCE AND TACTICAL SYSTEMS - CANADA INC","General Dynamics Ordnance and Tactical Systems - Canada Inc","General Dynamics Ordnance and Tactical Systems - Canada Inc","1000 to 1499 employees","1000 à 1499 employés","5 Montée des Arsenaux","5 Montée des Arsenaux","Repentigny","Repentigny","Quebec","Quebec","J5Z2P4","Canada","Canada","Public Works and Government Services Canada","Travaux publics et Services gouvernementaux Canada","","","","","","","","","","Department of National Defence","Ministère de la défense nationale","NDHQ DGLEPM","N/D","101 COLONEL BY DR.,OTTAWA,Ontario,K1A0K2,Canada","101 COLONEL BY DR.,OTTAWA,Ontario,K1A0K2,Canada","","","","","","","","","","","","","","","",""
"GENERAL DYNAMICS ORDNANCE AND TACTICAL SYSTEMS - CANADA INC (W8486-24XA12/001/BK~000)","GENERAL DYNAMICS ORDNANCE AND TACTICAL SYSTEMS - CANADA INC (W8486-24XA12/001/BK~000)","W8486-24XA12/001/BK","000","W8486-24XA12","","W8486-24XA12/001/BK","1","2024-04-02","2024-03-08","","","2027-12-31","22064805.00","22064805.00","CAD","","","","","","","*N1305","*Ammunition, through 30mm","*Munitions, jusqu'à 30 mm","","","","*GD","","","Non-competitive","Non concurrentielle","Government Objectives Representing Best Interests/Value to Govt","Objectifs gouvern.  représentant  les meilleurs intérets/valeur pour l'État","","","*Canadian Free Trade Agreement (CFTA)","*Accord de libre-échange canadien (ALEC)","","","GENERAL DYNAMICS ORDNANCE AND TACTICAL SYSTEMS - CANADA INC.","GENERAL DYNAMICS ORDNANCE AND TACTICAL SYSTEMS - CANADA INC.","GENERAL DYNAMICS ORDNANCE AND TACTICAL SYSTEMS - CANADA INC","GENERAL DYNAMICS ORDNANCE AND TACTICAL SYSTEMS - CANADA INC","General Dynamics Ordnance and Tactical Systems - Canada Inc","General Dynamics Ordnance and Tactical Systems - Canada Inc","1000 to 1499 employees","1000 à 1499 employés","5 Montée des Arsenaux","5 Montée des Arsenaux","Repentigny","Repentigny","Quebec","Quebec","J5Z2P4","Canada","Canada","Public Works and Government Services Canada","Travaux publics et Services gouvernementaux Canada","","","","","","","","","","Department of National Defence","Ministère de la défense nationale","NDHQ DGLEPM","N/D","101 COLONEL BY DR.,OTTAWA,Ontario,K1A0K2,Canada","101 COLONEL BY DR.,OTTAWA,Ontario,K1A0K2,Canada","","","","","","","","","","","","","","","",""
"GENERAL DYNAMICS ORDNANCE AND TACTICAL SYSTEMS - CANADA INC (W8486-24XA13/001/BK~000)","GENERAL DYNAMICS ORDNANCE AND TACTICAL SYSTEMS - CANADA INC (W8486-24XA13/001/BK~000)","W8486-24XA13/001/BK","000","W8486-24XA13","","W8486-24XA13/001/BK","1","2024-04-02","2024-03-15","","","2027-12-31","13129490.00","13129490.00","CAD","","","","","","","*N1305","*Ammunition, through 30mm","*Munitions, jusqu'à 30 mm","","","","*GD","","","Non-competitive","Non concurrentielle","Government Objectives Representing Best Interests/Value to Govt","Objectifs gouvern.  représentant  les meilleurs intérets/valeur pour l'État","","","*Canadian Free Trade Agreement (CFTA)","*Accord de libre-échange canadien (ALEC)","","","GENERAL DYNAMICS ORDNANCE AND TACTICAL SYSTEMS - CANADA INC.","GENERAL DYNAMICS ORDNANCE AND TACTICAL SYSTEMS - CANADA INC.","GENERAL DYNAMICS ORDNANCE AND TACTICAL SYSTEMS - CANADA INC","GENERAL DYNAMICS ORDNANCE AND TACTICAL SYSTEMS - CANADA INC","General Dynamics Ordnance and Tactical Systems - Canada Inc","General Dynamics Ordnance and Tactical Systems - Canada Inc","1000 to 1499 employees","1000 à 1499 employés","5 Montée des Arsenaux","5 Montée des Arsenaux","Repentigny","Repentigny","Quebec","Quebec","J5Z2P4","Canada","Canada","Public Works and Government Services Canada","Travaux publics et Services gouvernementaux Canada","","","","","","","","","","Department of National Defence","Ministère de la défense nationale","NDHQ DGLEPM","N/D","101 COLONEL BY DR.,OTTAWA,Ontario,K1A0K2,Canada","101 COLONEL BY DR.,OTTAWA,Ontario,K1A0K2,Canada","","","","","","","","","","","","","","","",""
"GENERAL DYNAMICS ORDNANCE AND TACTICAL SYSTEMS - CANADA INC (W8486-24XA32/001/BK~000)","GENERAL DYNAMICS ORDNANCE AND TACTICAL SYSTEMS - CANADA INC (W8486-24XA32/001/BK~000)","W8486-24XA32/001/BK","000","W8486-24XA32","","W8486-24XA32/001/BK","1","2024-04-02","2024-03-15","","","2027-12-31","501456.00","501456.00","CAD","","","","","","","*N1305","*Ammunition, through 30mm","*Munitions, jusqu'à 30 mm","","","","*GD","","","Non-competitive","Non concurrentielle","Government Objectives Representing Best Interests/Value to Govt","Objectifs gouvern.  représentant  les meilleurs intérets/valeur pour l'État","","","*Canadian Free Trade Agreement (CFTA)","*Accord de libre-échange canadien (ALEC)","","","GENERAL DYNAMICS ORDNANCE AND TACTICAL SYSTEMS - CANADA INC.","GENERAL DYNAMICS ORDNANCE AND TACTICAL SYSTEMS - CANADA INC.","GENERAL DYNAMICS ORDNANCE AND TACTICAL SYSTEMS - CANADA INC","GENERAL DYNAMICS ORDNANCE AND TACTICAL SYSTEMS - CANADA INC","General Dynamics Ordnance and Tactical Systems - Canada Inc","General Dynamics Ordnance and Tactical Systems - Canada Inc","1000 to 1499 employees","1000 à 1499 employés","5 Montée des Arsenaux","5 Montée des Arsenaux","Repentigny","Repentigny","Quebec","Quebec","J5Z2P4","Canada","Canada","Public Works and Government Services Canada","Travaux publics et Services gouvernementaux Canada","","","","","","","","","","Department of National Defence","Ministère de la défense nationale","NDHQ DGLEPM","N/D","101 COLONEL BY DR.,OTTAWA,Ontario,K1A0K2,Canada","101 COLONEL BY DR.,OTTAWA,Ontario,K1A0K2,Canada","","","","","","","","","","","","","","","",""
"GENERAL DYNAMICS ORDNANCE AND TACTICAL SYSTEMS - CANADA INC (W8486-24XA33/001/BK~000)","GENERAL DYNAMICS ORDNANCE AND TACTICAL SYSTEMS - CANADA INC (W8486-24XA33/001/BK~000)","W8486-24XA33/001/BK","000","W8486-24XA33","","W8486-24XA33/001/BK","1","2024-04-02","2024-03-15","","","2027-12-31","117410.00","117410.00","CAD","","","","","","","*N1305","*Ammunition, through 30mm","*Munitions, jusqu'à 30 mm","","","","*GD","","","Non-competitive","Non concurrentielle","Government Objectives Representing Best Interests/Value to Govt","Objectifs gouvern.  représentant  les meilleurs intérets/valeur pour l'État","","","*Canadian Free Trade Agreement (CFTA)","*Accord de libre-échange canadien (ALEC)","","","GENERAL DYNAMICS ORDNANCE AND TACTICAL SYSTEMS - CANADA INC.","GENERAL DYNAMICS ORDNANCE AND TACTICAL SYSTEMS - CANADA INC.","GENERAL DYNAMICS ORDNANCE AND TACTICAL SYSTEMS - CANADA INC","GENERAL DYNAMICS ORDNANCE AND TACTICAL SYSTEMS - CANADA INC","General Dynamics Ordnance and Tactical Systems - Canada Inc","General Dynamics Ordnance and Tactical Systems - Canada Inc","1000 to 1499 employees","1000 à 1499 employés","5 Montée des Arsenaux","5 Montée des Arsenaux","Repentigny","Repentigny","Quebec","Quebec","J5Z2P4","Canada","Canada","Public Works and Government Services Canada","Travaux publics et Services gouvernementaux Canada","","","","","","","","","","Department of National Defence","Ministère de la défense nationale","NDHQ DGLEPM","N/D","101 COLONEL BY DR.,OTTAWA,Ontario,K1A0K2,Canada","101 COLONEL BY DR.,OTTAWA,Ontario,K1A0K2,Canada","","","","","","","","","","","","","","","",""
"GENERAL DYNAMICS ORDNANCE AND TACTICAL SYSTEMS - CANADA INC (W8486-24XA16/001/BK~000)","GENERAL DYNAMICS ORDNANCE AND TACTICAL SYSTEMS - CANADA INC (W8486-24XA16/001/BK~000)","W8486-24XA16/001/BK","000","W8486-24XA16","","W8486-24XA16/001/BK","1","2024-04-02","2024-03-14","","","2025-12-31","9944348.00","9944348.00","CAD","","","","","","","*N1310","*Ammunition, over 30mm up To 75mm","*Munitions, de plus de 30 mm jusqu'à 75 mm","","","","*GD","","","Non-competitive","Non concurrentielle","Government Objectives Representing Best Interests/Value to Govt","Objectifs gouvern.  représentant  les meilleurs intérets/valeur pour l'État","","","*Canadian Free Trade Agreement (CFTA)","*Accord de libre-échange canadien (ALEC)","","","GENERAL DYNAMICS ORDNANCE AND TACTICAL SYSTEMS - CANADA INC.","GENERAL DYNAMICS ORDNANCE AND TACTICAL SYSTEMS - CANADA INC.","GENERAL DYNAMICS ORDNANCE AND TACTICAL SYSTEMS - CANADA INC","GENERAL DYNAMICS ORDNANCE AND TACTICAL SYSTEMS - CANADA INC","General Dynamics Ordnance and Tactical Systems - Canada Inc","General Dynamics Ordnance and Tactical Systems - Canada Inc","1000 to 1499 employees","1000 à 1499 employés","5 Montée des Arsenaux","5 Montée des Arsenaux","Repentigny","Repentigny","Quebec","Quebec","J5Z2P4","Canada","Canada","Public Works and Government Services Canada","Travaux publics et Services gouvernementaux Canada","","","","","","","","","","Department of National Defence","Ministère de la défense nationale","NDHQ DGLEPM","N/D","101 COLONEL BY DR.,OTTAWA,Ontario,K1A0K2,Canada","101 COLONEL BY DR.,OTTAWA,Ontario,K1A0K2,Canada","","","","","","","","","","","","","","","",""
"GENERAL DYNAMICS ORDNANCE AND TACTICAL SYSTEMS - CANADA INC (W8486-24XA20/001/BK~000)","GENERAL DYNAMICS ORDNANCE AND TACTICAL SYSTEMS - CANADA INC (W8486-24XA20/001/BK~000)","W8486-24XA20/001/BK","000","W8486-24XA20","","W8486-24XA20/001/BK","1","2024-04-02","2024-03-15","","","2026-12-31","16635560.00","16635560.00","CAD","","","","","","","*N1315","*Ammunition, 75mm through 125mm","*Munitions, de 75 mm jusqu'à 125 mm","","","","*GD","","","Non-competitive","Non concurrentielle","Government Objectives Representing Best Interests/Value to Govt","Objectifs gouvern.  représentant  les meilleurs intérets/valeur pour l'État","","","*Canadian Free Trade Agreement (CFTA)","*Accord de libre-échange canadien (ALEC)","","","GENERAL DYNAMICS ORDNANCE AND TACTICAL SYSTEMS - CANADA INC.","GENERAL DYNAMICS ORDNANCE AND TACTICAL SYSTEMS - CANADA INC.","GENERAL DYNAMICS ORDNANCE AND TACTICAL SYSTEMS - CANADA INC","GENERAL DYNAMICS ORDNANCE AND TACTICAL SYSTEMS - CANADA INC","General Dynamics Ordnance and Tactical Systems - Canada Inc","General Dynamics Ordnance and Tactical Systems - Canada Inc","1000 to 1499 employees","1000 à 1499 employés","5 Montée des Arsenaux","5 Montée des Arsenaux","Repentigny","Repentigny","Quebec","Quebec","J5Z2P4","Canada","Canada","Public Works and Government Services Canada","Travaux publics et Services gouvernementaux Canada","","","","","","","","","","Department of National Defence","Ministère de la défense nationale","NDHQ DGLEPM","N/D","101 COLONEL BY DR.,OTTAWA,Ontario,K1A0K2,Canada","101 COLONEL BY DR.,OTTAWA,Ontario,K1A0K2,Canada","","","","","","","","","","","","","","","",""
"GENERAL DYNAMICS ORDNANCE AND TACTICAL SYSTEMS - CANADA INC (W8486-24XA27/001/BK~000)","GENERAL DYNAMICS ORDNANCE AND TACTICAL SYSTEMS - CANADA INC (W8486-24XA27/001/BK~000)","W8486-24XA27/001/BK","000","W8486-24XA27","","W8486-24XA27/001/BK","1","2024-04-02","2024-03-15","","","2026-12-31","16941152.00","16941152.00","CAD","","","","","","","*N1315","*Ammunition, 75mm through 125mm","*Munitions, de 75 mm jusqu'à 125 mm","","","","*GD","","","Non-competitive","Non concurrentielle","Government Objectives Representing Best Interests/Value to Govt","Objectifs gouvern.  représentant  les meilleurs intérets/valeur pour l'État","","","*Canadian Free Trade Agreement (CFTA)","*Accord de libre-échange canadien (ALEC)","","","GENERAL DYNAMICS ORDNANCE AND TACTICAL SYSTEMS - CANADA INC.","GENERAL DYNAMICS ORDNANCE AND TACTICAL SYSTEMS - CANADA INC.","GENERAL DYNAMICS ORDNANCE AND TACTICAL SYSTEMS - CANADA INC","GENERAL DYNAMICS ORDNANCE AND TACTICAL SYSTEMS - CANADA INC","General Dynamics Ordnance and Tactical Systems - Canada Inc","General Dynamics Ordnance and Tactical Systems - Canada Inc","1000 to 1499 employees","1000 à 1499 employés","5 Montée des Arsenaux","5 Montée des Arsenaux","Repentigny","Repentigny","Quebec","Quebec","J5Z2P4","Canada","Canada","Public Works and Government Services Canada","Travaux publics et Services gouvernementaux Canada","","","","","","","","","","Department of National Defence","Ministère de la défense nationale","NDHQ DGLEPM","N/D","101 COLONEL BY DR.,OTTAWA,Ontario,K1A0K2,Canada","101 COLONEL BY DR.,OTTAWA,Ontario,K1A0K2,Canada","","","","","","","","","","","","","","","",""
"UNITED STATES DEPARTMENT OF THE ARMY (USASAC) (W3524-24BC04/001/USW~000)","UNITED STATES DEPARTMENT OF THE ARMY (USASAC) (W3524-24BC04/001/USW~000)","W3524-24BC04/001/USW","000","W3524-24BC04","","W3524-24BC04/001/USW","1","2023-08-23","2023-08-16","","","2026-08-31","1148903.00","1148903.00","CAD","","","","","","","*N1320","*Ammunition, over 125mm","*Munitions, de plus de 125 mm","","","","*GD","","","Non-competitive","Non concurrentielle","Government Objectives Representing Best Interests/Value to Govt","Objectifs gouvern.  représentant  les meilleurs intérets/valeur pour l'État","","","*None","*Aucun","","","UNITED STATES DEPARTMENT OF THE ARMY (USASAC)","UNITED STATES DEPARTMENT OF THE ARMY (USASAC)","UNITED STATES DEPARTMENT OF THE ARMY (USASAC)","UNITED STATES DEPARTMENT OF THE ARMY (USASAC)","UNITED STATES DEPARTMENT OF THE ARMY (USASAC)","UNITED STATES DEPARTMENT OF THE ARMY (USASAC)","5 to 9 employees","5 à 9 employés","7613 CARDINAL ROAD","7613 CARDINAL ROAD","REDSTONE ARSENAL","REDSTONE ARSENAL","Alabama","Alabama","35898-5000","United States","United States","Public Works and Government Services Canada","Travaux publics et Services gouvernementaux Canada","","","","","","","","","","Department of National Defence","Ministère de la défense nationale","ADM (MAT) DGLEPM","SMA (MAT) DGGPET","101 COLONEL BY DRIVE,OTTAWA,Ontario,K1A0K2,Canada","101 COLONEL BY DRIVE,OTTAWA,Ontario,K1A0K2,Canada","","","","","","","","","","","","","","","",""
"GENERAL DYNAMICS ORDNANCE AND TACTICAL SYSTEMS - CANADA INC (W8486-24XA21/001/BK~000)","GENERAL DYNAMICS ORDNANCE AND TACTICAL SYSTEMS - CANADA INC (W8486-24XA21/001/BK~000)","W8486-24XA21/001/BK","000","W8486-24XA21","","W8486-24XA21/001/BK","1","2024-04-02","2024-03-15","","","2026-12-31","8465770.00","8465770.00","CAD","","","","","","","*N1320","*Ammunition, over 125mm","*Munitions, de plus de 125 mm","","","","*GD","","","Non-competitive","Non concurrentielle","Government Objectives Representing Best Interests/Value to Govt","Objectifs gouvern.  représentant  les meilleurs intérets/valeur pour l'État","","","*Canadian Free Trade Agreement (CFTA)","*Accord de libre-échange canadien (ALEC)","","","GENERAL DYNAMICS ORDNANCE AND TACTICAL SYSTEMS - CANADA INC.","GENERAL DYNAMICS ORDNANCE AND TACTICAL SYSTEMS - CANADA INC.","GENERAL DYNAMICS ORDNANCE AND TACTICAL SYSTEMS - CANADA INC","GENERAL DYNAMICS ORDNANCE AND TACTICAL SYSTEMS - CANADA INC","General Dynamics Ordnance and Tactical Systems - Canada Inc","General Dynamics Ordnance and Tactical Systems - Canada Inc","1000 to 1499 employees","1000 à 1499 employés","5 Montée des Arsenaux","5 Montée des Arsenaux","Repentigny","Repentigny","Quebec","Quebec","J5Z2P4","Canada","Canada","Public Works and Government Services Canada","Travaux publics et Services gouvernementaux Canada","","","","","","","","","","Department of National Defence","Ministère de la défense nationale","NDHQ DGLEPM","N/D","101 COLONEL BY DR.,OTTAWA,Ontario,K1A0K2,Canada","101 COLONEL BY DR.,OTTAWA,Ontario,K1A0K2,Canada","","","","","","","","","","","","","","","",""
"GENERAL DYNAMICS ORDNANCE AND TACTICAL SYSTEMS - CANADA INC (W8486-24XA23/001/BK~000)","GENERAL DYNAMICS ORDNANCE AND TACTICAL SYSTEMS - CANADA INC (W8486-24XA23/001/BK~000)","W8486-24XA23/001/BK","000","W8486-24XA23","","W8486-24XA23/001/BK","1","2024-04-02","2024-03-15","","","2025-12-31","6458514.00","6458514.00","CAD","","","","","","","*N1320","*Ammunition, over 125mm","*Munitions, de plus de 125 mm","","","","*GD","","","Non-competitive","Non concurrentielle","Government Objectives Representing Best Interests/Value to Govt","Objectifs gouvern.  représentant  les meilleurs intérets/valeur pour l'État","","","*Canadian Free Trade Agreement (CFTA)","*Accord de libre-échange canadien (ALEC)","","","GENERAL DYNAMICS ORDNANCE AND TACTICAL SYSTEMS - CANADA INC.","GENERAL DYNAMICS ORDNANCE AND TACTICAL SYSTEMS - CANADA INC.","GENERAL DYNAMICS ORDNANCE AND TACTICAL SYSTEMS - CANADA INC","GENERAL DYNAMICS ORDNANCE AND TACTICAL SYSTEMS - CANADA INC","General Dynamics Ordnance and Tactical Systems - Canada Inc","General Dynamics Ordnance and Tactical Systems - Canada Inc","1000 to 1499 employees","1000 à 1499 employés","5 Montée des Arsenaux","5 Montée des Arsenaux","Repentigny","Repentigny","Quebec","Quebec","J5Z2P4","Canada","Canada","Public Works and Government Services Canada","Travaux publics et Services gouvernementaux Canada","","","","","","","","","","Department of National Defence","Ministère de la défense nationale","NDHQ DGLEPM","N/D","101 COLONEL BY DR.,OTTAWA,Ontario,K1A0K2,Canada","101 COLONEL BY DR.,OTTAWA,Ontario,K1A0K2,Canada","","","","","","","","","","","","","","","",""
"GENERAL DYNAMICS ORDNANCE AND TACTICAL SYSTEMS - CANADA INC (W8486-24XA36/001/BK~000)","GENERAL DYNAMICS ORDNANCE AND TACTICAL SYSTEMS - CANADA INC (W8486-24XA36/001/BK~000)","W8486-24XA36/001/BK","000","W8486-24XA36","","W8486-24XA36/001/BK","2","2023-08-23","2023-08-01","","","2025-12-31","33614045.00","37481413.00","CAD","","","","","","","*N1320","*Ammunition, over 125mm","*Munitions, de plus de 125 mm","","","","*GD","","","Non-competitive","Non concurrentielle","Government Objectives Representing Best Interests/Value to Govt","Objectifs gouvern.  représentant  les meilleurs intérets/valeur pour l'État","","","*Canadian Free Trade Agreement (CFTA)","*Accord de libre-échange canadien (ALEC)","","","GENERAL DYNAMICS ORDNANCE AND TACTICAL SYSTEMS - CANADA INC.","GENERAL DYNAMICS ORDNANCE AND TACTICAL SYSTEMS - CANADA INC.","GENERAL DYNAMICS ORDNANCE AND TACTICAL SYSTEMS - CANADA INC","GENERAL DYNAMICS ORDNANCE AND TACTICAL SYSTEMS - CANADA INC","General Dynamics Ordnance and Tactical Systems - Canada Inc","General Dynamics Ordnance and Tactical Systems - Canada Inc","1000 to 1499 employees","1000 à 1499 employés","5 Montée des Arsenaux","5 Montée des Arsenaux","Repentigny","Repentigny","Quebec","Quebec","J5Z2P4","Canada","Canada","Public Works and Government Services Canada","Travaux publics et Services gouvernementaux Canada","","","","","","","","","","Department of National Defence","Ministère de la défense nationale","NDHQ DGLEPM","N/D","101 COLONEL BY DR.,OTTAWA,Ontario,K1A0K2,Canada","101 COLONEL BY DR.,OTTAWA,Ontario,K1A0K2,Canada","","","","","","","","","","","","","","","",""
"HFI PYROTECHNICS INC (W8486-23XA37/001/BK~000)","HFI PYROTECHNICS INC (W8486-23XA37/001/BK~000)","W8486-23XA37/001/BK","000","W8486-23XA37","","W8486-23XA37/001/BK","5","2023-05-25","2023-05-01","","","2026-05-31","1060166.00","1060166.00","CAD","","","","","","","*N1330","*Grenades","*Grenades","","","","*GD","","","Non-competitive","Non concurrentielle","Government Objectives Representing Best Interests/Value to Govt","Objectifs gouvern.  représentant  les meilleurs intérets/valeur pour l'État","","","*Canadian Free Trade Agreement (CFTA)","*Accord de libre-échange canadien (ALEC)","","","HFI Pyrotechnics Inc.","HFI Pyrotechnics Inc.","HFI PYROTECHNICS INC","HFI PYROTECHNICS INC","HFI Pyrotechnics Inc.","HFI Pyrotechnics Inc.","100 to 199 employees","100 à 199 employés","3322 Hands Road<br>RR #4","3322 Hands Road<br>RR #4","Prescott","Prescott","Ontario","Ontario","K0E1T0","Canada","Canada","Public Works and Government Services Canada","Travaux publics et Services gouvernementaux Canada","","","","","","","","","","Department of National Defence","Ministère de la défense nationale","NDHQ DGLEPM","N/D","101 COLONEL BY DR.,OTTAWA,Ontario,K1A0K2,Canada","101 COLONEL BY DR.,OTTAWA,Ontario,K1A0K2,Canada","","","","","","","","","","","","","","","",""
"GENERAL DYNAMICS ORDNANCE AND TACTICAL SYSTEMS - CANADA INC (W8486-23XA07/001/BK~000)","GENERAL DYNAMICS ORDNANCE AND TACTICAL SYSTEMS - CANADA INC (W8486-23XA07/001/BK~000)","W8486-23XA07/001/BK","000","W8486-23XA07","","W8486-23XA07/001/BK","2","2023-05-25","2023-05-01","","","2025-05-31","1285995.00","1285995.00","CAD","","","","","","","*N1305","*Ammunition, through 30mm","*Munitions, jusqu'à 30 mm","","","","*GD","","","Non-competitive","Non concurrentielle","Government Objectives Representing Best Interests/Value to Govt","Objectifs gouvern.  représentant  les meilleurs intérets/valeur pour l'État","","","*Canadian Free Trade Agreement (CFTA)","*Accord de libre-échange canadien (ALEC)","","","GENERAL DYNAMICS ORDNANCE AND TACTICAL SYSTEMS - CANADA INC.","GENERAL DYNAMICS ORDNANCE AND TACTICAL SYSTEMS - CANADA INC.","GENERAL DYNAMICS ORDNANCE AND TACTICAL SYSTEMS - CANADA INC","GENERAL DYNAMICS ORDNANCE AND TACTICAL SYSTEMS - CANADA INC","General Dynamics Ordnance and Tactical Systems - Canada Inc","General Dynamics Ordnance and Tactical Systems - Canada Inc","1000 to 1499 employees","1000 à 1499 employés","5 Montée des Arsenaux","5 Montée des Arsenaux","Repentigny","Repentigny","Quebec","Quebec","J5Z2P4","Canada","Canada","Public Works and Government Services Canada","Travaux publics et Services gouvernementaux Canada","","","","","","","","","","Department of National Defence","Ministère de la défense nationale","NDHQ DGLEPM","N/D","101 COLONEL BY DR.,OTTAWA,Ontario,K1A0K2,Canada","101 COLONEL BY DR.,OTTAWA,Ontario,K1A0K2,Canada","","","","","","","","","","","","","","","",""
"HFI PYROTECHNICS INC (W8486-23XA38/001/BK~000)","HFI PYROTECHNICS INC (W8486-23XA38/001/BK~000)","W8486-23XA38/001/BK","000","W8486-23XA38","","W8486-23XA38/001/BK","3","2023-05-25","2023-05-01","","","2026-05-31","998807.00","998807.00","CAD","","","","","","","*N1330","*Grenades","*Grenades","","","","*GD","","","Non-competitive","Non concurrentielle","Government Objectives Representing Best Interests/Value to Govt","Objectifs gouvern.  représentant  les meilleurs intérets/valeur pour l'État","","","*Canadian Free Trade Agreement (CFTA)","*Accord de libre-échange canadien (ALEC)","","","HFI Pyrotechnics Inc.","HFI Pyrotechnics Inc.","HFI PYROTECHNICS INC","HFI PYROTECHNICS INC","HFI Pyrotechnics Inc.","HFI Pyrotechnics Inc.","100 to 199 employees","100 à 199 employés","3322 Hands Road<br>RR #4","3322 Hands Road<br>RR #4","Prescott","Prescott","Ontario","Ontario","K0E1T0","Canada","Canada","Public Works and Government Services Canada","Travaux publics et Services gouvernementaux Canada","","","","","","","","","","Department of National Defence","Ministère de la défense nationale","NDHQ DGLEPM","N/D","101 COLONEL BY DR.,OTTAWA,Ontario,K1A0K2,Canada","101 COLONEL BY DR.,OTTAWA,Ontario,K1A0K2,Canada","","","","","","","","","","","","","","","",""
"GENERAL DYNAMICS ORDNANCE AND TACTICAL SYSTEMS - CANADA INC (W8486-24XA28/001/BK~000)","GENERAL DYNAMICS ORDNANCE AND TACTICAL SYSTEMS - CANADA INC (W8486-24XA28/001/BK~000)","W8486-24XA28/001/BK","000","W8486-24XA28","","W8486-24XA28/001/BK","1","2024-04-02","2024-03-14","","","2026-12-31","2794513.00","2794513.00","CAD","","","","","","","*N1330","*Grenades","*Grenades","","","","*GD","","","Non-competitive","Non concurrentielle","Government Objectives Representing Best Interests/Value to Govt","Objectifs gouvern.  représentant  les meilleurs intérets/valeur pour l'État","","","*Canadian Free Trade Agreement (CFTA)","*Accord de libre-échange canadien (ALEC)","","","GENERAL DYNAMICS ORDNANCE AND TACTICAL SYSTEMS - CANADA INC.","GENERAL DYNAMICS ORDNANCE AND TACTICAL SYSTEMS - CANADA INC.","GENERAL DYNAMICS ORDNANCE AND TACTICAL SYSTEMS - CANADA INC","GENERAL DYNAMICS ORDNANCE AND TACTICAL SYSTEMS - CANADA INC","General Dynamics Ordnance and Tactical Systems - Canada Inc","General Dynamics Ordnance and Tactical Systems - Canada Inc","1000 to 1499 employees","1000 à 1499 employés","5 Montée des Arsenaux","5 Montée des Arsenaux","Repentigny","Repentigny","Quebec","Quebec","J5Z2P4","Canada","Canada","Public Works and Government Services Canada","Travaux publics et Services gouvernementaux Canada","","","","","","","","","","Department of National Defence","Ministère de la défense nationale","NDHQ DGLEPM","N/D","101 COLONEL BY DR.,OTTAWA,Ontario,K1A0K2,Canada","101 COLONEL BY DR.,OTTAWA,Ontario,K1A0K2,Canada","","","","","","","","","","","","","","","",""
"GENERAL DYNAMICS ORDNANCE AND TACTICAL SYSTEMS - CANADA INC (W8486-24XA29/001/BK~000)","GENERAL DYNAMICS ORDNANCE AND TACTICAL SYSTEMS - CANADA INC (W8486-24XA29/001/BK~000)","W8486-24XA29/001/BK","000","W8486-24XA29","","W8486-24XA29/001/BK","1","2024-04-02","2024-03-14","","","2025-12-31","1997907.00","1997907.00","CAD","","","","","","","*N1330","*Grenades","*Grenades","","","","*GD","","","Non-competitive","Non concurrentielle","Government Objectives Representing Best Interests/Value to Govt","Objectifs gouvern.  représentant  les meilleurs intérets/valeur pour l'État","","","*Canadian Free Trade Agreement (CFTA)","*Accord de libre-échange canadien (ALEC)","","","GENERAL DYNAMICS ORDNANCE AND TACTICAL SYSTEMS - CANADA INC.","GENERAL DYNAMICS ORDNANCE AND TACTICAL SYSTEMS - CANADA INC.","GENERAL DYNAMICS ORDNANCE AND TACTICAL SYSTEMS - CANADA INC","GENERAL DYNAMICS ORDNANCE AND TACTICAL SYSTEMS - CANADA INC","General Dynamics Ordnance and Tactical Systems - Canada Inc","General Dynamics Ordnance and Tactical Systems - Canada Inc","1000 to 1499 employees","1000 à 1499 employés","5 Montée des Arsenaux","5 Montée des Arsenaux","Repentigny","Repentigny","Quebec","Quebec","J5Z2P4","Canada","Canada","Public Works and Government Services Canada","Travaux publics et Services gouvernementaux Canada","","","","","","","","","","Department of National Defence","Ministère de la défense nationale","NDHQ DGLEPM","N/D","101 COLONEL BY DR.,OTTAWA,Ontario,K1A0K2,Canada","101 COLONEL BY DR.,OTTAWA,Ontario,K1A0K2,Canada","","","","","","","","","","","","","","","",""
"NATO SEASPARROW SURFACE MISSILE SYSTEM PROJECT (W8472-165645/009/USW~000)","NATO SEASPARROW SURFACE MISSILE SYSTEM PROJECT (W8472-165645/009/USW~000)","W8472-165645/009/USW","000","W8472-165645","","W8472-165645/009/USW","1","2024-01-31","2023-12-14","","","2028-12-14","15714530.00","15714530.00","CAD","","","","","","","*N1336","*Guided Missile Warheads and Explosive Components","*Sections chargées monoblocs de missiles et composants explosifs","","","","*GD","","","Non-competitive","Non concurrentielle","Government Objectives Representing Best Interests/Value to Govt","Objectifs gouvern.  représentant  les meilleurs intérets/valeur pour l'État","","","*None","*Aucun","","","Not applicable","Not applicable","NATO SEASPARROW SURFACE MISSILE SYSTEM PROJECT","NATO SEASPARROW SURFACE MISSILE SYSTEM PROJECT","NATO SEASPARROW SURFACE       MISSILE SYSTEM PROJECT","NATO SEASPARROW SURFACE       MISSILE SYSTEM PROJECT","UNKNOWN","INCONNU","","","WASHINGTON","WASHINGTON","District of Columbia","District of Columbia","","United States","United States","Public Works and Government Services Canada","Travaux publics et Services gouvernementaux Canada","","","","","","","","","","Department of National Defence / Department of National Defence","Ministère de la défense nationale / Ministère de la défense nationale","NDHQ / NDHQ","N/D / N/D","ATTN DGMEPM CAP - DMARP<br>101 COLONEL BY DR.,OTTAWA,Ontario,K1A0K2,Canada / ATTN DGMEPM CAP - DMARP<br>101 COLONEL BY DR.,OTTAWA,Ontario,K1A0K2,Canada","ATTN DGMEPM CAP - DMARP<br>101 COLONEL BY DR.,OTTAWA,Ontario,K1A0K2,Canada / ATTN DGMEPM CAP - DMARP<br>101 COLONEL BY DR.,OTTAWA,Ontario,K1A0K2,Canada","","","","","","","","","","","","","","","",""
"GENERAL DYNAMICS ORDNANCE AND TACTICAL SYSTEMS - CANADA INC (W8486-23XA45/001/BK~000)","GENERAL DYNAMICS ORDNANCE AND TACTICAL SYSTEMS - CANADA INC (W8486-23XA45/001/BK~000)","W8486-23XA45/001/BK","000","W8486-23XA45","","W8486-23XA45/001/BK","1","2024-01-31","2023-12-20","","","2026-12-31","26414750.00","26414750.00","CAD","","","","","","","*N1340","*Rockets, Rocket Ammunition and Rocket Components","*Roquettes et composants pyrotechniques de roquettes","","","","*GD","","","Non-competitive","Non concurrentielle","Government Objectives Representing Best Interests/Value to Govt","Objectifs gouvern.  représentant  les meilleurs intérets/valeur pour l'État","","","*Canadian Free Trade Agreement (CFTA)","*Accord de libre-échange canadien (ALEC)","","","GENERAL DYNAMICS ORDNANCE AND TACTICAL SYSTEMS - CANADA INC.","GENERAL DYNAMICS ORDNANCE AND TACTICAL SYSTEMS - CANADA INC.","GENERAL DYNAMICS ORDNANCE AND TACTICAL SYSTEMS - CANADA INC","GENERAL DYNAMICS ORDNANCE AND TACTICAL SYSTEMS - CANADA INC","General Dynamics Ordnance and Tactical Systems - Canada Inc","General Dynamics Ordnance and Tactical Systems - Canada Inc","1000 to 1499 employees","1000 à 1499 employés","5 Montée des Arsenaux","5 Montée des Arsenaux","Repentigny","Repentigny","Quebec","Quebec","J5Z2P4","Canada","Canada","Public Works and Government Services Canada","Travaux publics et Services gouvernementaux Canada","","","","","","","","","","Department of National Defence / Department of National Defence","Ministère de la défense nationale / Ministère de la défense nationale","NDHQ DGLEPM / NDHQ DGLEPM","N/D / N/D","101 COLONEL BY DR.,OTTAWA,Ontario,K1A0K2,Canada / 101 COLONEL BY DR.,OTTAWA,Ontario,K1A0K2,Canada","101 COLONEL BY DR.,OTTAWA,Ontario,K1A0K2,Canada / 101 COLONEL BY DR.,OTTAWA,Ontario,K1A0K2,Canada","","","","","","","","","","","","","","","",""
"HFI PYROTECHNICS INC (W8486-23WA01/001/BK~000)","HFI PYROTECHNICS INC (W8486-23WA01/001/BK~000)","W8486-23WA01/001/BK","000","W8486-23WA01","","W8486-23WA01/001/BK","4","2023-05-25","2023-04-28","","","2025-05-31","3441495.00","4087407.08","CAD","","","","","","","*N1370","*Pyrotechnics","*Matériel pyrotechnique","","","","*GD","","","Non-competitive","Non concurrentielle","Government Objectives Representing Best Interests/Value to Govt","Objectifs gouvern.  représentant  les meilleurs intérets/valeur pour l'État","","","*Canadian Free Trade Agreement (CFTA)","*Accord de libre-échange canadien (ALEC)","","","HFI Pyrotechnics Inc.","HFI Pyrotechnics Inc.","HFI PYROTECHNICS INC","HFI PYROTECHNICS INC","HFI Pyrotechnics Inc.","HFI Pyrotechnics Inc.","100 to 199 employees","100 à 199 employés","3322 Hands Road<br>RR #4","3322 Hands Road<br>RR #4","Prescott","Prescott","Ontario","Ontario","K0E1T0","Canada","Canada","Public Works and Government Services Canada","Travaux publics et Services gouvernementaux Canada","","","","","","","","","","Department of National Defence","Ministère de la défense nationale","NDHQ DGLEPM","N/D","101 COLONEL BY DR.,OTTAWA,Ontario,K1A0K2,Canada","101 COLONEL BY DR.,OTTAWA,Ontario,K1A0K2,Canada","","","","","","","","","","","","","","","",""
"MAGELLAN AEROSPACE, WINNIPEG (W8486-23WA02/001/BK~000)","MAGELLAN AEROSPACE, WINNIPEG (W8486-23WA02/001/BK~000)","W8486-23WA02/001/BK","000","W8486-23WA02","","W8486-23WA02/001/BK","5","2024-01-31","2023-10-31","","","2027-12-31","39300000.00","39300000.00","CAD","","","","","","","*N1370","*Pyrotechnics","*Matériel pyrotechnique","","","","*GD","","","Non-competitive","Non concurrentielle","Government Objectives Representing Best Interests/Value to Govt","Objectifs gouvern.  représentant  les meilleurs intérets/valeur pour l'État","","","*Canadian Free Trade Agreement (CFTA)","*Accord de libre-échange canadien (ALEC)","","","Magellan Aerospace Limited","Magellan Aerospace Limited","MAGELLAN AEROSPACE, WINNIPEG","MAGELLAN AEROSPACE, WINNIPEG","Magellan Aerospace, Winnipeg","Magellan Aerospace, Winnipeg","1000 to 1499 employees","1000 à 1499 employés","P.O. Box 874<br>660 Berry Street","P.O. Box 874<br>660 Berry Street","Winnipeg","Winnipeg","Manitoba","Manitoba","R3C2S4","Canada","Canada","Public Works and Government Services Canada","Travaux publics et Services gouvernementaux Canada","","","","","","","","","","Department of National Defence / Department of National Defence","Ministère de la défense nationale / Ministère de la défense nationale","NDHQ DGLEPM / NDHQ DGLEPM","N/D / N/D","101 COLONEL BY DR.,OTTAWA,Ontario,K1A0K2,Canada / 101 COLONEL BY DR.,OTTAWA,Ontario,K1A0K2,Canada","101 COLONEL BY DR.,OTTAWA,Ontario,K1A0K2,Canada / 101 COLONEL BY DR.,OTTAWA,Ontario,K1A0K2,Canada","","","","","","","","","","","","","","","",""
"HFI PYROTECHNICS INC (W8486-23XA31/001/BK~000)","HFI PYROTECHNICS INC (W8486-23XA31/001/BK~000)","W8486-23XA31/001/BK","000","W8486-23XA31","","W8486-23XA31/001/BK","4","2023-05-25","2023-05-17","","","2025-05-31","2159882.00","2159882.00","CAD","","","","","","","*N1370","*Pyrotechnics","*Matériel pyrotechnique","","","","*GD","","","Non-competitive","Non concurrentielle","Government Objectives Representing Best Interests/Value to Govt","Objectifs gouvern.  représentant  les meilleurs intérets/valeur pour l'État","","","*Canadian Free Trade Agreement (CFTA)","*Accord de libre-échange canadien (ALEC)","","","HFI Pyrotechnics Inc.","HFI Pyrotechnics Inc.","HFI PYROTECHNICS INC","HFI PYROTECHNICS INC","HFI Pyrotechnics Inc.","HFI Pyrotechnics Inc.","100 to 199 employees","100 à 199 employés","3322 Hands Road<br>RR #4","3322 Hands Road<br>RR #4","Prescott","Prescott","Ontario","Ontario","K0E1T0","Canada","Canada","Public Works and Government Services Canada","Travaux publics et Services gouvernementaux Canada","","","","","","","","","","Department of National Defence","Ministère de la défense nationale","NDHQ DGLEPM","N/D","101 COLONEL BY DR.,OTTAWA,Ontario,K1A0K2,Canada","101 COLONEL BY DR.,OTTAWA,Ontario,K1A0K2,Canada","","","","","","","","","","","","","","","",""
"HFI PYROTECHNICS INC (W8486-23XA40/001/BK~000)","HFI PYROTECHNICS INC (W8486-23XA40/001/BK~000)","W8486-23XA40/001/BK","000","W8486-23XA40","","W8486-23XA40/001/BK","4","2023-05-25","2023-05-01","","","2026-05-31","1818396.00","1818396.00","CAD","","","","","","","*N1370","*Pyrotechnics","*Matériel pyrotechnique","","","","*GD","","","Non-competitive","Non concurrentielle","Government Objectives Representing Best Interests/Value to Govt","Objectifs gouvern.  représentant  les meilleurs intérets/valeur pour l'État","","","*Canadian Free Trade Agreement (CFTA)","*Accord de libre-échange canadien (ALEC)","","","HFI Pyrotechnics Inc.","HFI Pyrotechnics Inc.","HFI PYROTECHNICS INC","HFI PYROTECHNICS INC","HFI Pyrotechnics Inc.","HFI Pyrotechnics Inc.","100 to 199 employees","100 à 199 employés","3322 Hands Road<br>RR #4","3322 Hands Road<br>RR #4","Prescott","Prescott","Ontario","Ontario","K0E1T0","Canada","Canada","Public Works and Government Services Canada","Travaux publics et Services gouvernementaux Canada","","","","","","","","","","Department of National Defence","Ministère de la défense nationale","NDHQ DGLEPM","N/D","101 COLONEL BY DR.,OTTAWA,Ontario,K1A0K2,Canada","101 COLONEL BY DR.,OTTAWA,Ontario,K1A0K2,Canada","","","","","","","","","","","","","","","",""
"HFI PYROTECHNICS INC (W8486-23XA39/001/BK~000)","HFI PYROTECHNICS INC (W8486-23XA39/001/BK~000)","W8486-23XA39/001/BK","000","W8486-23XA39","","W8486-23XA39/001/BK","3","2023-05-25","2023-05-01","","","2026-05-31","1066155.00","1066155.00","CAD","","","","","","","*N1330","*Grenades","*Grenades","","","","*GD","","","Non-competitive","Non concurrentielle","Government Objectives Representing Best Interests/Value to Govt","Objectifs gouvern.  représentant  les meilleurs intérets/valeur pour l'État","","","*Canadian Free Trade Agreement (CFTA)","*Accord de libre-échange canadien (ALEC)","","","HFI Pyrotechnics Inc.","HFI Pyrotechnics Inc.","HFI PYROTECHNICS INC","HFI PYROTECHNICS INC","HFI Pyrotechnics Inc.","HFI Pyrotechnics Inc.","100 to 199 employees","100 à 199 employés","3322 Hands Road<br>RR #4","3322 Hands Road<br>RR #4","Prescott","Prescott","Ontario","Ontario","K0E1T0","Canada","Canada","Public Works and Government Services Canada","Travaux publics et Services gouvernementaux Canada","","","","","","","","","","Department of National Defence","Ministère de la défense nationale","NDHQ DGLEPM","N/D","101 COLONEL BY DR.,OTTAWA,Ontario,K1A0K2,Canada","101 COLONEL BY DR.,OTTAWA,Ontario,K1A0K2,Canada","","","","","","","","","","","","","","","",""
"GENERAL DYNAMICS ORDNANCE AND TACTICAL SYSTEMS - CANADA INC (W8486-24XA31/001/BK~000)","GENERAL DYNAMICS ORDNANCE AND TACTICAL SYSTEMS - CANADA INC (W8486-24XA31/001/BK~000)","W8486-24XA31/001/BK","000","W8486-24XA31","","W8486-24XA31/001/BK","1","2024-04-02","2024-03-14","","","2025-12-31","3081990.00","3081990.00","CAD","","","","","","","*N1375","*Demolition Materials","*Explosifs de démolition","","","","*GD","","","Non-competitive","Non concurrentielle","Government Objectives Representing Best Interests/Value to Govt","Objectifs gouvern.  représentant  les meilleurs intérets/valeur pour l'État","","","*Canadian Free Trade Agreement (CFTA)","*Accord de libre-échange canadien (ALEC)","","","GENERAL DYNAMICS ORDNANCE AND TACTICAL SYSTEMS - CANADA INC.","GENERAL DYNAMICS ORDNANCE AND TACTICAL SYSTEMS - CANADA INC.","GENERAL DYNAMICS ORDNANCE AND TACTICAL SYSTEMS - CANADA INC","GENERAL DYNAMICS ORDNANCE AND TACTICAL SYSTEMS - CANADA INC","General Dynamics Ordnance and Tactical Systems - Canada Inc","General Dynamics Ordnance and Tactical Systems - Canada Inc","1000 to 1499 employees","1000 à 1499 employés","5 Montée des Arsenaux","5 Montée des Arsenaux","Repentigny","Repentigny","Quebec","Quebec","J5Z2P4","Canada","Canada","Public Works and Government Services Canada","Travaux publics et Services gouvernementaux Canada","","","","","","","","","","Department of National Defence","Ministère de la défense nationale","NDHQ DGLEPM","N/D","101 COLONEL BY DR.,OTTAWA,Ontario,K1A0K2,Canada","101 COLONEL BY DR.,OTTAWA,Ontario,K1A0K2,Canada","","","","","","","","","","","","","","","",""
"UNITED STATES DEPARTMENT OF THE AIR FORCE (AFSAC) (W8484-22WA02/001/USW~000)","UNITED STATES DEPARTMENT OF THE AIR FORCE (AFSAC) (W8484-22WA02/001/USW~000)","W8484-22WA02/001/USW","000","W8484-22WA02","","W8484-22WA02/001/USW","2","2023-05-25","2023-05-08","","","2023-06-29","344533.00","484505.00","CAD","","","","","","","*N1377","*Cartridge and Propellant Actuated Devices and Components","*Dispositifs actionnés par cartouches ou agents propulsifs et composants","","","","*GD","","","Non-competitive","Non concurrentielle","Government Objectives Representing Best Interests/Value to Govt","Objectifs gouvern.  représentant  les meilleurs intérets/valeur pour l'État","","","*None","*Aucun","","","UNITED STATES DEPARTMENT OF THE AIR FORCE (AFSAC)","UNITED STATES DEPARTMENT OF THE AIR FORCE (AFSAC)","UNITED STATES DEPARTMENT OF THE AIR FORCE (AFSAC)","UNITED STATES DEPARTMENT OF THE AIR FORCE (AFSAC)","Not applicable","Not applicable","UNKNOWN","INCONNU","1822 VAN PATTON DRIVE","1822 VAN PATTON DRIVE","WP AFB","WP AFB","Ohio","Ohio","45433","United States","United States","Public Works and Government Services Canada","Travaux publics et Services gouvernementaux Canada","","","","","","","","","","Department of National Defence","Ministère de la défense nationale","COMMANDING OFFICER","N/D","CF AMMUNITION DEPOT,ANGUS,Ontario,L0M1B0,Canada","CF AMMUNITION DEPOT,ANGUS,Ontario,L0M1B0,Canada","","","","","","","","","","","","","","","",""
"UNITED STATES DEPARTMENT OF THE NAVY (NAVAIR) (W8484-23WA03/001/USW~000)","UNITED STATES DEPARTMENT OF THE NAVY (NAVAIR) (W8484-23WA03/001/USW~000)","W8484-23WA03/001/USW","000","W8484-23WA03","","W8484-23WA03/001/USW","1","2025-05-27","2024-02-01","","","2031-06-30","1863792.00","1863792.00","CAD","","","","","","","*N1377","*Cartridge and Propellant Actuated Devices and Components","*Dispositifs actionnés par cartouches ou agents propulsifs et composants","","","","*GD","","","Non-competitive","Non concurrentielle","Government Objectives Representing Best Interests/Value to Govt","Objectifs gouvern.  représentant  les meilleurs intérets/valeur pour l'État","","","*None","*Aucun","","","UNITED STATES DEPARTMENT OF THE NAVY (NAVAIR)","UNITED STATES DEPARTMENT OF THE NAVY (NAVAIR)","UNITED STATES DEPARTMENT OF THE NAVY (NAVAIR)","UNITED STATES DEPARTMENT OF THE NAVY (NAVAIR)","Not applicable","Not applicable","UNKNOWN","INCONNU","2521 South Clark Street<br>Suite 800","2521 South Clark Street<br>Suite 800","Arlington","Arlington","Virginia","Virginia","22202-3928","United States","United States","Public Works and Government Services Canada","Travaux publics et Services gouvernementaux Canada","","","","","","","","","","Department of National Defence","Ministère de la défense nationale","","N/D","CFAMMUNITION DEPOT DUNDURN,DUNDURN,Saskatchewan,S0K1K0,Canada","CFAMMUNITION DEPOT DUNDURN,DUNDURN,Saskatchewan,S0K1K0,Canada","","","","","","","","","","","","","","","",""
"GENERAL DYNAMICS ORDNANCE AND TACTICAL SYSTEMS - CANADA INC (W8486-24WA01/001/BK~000)","GENERAL DYNAMICS ORDNANCE AND TACTICAL SYSTEMS - CANADA INC (W8486-24WA01/001/BK~000)","W8486-24WA01/001/BK","000","W8486-24WA01","","W8486-24WA01/001/BK","1","2024-04-02","2024-03-15","","","2026-12-31","6760415.00","6760415.00","CAD","","","","","","","*N1377","*Cartridge and Propellant Actuated Devices and Components","*Dispositifs actionnés par cartouches ou agents propulsifs et composants","","","","*GD","","","Non-competitive","Non concurrentielle","Government Objectives Representing Best Interests/Value to Govt","Objectifs gouvern.  représentant  les meilleurs intérets/valeur pour l'État","","","*Canadian Free Trade Agreement (CFTA)","*Accord de libre-échange canadien (ALEC)","","","GENERAL DYNAMICS ORDNANCE AND TACTICAL SYSTEMS - CANADA INC.","GENERAL DYNAMICS ORDNANCE AND TACTICAL SYSTEMS - CANADA INC.","GENERAL DYNAMICS ORDNANCE AND TACTICAL SYSTEMS - CANADA INC","GENERAL DYNAMICS ORDNANCE AND TACTICAL SYSTEMS - CANADA INC","General Dynamics Ordnance and Tactical Systems - Canada Inc","General Dynamics Ordnance and Tactical Systems - Canada Inc","1000 to 1499 employees","1000 à 1499 employés","5 Montée des Arsenaux","5 Montée des Arsenaux","Repentigny","Repentigny","Quebec","Quebec","J5Z2P4","Canada","Canada","Public Works and Government Services Canada","Travaux publics et Services gouvernementaux Canada","","","","","","","","","","Department of National Defence","Ministère de la défense nationale","NDHQ DGLEPM","N/D","101 COLONEL BY DR.,OTTAWA,Ontario,K1A0K2,Canada","101 COLONEL BY DR.,OTTAWA,Ontario,K1A0K2,Canada","","","","","","","","","","","","","","","",""
"UNITED STATES DEPARTMENT OF THE ARMY (USASAC) (W8484-21XA01/001/USW~000)","UNITED STATES DEPARTMENT OF THE ARMY (USASAC) (W8484-21XA01/001/USW~000)","W8484-21XA01/001/USW","000","W8484-21XA01","","W8484-21XA01/001/USW","2","2024-04-02","2024-02-22","","","2027-09-22","4763347.00","10006504.00","CAD","","","","","","","*N1390","*Fuses and Primers","*Fusées et amorces","","","","*GD","","","Non-competitive","Non concurrentielle","Government Objectives Representing Best Interests/Value to Govt","Objectifs gouvern.  représentant  les meilleurs intérets/valeur pour l'État","","","*None","*Aucun","","","UNITED STATES DEPARTMENT OF THE ARMY (USASAC)","UNITED STATES DEPARTMENT OF THE ARMY (USASAC)","UNITED STATES DEPARTMENT OF THE ARMY (USASAC)","UNITED STATES DEPARTMENT OF THE ARMY (USASAC)","UNITED STATES DEPARTMENT OF THE ARMY (USASAC)","UNITED STATES DEPARTMENT OF THE ARMY (USASAC)","5 to 9 employees","5 à 9 employés","7613 CARDINAL ROAD","7613 CARDINAL ROAD","REDSTONE ARSENAL","REDSTONE ARSENAL","Alabama","Alabama","35898-5000","United States","United States","Public Works and Government Services Canada","Travaux publics et Services gouvernementaux Canada","","","","","","","","","","Department of National Defence","Ministère de la défense nationale","COMMANDING OFFICER","N/D","CF AMMUNITION DEPOT,ANGUS,Ontario,L0M1B0,Canada","CF AMMUNITION DEPOT,ANGUS,Ontario,L0M1B0,Canada","","","","","","","","","","","","","","","",""
"GENERAL DYNAMICS PRODUITS DE DEFENSE ET SYSTEMES TACTIQUES - CANADA VALLEYFIELD INC (W3524-23BC02/001/BK~000)","GENERAL DYNAMICS PRODUITS DE DEFENSE ET SYSTEMES TACTIQUES - CANADA VALLEYFIELD INC (W3524-23BC02/001/BK~000)","W3524-23BC02/001/BK","000","W3524-23BC02","","W3524-23BC02/001/BK","1","2023-05-25","2023-04-14","","","2025-12-31","1.00","1.00","CAD","","","","","","","*N1395","*Miscellaneous Ammunition","*Munitions diverses","","","","*GD","","","Non-competitive","Non concurrentielle","Government Objectives Representing Best Interests/Value to Govt","Objectifs gouvern.  représentant  les meilleurs intérets/valeur pour l'État","","","*Canadian Free Trade Agreement (CFTA)","*Accord de libre-échange canadien (ALEC)","","","GENERAL DYNAMICS PRODUITS DE DEFENSE ET SYSTEMES TACTIQUES - CANADA VALLEYFIELD INC.","GENERAL DYNAMICS PRODUITS DE DEFENSE ET SYSTEMES TACTIQUES - CANADA VALLEYFIELD INC.","GENERAL DYNAMICS PRODUITS DE DEFENSE ET SYSTEMES TACTIQUES - CANADA VALLEYFIELD INC","GENERAL DYNAMICS PRODUITS DE DEFENSE ET SYSTEMES TACTIQUES - CANADA VALLEYFIELD INC","GENERAL DYNAMICS PRODUITS DE DEFENSE ET SYSTEMES TACTIQUES - CANADA VALLEYFIELD INC.","GENERAL DYNAMICS PRODUITS DE DEFENSE ET SYSTEMES TACTIQUES - CANADA VALLEYFIELD INC.","200 to 499 employees","200 à 499 employés","55 rue Masson","55 rue Masson","Valleyfield","Valleyfield","Quebec","Quebec","J6S4V9","Canada","Canada","Public Works and Government Services Canada","Travaux publics et Services gouvernementaux Canada","","","","","","","","","","Department of National Defence","Ministère de la défense nationale","NDHQ DGLEPM","N/D","101 COLONEL BY DR.,OTTAWA,Ontario,K1A0K2,Canada","101 COLONEL BY DR.,OTTAWA,Ontario,K1A0K2,Canada","","","","","","","","","","","","","","","",""
"GENERAL DYNAMICS ORDNANCE AND TACTICAL SYSTEMS - CANADA INC (W3524-24BC07/001/BK~000)","GENERAL DYNAMICS ORDNANCE AND TACTICAL SYSTEMS - CANADA INC (W3524-24BC07/001/BK~000)","W3524-24BC07/001/BK","000","W3524-24BC07","","W3524-24BC07/001/BK","1","2024-04-02","2024-03-01","","","2025-12-31","26559404.00","26559404.00","CAD","","","","","","","*N1395","*Miscellaneous Ammunition","*Munitions diverses","","","","*GD","","","Non-competitive","Non concurrentielle","Government Objectives Representing Best Interests/Value to Govt","Objectifs gouvern.  représentant  les meilleurs intérets/valeur pour l'État","","","*Canadian Free Trade Agreement (CFTA)","*Accord de libre-échange canadien (ALEC)","","","GENERAL DYNAMICS ORDNANCE AND TACTICAL SYSTEMS - CANADA INC.","GENERAL DYNAMICS ORDNANCE AND TACTICAL SYSTEMS - CANADA INC.","GENERAL DYNAMICS ORDNANCE AND TACTICAL SYSTEMS - CANADA INC","GENERAL DYNAMICS ORDNANCE AND TACTICAL SYSTEMS - CANADA INC","General Dynamics Ordnance and Tactical Systems - Canada Inc","General Dynamics Ordnance and Tactical Systems - Canada Inc","1000 to 1499 employees","1000 à 1499 employés","5 Montée des Arsenaux","5 Montée des Arsenaux","Repentigny","Repentigny","Quebec","Quebec","J5Z2P4","Canada","Canada","Public Works and Government Services Canada","Travaux publics et Services gouvernementaux Canada","","","","","","","","","","Department of National Defence","Ministère de la défense nationale","NDHQ DGLEPM","N/D","101 COLONEL BY DR.,OTTAWA,Ontario,K1A0K2,Canada","101 COLONEL BY DR.,OTTAWA,Ontario,K1A0K2,Canada","","","","","","","","","","","","","","","",""
"GENERAL DYNAMICS PRODUITS DE DEFENSE ET SYSTEMES TACTIQUES - CANADA VALLEYFIELD INC (W3524-24BC08/001/BK~000)","GENERAL DYNAMICS PRODUITS DE DEFENSE ET SYSTEMES TACTIQUES - CANADA VALLEYFIELD INC (W3524-24BC08/001/BK~000)","W3524-24BC08/001/BK","000","W3524-24BC08","","W3524-24BC08/001/BK","1","2024-04-02","2024-03-18","","","2026-12-31","1.00","1.00","CAD","","","","","","","*N1395","*Miscellaneous Ammunition","*Munitions diverses","","","","*GD","","","Non-competitive","Non concurrentielle","Government Objectives Representing Best Interests/Value to Govt","Objectifs gouvern.  représentant  les meilleurs intérets/valeur pour l'État","","","*Canadian Free Trade Agreement (CFTA)","*Accord de libre-échange canadien (ALEC)","","","GENERAL DYNAMICS PRODUITS DE DEFENSE ET SYSTEMES TACTIQUES - CANADA VALLEYFIELD INC.","GENERAL DYNAMICS PRODUITS DE DEFENSE ET SYSTEMES TACTIQUES - CANADA VALLEYFIELD INC.","GENERAL DYNAMICS PRODUITS DE DEFENSE ET SYSTEMES TACTIQUES - CANADA VALLEYFIELD INC","GENERAL DYNAMICS PRODUITS DE DEFENSE ET SYSTEMES TACTIQUES - CANADA VALLEYFIELD INC","GENERAL DYNAMICS PRODUITS DE DEFENSE ET SYSTEMES TACTIQUES - CANADA VALLEYFIELD INC.","GENERAL DYNAMICS PRODUITS DE DEFENSE ET SYSTEMES TACTIQUES - CANADA VALLEYFIELD INC.","200 to 499 employees","200 à 499 employés","55 rue Masson","55 rue Masson","Valleyfield","Valleyfield","Quebec","Quebec","J6S4V9","Canada","Canada","Public Works and Government Services Canada","Travaux publics et Services gouvernementaux Canada","","","","","","","","","","Department of National Defence","Ministère de la défense nationale","ADM (MAT) DGLEPM","SMA (MAT) DGGPET","101 COLONEL BY DRIVE,OTTAWA,Ontario,K1A0K2,Canada","101 COLONEL BY DRIVE,OTTAWA,Ontario,K1A0K2,Canada","","","","","","","","","","","","","","","",""
"IMT PARTNERSHIP (W3524-24BC09/001/BK~000)","IMT PARTNERSHIP (W3524-24BC09/001/BK~000)","W3524-24BC09/001/BK","000","W3524-24BC09","","W3524-24BC09/001/BK","1","2024-04-29","2024-03-27","","","2024-12-31","11700018.00","11700018.00","CAD","","","","","","","*N1395","*Miscellaneous Ammunition","*Munitions diverses","","","","*GD","","","Non-competitive","Non concurrentielle","","","Exclusive Rights","Droits exclusifs","*Canadian Free Trade Agreement (CFTA)","*Accord de libre-échange canadien (ALEC)","","","IMT Partnership","IMT Partnership","IMT PARTNERSHIP","IMT PARTNERSHIP","IMT Partnership","IMT Partnership","200 to 499 employees","200 à 499 employés","347 King Street West","347 King Street West","Ingersoll","Ingersoll","Ontario","Ontario","N5C3K6","Canada","Canada","Public Works and Government Services Canada","Travaux publics et Services gouvernementaux Canada","","","","","","","","","","Department of National Defence","Ministère de la défense nationale","ADM (MAT) DGLEPM","SMA (MAT) DGGPET","101 COLONEL BY DRIVE,OTTAWA,Ontario,K1A0K2,Canada","101 COLONEL BY DRIVE,OTTAWA,Ontario,K1A0K2,Canada","","","","","","","","","","","","","","","",""
"GENERAL DYNAMICS ORDNANCE AND TACTICAL SYSTEMS - CANADA INC (W8486-24XA34/001/BK~000)","GENERAL DYNAMICS ORDNANCE AND TACTICAL SYSTEMS - CANADA INC (W8486-24XA34/001/BK~000)","W8486-24XA34/001/BK","000","W8486-24XA34","","W8486-24XA34/001/BK","1","2024-04-02","2024-03-13","","","2027-12-31","2761037.00","2761037.00","CAD","","","","","","","*N1395","*Miscellaneous Ammunition","*Munitions diverses","","","","*GD","","","Non-competitive","Non concurrentielle","Government Objectives Representing Best Interests/Value to Govt","Objectifs gouvern.  représentant  les meilleurs intérets/valeur pour l'État","","","*Canadian Free Trade Agreement (CFTA)","*Accord de libre-échange canadien (ALEC)","","","GENERAL DYNAMICS ORDNANCE AND TACTICAL SYSTEMS - CANADA INC.","GENERAL DYNAMICS ORDNANCE AND TACTICAL SYSTEMS - CANADA INC.","GENERAL DYNAMICS ORDNANCE AND TACTICAL SYSTEMS - CANADA INC","GENERAL DYNAMICS ORDNANCE AND TACTICAL SYSTEMS - CANADA INC","General Dynamics Ordnance and Tactical Systems - Canada Inc","General Dynamics Ordnance and Tactical Systems - Canada Inc","1000 to 1499 employees","1000 à 1499 employés","5 Montée des Arsenaux","5 Montée des Arsenaux","Repentigny","Repentigny","Quebec","Quebec","J5Z2P4","Canada","Canada","Public Works and Government Services Canada","Travaux publics et Services gouvernementaux Canada","","","","","","","","","","Department of National Defence","Ministère de la défense nationale","NDHQ DGLEPM","N/D","101 COLONEL BY DR.,OTTAWA,Ontario,K1A0K2,Canada","101 COLONEL BY DR.,OTTAWA,Ontario,K1A0K2,Canada","","","","","","","","","","","","","","","",""
"NATO SEASPARROW SURFACE MISSILE SYSTEM PROJECT (W8472-185703/024/USW~000)","NATO SEASPARROW SURFACE MISSILE SYSTEM PROJECT (W8472-185703/024/USW~000)","W8472-185703/024/USW","000","W8472-185703","","W8472-185703/024/USW","2","2023-10-25","2023-09-22","","","2030-09-22","1702493.00","2130672.00","CAD","","","","","","","*N1410","*Guided Missiles","*Missiles","","","","*GD","","","Non-competitive","Non concurrentielle","Government Objectives Representing Best Interests/Value to Govt","Objectifs gouvern.  représentant  les meilleurs intérets/valeur pour l'État","","","*None","*Aucun","","","Not applicable","Not applicable","NATO SEASPARROW SURFACE MISSILE SYSTEM PROJECT","NATO SEASPARROW SURFACE MISSILE SYSTEM PROJECT","NATO SEASPARROW SURFACE       MISSILE SYSTEM PROJECT","NATO SEASPARROW SURFACE       MISSILE SYSTEM PROJECT","UNKNOWN","INCONNU","","","WASHINGTON","WASHINGTON","District of Columbia","District of Columbia","","United States","United States","Public Works and Government Services Canada","Travaux publics et Services gouvernementaux Canada","","","","","","","","","","Department of National Defence","Ministère de la défense nationale","NDHQ","N/D","ATTN DGMEPM CAP - DMARP<br>101 COLONEL BY DR.,OTTAWA,Ontario,K1A0K2,Canada","ATTN DGMEPM CAP - DMARP<br>101 COLONEL BY DR.,OTTAWA,Ontario,K1A0K2,Canada","","","","","","","","","","","","","","","",""
"UNITED STATES DEPARTMENT OF THE ARMY (USASAC) (W8486-22CE01/001/USW~000)","UNITED STATES DEPARTMENT OF THE ARMY (USASAC) (W8486-22CE01/001/USW~000)","W8486-22CE01/001/USW","000","W8486-22CE01","","W8486-22CE01/001/USW","2","2023-10-25","2023-09-08","","","2027-04-27","212766.00","255549.00","CAD","","","","","","","*N1390","*Fuses and Primers","*Fusées et amorces","","","","*GD","","","Non-competitive","Non concurrentielle","Government Objectives Representing Best Interests/Value to Govt","Objectifs gouvern.  représentant  les meilleurs intérets/valeur pour l'État","","","*None","*Aucun","","","UNITED STATES DEPARTMENT OF THE ARMY (USASAC)","UNITED STATES DEPARTMENT OF THE ARMY (USASAC)","UNITED STATES DEPARTMENT OF THE ARMY (USASAC)","UNITED STATES DEPARTMENT OF THE ARMY (USASAC)","UNITED STATES DEPARTMENT OF THE ARMY (USASAC)","UNITED STATES DEPARTMENT OF THE ARMY (USASAC)","5 to 9 employees","5 à 9 employés","7613 CARDINAL ROAD","7613 CARDINAL ROAD","REDSTONE ARSENAL","REDSTONE ARSENAL","Alabama","Alabama","35898-5000","United States","United States","Public Works and Government Services Canada","Travaux publics et Services gouvernementaux Canada","","","","","","","","","","Department of National Defence","Ministère de la défense nationale","NDHQ DGLEPM","N/D","101 COLONEL BY DR.,OTTAWA,Ontario,K1A0K2,Canada","101 COLONEL BY DR.,OTTAWA,Ontario,K1A0K2,Canada","","","","","","","","","","","","","","","",""
"NATO SEASPARROW SURFACE MISSILE SYSTEM PROJECT (W8472-185703/025/USW~000)","NATO SEASPARROW SURFACE MISSILE SYSTEM PROJECT (W8472-185703/025/USW~000)","W8472-185703/025/USW","000","W8472-185703","","W8472-185703/025/USW","2","2023-10-25","2023-09-22","","","2030-09-22","2723415.00","3408357.00","CAD","","","","","","","*N1410","*Guided Missiles","*Missiles","","","","*GD","","","Non-competitive","Non concurrentielle","Government Objectives Representing Best Interests/Value to Govt","Objectifs gouvern.  représentant  les meilleurs intérets/valeur pour l'État","","","*None","*Aucun","","","Not applicable","Not applicable","NATO SEASPARROW SURFACE MISSILE SYSTEM PROJECT","NATO SEASPARROW SURFACE MISSILE SYSTEM PROJECT","NATO SEASPARROW SURFACE       MISSILE SYSTEM PROJECT","NATO SEASPARROW SURFACE       MISSILE SYSTEM PROJECT","UNKNOWN","INCONNU","","","WASHINGTON","WASHINGTON","District of Columbia","District of Columbia","","United States","United States","Public Works and Government Services Canada","Travaux publics et Services gouvernementaux Canada","","","","","","","","","","Department of National Defence","Ministère de la défense nationale","NDHQ","N/D","ATTN DGMEPM CAP - DMARP<br>101 COLONEL BY DR.,OTTAWA,Ontario,K1A0K2,Canada","ATTN DGMEPM CAP - DMARP<br>101 COLONEL BY DR.,OTTAWA,Ontario,K1A0K2,Canada","","","","","","","","","","","","","","","",""
"NATO SEASPARROW SURFACE MISSILE SYSTEM PROJECT (W8472-185703/026/USW~000)","NATO SEASPARROW SURFACE MISSILE SYSTEM PROJECT (W8472-185703/026/USW~000)","W8472-185703/026/USW","000","W8472-185703","","W8472-185703/026/USW","2","2023-10-25","2023-09-22","","","2030-09-22","4059440.00","5080394.00","CAD","","","","","","","*N1410","*Guided Missiles","*Missiles","","","","*GD","","","Non-competitive","Non concurrentielle","Government Objectives Representing Best Interests/Value to Govt","Objectifs gouvern.  représentant  les meilleurs intérets/valeur pour l'État","","","*None","*Aucun","","","Not applicable","Not applicable","NATO SEASPARROW SURFACE MISSILE SYSTEM PROJECT","NATO SEASPARROW SURFACE MISSILE SYSTEM PROJECT","NATO SEASPARROW SURFACE       MISSILE SYSTEM PROJECT","NATO SEASPARROW SURFACE       MISSILE SYSTEM PROJECT","UNKNOWN","INCONNU","","","WASHINGTON","WASHINGTON","District of Columbia","District of Columbia","","United States","United States","Public Works and Government Services Canada","Travaux publics et Services gouvernementaux Canada","","","","","","","","","","Department of National Defence","Ministère de la défense nationale","NDHQ","N/D","ATTN DGMEPM CAP - DMARP<br>101 COLONEL BY DR.,OTTAWA,Ontario,K1A0K2,Canada","ATTN DGMEPM CAP - DMARP<br>101 COLONEL BY DR.,OTTAWA,Ontario,K1A0K2,Canada","","","","","","","","","","","","","","","",""
"NATO SEASPARROW SURFACE MISSILE SYSTEM PROJECT (W8472-185703/027/USW~000)","NATO SEASPARROW SURFACE MISSILE SYSTEM PROJECT (W8472-185703/027/USW~000)","W8472-185703/027/USW","000","W8472-185703","","W8472-185703/027/USW","2","2023-10-25","2023-09-22","","","2030-09-22","4205485.00","8133647.00","CAD","","","","","","","*N1410","*Guided Missiles","*Missiles","","","","*GD","","","Non-competitive","Non concurrentielle","Government Objectives Representing Best Interests/Value to Govt","Objectifs gouvern.  représentant  les meilleurs intérets/valeur pour l'État","","","*None","*Aucun","","","Not applicable","Not applicable","NATO SEASPARROW SURFACE MISSILE SYSTEM PROJECT","NATO SEASPARROW SURFACE MISSILE SYSTEM PROJECT","NATO SEASPARROW SURFACE       MISSILE SYSTEM PROJECT","NATO SEASPARROW SURFACE       MISSILE SYSTEM PROJECT","UNKNOWN","INCONNU","","","WASHINGTON","WASHINGTON","District of Columbia","District of Columbia","","United States","United States","Public Works and Government Services Canada","Travaux publics et Services gouvernementaux Canada","","","","","","","","","","Department of National Defence","Ministère de la défense nationale","NDHQ","N/D","ATTN DGMEPM CAP - DMARP<br>101 COLONEL BY DR.,OTTAWA,Ontario,K1A0K2,Canada","ATTN DGMEPM CAP - DMARP<br>101 COLONEL BY DR.,OTTAWA,Ontario,K1A0K2,Canada","","","","","","","","","","","","","","","",""
"UNITED STATES DEPARTMENT OF THE AIR FORCE (AFSAC) (W8485-247696/001/USW~000)","UNITED STATES DEPARTMENT OF THE AIR FORCE (AFSAC) (W8485-247696/001/USW~000)","W8485-247696/001/USW","000","W8485-247696","","W8485-247696/001/USW","1","2024-04-02","2024-03-22","","","2031-03-22","9994091.00","9994091.00","CAD","","","","","","","*N1410","*Guided Missiles","*Missiles","","","","*GD","","","Non-competitive","Non concurrentielle","Government Objectives Representing Best Interests/Value to Govt","Objectifs gouvern.  représentant  les meilleurs intérets/valeur pour l'État","","","*None","*Aucun","","","UNITED STATES DEPARTMENT OF THE AIR FORCE (AFSAC)","UNITED STATES DEPARTMENT OF THE AIR FORCE (AFSAC)","UNITED STATES DEPARTMENT OF THE AIR FORCE (AFSAC)","UNITED STATES DEPARTMENT OF THE AIR FORCE (AFSAC)","Not applicable","Not applicable","UNKNOWN","INCONNU","1822 VAN PATTON DRIVE","1822 VAN PATTON DRIVE","WP AFB","WP AFB","Ohio","Ohio","45433","United States","United States","Public Works and Government Services Canada","Travaux publics et Services gouvernementaux Canada","","","","","","","","","","Department of National Defence","Ministère de la défense nationale","NDHQ","N/D","DGAEPM<br>101 COLONEL BY DR.,OTTAWA,Ontario,K1A0K2,Canada","DGAEPM<br>101 COLONEL BY DR.,OTTAWA,Ontario,K1A0K2,Canada","","","","","","","","","","","","","","","",""
"UNITED STATES DEPARTMENT OF THE AIR FORCE (AFSAC) (W847A-230337/001/USW~000)","UNITED STATES DEPARTMENT OF THE AIR FORCE (AFSAC) (W847A-230337/001/USW~000)","W847A-230337/001/USW","000","W847A-230337","","W847A-230337/001/USW","2","2024-01-31","2023-12-14","","","2030-12-16","77662.00","77662.00","CAD","","","","","","","*N1510","*Aircraft, Fixed Wing","*Aéronef à voilure fixe","","","","*GD","","","Non-competitive","Non concurrentielle","Government Objectives Representing Best Interests/Value to Govt","Objectifs gouvern.  représentant  les meilleurs intérets/valeur pour l'État","","","*None","*Aucun","","","UNITED STATES DEPARTMENT OF THE AIR FORCE (AFSAC)","UNITED STATES DEPARTMENT OF THE AIR FORCE (AFSAC)","UNITED STATES DEPARTMENT OF THE AIR FORCE (AFSAC)","UNITED STATES DEPARTMENT OF THE AIR FORCE (AFSAC)","Not applicable","Not applicable","UNKNOWN","INCONNU","1822 VAN PATTON DRIVE","1822 VAN PATTON DRIVE","WP AFB","WP AFB","Ohio","Ohio","45433","United States","United States","Public Works and Government Services Canada","Travaux publics et Services gouvernementaux Canada","","","","","","","","","","Department of National Defence / Department of National Defence","Ministère de la défense nationale / Ministère de la défense nationale","CDN NAT.DISTRIBUTING AUTHORITY / CDN NAT.DISTRIBUTING AUTHORITY","N/D / N/D","ATTN SUPT CFB OTTAWA (N),OTTAWA,Ontario,K1A0K8,Canada / ATTN SUPT CFB OTTAWA (N),OTTAWA,Ontario,K1A0K8,Canada","ATTN SUPT CFB OTTAWA (N),OTTAWA,Ontario,K1A0K8,Canada / ATTN SUPT CFB OTTAWA (N),OTTAWA,Ontario,K1A0K8,Canada","","","","","","","","","","","","","","","",""
"INTERNATIONAL AIRFINANCE CORPORATION (W847A-230341/001/STT~000)","INTERNATIONAL AIRFINANCE CORPORATION (W847A-230341/001/STT~000)","W847A-230341/001/STT","000","W847A-230341","","W847A-230341/001/STT","1","2023-10-25","2023-06-30","","","2026-12-31","204000000.00","204000000.00","CAD","","","","","","","*N1510","*Aircraft, Fixed Wing","*Aéronef à voilure fixe","","","","*GD","","","Competitive - Traditional","Concurrentielle - Traditionnelle","Highest Combined Rating of Technical Merit and Price","Cote combinée la plus élevée pour le mérite technique et le prix","","","*None","*Aucun","","","International Airfinance Corporation","International Airfinance Corporation","INTERNATIONAL AIRFINANCE CORPORATION","INTERNATIONAL AIRFINANCE CORPORATION","International Airfinance Corporation","International Airfinance Corporation","UNKNOWN","INCONNU","c/o Walkers Corporate Limited<br>190 Elgin Avenue,","c/o Walkers Corporate Limited<br>190 Elgin Avenue,","George Town","George Town","","","KY1-9008","Cayman Islands","Cayman Islands","Public Works and Government Services Canada","Travaux publics et Services gouvernementaux Canada","","","","","","","","","","Department of National Defence","Ministère de la défense nationale","NDHQ DGMPD AIR","NDHQ DGMPD FORCE AERIENNE","101 COLONEL BY DR.,OTTAWA,Ontario,K1A0K2,Canada","101 COLONEL BY DR.,OTTAWA,Ontario,K1A0K2,Canada","","","","","","","","","","","","","","","",""
"CARTOCANADA INC (W1786-235252/001/QD~000)","CARTOCANADA INC (W1786-235252/001/QD~000)","W1786-235252/001/QD","000","W1786-235252","","W1786-235252/001/QD","2","2024-01-31","2023-11-02","","","2024-03-31","56926.00","56926.00","CAD","","","","","","","*N1550","*Unmanned Aircraft","*Aéronef sans pilote","","","","*GD","","","Non-competitive","Non concurrentielle","","","Exclusive Rights","Droits exclusifs","","","","","CARTOCANADA INC.","CARTOCANADA INC.","CARTOCANADA INC","CARTOCANADA INC","CARTOCANADA INC.","CARTOCANADA INC.","10 to 19 employees","10 à 19 employés","402-11012 MACLEOD TRAIL SE","402-11012 MACLEOD TRAIL SE","CALGARY,","CALGARY,","Alberta","Alberta","T2J6A5","Canada","Canada","Public Works and Government Services Canada","Travaux publics et Services gouvernementaux Canada","","","","","","","","","","Department of National Defence / Department of National Defence","Ministère de la défense nationale / Ministère de la défense nationale","MCE / MCE","N/D / N/D","101 COLONEL BY DR.,OTTAWA,Ontario,K1A0K2,Canada / 101 COLONEL BY DR.,OTTAWA,Ontario,K1A0K2,Canada","101 COLONEL BY DR.,OTTAWA,Ontario,K1A0K2,Canada / 101 COLONEL BY DR.,OTTAWA,Ontario,K1A0K2,Canada","","","","","","","","","","","","","","","",""
"DRONEXPERTS (W1786-235266/001/QD~000)","DRONEXPERTS (W1786-235266/001/QD~000)","W1786-235266/001/QD","000","W1786-235266","","W1786-235266/001/QD","1","2024-01-31","2023-11-08","","","2024-03-29","82430.00","82430.00","CAD","","","","","","","*N1550","*Unmanned Aircraft","*Aéronef sans pilote","","","","*GD","","","Non-competitive","Non concurrentielle","","","Exclusive Rights","Droits exclusifs","*Canadian Free Trade Agreement (CFTA)","*Accord de libre-échange canadien (ALEC)","","","DRONEXPERTS INC.","DRONEXPERTS INC.","DRONEXPERTS","DRONEXPERTS","DroneXperts","DroneXperts","10 to 19 employees","10 à 19 employés","101-2059 branly","101-2059 branly","Quebec","Quebec","Quebec","Quebec","G1N4C7","Canada","Canada","Public Works and Government Services Canada","Travaux publics et Services gouvernementaux Canada","","","","","","","","","","Department of National Defence / Department of National Defence","Ministère de la défense nationale / Ministère de la défense nationale","MCE / MCE","N/D / N/D","101 COLONEL BY DR.,OTTAWA,Ontario,K1A0K2,Canada / 101 COLONEL BY DR.,OTTAWA,Ontario,K1A0K2,Canada","101 COLONEL BY DR.,OTTAWA,Ontario,K1A0K2,Canada / 101 COLONEL BY DR.,OTTAWA,Ontario,K1A0K2,Canada","","","","","","","","","","","","","","","",""
"RMUS CANADA (W8472-245929/001/QD~000)","RMUS CANADA (W8472-245929/001/QD~000)","W8472-245929/001/QD","000","W8472-245929","","W8472-245929/001/QD","1","2024-07-27","2024-02-27","","","2026-03-31","2770255.00","2770255.00","CAD","","","","","","","*N1550","*Unmanned Aircraft","*Aéronef sans pilote","","","","*GD","","","Non-competitive","Non concurrentielle","","","Exclusive Rights","Droits exclusifs","*Comprehensive and Progressive Agreement for Trans-Pacific Partnership (CPTPP)
*Canada-Chile Free Trade Agreement (CCFTA)","*Accord de Partenariat transpacifique global et progressiste (PTPGP)
*Accord de libre-échange Canada-Chili (ALECC)","","","Incite Experiential Design inc.","Incite Experiential Design inc.","RMUS CANADA","RMUS CANADA","RMUS Canada","RMUS Canada","1 to 4 employees","1 à 4 employés","1137 Woodeden Drive","1137 Woodeden Drive","Mississauga","Mississauga","Ontario","Ontario","L5H2T7","Canada","Canada","Public Works and Government Services Canada","Travaux publics et Services gouvernementaux Canada","","","","","","","","","","Department of National Defence","Ministère de la défense nationale","NDHQ","N/D","ATTN DGMEPM CAP - DMARP<br>101 COLONEL BY DR.,OTTAWA,Ontario,K1A0K2,Canada","ATTN DGMEPM CAP - DMARP<br>101 COLONEL BY DR.,OTTAWA,Ontario,K1A0K2,Canada","","","","","","","","","","","","","","","",""
"GENERAL ATOMICS AERONAUTICAL SYSTEMS, INC (W847A-190247/001/RPS~000)","GENERAL ATOMICS AERONAUTICAL SYSTEMS, INC (W847A-190247/001/RPS~000)","W847A-190247/001/RPS","000","W847A-190247","","W847A-190247/001/RPS","2","2024-01-31","2023-12-18","","","2032-11-30","1832241708.00","1803148326.97","CAD","","","","","","","*N1550","*Unmanned Aircraft","*Aéronef sans pilote","","","","*GD","","","Competitive - Open bidding","Concurrentielle - Invitation ouverte à soumissionner","Only One Response to Bid Solicitation","Une seule réponse à une invitation à soumissionner","","","*None","*Aucun","","","General Atomics Aeronautical Systems, Inc","General Atomics Aeronautical Systems, Inc","GENERAL ATOMICS AERONAUTICAL SYSTEMS, INC","GENERAL ATOMICS AERONAUTICAL SYSTEMS, INC","General Atomics Aeronautical Systems, Inc","General Atomics Aeronautical Systems, Inc","5000 employees and over","5000 employés et plus","14200 Kirkham Way","14200 Kirkham Way","Poway","Poway","California","California","92064","United States","United States","Public Works and Government Services Canada","Travaux publics et Services gouvernementaux Canada","","","","","","","","","","Department of National Defence / Department of National Defence","Ministère de la défense nationale / Ministère de la défense nationale","NDHQ DGMPD AIR / NDHQ DGMPD AIR","NDHQ DGMPD FORCE AERIENNE / NDHQ DGMPD FORCE AERIENNE","101 COLONEL BY DR.,OTTAWA,Ontario,K1A0K2,Canada / 101 COLONEL BY DR.,OTTAWA,Ontario,K1A0K2,Canada","101 COLONEL BY DR.,OTTAWA,Ontario,K1A0K2,Canada / 101 COLONEL BY DR.,OTTAWA,Ontario,K1A0K2,Canada","","","","","","","","","","","","","","","",""
"UNITED STATES DEPARTMENT OF THE AIR FORCE (AFSAC) (W847A-240368/001/USW~000)","UNITED STATES DEPARTMENT OF THE AIR FORCE (AFSAC) (W847A-240368/001/USW~000)","W847A-240368/001/USW","000","W847A-240368","","W847A-240368/001/USW","1","2023-09-22","2023-09-07","","","2027-10-31","2587018.00","2587018.00","CAD","","","","","","","*N1550","*Unmanned Aircraft","*Aéronef sans pilote","","","","*GD","","","Non-competitive","Non concurrentielle","Government Objectives Representing Best Interests/Value to Govt","Objectifs gouvern.  représentant  les meilleurs intérets/valeur pour l'État","","","*None","*Aucun","","","UNITED STATES DEPARTMENT OF THE AIR FORCE (AFSAC)","UNITED STATES DEPARTMENT OF THE AIR FORCE (AFSAC)","UNITED STATES DEPARTMENT OF THE AIR FORCE (AFSAC)","UNITED STATES DEPARTMENT OF THE AIR FORCE (AFSAC)","Not applicable","Not applicable","UNKNOWN","INCONNU","1822 VAN PATTON DRIVE","1822 VAN PATTON DRIVE","WP AFB","WP AFB","Ohio","Ohio","45433","United States","United States","Public Works and Government Services Canada","Travaux publics et Services gouvernementaux Canada","","","","","","","","","","Department of National Defence","Ministère de la défense nationale","NDHQ DGMPD AIR","NDHQ DGMPD FORCE AERIENNE","101 COLONEL BY DR.,OTTAWA,Ontario,K1A0K2,Canada","101 COLONEL BY DR.,OTTAWA,Ontario,K1A0K2,Canada","","","","","","","","","","","","","","","",""
"INTER-OP CANADA INC (W8486-249536/001/QD~000)","INTER-OP CANADA INC (W8486-249536/001/QD~000)","W8486-249536/001/QD","000","W8486-249536","","W8486-249536/001/QD","1","2025-03-27","2024-03-08","","","2027-03-31","2189258.00","2189258.00","CAD","","","","","","","*N1550","*Unmanned Aircraft","*Aéronef sans pilote","","","","*GD","","","Non-competitive","Non concurrentielle","","","Exclusive Rights","Droits exclusifs","*Canadian Free Trade Agreement (CFTA)","*Accord de libre-échange canadien (ALEC)","","","Inter-Op Canada Inc.","Inter-Op Canada Inc.","INTER-OP CANADA INC","INTER-OP CANADA INC","Inter-Op Canada Inc.","Inter-Op Canada Inc.","5 to 9 employees","5 à 9 employés","74C Ste-Anne St","74C Ste-Anne St","Ste-Anne-de-Bellevue","Ste-Anne-de-Bellevue","Quebec","Quebec","H9X1L8","Canada","Canada","Public Works and Government Services Canada","Travaux publics et Services gouvernementaux Canada","","","","","","","","","","Department of National Defence","Ministère de la défense nationale","NDHQ DGLEPM","N/D","101 COLONEL BY DR.,OTTAWA,Ontario,K1A0K2,Canada","101 COLONEL BY DR.,OTTAWA,Ontario,K1A0K2,Canada","","","","","","","","","","","","","","","",""
"UNITED STATES DEPARTMENT OF THE NAVY (NAVAIR) (W8485-237617/001/USW~000)","UNITED STATES DEPARTMENT OF THE NAVY (NAVAIR) (W8485-237617/001/USW~000)","W8485-237617/001/USW","000","W8485-237617","","W8485-237617/001/USW","2","2023-10-25","2023-10-16","","","2033-10-16","9996053.00","9996053.00","CAD","","","","","","","*N1610","*Aircraft Propellers and Components","*Hélices d'aéronefs et composants","","","","*GD","","","Non-competitive","Non concurrentielle","Government Objectives Representing Best Interests/Value to Govt","Objectifs gouvern.  représentant  les meilleurs intérets/valeur pour l'État","","","*None","*Aucun","","","UNITED STATES DEPARTMENT OF THE NAVY (NAVAIR)","UNITED STATES DEPARTMENT OF THE NAVY (NAVAIR)","UNITED STATES DEPARTMENT OF THE NAVY (NAVAIR)","UNITED STATES DEPARTMENT OF THE NAVY (NAVAIR)","Not applicable","Not applicable","UNKNOWN","INCONNU","2521 South Clark Street<br>Suite 800","2521 South Clark Street<br>Suite 800","Arlington","Arlington","Virginia","Virginia","22202-3928","United States","United States","Public Works and Government Services Canada","Travaux publics et Services gouvernementaux Canada","","","","","","","","","","Department of National Defence","Ministère de la défense nationale","NDHQ","N/D","DGAEPM<br>101 COLONEL BY DR.,OTTAWA,Ontario,K1A0K2,Canada","DGAEPM<br>101 COLONEL BY DR.,OTTAWA,Ontario,K1A0K2,Canada","","","","","","","","","","","","","","","",""
"MOBILITY LAB INC (W6399-22LI26/001/BY~000)","MOBILITY LAB INC (W6399-22LI26/001/BY~000)","W6399-22LI26/001/BY","000","W6399-22LI26","","W6399-22LI26/001/BY","1","2023-05-25","2023-05-18","","","2026-03-31","0.00","0.00","CAD","","","","","","","*N1670BB","*Parachutes, Cargo, Aerial Delivery, Assemblies and Components","*Parachutes, chargement, livraison aérienne, éléments et composants","","","","*GD","","","Competitive - Open bidding","Concurrentielle - Invitation ouverte à soumissionner","Highest Combined Rating of Technical Merit and Price","Cote combinée la plus élevée pour le mérite technique et le prix","","","*Canadian Free Trade Agreement (CFTA)","*Accord de libre-échange canadien (ALEC)","","","Mobility Lab Inc.","Mobility Lab Inc.","MOBILITY LAB INC","MOBILITY LAB INC","Mobility Lab Inc.","Mobility Lab Inc.","10 to 19 employees","10 à 19 employés","601 Johnston Road<br>RR#2","601 Johnston Road<br>RR#2","ARNPRIOR","ARNPRIOR","Ontario","Ontario","K7S3G8","Canada","Canada","Public Works and Government Services Canada","Travaux publics et Services gouvernementaux Canada","","","","","","","","","","Department of National Defence","Ministère de la défense nationale","CANSOFCOM HQ","N/D","101 COLONEL BY DR.,OTTAWA,Ontario,K1A0K2,Canada","101 COLONEL BY DR.,OTTAWA,Ontario,K1A0K2,Canada","","","","","","","","","","","","","","","",""
"AIRBUS HELICOPTERS CANADA LTD (M7594-223663/001/CAG~000)","AIRBUS HELICOPTERS CANADA LTD (M7594-223663/001/CAG~000)","M7594-223663/001/CAG","000","M7594-223663","","M7594-223663/001/CAG","4","2023-07-24","2023-07-04","","","2026-07-03","1500000.00","0.00","CAD","","","","","","","*N1680","*Miscellaneous Aircraft Accessories and Components","*Accessoires et composants divers pour aéronefs","","","","*GD","","","Non-competitive","Non concurrentielle","","","Exclusive Rights","Droits exclusifs","*Canadian Free Trade Agreement (CFTA)","*Accord de libre-échange canadien (ALEC)","","","Airbus Helicopters Canada Limited","Airbus Helicopters Canada Limited","AIRBUS HELICOPTERS CANADA LTD","AIRBUS HELICOPTERS CANADA LTD","Airbus Helicopters Canada Limited","Airbus Helicopters Canada Limited","200 to 499 employees","200 à 499 employés","Box 250<br>1100 Gilmore Road","Box 250<br>1100 Gilmore Road","Fort Erie","Fort Erie","Ontario","Ontario","L2A5M9","Canada","Canada","Public Works and Government Services Canada","Travaux publics et Services gouvernementaux Canada","","","","","","","","","","Royal Canadian Mounted Police","Gendarmerie royale du Canada","HQ PROCURE.&CONTRACT.SERVS","SERVS APPROVISION.&CONTRATS QG","4TH FL.<br>73 LEIKIN DR. M1,OTTAWA,Ontario,K1A0R2,Canada","4TH FL.<br>73 LEIKIN DR. M1,OTTAWA,Ontario,K1A0R2,Canada","","","","","","","","","","","","","","","",""
"PILATUS CENTER CANADA (M7594-232124/001/CAG~000)","PILATUS CENTER CANADA (M7594-232124/001/CAG~000)","M7594-232124/001/CAG","000","M7594-232124","","M7594-232124/001/CAG","1","2024-07-27","2023-08-16","","","2027-08-31","11300000.00","11300000.00","CAD","","","","","","","*N1680","*Miscellaneous Aircraft Accessories and Components","*Accessoires et composants divers pour aéronefs","","","","*GD","","","Competitive - Open bidding","Concurrentielle - Invitation ouverte à soumissionner","Lowest Price","Prix le plus bas","","","*Canada-European Union Comprehensive Economic and Trade Agreement (CETA)
*Canada-Colombia Free Trade Agreement
*Canada-Peru Free Trade Agreement (CPFTA)
*Canada-UK Trade Continuity Agreement (Canada-UK TCA)
*Canada-Chile Free Trade Agreement (CCFTA)
*Canada-Panama Free Trade Agreement
* Other trade agreements not listed here may apply
*World Trade Organization Agreement on Government Procurement (WTO GPA)
*Comprehensive and Progressive Agreement for Trans-Pacific Partnership (CPTPP)","*Accord économique et commercial global (AECG) entre le Canada et l’Union européenne (UE)
*Accord de libre-échange Canada-Colombie
*Accord de libre-échange Canada-Pérou (ALECP)
*Accord de continuité commerciale Canada–Royaume-Uni (ACC Canada-Royaume-Uni)
*Accord de libre-échange Canada-Chili (ALECC)
*Accord de libre-échange Canada-Panama
*d'autres accords commerciaux non répertoriés ici peuvent s'appliquer
*Accord sur les marchés publics de l'Organisation mondiale du commerce (AMP-OMC)
*Accord de Partenariat transpacifique global et progressiste (PTPGP)","","","LEVAERO AVIATION INC.","LEVAERO AVIATION INC.","PILATUS CENTER CANADA","PILATUS CENTER CANADA","Pilatus Center Canada","Pilatus Center Canada","20 to 49 employees","20 à 49 employés","2039 Derek Burney Dr.","2039 Derek Burney Dr.","Thunder Bay","Thunder Bay","Ontario","Ontario","P7K0A1","Canada","Canada","Public Works and Government Services Canada","Travaux publics et Services gouvernementaux Canada","","","","","","","","","","Royal Canadian Mounted Police","Gendarmerie royale du Canada","HQ PROCURE.&CONTRACT.SERVS","SERVS APPROVISION.&CONTRATS QG","4TH FL.<br>73 LEIKIN DR. M1,OTTAWA,Ontario,K1A0R2,Canada","4TH FL.<br>73 LEIKIN DR. M1,OTTAWA,Ontario,K1A0R2,Canada","","","","","","","","","","","","","","","",""
"WESCAM (T8493-220037/001/CAD~000)","WESCAM (T8493-220037/001/CAD~000)","T8493-220037/001/CAD","000","T8493-220037","","T8493-220037/001/CAD","1","2023-07-24","2023-07-10","","","2024-07-10","57280.00","57280.00","CAD","","","","","","","*N1680","*Miscellaneous Aircraft Accessories and Components","*Accessoires et composants divers pour aéronefs","","","","*GD","","","Non-competitive","Non concurrentielle","","","Exclusive Rights","Droits exclusifs","*Canadian Free Trade Agreement (CFTA)","*Accord de libre-échange canadien (ALEC)","","","Wescam Inc.","Wescam Inc.","WESCAM","WESCAM","L3Harris Wescam","L3Harris Wescam","1000 to 1499 employees","1000 à 1499 employés","50 Leavitt Blvd.","50 Leavitt Blvd.","Waterdown","Waterdown","Ontario","Ontario","L9H0C5","Canada","Canada","Public Works and Government Services Canada","Travaux publics et Services gouvernementaux Canada","","","","","","","","","","Transport Canada","Transports Canada","AIRCRAFT SERVICES DIRECTORATE","N/D","200 COMET PRIVATE,OTTAWA,Ontario,K1V9B2,Canada","200 COMET PRIVATE,OTTAWA,Ontario,K1V9B2,Canada","","","","","","","","","","","","","","","",""
"CANADA WEST AVIONICS LTD (T8493-220060/001/CAG~000)","CANADA WEST AVIONICS LTD (T8493-220060/001/CAG~000)","T8493-220060/001/CAG","000","T8493-220060","","T8493-220060/001/CAG","1","2024-07-27","2023-04-26","","","2024-03-31","62593.00","62593.00","CAD","","","","","","","*N1680","*Miscellaneous Aircraft Accessories and Components","*Accessoires et composants divers pour aéronefs","","","","*GD","","","Competitive - Open bidding","Concurrentielle - Invitation ouverte à soumissionner","Highest Combined Rating of Technical Merit and Price","Cote combinée la plus élevée pour le mérite technique et le prix","","","*Canada-European Union Comprehensive Economic and Trade Agreement (CETA)
*Canada-Peru Free Trade Agreement (CPFTA)
*Canada-Panama Free Trade Agreement
*Canada-Chile Free Trade Agreement (CCFTA)
*Canada-Colombia Free Trade Agreement
* Other trade agreements not listed here may apply
*World Trade Organization Agreement on Government Procurement (WTO GPA)
*Comprehensive and Progressive Agreement for Trans-Pacific Partnership (CPTPP)
*Canada-UK Trade Continuity Agreement (Canada-UK TCA)","*Accord économique et commercial global (AECG) entre le Canada et l’Union européenne (UE)
*Accord de libre-échange Canada-Pérou (ALECP)
*Accord de libre-échange Canada-Panama
*Accord de libre-échange Canada-Chili (ALECC)
*Accord de libre-échange Canada-Colombie
*d'autres accords commerciaux non répertoriés ici peuvent s'appliquer
*Accord sur les marchés publics de l'Organisation mondiale du commerce (AMP-OMC)
*Accord de Partenariat transpacifique global et progressiste (PTPGP)
*Accord de continuité commerciale Canada–Royaume-Uni (ACC Canada-Royaume-Uni)","","","Canada West Avionics Ltd","Canada West Avionics Ltd","CANADA WEST AVIONICS LTD","CANADA WEST AVIONICS LTD","Canada West Avionics Ltd","Canada West Avionics Ltd","10 to 19 employees","10 à 19 employés","Canada West Avionics Ltd<br>Unit 3, 7630 Montreal Street","Canada West Avionics Ltd<br>Unit 3, 7630 Montreal Street","Delta","Delta","British Columbia","British Columbia","V4K0A7","Canada","Canada","Public Works and Government Services Canada","Travaux publics et Services gouvernementaux Canada","","","","","","","","","","Transport Canada","Transports Canada","AIRCRAFT SERVICES DIRECTORATE","N/D","200 COMET PRIVATE,OTTAWA,Ontario,K1V9B2,Canada","200 COMET PRIVATE,OTTAWA,Ontario,K1V9B2,Canada","","","","","","","","","","","","","","","",""
"AERO SUPPLIES INC (T8493-230001/001/CAG~000)","AERO SUPPLIES INC (T8493-230001/001/CAG~000)","T8493-230001/001/CAG","000","T8493-230001","","T8493-230001/001/CAG","1","2024-07-27","2023-06-02","","","2024-03-31","93225.00","93225.00","CAD","","","","","","","*N1680","*Miscellaneous Aircraft Accessories and Components","*Accessoires et composants divers pour aéronefs","","","","*GD","","","Competitive - Open bidding","Concurrentielle - Invitation ouverte à soumissionner","Lowest Price","Prix le plus bas","","","* Other trade agreements not listed here may apply
*Canada-Colombia Free Trade Agreement
*Canada-European Union Comprehensive Economic and Trade Agreement (CETA)
*Canada-Peru Free Trade Agreement (CPFTA)
*World Trade Organization Agreement on Government Procurement (WTO GPA)
*Canada-Panama Free Trade Agreement
*Canada-Chile Free Trade Agreement (CCFTA)
*Comprehensive and Progressive Agreement for Trans-Pacific Partnership (CPTPP)
*Canada-UK Trade Continuity Agreement (Canada-UK TCA)","*d'autres accords commerciaux non répertoriés ici peuvent s'appliquer
*Accord de libre-échange Canada-Colombie
*Accord économique et commercial global (AECG) entre le Canada et l’Union européenne (UE)
*Accord de libre-échange Canada-Pérou (ALECP)
*Accord sur les marchés publics de l'Organisation mondiale du commerce (AMP-OMC)
*Accord de libre-échange Canada-Panama
*Accord de libre-échange Canada-Chili (ALECC)
*Accord de Partenariat transpacifique global et progressiste (PTPGP)
*Accord de continuité commerciale Canada–Royaume-Uni (ACC Canada-Royaume-Uni)","","","AERO SUPPLIES INC.","AERO SUPPLIES INC.","AERO SUPPLIES INC","AERO SUPPLIES INC","AERO SUPPLIES INC.","AERO SUPPLIES INC.","5 to 9 employees","5 à 9 employés","7486 Bath Road","7486 Bath Road","MISSISSAUGA","MISSISSAUGA","Ontario","Ontario","L4T1L2","Canada","Canada","Public Works and Government Services Canada","Travaux publics et Services gouvernementaux Canada","","","","","","","","","","Transport Canada","Transports Canada","AIRCRAFT SERVICES DIRECTORATE","N/D","200 COMET PRIVATE,OTTAWA,Ontario,K1V9B2,Canada","200 COMET PRIVATE,OTTAWA,Ontario,K1V9B2,Canada","","","","","","","","","","","","","","","",""
"AERO SUPPLIES INC (T8493-230002/001/CAG~000)","AERO SUPPLIES INC (T8493-230002/001/CAG~000)","T8493-230002/001/CAG","000","T8493-230002","","T8493-230002/001/CAG","1","2024-07-27","2023-05-16","","","2024-03-31","33792.00","33792.00","CAD","","","","","","","*N1680","*Miscellaneous Aircraft Accessories and Components","*Accessoires et composants divers pour aéronefs","","","","*GD","","","Competitive - Open bidding","Concurrentielle - Invitation ouverte à soumissionner","Highest Combined Rating of Technical Merit and Price","Cote combinée la plus élevée pour le mérite technique et le prix","","","*Canada-Chile Free Trade Agreement (CCFTA)
*Canada-Peru Free Trade Agreement (CPFTA)
*Canada-European Union Comprehensive Economic and Trade Agreement (CETA)
*Canada-UK Trade Continuity Agreement (Canada-UK TCA)
*Comprehensive and Progressive Agreement for Trans-Pacific Partnership (CPTPP)
* Other trade agreements not listed here may apply
*Canada-Colombia Free Trade Agreement
*Canada-Panama Free Trade Agreement
*World Trade Organization Agreement on Government Procurement (WTO GPA)","*Accord de libre-échange Canada-Chili (ALECC)
*Accord de libre-échange Canada-Pérou (ALECP)
*Accord économique et commercial global (AECG) entre le Canada et l’Union européenne (UE)
*Accord de continuité commerciale Canada–Royaume-Uni (ACC Canada-Royaume-Uni)
*Accord de Partenariat transpacifique global et progressiste (PTPGP)
*d'autres accords commerciaux non répertoriés ici peuvent s'appliquer
*Accord de libre-échange Canada-Colombie
*Accord de libre-échange Canada-Panama
*Accord sur les marchés publics de l'Organisation mondiale du commerce (AMP-OMC)","","","AERO SUPPLIES INC.","AERO SUPPLIES INC.","AERO SUPPLIES INC","AERO SUPPLIES INC","AERO SUPPLIES INC.","AERO SUPPLIES INC.","5 to 9 employees","5 à 9 employés","7486 Bath Road","7486 Bath Road","MISSISSAUGA","MISSISSAUGA","Ontario","Ontario","L4T1L2","Canada","Canada","Public Works and Government Services Canada","Travaux publics et Services gouvernementaux Canada","","","","","","","","","","Transport Canada","Transports Canada","AIRCRAFT SERVICES DIRECTORATE","N/D","200 COMET PRIVATE,OTTAWA,Ontario,K1V9B2,Canada","200 COMET PRIVATE,OTTAWA,Ontario,K1V9B2,Canada","","","","","","","","","","","","","","","",""
"BELL HELICOPTER TEXTRON CANADA LTD (T8493-230003/001/CAG~000)","BELL HELICOPTER TEXTRON CANADA LTD (T8493-230003/001/CAG~000)","T8493-230003/001/CAG","000","T8493-230003","","T8493-230003/001/CAG","1","2023-05-25","2023-04-24","","","2023-05-30","143498.00","143498.00","CAD","","","","","","","*N1680","*Miscellaneous Aircraft Accessories and Components","*Accessoires et composants divers pour aéronefs","","","","*GD","","","Competitive - Traditional","Concurrentielle - Traditionnelle","Highest Combined Rating of Technical Merit and Price","Cote combinée la plus élevée pour le mérite technique et le prix","","","*Canadian Free Trade Agreement (CFTA)","*Accord de libre-échange canadien (ALEC)","","","Bell Textron Canada Limited","Bell Textron Canada Limited","BELL HELICOPTER TEXTRON CANADA LTD","BELL HELICOPTER TEXTRON CANADA LTD","Bell Textron Canada Limited","Bell Textron Canada Limited","1000 to 1499 employees","1000 à 1499 employés","12 800 rue de l'Avenir","12 800 rue de l'Avenir","Mirabel","Mirabel","Quebec","Quebec","J7J1R4","Canada","Canada","Public Works and Government Services Canada","Travaux publics et Services gouvernementaux Canada","","","","","","","","","","Transport Canada","Transports Canada","AIRCRAFT SERVICES DIRECTORATE","N/D","200 COMET PRIVATE,OTTAWA,Ontario,K1V9B2,Canada","200 COMET PRIVATE,OTTAWA,Ontario,K1V9B2,Canada","","","","","","","","","","","","","","","",""
"AERO SUPPLIES INC (T8493-230005/001/CAG~000)","AERO SUPPLIES INC (T8493-230005/001/CAG~000)","T8493-230005/001/CAG","000","T8493-230005","","T8493-230005/001/CAG","1","2023-05-25","2023-04-21","","","2023-05-30","65936.00","65936.00","CAD","","","","","","","*N1680","*Miscellaneous Aircraft Accessories and Components","*Accessoires et composants divers pour aéronefs","","","","*GD","","","Competitive - Traditional","Concurrentielle - Traditionnelle","Highest Combined Rating of Technical Merit and Price","Cote combinée la plus élevée pour le mérite technique et le prix","","","*Canadian Free Trade Agreement (CFTA)","*Accord de libre-échange canadien (ALEC)","","","AERO SUPPLIES INC.","AERO SUPPLIES INC.","AERO SUPPLIES INC","AERO SUPPLIES INC","AERO SUPPLIES INC.","AERO SUPPLIES INC.","5 to 9 employees","5 à 9 employés","7486 Bath Road","7486 Bath Road","MISSISSAUGA","MISSISSAUGA","Ontario","Ontario","L4T1L2","Canada","Canada","Public Works and Government Services Canada","Travaux publics et Services gouvernementaux Canada","","","","","","","","","","Transport Canada","Transports Canada","AIRCRAFT SERVICES DIRECTORATE","N/D","200 COMET PRIVATE,OTTAWA,Ontario,K1V9B2,Canada","200 COMET PRIVATE,OTTAWA,Ontario,K1V9B2,Canada","","","","","","","","","","","","","","","",""
"AERO SUPPLIES INC (T8493-230010/001/CAG~000)","AERO SUPPLIES INC (T8493-230010/001/CAG~000)","T8493-230010/001/CAG","000","T8493-230010","","T8493-230010/001/CAG","1","2023-08-23","2023-08-10","","","2023-10-31","28815.00","28815.00","CAD","","","","","","","*N1680","*Miscellaneous Aircraft Accessories and Components","*Accessoires et composants divers pour aéronefs","","","","*GD","","","Competitive - Traditional","Concurrentielle - Traditionnelle","Lowest Price","Prix le plus bas","","","*Canadian Free Trade Agreement (CFTA)","*Accord de libre-échange canadien (ALEC)","","","AERO SUPPLIES INC.","AERO SUPPLIES INC.","AERO SUPPLIES INC","AERO SUPPLIES INC","AERO SUPPLIES INC.","AERO SUPPLIES INC.","5 to 9 employees","5 à 9 employés","7486 Bath Road","7486 Bath Road","MISSISSAUGA","MISSISSAUGA","Ontario","Ontario","L4T1L2","Canada","Canada","Public Works and Government Services Canada","Travaux publics et Services gouvernementaux Canada","","","","","","","","","","Transport Canada","Transports Canada","AIRCRAFT SERVICES DIRECTORATE","N/D","200 COMET PRIVATE,OTTAWA,Ontario,K1V9B2,Canada","200 COMET PRIVATE,OTTAWA,Ontario,K1V9B2,Canada","","","","","","","","","","","","","","","",""
"CANADA WEST AVIONICS LTD (T8493-230011/001/CAG~000)","CANADA WEST AVIONICS LTD (T8493-230011/001/CAG~000)","T8493-230011/001/CAG","000","T8493-230011","","T8493-230011/001/CAG","1","2024-07-27","2023-06-02","","","2024-03-31","27911.00","27911.00","CAD","","","","","","","*N1680","*Miscellaneous Aircraft Accessories and Components","*Accessoires et composants divers pour aéronefs","","","","*GD","","","Competitive - Open bidding","Concurrentielle - Invitation ouverte à soumissionner","Highest Combined Rating of Technical Merit and Price","Cote combinée la plus élevée pour le mérite technique et le prix","","","*Canada-Peru Free Trade Agreement (CPFTA)
*Canada-European Union Comprehensive Economic and Trade Agreement (CETA)
*Canada-UK Trade Continuity Agreement (Canada-UK TCA)
*Comprehensive and Progressive Agreement for Trans-Pacific Partnership (CPTPP)
* Other trade agreements not listed here may apply
*Canada-Chile Free Trade Agreement (CCFTA)
*Canada-Panama Free Trade Agreement
*Canada-Colombia Free Trade Agreement
*World Trade Organization Agreement on Government Procurement (WTO GPA)","*Accord de libre-échange Canada-Pérou (ALECP)
*Accord économique et commercial global (AECG) entre le Canada et l’Union européenne (UE)
*Accord de continuité commerciale Canada–Royaume-Uni (ACC Canada-Royaume-Uni)
*Accord de Partenariat transpacifique global et progressiste (PTPGP)
*d'autres accords commerciaux non répertoriés ici peuvent s'appliquer
*Accord de libre-échange Canada-Chili (ALECC)
*Accord de libre-échange Canada-Panama
*Accord de libre-échange Canada-Colombie
*Accord sur les marchés publics de l'Organisation mondiale du commerce (AMP-OMC)","","","Canada West Avionics Ltd","Canada West Avionics Ltd","CANADA WEST AVIONICS LTD","CANADA WEST AVIONICS LTD","Canada West Avionics Ltd","Canada West Avionics Ltd","10 to 19 employees","10 à 19 employés","Canada West Avionics Ltd<br>Unit 3, 7630 Montreal Street","Canada West Avionics Ltd<br>Unit 3, 7630 Montreal Street","Delta","Delta","British Columbia","British Columbia","V4K0A7","Canada","Canada","Public Works and Government Services Canada","Travaux publics et Services gouvernementaux Canada","","","","","","","","","","Transport Canada","Transports Canada","AIRCRAFT SERVICES DIRECTORATE","N/D","200 COMET PRIVATE,OTTAWA,Ontario,K1V9B2,Canada","200 COMET PRIVATE,OTTAWA,Ontario,K1V9B2,Canada","","","","","","","","","","","","","","","",""
"PHP CANADA (T8493-230013/001/CAG~000)","PHP CANADA (T8493-230013/001/CAG~000)","T8493-230013/001/CAG","000","T8493-230013","","T8493-230013/001/CAG","1","2023-06-22","2023-05-25","","","2023-06-30","25767.00","25767.00","CAD","","","","","","","*N1680","*Miscellaneous Aircraft Accessories and Components","*Accessoires et composants divers pour aéronefs","","","","*GD","","","Competitive - Traditional","Concurrentielle - Traditionnelle","Highest Combined Rating of Technical Merit and Price","Cote combinée la plus élevée pour le mérite technique et le prix","","","*Canadian Free Trade Agreement (CFTA)","*Accord de libre-échange canadien (ALEC)","","","Precision Heliparts Canada ULC","Precision Heliparts Canada ULC","PHP CANADA","PHP CANADA","PHP Canada","PHP Canada","10 to 19 employees","10 à 19 employés","Unit 305<br>19133 26th Avenue","Unit 305<br>19133 26th Avenue","Surrey","Surrey","British Columbia","British Columbia","V3Z3V7","Canada","Canada","Public Works and Government Services Canada","Travaux publics et Services gouvernementaux Canada","","","","","","","","","","Transport Canada","Transports Canada","AIRCRAFT SERVICES DIRECTORATE","N/D","200 COMET PRIVATE,OTTAWA,Ontario,K1V9B2,Canada","200 COMET PRIVATE,OTTAWA,Ontario,K1V9B2,Canada","","","","","","","","","","","","","","","",""
"EXECAIRE (T8493-230014/001/CAG~000)","EXECAIRE (T8493-230014/001/CAG~000)","T8493-230014/001/CAG","000","T8493-230014","","T8493-230014/001/CAG","1","2024-07-27","2023-06-23","","","2024-03-31","14464.00","14464.00","CAD","","","","","","","*N1680","*Miscellaneous Aircraft Accessories and Components","*Accessoires et composants divers pour aéronefs","","","","*GD","","","Competitive - Open bidding","Concurrentielle - Invitation ouverte à soumissionner","Highest Combined Rating of Technical Merit and Price","Cote combinée la plus élevée pour le mérite technique et le prix","","","*Canada-Colombia Free Trade Agreement
*Comprehensive and Progressive Agreement for Trans-Pacific Partnership (CPTPP)
*Canada-European Union Comprehensive Economic and Trade Agreement (CETA)
*Canada-UK Trade Continuity Agreement (Canada-UK TCA)
*World Trade Organization Agreement on Government Procurement (WTO GPA)
*Canada-Peru Free Trade Agreement (CPFTA)
*Canada-Chile Free Trade Agreement (CCFTA)
* Other trade agreements not listed here may apply
*Canada-Panama Free Trade Agreement","*Accord de libre-échange Canada-Colombie
*Accord de Partenariat transpacifique global et progressiste (PTPGP)
*Accord économique et commercial global (AECG) entre le Canada et l’Union européenne (UE)
*Accord de continuité commerciale Canada–Royaume-Uni (ACC Canada-Royaume-Uni)
*Accord sur les marchés publics de l'Organisation mondiale du commerce (AMP-OMC)
*Accord de libre-échange Canada-Pérou (ALECP)
*Accord de libre-échange Canada-Chili (ALECC)
*d'autres accords commerciaux non répertoriés ici peuvent s'appliquer
*Accord de libre-échange Canada-Panama","","","I.M.P GROUP LIMITED","I.M.P GROUP LIMITED","EXECAIRE","EXECAIRE","execaire","execaire","200 to 499 employees","200 à 499 employés","10225 Ryan Ave","10225 Ryan Ave","DORVAL","DORVAL","Quebec","Quebec","H9P1A2","Canada","Canada","Public Works and Government Services Canada","Travaux publics et Services gouvernementaux Canada","","","","","","","","","","Transport Canada","Transports Canada","AIRCRAFT SERVICES DIRECTORATE","N/D","200 COMET PRIVATE,OTTAWA,Ontario,K1V9B2,Canada","200 COMET PRIVATE,OTTAWA,Ontario,K1V9B2,Canada","","","","","","","","","","","","","","","",""
"BELL HELICOPTER TEXTRON CANADA LTD (T8493-230015/001/CAG~000)","BELL HELICOPTER TEXTRON CANADA LTD (T8493-230015/001/CAG~000)","T8493-230015/001/CAG","000","T8493-230015","","T8493-230015/001/CAG","1","2024-07-27","2023-07-13","","","2024-07-13","18698.00","18698.00","CAD","","","","","","","*N1680","*Miscellaneous Aircraft Accessories and Components","*Accessoires et composants divers pour aéronefs","","","","*GD","","","Competitive - Open bidding","Concurrentielle - Invitation ouverte à soumissionner","Highest Combined Rating of Technical Merit and Price","Cote combinée la plus élevée pour le mérite technique et le prix","","","*Canada-Peru Free Trade Agreement (CPFTA)
*Canada-Colombia Free Trade Agreement
*Canada-UK Trade Continuity Agreement (Canada-UK TCA)
*Canada-European Union Comprehensive Economic and Trade Agreement (CETA)
* Other trade agreements not listed here may apply
*Canada-Panama Free Trade Agreement
*Canada-Chile Free Trade Agreement (CCFTA)
*World Trade Organization Agreement on Government Procurement (WTO GPA)
*Comprehensive and Progressive Agreement for Trans-Pacific Partnership (CPTPP)","*Accord de libre-échange Canada-Pérou (ALECP)
*Accord de libre-échange Canada-Colombie
*Accord de continuité commerciale Canada–Royaume-Uni (ACC Canada-Royaume-Uni)
*Accord économique et commercial global (AECG) entre le Canada et l’Union européenne (UE)
*d'autres accords commerciaux non répertoriés ici peuvent s'appliquer
*Accord de libre-échange Canada-Panama
*Accord de libre-échange Canada-Chili (ALECC)
*Accord sur les marchés publics de l'Organisation mondiale du commerce (AMP-OMC)
*Accord de Partenariat transpacifique global et progressiste (PTPGP)","","","Bell Textron Canada Limited","Bell Textron Canada Limited","BELL HELICOPTER TEXTRON CANADA LTD","BELL HELICOPTER TEXTRON CANADA LTD","Bell Textron Canada Limited","Bell Textron Canada Limited","1000 to 1499 employees","1000 à 1499 employés","12 800 rue de l'Avenir","12 800 rue de l'Avenir","Mirabel","Mirabel","Quebec","Quebec","J7J1R4","Canada","Canada","Public Works and Government Services Canada","Travaux publics et Services gouvernementaux Canada","","","","","","","","","","Transport Canada","Transports Canada","AIRCRAFT SERVICES DIRECTORATE","N/D","200 COMET PRIVATE,OTTAWA,Ontario,K1V9B2,Canada","200 COMET PRIVATE,OTTAWA,Ontario,K1V9B2,Canada","","","","","","","","","","","","","","","",""
"AERO SUPPLIES INC (T8493-230016/001/CAG~000)","AERO SUPPLIES INC (T8493-230016/001/CAG~000)","T8493-230016/001/CAG","000","T8493-230016","","T8493-230016/001/CAG","1","2023-07-24","2023-06-07","","","2023-07-30","75305.00","75305.00","CAD","","","","","","","*N1680","*Miscellaneous Aircraft Accessories and Components","*Accessoires et composants divers pour aéronefs","","","","*GD","","","Competitive - Traditional","Concurrentielle - Traditionnelle","Highest Combined Rating of Technical Merit and Price","Cote combinée la plus élevée pour le mérite technique et le prix","","","*Canadian Free Trade Agreement (CFTA)","*Accord de libre-échange canadien (ALEC)","","","AERO SUPPLIES INC.","AERO SUPPLIES INC.","AERO SUPPLIES INC","AERO SUPPLIES INC","AERO SUPPLIES INC.","AERO SUPPLIES INC.","5 to 9 employees","5 à 9 employés","7486 Bath Road","7486 Bath Road","MISSISSAUGA","MISSISSAUGA","Ontario","Ontario","L4T1L2","Canada","Canada","Public Works and Government Services Canada","Travaux publics et Services gouvernementaux Canada","","","","","","","","","","Transport Canada","Transports Canada","AIRCRAFT SERVICES DIRECTORATE","N/D","200 COMET PRIVATE,OTTAWA,Ontario,K1V9B2,Canada","200 COMET PRIVATE,OTTAWA,Ontario,K1V9B2,Canada","","","","","","","","","","","","","","","",""
"AERO SUPPLIES INC (T8493-230017/001/CAG~000)","AERO SUPPLIES INC (T8493-230017/001/CAG~000)","T8493-230017/001/CAG","000","T8493-230017","","T8493-230017/001/CAG","1","2023-06-22","2023-06-07","","","2024-03-31","31625.00","31625.00","CAD","","","","","","","*N1680","*Miscellaneous Aircraft Accessories and Components","*Accessoires et composants divers pour aéronefs","","","","*GD","","","Competitive - Traditional","Concurrentielle - Traditionnelle","Highest Combined Rating of Technical Merit and Price","Cote combinée la plus élevée pour le mérite technique et le prix","","","*Canadian Free Trade Agreement (CFTA)","*Accord de libre-échange canadien (ALEC)","","","AERO SUPPLIES INC.","AERO SUPPLIES INC.","AERO SUPPLIES INC","AERO SUPPLIES INC","AERO SUPPLIES INC.","AERO SUPPLIES INC.","5 to 9 employees","5 à 9 employés","7486 Bath Road","7486 Bath Road","MISSISSAUGA","MISSISSAUGA","Ontario","Ontario","L4T1L2","Canada","Canada","Public Works and Government Services Canada","Travaux publics et Services gouvernementaux Canada","","","","","","","","","","Transport Canada","Transports Canada","AIRCRAFT SERVICES DIRECTORATE","N/D","200 COMET PRIVATE,OTTAWA,Ontario,K1V9B2,Canada","200 COMET PRIVATE,OTTAWA,Ontario,K1V9B2,Canada","","","","","","","","","","","","","","","",""
"MHD - ROCKLAND INC (T8493-230062/001/CAG~000)","MHD - ROCKLAND INC (T8493-230062/001/CAG~000)","T8493-230062/001/CAG","000","T8493-230062","","T8493-230062/001/CAG","1","2024-03-05","2024-02-16","","","2024-03-07","59723.00","59723.00","CAD","","","","","","","*N1680","*Miscellaneous Aircraft Accessories and Components","*Accessoires et composants divers pour aéronefs","","","","*GD","","","Competitive - Traditional","Concurrentielle - Traditionnelle","Highest Combined Rating of Technical Merit and Price","Cote combinée la plus élevée pour le mérite technique et le prix","","","*Canadian Free Trade Agreement (CFTA)","*Accord de libre-échange canadien (ALEC)","","","MHD - ROCKLAND INC.","MHD - ROCKLAND INC.","MHD - ROCKLAND INC","MHD - ROCKLAND INC","MHD - ROCKLAND INC.","MHD - ROCKLAND INC.","20 to 49 employees","20 à 49 employés","21250 Industrial Blvd.","21250 Industrial Blvd.","Sainte-Anne-de-Bellevue","Sainte-Anne-de-Bellevue","Quebec","Quebec","H9X0B4","Canada","Canada","Public Works and Government Services Canada","Travaux publics et Services gouvernementaux Canada","","","","","","","","","","Transport Canada","Transports Canada","AIRCRAFT SERVICES DIRECTORATE","N/D","200 COMET PRIVATE,OTTAWA,Ontario,K1V9B2,Canada","200 COMET PRIVATE,OTTAWA,Ontario,K1V9B2,Canada","","","","","","","","","","","","","","","",""
"KNIGHT AEROSPACE (W8485-247727/001/BY~000)","KNIGHT AEROSPACE (W8485-247727/001/BY~000)","W8485-247727/001/BY","000","W8485-247727","","W8485-247727/001/BY","2","2024-07-27","2024-02-22","","","2026-03-31","9705015.00","9955015.00","CAD","","","","","","","*N1680","*Miscellaneous Aircraft Accessories and Components","*Accessoires et composants divers pour aéronefs","","","","*GD","","","Advance contract award notice","Préavis d'attribution du contrat","Lowest Price","Prix le plus bas","","","*Canada-Chile Free Trade Agreement (CCFTA)
*Canada-European Union Comprehensive Economic and Trade Agreement (CETA)
* Other trade agreements not listed here may apply
*Canada-Colombia Free Trade Agreement
*Comprehensive and Progressive Agreement for Trans-Pacific Partnership (CPTPP)
*Canada-Panama Free Trade Agreement
*Canada-Peru Free Trade Agreement (CPFTA)
*World Trade Organization Agreement on Government Procurement (WTO GPA)
*Canada-UK Trade Continuity Agreement (Canada-UK TCA)","*Accord de libre-échange Canada-Chili (ALECC)
*Accord économique et commercial global (AECG) entre le Canada et l’Union européenne (UE)
*d'autres accords commerciaux non répertoriés ici peuvent s'appliquer
*Accord de libre-échange Canada-Colombie
*Accord de Partenariat transpacifique global et progressiste (PTPGP)
*Accord de libre-échange Canada-Panama
*Accord de libre-échange Canada-Pérou (ALECP)
*Accord sur les marchés publics de l'Organisation mondiale du commerce (AMP-OMC)
*Accord de continuité commerciale Canada–Royaume-Uni (ACC Canada-Royaume-Uni)","","","Knight Aerospace Medical Systems LLC","Knight Aerospace Medical Systems LLC","KNIGHT AEROSPACE","KNIGHT AEROSPACE","Knight Aerospace","Knight Aerospace","UNKNOWN","INCONNU","3606 SW 36th Street, Suite 101","3606 SW 36th Street, Suite 101","San Antonio","San Antonio","Texas","Texas","78226","United States","United States","Public Works and Government Services Canada","Travaux publics et Services gouvernementaux Canada","","","","","","","","","","Department of National Defence","Ministère de la défense nationale","NDHQ","N/D","DGAEPM<br>101 COLONEL BY DR.,OTTAWA,Ontario,K1A0K2,Canada","DGAEPM<br>101 COLONEL BY DR.,OTTAWA,Ontario,K1A0K2,Canada","","","","","","","","","","","","","","","",""
"FAB-TECH INDUSTRIES INC (5P114-220149/001/MC~000)","FAB-TECH INDUSTRIES INC (5P114-220149/001/MC~000)","5P114-220149/001/MC","000","5P114-220149","","5P114-220149/001/MC","4","2023-10-25","2023-10-11","","","2025-03-31","110371.00","118434.00","CAD","","","","","","","*N1910","*Transport Vessels, Passenger and Troop","*Navires de transport pour passagers et troupe","","","","*GD","","","Competitive - Open bidding","Concurrentielle - Invitation ouverte à soumissionner","Lowest Price","Prix le plus bas","","","*Canadian Free Trade Agreement (CFTA)","*Accord de libre-échange canadien (ALEC)","","","Fab-Tech Industries Inc.","Fab-Tech Industries Inc.","FAB-TECH INDUSTRIES INC","FAB-TECH INDUSTRIES INC","Fab-Tech Industries Inc.","Fab-Tech Industries Inc.","10 to 19 employees","10 à 19 employés","P.O. BOX 168","P.O. BOX 168","GLOVERTOWN","GLOVERTOWN","Newfoundland and Labrador","Newfoundland and Labrador","A0G2L0","Canada","Canada","Public Works and Government Services Canada","Travaux publics et Services gouvernementaux Canada","","","","","","","","","","Parks Canada","Parcs Canada","GROS MORNE NATL PARK","N/D","P.O.BOX 130,ROCKY HARBOUR,Newfoundland and Labrador,A0K4N0,Canada","P.O.BOX 130,ROCKY HARBOUR,Newfoundland and Labrador,A0K4N0,Canada","","","","","","","","","","","","","","","",""
"VANCOUVER SHIPYARDS CO LTD (F7013-220450/001/NQ~000)","VANCOUVER SHIPYARDS CO LTD (F7013-220450/001/NQ~000)","F7013-220450/001/NQ","000","F7013-220450","","F7013-220450/001/NQ","4","2024-04-29","2024-02-09","","","2030-12-31","310167313.00","480538237.00","CAD","","","","","","","*C216C","*Marine Architect and Engineering Services","*Services d'architecture et d'ingénierie","","","","*SRV","","","Competitive - Traditional","Concurrentielle - Traditionnelle","Highest Combined Rating of Technical Merit and Price","Cote combinée la plus élevée pour le mérite technique et le prix","","","*Canadian Free Trade Agreement (CFTA)","*Accord de libre-échange canadien (ALEC)","","","Vancouver Shipyards Co. Ltd.","Vancouver Shipyards Co. Ltd.","VANCOUVER SHIPYARDS CO LTD","VANCOUVER SHIPYARDS CO LTD","Vancouver Shipyards Co. Ltd.","Vancouver Shipyards Co. Ltd.","1000 to 1499 employees","1000 à 1499 employés","2 Pemberton Avenue","2 Pemberton Avenue","North Vancouver","North Vancouver","British Columbia","British Columbia","V7P2R2","Canada","Canada","Public Works and Government Services Canada","Travaux publics et Services gouvernementaux Canada","","","","","","","","","","Fisheries and Oceans Canada","Pêches et Océans Canada","MAJOR CROWN PROJECTS DIR.","DIR GRANDS PROJETS D'ETAT","3RD FL.<br>200 ELGIN ST,OTTAWA,Ontario,K2P1L5,Canada","3RD FL.<br>200 ELGIN ST,OTTAWA,Ontario,K2P1L5,Canada","","","","","","","","","","","","","","","",""
"VANCOUVER SHIPYARDS CO LTD (F7013-220451/001/NQ~000)","VANCOUVER SHIPYARDS CO LTD (F7013-220451/001/NQ~000)","F7013-220451/001/NQ","000","F7013-220451","","F7013-220451/001/NQ","5","2024-06-27","2024-02-09","","","2034-12-31","180393784.00","1090367793.52","CAD","","","","","","","*C216C","*Marine Architect and Engineering Services","*Services d'architecture et d'ingénierie","","","","*SRV","","","Competitive - Traditional","Concurrentielle - Traditionnelle","Lowest Price","Prix le plus bas","","","*Canadian Free Trade Agreement (CFTA)","*Accord de libre-échange canadien (ALEC)","","","Vancouver Shipyards Co. Ltd.","Vancouver Shipyards Co. Ltd.","VANCOUVER SHIPYARDS CO LTD","VANCOUVER SHIPYARDS CO LTD","Vancouver Shipyards Co. Ltd.","Vancouver Shipyards Co. Ltd.","1000 to 1499 employees","1000 à 1499 employés","2 Pemberton Avenue","2 Pemberton Avenue","North Vancouver","North Vancouver","British Columbia","British Columbia","V7P2R2","Canada","Canada","Public Works and Government Services Canada","Travaux publics et Services gouvernementaux Canada","","","","","","","","","","Fisheries and Oceans Canada","Pêches et Océans Canada","MAJOR CROWN PROJECTS DIR.","DIR GRANDS PROJETS D'ETAT","3RD FL.<br>200 ELGIN ST,OTTAWA,Ontario,K2P1L5,Canada","3RD FL.<br>200 ELGIN ST,OTTAWA,Ontario,K2P1L5,Canada","","","","","","","","","","","","","","","",""
"MAGELLAN AEROSPACE, WINNIPEG (W3524-24BC01/001/BK~000)","MAGELLAN AEROSPACE, WINNIPEG (W3524-24BC01/001/BK~000)","W3524-24BC01/001/BK","000","W3524-24BC01","","W3524-24BC01/001/BK","2","2024-01-31","2023-11-29","","","2029-12-31","31500000.00","31500000.00","CAD","","","","","","","*C219BE","*Engineering and Technical Services - Ammunition Related","*Services techniques - relatifs aux munitions","","","","*SRV","","","Non-competitive","Non concurrentielle","Government Objectives Representing Best Interests/Value to Govt","Objectifs gouvern.  représentant  les meilleurs intérets/valeur pour l'État","","","","","","","Magellan Aerospace Limited","Magellan Aerospace Limited","MAGELLAN AEROSPACE, WINNIPEG","MAGELLAN AEROSPACE, WINNIPEG","Magellan Aerospace, Winnipeg","Magellan Aerospace, Winnipeg","1000 to 1499 employees","1000 à 1499 employés","P.O. Box 874<br>660 Berry Street","P.O. Box 874<br>660 Berry Street","Winnipeg","Winnipeg","Manitoba","Manitoba","R3C2S4","Canada","Canada","Public Works and Government Services Canada","Travaux publics et Services gouvernementaux Canada","","","","","","","","","","Department of National Defence / Department of National Defence","Ministère de la défense nationale / Ministère de la défense nationale","ADM (MAT) DGLEPM / ADM (MAT) DGLEPM","SMA (MAT) DGGPET / SMA (MAT) DGGPET","101 COLONEL BY DRIVE,OTTAWA,Ontario,K1A0K2,Canada / 101 COLONEL BY DRIVE,OTTAWA,Ontario,K1A0K2,Canada","101 COLONEL BY DRIVE,OTTAWA,Ontario,K1A0K2,Canada / 101 COLONEL BY DRIVE,OTTAWA,Ontario,K1A0K2,Canada","","","","","","","","","","","","","","","",""
"MAGELLAN AEROSPACE, WINNIPEG (W3524-24BC03/001/BK~000)","MAGELLAN AEROSPACE, WINNIPEG (W3524-24BC03/001/BK~000)","W3524-24BC03/001/BK","000","W3524-24BC03","","W3524-24BC03/001/BK","4","2024-01-31","2023-12-15","","","2025-03-31","5987929.00","5987929.00","CAD","","","","","","","*C219BE","*Engineering and Technical Services - Ammunition Related","*Services techniques - relatifs aux munitions","","","","*SRV","","","Non-competitive","Non concurrentielle","Government Objectives Representing Best Interests/Value to Govt","Objectifs gouvern.  représentant  les meilleurs intérets/valeur pour l'État","","","*Canadian Free Trade Agreement (CFTA)","*Accord de libre-échange canadien (ALEC)","","","Magellan Aerospace Limited","Magellan Aerospace Limited","MAGELLAN AEROSPACE, WINNIPEG","MAGELLAN AEROSPACE, WINNIPEG","Magellan Aerospace, Winnipeg","Magellan Aerospace, Winnipeg","1000 to 1499 employees","1000 à 1499 employés","P.O. Box 874<br>660 Berry Street","P.O. Box 874<br>660 Berry Street","Winnipeg","Winnipeg","Manitoba","Manitoba","R3C2S4","Canada","Canada","Public Works and Government Services Canada","Travaux publics et Services gouvernementaux Canada","","","","","","","","","","Department of National Defence / Department of National Defence","Ministère de la défense nationale / Ministère de la défense nationale","ADM (MAT) DGLEPM / ADM (MAT) DGLEPM","SMA (MAT) DGGPET / SMA (MAT) DGGPET","101 COLONEL BY DRIVE,OTTAWA,Ontario,K1A0K2,Canada / 101 COLONEL BY DRIVE,OTTAWA,Ontario,K1A0K2,Canada","101 COLONEL BY DRIVE,OTTAWA,Ontario,K1A0K2,Canada / 101 COLONEL BY DRIVE,OTTAWA,Ontario,K1A0K2,Canada","","","","","","","","","","","","","","","",""
"HFI PYROTECHNICS INC (W8486-21XA32/001/BK~000)","HFI PYROTECHNICS INC (W8486-21XA32/001/BK~000)","W8486-21XA32/001/BK","000","W8486-21XA32","","W8486-21XA32/001/BK","3","2023-07-24","2023-07-13","","","2027-05-31","0.00","0.00","CAD","","","","","","","*C219BE","*Engineering and Technical Services - Ammunition Related","*Services techniques - relatifs aux munitions","","","","*SRV","","","Non-competitive","Non concurrentielle","Government Objectives Representing Best Interests/Value to Govt","Objectifs gouvern.  représentant  les meilleurs intérets/valeur pour l'État","","","*Canadian Free Trade Agreement (CFTA)","*Accord de libre-échange canadien (ALEC)","","","HFI Pyrotechnics Inc.","HFI Pyrotechnics Inc.","HFI PYROTECHNICS INC","HFI PYROTECHNICS INC","HFI Pyrotechnics Inc.","HFI Pyrotechnics Inc.","100 to 199 employees","100 à 199 employés","3322 Hands Road<br>RR #4","3322 Hands Road<br>RR #4","Prescott","Prescott","Ontario","Ontario","K0E1T0","Canada","Canada","Public Works and Government Services Canada","Travaux publics et Services gouvernementaux Canada","","","","","","","","","","Department of National Defence","Ministère de la défense nationale","NDHQ DGLEPM","N/D","101 COLONEL BY DR.,OTTAWA,Ontario,K1A0K2,Canada","101 COLONEL BY DR.,OTTAWA,Ontario,K1A0K2,Canada","","","","","","","","","","","","","","","",""
"ACCENTURE (21120-227032/001/ZM~000)","ACCENTURE (21120-227032/001/ZM~000)","21120-227032/001/ZM","000","21120-227032","","21120-227032/001/ZM","7","2024-07-27","2023-10-20","","","2026-10-19","72255723.00","72255723.06","CAD","","","","","","","*D302A","*Informatics Professional Services","*Services professionnels, informatique","","","","*SRV","","","Competitive - Open bidding","Concurrentielle - Invitation ouverte à soumissionner","Highest Combined Rating of Technical Merit and Price","Cote combinée la plus élevée pour le mérite technique et le prix","","","*Canada-European Union Comprehensive Economic and Trade Agreement (CETA)
*Canada-Peru Free Trade Agreement (CPFTA)
*Comprehensive and Progressive Agreement for Trans-Pacific Partnership (CPTPP)
*Canada-Colombia Free Trade Agreement
*Canada-UK Trade Continuity Agreement (Canada-UK TCA)
* Other trade agreements not listed here may apply
*World Trade Organization Agreement on Government Procurement (WTO GPA)
*Canada-Panama Free Trade Agreement","*Accord économique et commercial global (AECG) entre le Canada et l’Union européenne (UE)
*Accord de libre-échange Canada-Pérou (ALECP)
*Accord de Partenariat transpacifique global et progressiste (PTPGP)
*Accord de libre-échange Canada-Colombie
*Accord de continuité commerciale Canada–Royaume-Uni (ACC Canada-Royaume-Uni)
*d'autres accords commerciaux non répertoriés ici peuvent s'appliquer
*Accord sur les marchés publics de l'Organisation mondiale du commerce (AMP-OMC)
*Accord de libre-échange Canada-Panama","","","Accenture Inc","Accenture Inc","ACCENTURE","ACCENTURE","Accenture","Accenture","500 to 999 employees","500  à  999 employés","45 O'Connor Street<br>Suite 1100","45 O'Connor Street<br>Suite 1100","Ottawa","Ottawa","Ontario","Ontario","K1P1A4","Canada","Canada","Public Works and Government Services Canada","Travaux publics et Services gouvernementaux Canada","","","","","","","","","","Correctional Service of Canada","Service correctionnel du Canada","CONTRACTING&MATERIEL SERVS","N/D","340 LAURIER AVE W.,OTTAWA,Ontario,K1A0P9,Canada","340 LAURIER AVE W.,OTTAWA,Ontario,K1A0P9,Canada","","","","","","","","","","","","","","","",""
"TEKSYSTEMS (45045-200073/001/ZM~000)","TEKSYSTEMS (45045-200073/001/ZM~000)","45045-200073/001/ZM","000","45045-200073","","45045-200073/001/ZM","1","2024-07-27","2023-05-30","","","2025-05-29","3727339.00","3727339.00","CAD","","","","","","","*D302A","*Informatics Professional Services","*Services professionnels, informatique","","","","*SRV","","","Competitive - Open bidding","Concurrentielle - Invitation ouverte à soumissionner","Highest Combined Rating of Technical Merit and Price","Cote combinée la plus élevée pour le mérite technique et le prix","","","*Comprehensive and Progressive Agreement for Trans-Pacific Partnership (CPTPP)
*Canada-Colombia Free Trade Agreement
*Canada-European Union Comprehensive Economic and Trade Agreement (CETA)
*Canada-UK Trade Continuity Agreement (Canada-UK TCA)
*Canada-Peru Free Trade Agreement (CPFTA)
*World Trade Organization Agreement on Government Procurement (WTO GPA)
*Canada-Chile Free Trade Agreement (CCFTA)
* Other trade agreements not listed here may apply
*Canada-Panama Free Trade Agreement","*Accord de Partenariat transpacifique global et progressiste (PTPGP)
*Accord de libre-échange Canada-Colombie
*Accord économique et commercial global (AECG) entre le Canada et l’Union européenne (UE)
*Accord de continuité commerciale Canada–Royaume-Uni (ACC Canada-Royaume-Uni)
*Accord de libre-échange Canada-Pérou (ALECP)
*Accord sur les marchés publics de l'Organisation mondiale du commerce (AMP-OMC)
*Accord de libre-échange Canada-Chili (ALECC)
*d'autres accords commerciaux non répertoriés ici peuvent s'appliquer
*Accord de libre-échange Canada-Panama","","","TEKSYSTEMS CANADA CORP./SOCIÉTÉ TEKSYSTEMS CANADA","TEKSYSTEMS CANADA CORP./SOCIÉTÉ TEKSYSTEMS CANADA","TEKSYSTEMS","TEKSYSTEMS","TEKsystems","TEKsystems","2500 to 4999 employees","2500 à 4999 employés","123 Slater Street,<br>Suite 1000","123 Slater Street,<br>Suite 1000","Ottawa","Ottawa","Ontario","Ontario","K1P5H2","Canada","Canada","Public Works and Government Services Canada","Travaux publics et Services gouvernementaux Canada","","","","","","","","","","Statistics Canada","Statistique Canada","MATL&CONTRACTS SERVS","N/D","MAIN BLDG RM 1405<br>150 TUNNEYS PASTURE,OTTAWA,Ontario,K1A0T6,Canada","MAIN BLDG RM 1405<br>150 TUNNEYS PASTURE,OTTAWA,Ontario,K1A0T6,Canada","","","","","","","","","","","","","","","",""
"S I SYSTEMS LTD (45045-200073/002/ZM~000)","S I SYSTEMS LTD (45045-200073/002/ZM~000)","45045-200073/002/ZM","000","45045-200073","","45045-200073/002/ZM","1","2024-07-27","2023-05-30","","","2025-05-29","3681405.00","3681405.00","CAD","","","","","","","*D302A","*Informatics Professional Services","*Services professionnels, informatique","","","","*SRV","","","Competitive - Open bidding","Concurrentielle - Invitation ouverte à soumissionner","Highest Combined Rating of Technical Merit and Price","Cote combinée la plus élevée pour le mérite technique et le prix","","","*Canada-Peru Free Trade Agreement (CPFTA)
*Canada-Chile Free Trade Agreement (CCFTA)
*Canada-UK Trade Continuity Agreement (Canada-UK TCA)
*Canada-European Union Comprehensive Economic and Trade Agreement (CETA)
* Other trade agreements not listed here may apply
*Comprehensive and Progressive Agreement for Trans-Pacific Partnership (CPTPP)
*Canada-Colombia Free Trade Agreement
*Canada-Panama Free Trade Agreement
*World Trade Organization Agreement on Government Procurement (WTO GPA)","*Accord de libre-échange Canada-Pérou (ALECP)
*Accord de libre-échange Canada-Chili (ALECC)
*Accord de continuité commerciale Canada–Royaume-Uni (ACC Canada-Royaume-Uni)
*Accord économique et commercial global (AECG) entre le Canada et l’Union européenne (UE)
*d'autres accords commerciaux non répertoriés ici peuvent s'appliquer
*Accord de Partenariat transpacifique global et progressiste (PTPGP)
*Accord de libre-échange Canada-Colombie
*Accord de libre-échange Canada-Panama
*Accord sur les marchés publics de l'Organisation mondiale du commerce (AMP-OMC)","","","S.I. SYSTEMS ULC","S.I. SYSTEMS ULC","S I SYSTEMS LTD","S I SYSTEMS LTD","S.I. SYSTEMS","S.I. SYSTEMS","200 to 499 employees","200 à 499 employés","112 Kent Street<br>Suite 2200","112 Kent Street<br>Suite 2200","Ottawa","Ottawa","Ontario","Ontario","K1P5P2","Canada","Canada","Public Works and Government Services Canada","Travaux publics et Services gouvernementaux Canada","","","","","","","","","","Statistics Canada","Statistique Canada","MATL&CONTRACTS SERVS","N/D","MAIN BLDG RM 1405<br>150 TUNNEYS PASTURE,OTTAWA,Ontario,K1A0T6,Canada","MAIN BLDG RM 1405<br>150 TUNNEYS PASTURE,OTTAWA,Ontario,K1A0T6,Canada","","","","","","","","","","","","","","","",""
"COLT CANADA (21120-241267/001/BM~000)","COLT CANADA (21120-241267/001/BM~000)","21120-241267/001/BM","000","21120-241267","","21120-241267/001/BM","1","2024-01-31","2023-11-28","","","2024-03-31","145244.00","145244.00","CAD","","","","","","","*N1005","*Guns, through 30 mm, unless installed in a vehicle, aircraft, ship","*Canons, jusqu'à 30 mm","","","","*GD","","","Non-competitive","Non concurrentielle","Government Objectives Representing Best Interests/Value to Govt","Objectifs gouvern.  représentant  les meilleurs intérets/valeur pour l'État","","","*Canadian Free Trade Agreement (CFTA)","*Accord de libre-échange canadien (ALEC)","","","COLT CANADA CORPORATION","COLT CANADA CORPORATION","COLT CANADA","COLT CANADA","Colt Canada","Colt Canada","100 to 199 employees","100 à 199 employés","1036 Wilson Avenue","1036 Wilson Avenue","Kitchener","Kitchener","Ontario","Ontario","N2C1J3","Canada","Canada","Public Works and Government Services Canada","Travaux publics et Services gouvernementaux Canada","","","","","","","","","","Correctional Service of Canada / Correctional Service of Canada","Service correctionnel du Canada / Service correctionnel du Canada","CONTRACTING&MATERIEL SERVS / CONTRACTING&MATERIEL SERVS","N/D / N/D","340 LAURIER AVE W.,OTTAWA,Ontario,K1A0P9,Canada / 340 LAURIER AVE W.,OTTAWA,Ontario,K1A0P9,Canada","340 LAURIER AVE W.,OTTAWA,Ontario,K1A0P9,Canada / 340 LAURIER AVE W.,OTTAWA,Ontario,K1A0P9,Canada","","","","","","","","","","","","","","","",""
"COLT CANADA (W8476-236601/001/BM~000)","COLT CANADA (W8476-236601/001/BM~000)","W8476-236601/001/BM","000","W8476-236601","","W8476-236601/001/BM","1","2023-08-23","2023-07-21","","","2023-11-30","80833.00","80833.00","CAD","","","","","","","*N1005","*Guns, through 30 mm, unless installed in a vehicle, aircraft, ship","*Canons, jusqu'à 30 mm","","","","*GD","","","Non-competitive","Non concurrentielle","","","Exclusive Rights","Droits exclusifs","*Canadian Free Trade Agreement (CFTA)","*Accord de libre-échange canadien (ALEC)","","","COLT CANADA CORPORATION","COLT CANADA CORPORATION","COLT CANADA","COLT CANADA","Colt Canada","Colt Canada","100 to 199 employees","100 à 199 employés","1036 Wilson Avenue","1036 Wilson Avenue","Kitchener","Kitchener","Ontario","Ontario","N2C1J3","Canada","Canada","Public Works and Government Services Canada","Travaux publics et Services gouvernementaux Canada","","","","","","","","","","Department of National Defence","Ministère de la défense nationale","DGLEPM CAPITAL","N/D","101 COLONEL BY DR.,OTTAWA,Ontario,K1A0K2,Canada","101 COLONEL BY DR.,OTTAWA,Ontario,K1A0K2,Canada","","","","","","","","","","","","","","","",""
"COLT CANADA (W8486-238930/001/BM~000)","COLT CANADA (W8486-238930/001/BM~000)","W8486-238930/001/BM","000","W8486-238930","","W8486-238930/001/BM","2","2023-10-25","2023-10-03","","","2024-12-31","1921000.00","2938000.00","CAD","","","","","","","*N1005","*Guns, through 30 mm, unless installed in a vehicle, aircraft, ship","*Canons, jusqu'à 30 mm","","","","*GD","","","Non-competitive","Non concurrentielle","Government Objectives Representing Best Interests/Value to Govt","Objectifs gouvern.  représentant  les meilleurs intérets/valeur pour l'État","","","*Canadian Free Trade Agreement (CFTA)","*Accord de libre-échange canadien (ALEC)","","","COLT CANADA CORPORATION","COLT CANADA CORPORATION","COLT CANADA","COLT CANADA","Colt Canada","Colt Canada","100 to 199 employees","100 à 199 employés","1036 Wilson Avenue","1036 Wilson Avenue","Kitchener","Kitchener","Ontario","Ontario","N2C1J3","Canada","Canada","Public Works and Government Services Canada","Travaux publics et Services gouvernementaux Canada","","","","","","","","","","Department of National Defence","Ministère de la défense nationale","NDHQ DGLEPM","N/D","101 COLONEL BY DR.,OTTAWA,Ontario,K1A0K2,Canada","101 COLONEL BY DR.,OTTAWA,Ontario,K1A0K2,Canada","","","","","","","","","","","","","","","",""
"COLT CANADA (W8486-239020/001/BM~000)","COLT CANADA (W8486-239020/001/BM~000)","W8486-239020/001/BM","000","W8486-239020","","W8486-239020/001/BM","1","2023-09-22","2023-08-31","","","2023-12-31","173670.00","173670.00","CAD","","","","","","","*N1005","*Guns, through 30 mm, unless installed in a vehicle, aircraft, ship","*Canons, jusqu'à 30 mm","","","","*GD","","","Non-competitive","Non concurrentielle","Government Objectives Representing Best Interests/Value to Govt","Objectifs gouvern.  représentant  les meilleurs intérets/valeur pour l'État","","","*Canadian Free Trade Agreement (CFTA)","*Accord de libre-échange canadien (ALEC)","","","COLT CANADA CORPORATION","COLT CANADA CORPORATION","COLT CANADA","COLT CANADA","Colt Canada","Colt Canada","100 to 199 employees","100 à 199 employés","1036 Wilson Avenue","1036 Wilson Avenue","Kitchener","Kitchener","Ontario","Ontario","N2C1J3","Canada","Canada","Public Works and Government Services Canada","Travaux publics et Services gouvernementaux Canada","","","","","","","","","","Department of National Defence","Ministère de la défense nationale","NDHQ DGLEPM","N/D","101 COLONEL BY DR.,OTTAWA,Ontario,K1A0K2,Canada","101 COLONEL BY DR.,OTTAWA,Ontario,K1A0K2,Canada","","","","","","","","","","","","","","","",""
"COLT CANADA (W8486-249173/001/BM~000)","COLT CANADA (W8486-249173/001/BM~000)","W8486-249173/001/BM","000","W8486-249173","","W8486-249173/001/BM","1","2023-10-25","2023-09-21","","","2024-04-01","1230299.00","1230299.00","CAD","","","","","","","*N1005","*Guns, through 30 mm, unless installed in a vehicle, aircraft, ship","*Canons, jusqu'à 30 mm","","","","*GD","","","Non-competitive","Non concurrentielle","Government Objectives Representing Best Interests/Value to Govt","Objectifs gouvern.  représentant  les meilleurs intérets/valeur pour l'État","","","*Canadian Free Trade Agreement (CFTA)","*Accord de libre-échange canadien (ALEC)","","","COLT CANADA CORPORATION","COLT CANADA CORPORATION","COLT CANADA","COLT CANADA","Colt Canada","Colt Canada","100 to 199 employees","100 à 199 employés","1036 Wilson Avenue","1036 Wilson Avenue","Kitchener","Kitchener","Ontario","Ontario","N2C1J3","Canada","Canada","Public Works and Government Services Canada","Travaux publics et Services gouvernementaux Canada","","","","","","","","","","Department of National Defence","Ministère de la défense nationale","NDHQ DGLEPM","N/D","101 COLONEL BY DR.,OTTAWA,Ontario,K1A0K2,Canada","101 COLONEL BY DR.,OTTAWA,Ontario,K1A0K2,Canada","","","","","","","","","","","","","","","",""
"COLT CANADA (W8486-249281/001/BM~000)","COLT CANADA (W8486-249281/001/BM~000)","W8486-249281/001/BM","000","W8486-249281","","W8486-249281/001/BM","2","2024-01-31","2023-11-17","","","2024-03-31","115374.00","115374.00","CAD","","","","","","","*N1005","*Guns, through 30 mm, unless installed in a vehicle, aircraft, ship","*Canons, jusqu'à 30 mm","","","","*GD","","","Non-competitive","Non concurrentielle","Government Objectives Representing Best Interests/Value to Govt","Objectifs gouvern.  représentant  les meilleurs intérets/valeur pour l'État","","","*Canadian Free Trade Agreement (CFTA)","*Accord de libre-échange canadien (ALEC)","","","COLT CANADA CORPORATION","COLT CANADA CORPORATION","COLT CANADA","COLT CANADA","Colt Canada","Colt Canada","100 to 199 employees","100 à 199 employés","1036 Wilson Avenue","1036 Wilson Avenue","Kitchener","Kitchener","Ontario","Ontario","N2C1J3","Canada","Canada","Public Works and Government Services Canada","Travaux publics et Services gouvernementaux Canada","","","","","","","","","","Department of National Defence / Department of National Defence","Ministère de la défense nationale / Ministère de la défense nationale","NDHQ DGLEPM / NDHQ DGLEPM","N/D / N/D","101 COLONEL BY DR.,OTTAWA,Ontario,K1A0K2,Canada / 101 COLONEL BY DR.,OTTAWA,Ontario,K1A0K2,Canada","101 COLONEL BY DR.,OTTAWA,Ontario,K1A0K2,Canada / 101 COLONEL BY DR.,OTTAWA,Ontario,K1A0K2,Canada","","","","","","","","","","","","","","","",""
"DISTRIBUTION ELITE CANADA INC (21120-247378/001/BM~000)","DISTRIBUTION ELITE CANADA INC (21120-247378/001/BM~000)","21120-247378/001/BM","000","21120-247378","","21120-247378/001/BM","1","2024-01-31","2024-01-11","","","2024-12-31","84128.00","84128.00","CAD","","","","","","","*N1005A","*Small Arms and Accessories (Law Enforcement)","*Armes portatives et accessoires,mise en vigueur de la loi","","","","*GD","","","Non-competitive","Non concurrentielle","","","Exclusive Rights","Droits exclusifs","*Canadian Free Trade Agreement (CFTA)","*Accord de libre-échange canadien (ALEC)","","","DISTRIBUTION ÉLITE CANADA INC.","DISTRIBUTION ÉLITE CANADA INC.","DISTRIBUTION ELITE CANADA INC","DISTRIBUTION ELITE CANADA INC","DISTRIBUTION ÉLITE CANADA INC.","DISTRIBUTION ÉLITE CANADA INC.","1 to 4 employees","1 à 4 employés","74 rue Goodfellow, #110","74 rue Goodfellow, #110","Delson","Delson","Quebec","Quebec","J5B1V4","Canada","Canada","Public Works and Government Services Canada","Travaux publics et Services gouvernementaux Canada","","","","","","","","","","Correctional Service of Canada / Correctional Service of Canada","Service correctionnel du Canada / Service correctionnel du Canada","CONTRACTING&MATERIEL SERVS / CONTRACTING&MATERIEL SERVS","N/D / N/D","340 LAURIER AVE W.,OTTAWA,Ontario,K1A0P9,Canada / 340 LAURIER AVE W.,OTTAWA,Ontario,K1A0P9,Canada","340 LAURIER AVE W.,OTTAWA,Ontario,K1A0P9,Canada / 340 LAURIER AVE W.,OTTAWA,Ontario,K1A0P9,Canada","","","","","","","","","","","","","","","",""
"COLT CANADA (87055-221076/001/BM~000)","COLT CANADA (87055-221076/001/BM~000)","87055-221076/001/BM","000","87055-221076","","87055-221076/001/BM","1","2024-07-27","2023-12-20","","","2024-05-16","111395.00","111395.00","CAD","","","","","","","*N1005A","*Small Arms and Accessories (Law Enforcement)","*Armes portatives et accessoires,mise en vigueur de la loi","","","","*GD","","","Competitive - Open bidding","Concurrentielle - Invitation ouverte à soumissionner","Lowest Price","Prix le plus bas","","","*Canada-Chile Free Trade Agreement (CCFTA)
*Comprehensive and Progressive Agreement for Trans-Pacific Partnership (CPTPP)","*Accord de libre-échange Canada-Chili (ALECC)
*Accord de Partenariat transpacifique global et progressiste (PTPGP)","","","COLT CANADA CORPORATION","COLT CANADA CORPORATION","COLT CANADA","COLT CANADA","Colt Canada","Colt Canada","100 to 199 employees","100 à 199 employés","1036 Wilson Avenue","1036 Wilson Avenue","Kitchener","Kitchener","Ontario","Ontario","N2C1J3","Canada","Canada","Public Works and Government Services Canada","Travaux publics et Services gouvernementaux Canada","","","","","","","","","","Canadian Nuclear Safety Commission","Commission canadienne de sûreté nucléaire","MAILROOM","N/D","2ND FLR.<br>280 SLATER ST STN B PO BX 1046,OTTAWA,Ontario,K1P5S9,Canada","2ND FLR.<br>280 SLATER ST STN B PO BX 1046,OTTAWA,Ontario,K1P5S9,Canada","","","","","","","","","","","","","","","",""
"NEXTER SYSTEMS (W8486-238782/001/BM~000)","NEXTER SYSTEMS (W8486-238782/001/BM~000)","W8486-238782/001/BM","000","W8486-238782","","W8486-238782/001/BM","2","2024-07-27","2023-09-26","","","2025-09-26","629487.00","629487.00","CAD","","","","","","","*N1015","*Guns, 75 mm through 125 mm, unless installed in a vehicle, aircraft, ship","*Canons, de 75 mm jusqu'à 125 mm","","","","*GD","","","Non-competitive","Non concurrentielle","","","Exclusive Rights","Droits exclusifs","*Comprehensive and Progressive Agreement for Trans-Pacific Partnership (CPTPP)
*World Trade Organization Agreement on Government Procurement (WTO GPA)","*Accord de Partenariat transpacifique global et progressiste (PTPGP)
*Accord sur les marchés publics de l'Organisation mondiale du commerce (AMP-OMC)","","","NEXTER SYSTEMS","NEXTER SYSTEMS","NEXTER SYSTEMS","NEXTER SYSTEMS","NEXTER SYSTEMS","NEXTER SYSTEMS","2500 to 4999 employees","2500 à 4999 employés","13 route de la minière","13 route de la minière","versailles","versailles","","","78034","France","France","Public Works and Government Services Canada","Travaux publics et Services gouvernementaux Canada","","","","","","","","","","Department of National Defence","Ministère de la défense nationale","NDHQ DGLEPM","N/D","101 COLONEL BY DR.,OTTAWA,Ontario,K1A0K2,Canada","101 COLONEL BY DR.,OTTAWA,Ontario,K1A0K2,Canada","","","","","","","","","","","","","","","",""
"COLT CANADA (W8486-239016/001/BM~000)","COLT CANADA (W8486-239016/001/BM~000)","W8486-239016/001/BM","000","W8486-239016","","W8486-239016/001/BM","2","2023-09-22","2023-08-28","","","2024-12-31","187088.00","187088.00","CAD","","","","","","","*N1005","*Guns, through 30 mm, unless installed in a vehicle, aircraft, ship","*Canons, jusqu'à 30 mm","","","","*GD","","","Non-competitive","Non concurrentielle","Government Objectives Representing Best Interests/Value to Govt","Objectifs gouvern.  représentant  les meilleurs intérets/valeur pour l'État","","","*Canadian Free Trade Agreement (CFTA)","*Accord de libre-échange canadien (ALEC)","","","COLT CANADA CORPORATION","COLT CANADA CORPORATION","COLT CANADA","COLT CANADA","Colt Canada","Colt Canada","100 to 199 employees","100 à 199 employés","1036 Wilson Avenue","1036 Wilson Avenue","Kitchener","Kitchener","Ontario","Ontario","N2C1J3","Canada","Canada","Public Works and Government Services Canada","Travaux publics et Services gouvernementaux Canada","","","","","","","","","","Department of National Defence","Ministère de la défense nationale","NDHQ DGLEPM","N/D","101 COLONEL BY DR.,OTTAWA,Ontario,K1A0K2,Canada","101 COLONEL BY DR.,OTTAWA,Ontario,K1A0K2,Canada","","","","","","","","","","","","","","","",""
"NYE FANAFJORD AS (T8010-230079/001/MB~000)","NYE FANAFJORD AS (T8010-230079/001/MB~000)","T8010-230079/001/MB","000","T8010-230079","","T8010-230079/001/MB","7","2024-01-31","2023-11-10","","","2024-11-10","38559390.00","42731452.00","CAD","","","","","","","*N1910","*Transport Vessels, Passenger and Troop","*Navires de transport pour passagers et troupe","","","","*GD","","","Advance contract award notice","Préavis d'attribution du contrat","Lowest Price","Prix le plus bas","","","","","","","Nye Fanafjord AS","Nye Fanafjord AS","NYE FANAFJORD AS","NYE FANAFJORD AS","Nye Fanafjord AS","Nye Fanafjord AS","UNKNOWN","INCONNU","Strandavegen 15<br>Post boks 356 6905 Florø,","Strandavegen 15<br>Post boks 356 6905 Florø,","Florø","Florø","","","6905","Norway","Norway","Public Works and Government Services Canada","Travaux publics et Services gouvernementaux Canada","","","","","","","","","","Transport Canada / Transport Canada","Transports Canada / Transports Canada","AIR & MARINE PROGRAMS (AHP) / AIR & MARINE PROGRAMS (AHP)","N/D / N/D","330 SPARKS ST., 19TH FLOOR<br>PLACE DE VILLE, TOWER C,OTTAWA,Ontario,K1A0N5,Canada / 330 SPARKS ST., 19TH FLOOR<br>PLACE DE VILLE, TOWER C,OTTAWA,Ontario,K1A0N5,Canada","330 SPARKS ST., 19TH FLOOR<br>PLACE DE VILLE, TOWER C,OTTAWA,Ontario,K1A0N5,Canada / 330 SPARKS ST., 19TH FLOOR<br>PLACE DE VILLE, TOWER C,OTTAWA,Ontario,K1A0N5,Canada","","","","","","","","","","","","","","","",""
"SEA ESCAPE MARINECOM (M4500-233974/001/MC~000)","SEA ESCAPE MARINECOM (M4500-233974/001/MC~000)","M4500-233974/001/MC","000","M4500-233974","","M4500-233974/001/MC","5","2023-10-25","2023-10-10","","","2025-03-31","125845.00","129997.00","CAD","","","","","","","*N1940","*Small Craft","*Embarcations légères","","","","*GD","","","Competitive - Open bidding","Concurrentielle - Invitation ouverte à soumissionner","Lowest Price","Prix le plus bas","","","*Canadian Free Trade Agreement (CFTA)","*Accord de libre-échange canadien (ALEC)","","","Grand international import export inc.","Grand international import export inc.","SEA ESCAPE MARINECOM","SEA ESCAPE MARINECOM","Sea Escape Marine.com","Sea Escape Marine.com","5 to 9 employees","5 à 9 employés","110 rue de la Cime","110 rue de la Cime","Saint-Colomban","Saint-Colomban","Quebec","Quebec","J5K1L1","Canada","Canada","Public Works and Government Services Canada","Travaux publics et Services gouvernementaux Canada","","","","","","","","","","Royal Canadian Mounted Police","Gendarmerie royale du Canada","CO J DIV.ATTN FSS","N/D","1445 REGENT ST<br>BOX 3900,FREDERICTON,New Brunswick,E3B4Z8,Canada","1445 REGENT ST<br>BOX 3900,FREDERICTON,New Brunswick,E3B4Z8,Canada","","","","","","","","","","","","","","","",""
"NAUTIC & ART (23239-240287/001/MC~000)","NAUTIC & ART (23239-240287/001/MC~000)","23239-240287/001/MC","000","23239-240287","","23239-240287/001/MC","3","2024-01-31","2023-12-04","","","2029-07-31","93395.00","124617.00","CAD","","","","","","","*N1940DA","*Boats - Inflatable - Rigid Hull","*Bateaux pneumatiques, coque rigide","","","","*GD","","","Competitive - Traditional","Concurrentielle - Traditionnelle","Lowest Price","Prix le plus bas","","","*Canadian Free Trade Agreement (CFTA)","*Accord de libre-échange canadien (ALEC)","","","Nautic & Art","Nautic & Art","NAUTIC & ART","NAUTIC & ART","Nautic & Art","Nautic & Art","5 to 9 employees","5 à 9 employés","300 Parc Industriel","300 Parc Industriel","Windsor","Windsor","Quebec","Quebec","J1S2T2","Canada","Canada","Public Works and Government Services Canada","Travaux publics et Services gouvernementaux Canada","","","","","","","","","","Natural Resources Canada / Natural Resources Canada","Ressources naturelles Canada / Ressources naturelles Canada","POLAR CONT.SHELF PROJECT / POLAR CONT.SHELF PROJECT","N/D / N/D","2464 SHEFFIELD ROAD,OTTAWA,Ontario,K1B4E5,Canada / 2464 SHEFFIELD ROAD,OTTAWA,Ontario,K1B4E5,Canada","2464 SHEFFIELD ROAD,OTTAWA,Ontario,K1B4E5,Canada / 2464 SHEFFIELD ROAD,OTTAWA,Ontario,K1B4E5,Canada","","","","","","","","","","","","","","","",""
"TITAN BOATS LTD (FP197-240002/001/XLV~000)","TITAN BOATS LTD (FP197-240002/001/XLV~000)","FP197-240002/001/XLV","000","FP197-240002","","FP197-240002/001/XLV","2","2023-09-22","2023-08-31","","","2025-09-25","732438.00","732437.82","CAD","","","","","","","*N1940DA","*Boats - Inflatable - Rigid Hull","*Bateaux pneumatiques, coque rigide","","","","*GD","","","Competitive - Traditional","Concurrentielle - Traditionnelle","Lowest Price","Prix le plus bas","","","","","","","TITAN BOATS LTD.","TITAN BOATS LTD.","TITAN BOATS LTD","TITAN BOATS LTD","TITAN BOATS LTD.","TITAN BOATS LTD.","20 to 49 employees","20 à 49 employés","2035 Beacon Ave. West","2035 Beacon Ave. West","Sidney","Sidney","British Columbia","British Columbia","V8L5W5","Canada","Canada","Public Works and Government Services Canada","Travaux publics et Services gouvernementaux Canada","","","","","","","","","","Fisheries and Oceans Canada","Pêches et Océans Canada","","N/D","SAINT JOHN FISH CULTURE STN<br>1700 LOCH LOMOND RD,SAINT JOHN,New Brunswick,E2J2A3,Canada","SAINT JOHN FISH CULTURE STN<br>1700 LOCH LOMOND RD,SAINT JOHN,New Brunswick,E2J2A3,Canada","","","","","","","","","","","","","","","",""
"TITAN BOATS LTD (T1926-220011/001/XLV~000)","TITAN BOATS LTD (T1926-220011/001/XLV~000)","T1926-220011/001/XLV","000","T1926-220011","","T1926-220011/001/XLV","2","2023-05-25","2023-05-04","","","2025-05-22","360787.00","382285.00","CAD","","","","","","","*N1940DA","*Boats - Inflatable - Rigid Hull","*Bateaux pneumatiques, coque rigide","","","","*GD","","","Competitive - Open bidding","Concurrentielle - Invitation ouverte à soumissionner","Lowest Price","Prix le plus bas","","","","","","","TITAN BOATS LTD.","TITAN BOATS LTD.","TITAN BOATS LTD","TITAN BOATS LTD","TITAN BOATS LTD.","TITAN BOATS LTD.","20 to 49 employees","20 à 49 employés","2035 Beacon Ave. West","2035 Beacon Ave. West","Sidney","Sidney","British Columbia","British Columbia","V8L5W5","Canada","Canada","Public Works and Government Services Canada","Travaux publics et Services gouvernementaux Canada","","","","","","","","","","Transport Canada","Transports Canada","NAVIGATION PROTECTION PROGRAM","PROG PROTECTION NAVIGATION","SUITE 600<br>800 BURRARD STREET,VANCOUVER,British Columbia,V6Z2J8,Canada","SUITE 600<br>800 BURRARD STREET,VANCOUVER,British Columbia,V6Z2J8,Canada","","","","","","","","","","","","","","","",""
"ABCO INDUSTRIES LTD (5P423-220184/001/XLV~000)","ABCO INDUSTRIES LTD (5P423-220184/001/XLV~000)","5P423-220184/001/XLV","000","5P423-220184","","5P423-220184/001/XLV","5","2023-05-25","2023-05-08","","","2025-02-24","208154.00","208154.10","CAD","","","","","","","*N1940G","*Boats, Small, Aluminum","*Bateaux légers, aluminium","","","","*GD","","","Competitive - Open bidding","Concurrentielle - Invitation ouverte à soumissionner","Lowest Price","Prix le plus bas","","","","","","","ABCO Industries Limited","ABCO Industries Limited","ABCO INDUSTRIES LTD","ABCO INDUSTRIES LTD","ABCO Industries Limited","ABCO Industries Limited","10 to 19 employees","10 à 19 employés","P O Box 1120","P O Box 1120","Lunenburg","Lunenburg","Nova Scotia","Nova Scotia","B0J2C0","Canada","Canada","Public Works and Government Services Canada","Travaux publics et Services gouvernementaux Canada","","","","","","","","","","Parks Canada","Parcs Canada","JASPER NATL PARK","N/D","P.O.BOX 10,JASPER,Alberta,T0E1E0,Canada","P.O.BOX 10,JASPER,Alberta,T0E1E0,Canada","","","","","","","","","","","","","","","",""
"LG BUILDING GROUP INC (EP754-231666/001/PPS~000)","LG BUILDING GROUP INC (EP754-231666/001/PPS~000)","EP754-231666/001/PPS","000","EP754-231666","","EP754-231666/001/PPS","4","2023-08-23","2023-04-20","","","2023-10-31","11137.00","49359.53","CAD","","","","","","","*C119F","*Engineering Services - Buildings","*Services d'ingénierie - bâtiments","","","","*SRV","","","Competitive - Open bidding","Concurrentielle - Invitation ouverte à soumissionner","Lowest Price","Prix le plus bas","","","*None","*Aucun","","","LG BUILDING GROUP INC.","LG BUILDING GROUP INC.","LG BUILDING GROUP INC","LG BUILDING GROUP INC","LG BUILDING GROUP INC.","LG BUILDING GROUP INC.","10 to 19 employees","10 à 19 employés","55 Aylmer<br>Unit 1","55 Aylmer<br>Unit 1","Ottawa","Ottawa","Ontario","Ontario","K1S2X2","Canada","Canada","Public Works and Government Services Canada","Travaux publics et Services gouvernementaux Canada","","","","","","","","","","Public Works and Government Services Canada","Travaux publics et Services gouvernementaux Canada","OPERATIONS","OPERATIONS","CBUS<br>111 WELLINGTON ST,OTTAWA,Ontario,K1A0A9,Canada","CBUS<br>111 WELLINGTON ST,OTTAWA,Ontario,K1A0A9,Canada","","","","","","","","","","","","","","","",""
"SAMSON ENTERPRISES LTD (F7044-220119/001/MC~000)","SAMSON ENTERPRISES LTD (F7044-220119/001/MC~000)","F7044-220119/001/MC","000","F7044-220119","","F7044-220119/001/MC","4","2024-03-05","2024-02-16","","","2026-03-31","2329219.00","2338420.34","CAD","","","","","","","*N1940G","*Boats, Small, Aluminum","*Bateaux légers, aluminium","","","","*GD","","","Competitive - Open bidding","Concurrentielle - Invitation ouverte à soumissionner","Lowest Price","Prix le plus bas","","","*Canadian Free Trade Agreement (CFTA)","*Accord de libre-échange canadien (ALEC)","","","LES ENTREPRISES SAMSON ENTERPRISES LTEE.","LES ENTREPRISES SAMSON ENTERPRISES LTEE.","SAMSON ENTERPRISES LTD","SAMSON ENTERPRISES LTD","SAMSON ENTERPRISES LTD","SAMSON ENTERPRISES LTD","20 to 49 employees","20 à 49 employés","BOX 72","BOX 72","ARICHAT","ARICHAT","Nova Scotia","Nova Scotia","B0E1A0","Canada","Canada","Public Works and Government Services Canada","Travaux publics et Services gouvernementaux Canada","","","","","","","","","","Fisheries and Oceans Canada","Pêches et Océans Canada","D/PROJ.MGR STIMULUS PACKAGE","GEST.A.PRGM PLAN ACTION ECON.","INTEGRATED TECHNICAL SERVICES<br>200 KENT ST STN. 7W060,OTTAWA,Ontario,K1A0E6,Canada","INTEGRATED TECHNICAL SERVICES<br>200 KENT ST STN. 7W060,OTTAWA,Ontario,K1A0E6,Canada","","","","","","","","","","","","","","","",""
"ABCO INDUSTRIES LTD (F7044-220255/001/MC~000)","ABCO INDUSTRIES LTD (F7044-220255/001/MC~000)","F7044-220255/001/MC","000","F7044-220255","","F7044-220255/001/MC","3","2023-09-22","2023-09-12","","","2025-09-11","1578574.00","1621811.27","CAD","","","","","","","*N1940G","*Boats, Small, Aluminum","*Bateaux légers, aluminium","","","","*GD","","","Competitive - Open bidding","Concurrentielle - Invitation ouverte à soumissionner","Lowest Price","Prix le plus bas","","","*Canadian Free Trade Agreement (CFTA)","*Accord de libre-échange canadien (ALEC)","","","ABCO Industries Limited","ABCO Industries Limited","ABCO INDUSTRIES LTD","ABCO INDUSTRIES LTD","ABCO Industries Limited","ABCO Industries Limited","10 to 19 employees","10 à 19 employés","P O Box 1120","P O Box 1120","Lunenburg","Lunenburg","Nova Scotia","Nova Scotia","B0J2C0","Canada","Canada","Public Works and Government Services Canada","Travaux publics et Services gouvernementaux Canada","","","","","","","","","","Fisheries and Oceans Canada","Pêches et Océans Canada","D/PROJ.MGR STIMULUS PACKAGE","GEST.A.PRGM PLAN ACTION ECON.","INTEGRATED TECHNICAL SERVICES<br>200 KENT ST STN. 7W060,OTTAWA,Ontario,K1A0E6,Canada","INTEGRATED TECHNICAL SERVICES<br>200 KENT ST STN. 7W060,OTTAWA,Ontario,K1A0E6,Canada","","","","","","","","","","","","","","","",""
"TITAN BOATS LTD (F7044-220892/001/MC~000)","TITAN BOATS LTD (F7044-220892/001/MC~000)","F7044-220892/001/MC","000","F7044-220892","","F7044-220892/001/MC","6","2023-08-23","2023-07-26","","","2025-03-31","2952975.00","4044684.94","CAD","","","","","","","*N1940G","*Boats, Small, Aluminum","*Bateaux légers, aluminium","","","","*GD","","","Competitive - Open bidding","Concurrentielle - Invitation ouverte à soumissionner","Lowest Price","Prix le plus bas","","","*Canadian Free Trade Agreement (CFTA)","*Accord de libre-échange canadien (ALEC)","","","TITAN BOATS LTD.","TITAN BOATS LTD.","TITAN BOATS LTD","TITAN BOATS LTD","TITAN BOATS LTD.","TITAN BOATS LTD.","20 to 49 employees","20 à 49 employés","2035 Beacon Ave. West","2035 Beacon Ave. West","Sidney","Sidney","British Columbia","British Columbia","V8L5W5","Canada","Canada","Public Works and Government Services Canada","Travaux publics et Services gouvernementaux Canada","","","","","","","","","","Fisheries and Oceans Canada","Pêches et Océans Canada","D/PROJ.MGR STIMULUS PACKAGE","GEST.A.PRGM PLAN ACTION ECON.","INTEGRATED TECHNICAL SERVICES<br>200 KENT ST STN. 7W060,OTTAWA,Ontario,K1A0E6,Canada","INTEGRATED TECHNICAL SERVICES<br>200 KENT ST STN. 7W060,OTTAWA,Ontario,K1A0E6,Canada","","","","","","","","","","","","","","","",""
"HIKE METAL PRODUCTS LTD (F7044-221218/001/MC~000)","HIKE METAL PRODUCTS LTD (F7044-221218/001/MC~000)","F7044-221218/001/MC","000","F7044-221218","","F7044-221218/001/MC","4","2023-09-22","2023-09-11","","","2026-03-31","4240822.00","5981162.58","CAD","","","","","","","*N1940G","*Boats, Small, Aluminum","*Bateaux légers, aluminium","","","","*GD","","","Competitive - Open bidding","Concurrentielle - Invitation ouverte à soumissionner","Lowest Price","Prix le plus bas","","","*Canadian Free Trade Agreement (CFTA)","*Accord de libre-échange canadien (ALEC)","","","Hike Metal Products Limited","Hike Metal Products Limited","HIKE METAL PRODUCTS LTD","HIKE METAL PRODUCTS LTD","Hike Metal Products Ltd.","Hike Metal Products Ltd.","20 to 49 employees","20 à 49 employés","P.O. BOX 698,","P.O. BOX 698,","Wheatley","Wheatley","Ontario","Ontario","N0P2P0","Canada","Canada","Public Works and Government Services Canada","Travaux publics et Services gouvernementaux Canada","","","","","","","","","","Fisheries and Oceans Canada","Pêches et Océans Canada","D/PROJ.MGR STIMULUS PACKAGE","GEST.A.PRGM PLAN ACTION ECON.","INTEGRATED TECHNICAL SERVICES<br>200 KENT ST STN. 7W060,OTTAWA,Ontario,K1A0E6,Canada","INTEGRATED TECHNICAL SERVICES<br>200 KENT ST STN. 7W060,OTTAWA,Ontario,K1A0E6,Canada","","","","","","","","","","","","","","","",""
"CHANTIER NAVAL FORILLON INC (F7013-220306/001/MC~000)","CHANTIER NAVAL FORILLON INC (F7013-220306/001/MC~000)","F7013-220306/001/MC","000","F7013-220306","","F7013-220306/001/MC","3","2024-01-31","2023-10-18","","","2026-11-01","63804256.00","63758266.00","CAD","","","","","","","*N1990","*Vessels, Miscellaneous","*Bateaux divers","","","","*GD","","","Competitive - Open bidding","Concurrentielle - Invitation ouverte à soumissionner","Lowest Price","Prix le plus bas","","","","","","","CHANTIER NAVAL FORILLON INC","CHANTIER NAVAL FORILLON INC","CHANTIER NAVAL FORILLON INC","CHANTIER NAVAL FORILLON INC","CHANTIER NAVAL FORILLON INC","CHANTIER NAVAL FORILLON INC","20 to 49 employees","20 à 49 employés","6 rue du Chantier Maritime<br>C.P. 6023","6 rue du Chantier Maritime<br>C.P. 6023","Gaspé","Gaspé","Quebec","Quebec","G4X2R6","Canada","Canada","Public Works and Government Services Canada","Travaux publics et Services gouvernementaux Canada","","","","","","","","","","Fisheries and Oceans Canada / Fisheries and Oceans Canada","Pêches et Océans Canada / Pêches et Océans Canada","MAJOR CROWN PROJECTS DIR. / MAJOR CROWN PROJECTS DIR.","DIR GRANDS PROJETS D'ETAT / DIR GRANDS PROJETS D'ETAT","3RD FL.<br>200 ELGIN ST,OTTAWA,Ontario,K2P1L5,Canada / 3RD FL.<br>200 ELGIN ST,OTTAWA,Ontario,K2P1L5,Canada","3RD FL.<br>200 ELGIN ST,OTTAWA,Ontario,K2P1L5,Canada / 3RD FL.<br>200 ELGIN ST,OTTAWA,Ontario,K2P1L5,Canada","","","","","","","","","","","","","","","",""
"WAJAX LTD (F6855-230130/001/ML~000)","WAJAX LTD (F6855-230130/001/ML~000)","F6855-230130/001/ML","000","F6855-230130","","F6855-230130/001/ML","1","2024-04-29","2023-06-05","","","2024-05-31","116148.00","116148.00","CAD","","","","","","","*N2010F","*Shafts, Propeller (Marine)","*Arbres, hélice-marines","","","","*GD","","","Non-competitive","Non concurrentielle","","","Exclusive Rights","Droits exclusifs","*Canadian Free Trade Agreement (CFTA)","*Accord de libre-échange canadien (ALEC)","","","Wajax limited","Wajax limited","WAJAX LTD","WAJAX LTD","Wajax limited","Wajax limited","2500 to 4999 employees","2500 à 4999 employés","10 Diesel Drive","10 Diesel Drive","Toronto","Toronto","Ontario","Ontario","M8W2T8","Canada","Canada","Public Works and Government Services Canada","Travaux publics et Services gouvernementaux Canada","","","","","","","","","","Fisheries and Oceans Canada","Pêches et Océans Canada","CCG SUPVR ENGINEERING","N/D","C/O SUPPLY DEPOT<br>SOUTHSIDE RD PO BOX 5667,ST JOHNS,Newfoundland and Labrador,A1C5X1,Canada","C/O SUPPLY DEPOT<br>SOUTHSIDE RD PO BOX 5667,ST JOHNS,Newfoundland and Labrador,A1C5X1,Canada","","","","","","","","","","","","","","","",""
"L-3 COMMUNICATIONS MAPPS INC (W8482-178553/001/MC~000)","L-3 COMMUNICATIONS MAPPS INC (W8482-178553/001/MC~000)","W8482-178553/001/MC","000","W8482-178553","","W8482-178553/001/MC","3","2023-07-24","2023-06-23","","","2028-06-23","18952176.00","20033174.00","CAD","","","","","","","*N2030","*Deck Machinery","*Machinerie de pont","","","","*GD","","","Competitive - Open bidding","Concurrentielle - Invitation ouverte à soumissionner","Highest Combined Rating of Technical Merit and Price","Cote combinée la plus élevée pour le mérite technique et le prix","","","","","","","L3HARRIS MAPPS Inc.","L3HARRIS MAPPS Inc.","L-3 COMMUNICATIONS MAPPS INC","L-3 COMMUNICATIONS MAPPS INC","L3HARRIS MAPPS Inc.","L3HARRIS MAPPS Inc.","200 to 499 employees","200 à 499 employés","8565 Cote de Liesse","8565 Cote de Liesse","Montreal","Montreal","Quebec","Quebec","H4T1G5","Canada","Canada","Public Works and Government Services Canada","Travaux publics et Services gouvernementaux Canada","","","","","","","","","","Department of National Defence","Ministère de la défense nationale","NDHQ","N/D","ATTN DGMEPM NP - DMARP<br>101 COLONEL BY DR.,OTTAWA,Ontario,K1A0K2,Canada","ATTN DGMEPM NP - DMARP<br>101 COLONEL BY DR.,OTTAWA,Ontario,K1A0K2,Canada","","","","","","","","","","","","","","","",""
"HAWBOLDT INDUSTRIES (1989) LTD (F7044-221040/001/MD~000)","HAWBOLDT INDUSTRIES (1989) LTD (F7044-221040/001/MD~000)","F7044-221040/001/MD","000","F7044-221040","","F7044-221040/001/MD","4","2023-05-25","2023-05-02","","","2024-12-31","2853363.00","2993610.00","CAD","","","","","","","*N2030S","*Deck Machinery, Cranes, Shipboard","*Machinerie de pont, grues, à bord","","","","*GD","","","Competitive - Open bidding","Concurrentielle - Invitation ouverte à soumissionner","Lowest Price","Prix le plus bas","","","","","","","HAWBOLDT INDUSTRIES (1989) LIMITED","HAWBOLDT INDUSTRIES (1989) LIMITED","HAWBOLDT INDUSTRIES (1989) LTD","HAWBOLDT INDUSTRIES (1989) LTD","HAWBOLDT INDUSTRIES (1989) LTD","HAWBOLDT INDUSTRIES (1989) LTD","50 to 99 employees","50 à 99 employés","PO Box 80<br>220 Windsor Road","PO Box 80<br>220 Windsor Road","Chester","Chester","Nova Scotia","Nova Scotia","B0J1J0","Canada","Canada","Public Works and Government Services Canada","Travaux publics et Services gouvernementaux Canada","","","","","","","","","","Fisheries and Oceans Canada","Pêches et Océans Canada","D/PROJ.MGR STIMULUS PACKAGE","GEST.A.PRGM PLAN ACTION ECON.","INTEGRATED TECHNICAL SERVICES<br>200 KENT ST STN. 7W060,OTTAWA,Ontario,K1A0E6,Canada","INTEGRATED TECHNICAL SERVICES<br>200 KENT ST STN. 7W060,OTTAWA,Ontario,K1A0E6,Canada","","","","","","","","","","","","","","","",""
"WARTSILA CANADA INC (F7049-220325/001/ML~000)","WARTSILA CANADA INC (F7049-220325/001/ML~000)","F7049-220325/001/ML","000","F7049-220325","","F7049-220325/001/ML","1","2023-05-25","2023-05-17","","","2023-08-24","17754.00","17754.00","CAD","","","","","","","*N2010","*Ship and Boat Propulsion Components","*Organes de propulsion pour bateaux et navires","","","","*GD","","","Non-competitive","Non concurrentielle","","","Exclusive Rights","Droits exclusifs","*None","*Aucun","","","Wartsila Canada Inc","Wartsila Canada Inc","WARTSILA CANADA INC","WARTSILA CANADA INC","Wartsila Canada Inc.","Wartsila Canada Inc.","100 to 199 employees","100 à 199 employés","Unit 3, 90 Cutler Avenue","Unit 3, 90 Cutler Avenue","Dartmouth","Dartmouth","Nova Scotia","Nova Scotia","B3B0J6","Canada","Canada","Public Works and Government Services Canada","Travaux publics et Services gouvernementaux Canada","","","","","","","","","","Fisheries and Oceans Canada","Pêches et Océans Canada","INTEGRATED TECHNICAL SERVICES","SERVICES TECHNIQUES INTEGRÉS","VLE MLM PROGRAM<br>200 KENT ST., STN 7N157,OTTAWA,Ontario,K1A0E6,Canada","VLE MLM PROGRAM<br>200 KENT ST., STN 7N157,OTTAWA,Ontario,K1A0E6,Canada","","","","","","","","","","","","","","","",""
"KONGSBERG MARITIME (F1640-230881/001/ML~000)","KONGSBERG MARITIME (F1640-230881/001/ML~000)","F1640-230881/001/ML","000","F1640-230881","","F1640-230881/001/ML","2","2024-03-05","2024-02-05","","","2029-02-04","1913733.00","1913733.00","CAD","","","","","","","*N2040","*Marine Hardware and Hull Items","*Quincaillerie de marine et apparaux de coque","","","","*GD","","","Non-competitive","Non concurrentielle","","","Exclusive Rights","Droits exclusifs","","","","","KONGSBERG DISCOVERY CANADA LTD.","KONGSBERG DISCOVERY CANADA LTD.","KONGSBERG MARITIME","KONGSBERG MARITIME","KONGSBERG DISCOVERY CANADA LTD.","KONGSBERG DISCOVERY CANADA LTD.","50 to 99 employees","50 à 99 employés","238 Brownlow Avenue<br>Suite 210","238 Brownlow Avenue<br>Suite 210","Dartmouth","Dartmouth","Nova Scotia","Nova Scotia","B3B1Y2","Canada","Canada","Public Works and Government Services Canada","Travaux publics et Services gouvernementaux Canada","","","","","","","","","","Fisheries and Oceans Canada","Pêches et Océans Canada","CHS MGR DATA ACQ.&TECH.SERVS","SHC GEST.ACQ.DONNEES&SERVS TEC","9860 W.SAANICH RD<br>P.O.BOX 6000,SIDNEY,British Columbia,V8L4B2,Canada","9860 W.SAANICH RD<br>P.O.BOX 6000,SIDNEY,British Columbia,V8L4B2,Canada","","","","","","","","","","","","","","","",""
"THALES CANADA INC (W8482-194651/001/VCI~000)","THALES CANADA INC (W8482-194651/001/VCI~000)","W8482-194651/001/VCI","000","W8482-194651","","W8482-194651/001/VCI","10","2023-05-25","2023-04-19","","","2025-10-22","12744848.00","12744848.00","CAD","","","","","","","*N2040","*Marine Hardware and Hull Items","*Quincaillerie de marine et apparaux de coque","","","","*GD","","","Non-competitive","Non concurrentielle","","","Exclusive Rights","Droits exclusifs","","","","","Thales Canada, Defence and Security","Thales Canada, Defence and Security","THALES CANADA INC","THALES CANADA INC","THALES CANADA INC.","THALES CANADA INC.","200 to 499 employees","200 à 499 employés","1 Chrysalis Way","1 Chrysalis Way","Ottawa","Ottawa","Ontario","Ontario","K2G6P9","Canada","Canada","Public Works and Government Services Canada","Travaux publics et Services gouvernementaux Canada","","","","","","","","","","Department of National Defence","Ministère de la défense nationale","NDHQ","N/D","ATTN DGMEPM NP - DMARP<br>101 COLONEL BY DR.,OTTAWA,Ontario,K1A0K2,Canada","ATTN DGMEPM NP - DMARP<br>101 COLONEL BY DR.,OTTAWA,Ontario,K1A0K2,Canada","","","","","","","","","","","","","","","",""
"R2SONIC, LLC (F2915-230386/001/ML~000)","R2SONIC, LLC (F2915-230386/001/ML~000)","F2915-230386/001/ML","000","F2915-230386","","F2915-230386/001/ML","1","2023-10-25","2023-09-27","","","2025-03-27","204430.00","204430.00","CAD","","","","","","","*N2090","*Ship and Marine Miscellaneous Equipment","*Équipement de navire et matériel naval","","","","*GD","","","Non-competitive","Non concurrentielle","","","Additional Deliveries","Livraisons supplémentaires","*Canadian Free Trade Agreement (CFTA)","*Accord de libre-échange canadien (ALEC)","","","R2Sonic, LLC","R2Sonic, LLC","R2SONIC, LLC","R2SONIC, LLC","R2Sonic, LLC","R2Sonic, LLC","20 to 49 employees","20 à 49 employés","5307 Industrial Oaks Blvd<br>Suite 120","5307 Industrial Oaks Blvd<br>Suite 120","Austin","Austin","Texas","Texas","78735","United States","United States","Public Works and Government Services Canada","Travaux publics et Services gouvernementaux Canada","","","","","","","","","","Fisheries and Oceans Canada","Pêches et Océans Canada","DIRECTOR HYDROGRAPHY","N/D","867 LAKESHORE BLVD<br>P.O.BOX 5050,BURLINGTON,Ontario,L7R4A6,Canada","867 LAKESHORE BLVD<br>P.O.BOX 5050,BURLINGTON,Ontario,L7R4A6,Canada","","","","","","","","","","","","","","","",""
"SEACOAST MARINE ELECTRONICS LTD (F7013-230002/001/QF~000)","SEACOAST MARINE ELECTRONICS LTD (F7013-230002/001/QF~000)","F7013-230002/001/QF","000","F7013-230002","","F7013-230002/001/QF","1","2024-01-31","2023-12-11","","","2024-12-11","91437.00","91437.00","CAD","","","","","","","*N2090","*Ship and Marine Miscellaneous Equipment","*Équipement de navire et matériel naval","","","","*GD","","","Competitive - Traditional","Concurrentielle - Traditionnelle","Lowest Price","Prix le plus bas","","","*Canadian Free Trade Agreement (CFTA)","*Accord de libre-échange canadien (ALEC)","","","Seacoast Marine Electronics Ltd","Seacoast Marine Electronics Ltd","SEACOAST MARINE ELECTRONICS LTD","SEACOAST MARINE ELECTRONICS LTD","Seacoast Marine Electronics Ltd","Seacoast Marine Electronics Ltd","1 to 4 employees","1 à 4 employés","503-20170 Stewart Crescent","503-20170 Stewart Crescent","Maple Ridge","Maple Ridge","British Columbia","British Columbia","V2X0T4","Canada","Canada","Public Works and Government Services Canada","Travaux publics et Services gouvernementaux Canada","","","","","","","","","","Fisheries and Oceans Canada / Fisheries and Oceans Canada","Pêches et Océans Canada / Pêches et Océans Canada","MAJOR CROWN PROJECTS DIR. / MAJOR CROWN PROJECTS DIR.","DIR GRANDS PROJETS D'ETAT / DIR GRANDS PROJETS D'ETAT","3RD FL.<br>200 ELGIN ST,OTTAWA,Ontario,K2P1L5,Canada / 3RD FL.<br>200 ELGIN ST,OTTAWA,Ontario,K2P1L5,Canada","3RD FL.<br>200 ELGIN ST,OTTAWA,Ontario,K2P1L5,Canada / 3RD FL.<br>200 ELGIN ST,OTTAWA,Ontario,K2P1L5,Canada","","","","","","","","","","","","","","","",""
"ABB INC (F7013-230003/001/ML~000)","ABB INC (F7013-230003/001/ML~000)","F7013-230003/001/ML","000","F7013-230003","","F7013-230003/001/ML","1","2023-09-22","2023-09-13","","","2024-09-30","90977.00","90977.00","CAD","","","","","","","*N2090","*Ship and Marine Miscellaneous Equipment","*Équipement de navire et matériel naval","","","","*GD","","","Non-competitive","Non concurrentielle","","","Exclusive Rights","Droits exclusifs","*Canadian Free Trade Agreement (CFTA)","*Accord de libre-échange canadien (ALEC)","","","ABB Inc.","ABB Inc.","ABB INC","ABB INC","ABB Inc.","ABB Inc.","1500 to 2499 employees","1500 à 2499 employés","ABB Inc.<br>800 Boul. Hymus","ABB Inc.<br>800 Boul. Hymus","St-Laurent","St-Laurent","Quebec","Quebec","H4S0B5","Canada","Canada","Public Works and Government Services Canada","Travaux publics et Services gouvernementaux Canada","","","","","","","","","","Fisheries and Oceans Canada","Pêches et Océans Canada","MAJOR CROWN PROJECTS DIR.","DIR GRANDS PROJETS D'ETAT","3RD FL.<br>200 ELGIN ST,OTTAWA,Ontario,K2P1L5,Canada","3RD FL.<br>200 ELGIN ST,OTTAWA,Ontario,K2P1L5,Canada","","","","","","","","","","","","","","","",""
"GO-TEC SRL (F7013-236011/001/ML~000)","GO-TEC SRL (F7013-236011/001/ML~000)","F7013-236011/001/ML","000","F7013-236011","","F7013-236011/001/ML","1","2024-04-02","2024-03-18","","","2024-04-19","103085.00","103085.00","CAD","","","","","","","*N2090","*Ship and Marine Miscellaneous Equipment","*Équipement de navire et matériel naval","","","","*GD","","","Non-competitive","Non concurrentielle","","","Exclusive Rights","Droits exclusifs","*Canadian Free Trade Agreement (CFTA)","*Accord de libre-échange canadien (ALEC)","","","GO-TEC S.R.L.","GO-TEC S.R.L.","GO-TEC SRL","GO-TEC SRL","GO-TEC S.R.L.","GO-TEC S.R.L.","UNKNOWN","INCONNU","SALITA GUARDIA 60A","SALITA GUARDIA 60A","CERANESI (GE)","CERANESI (GE)","","","16014","Italy","Italy","Public Works and Government Services Canada","Travaux publics et Services gouvernementaux Canada","","","","","","","","","","Fisheries and Oceans Canada","Pêches et Océans Canada","MAJOR CROWN PROJECTS DIR.","DIR GRANDS PROJETS D'ETAT","3RD FL.<br>200 ELGIN ST,OTTAWA,Ontario,K2P1L5,Canada","3RD FL.<br>200 ELGIN ST,OTTAWA,Ontario,K2P1L5,Canada","","","","","","","","","","","","","","","",""
"BRONSWERK MARINE INC (F7044-221204/001/ML~000)","BRONSWERK MARINE INC (F7044-221204/001/ML~000)","F7044-221204/001/ML","000","F7044-221204","","F7044-221204/001/ML","4","2023-09-22","2023-08-23","","","2024-08-23","750000.00","750000.00","CAD","","","","","","","*N2090","*Ship and Marine Miscellaneous Equipment","*Équipement de navire et matériel naval","","","","*GD","","","Non-competitive","Non concurrentielle","","","Exclusive Rights","Droits exclusifs","*Canadian Free Trade Agreement (CFTA)","*Accord de libre-échange canadien (ALEC)","","","BRONSWERK MARINE INC.","BRONSWERK MARINE INC.","BRONSWERK MARINE INC","BRONSWERK MARINE INC","BRONSWERK MARINE INC.","BRONSWERK MARINE INC.","20 to 49 employees","20 à 49 employés","4050<br>Place de Java","4050<br>Place de Java","BROSSARD","BROSSARD","Quebec","Quebec","J4Y0C4","Canada","Canada","Public Works and Government Services Canada","Travaux publics et Services gouvernementaux Canada","","","","","","","","","","Fisheries and Oceans Canada","Pêches et Océans Canada","D/PROJ.MGR STIMULUS PACKAGE","GEST.A.PRGM PLAN ACTION ECON.","INTEGRATED TECHNICAL SERVICES<br>200 KENT ST STN. 7W060,OTTAWA,Ontario,K1A0E6,Canada","INTEGRATED TECHNICAL SERVICES<br>200 KENT ST STN. 7W060,OTTAWA,Ontario,K1A0E6,Canada","","","","","","","","","","","","","","","",""
"SIEMENS ENERGY CANADA LTD (F7044-230410/001/ML~000)","SIEMENS ENERGY CANADA LTD (F7044-230410/001/ML~000)","F7044-230410/001/ML","000","F7044-230410","","F7044-230410/001/ML","4","2024-03-05","2024-02-07","","","2025-02-06","800000.00","800000.00","CAD","","","","","","","*N2090","*Ship and Marine Miscellaneous Equipment","*Équipement de navire et matériel naval","","","","*GD","","","Non-competitive","Non concurrentielle","","","Exclusive Rights","Droits exclusifs","*Canadian Free Trade Agreement (CFTA)","*Accord de libre-échange canadien (ALEC)","","","SIEMENS ENERGY CANADA LIMITED","SIEMENS ENERGY CANADA LIMITED","SIEMENS ENERGY CANADA LTD","SIEMENS ENERGY CANADA LTD","SIEMENS ENERGY CANADA LIMITED","SIEMENS ENERGY CANADA LIMITED","200 to 499 employees","200 à 499 employés","1577 North Service Road East","1577 North Service Road East","Oakville","Oakville","Ontario","Ontario","L6H0H6","Canada","Canada","Public Works and Government Services Canada","Travaux publics et Services gouvernementaux Canada","","","","","","","","","","Fisheries and Oceans Canada","Pêches et Océans Canada","D/PROJ.MGR STIMULUS PACKAGE","GEST.A.PRGM PLAN ACTION ECON.","INTEGRATED TECHNICAL SERVICES<br>200 KENT ST STN. 7W060,OTTAWA,Ontario,K1A0E6,Canada","INTEGRATED TECHNICAL SERVICES<br>200 KENT ST STN. 7W060,OTTAWA,Ontario,K1A0E6,Canada","","","","","","","","","","","","","","","",""
"GLAMOX CANADA INC (F7044-221253/001/ML~000)","GLAMOX CANADA INC (F7044-221253/001/ML~000)","F7044-221253/001/ML","000","F7044-221253","","F7044-221253/001/ML","3","2023-06-22","2023-06-07","","","2024-06-11","350000.00","350000.00","CAD","","","","","","","*N2090","*Ship and Marine Miscellaneous Equipment","*Équipement de navire et matériel naval","","","","*GD","","","Non-competitive","Non concurrentielle","","","Exclusive Rights","Droits exclusifs","*Canadian Free Trade Agreement (CFTA)","*Accord de libre-échange canadien (ALEC)","","","GLAMOX INCORPORATED","GLAMOX INCORPORATED","GLAMOX CANADA INC","GLAMOX CANADA INC","Glamox Inc.","Glamox Inc.","10 to 19 employees","10 à 19 employés","117 Glencoe Drive","117 Glencoe Drive","Mount Pearl","Mount Pearl","Newfoundland and Labrador","Newfoundland and Labrador","A1N4S7","Canada","Canada","Public Works and Government Services Canada","Travaux publics et Services gouvernementaux Canada","","","","","","","","","","Fisheries and Oceans Canada","Pêches et Océans Canada","D/PROJ.MGR STIMULUS PACKAGE","GEST.A.PRGM PLAN ACTION ECON.","INTEGRATED TECHNICAL SERVICES<br>200 KENT ST STN. 7W060,OTTAWA,Ontario,K1A0E6,Canada","INTEGRATED TECHNICAL SERVICES<br>200 KENT ST STN. 7W060,OTTAWA,Ontario,K1A0E6,Canada","","","","","","","","","","","","","","","",""
"WARTSILA CANADA INC (F7044-230532/001/ML~000)","WARTSILA CANADA INC (F7044-230532/001/ML~000)","F7044-230532/001/ML","000","F7044-230532","","F7044-230532/001/ML","6","2024-04-29","2024-03-27","","","2025-12-31","7500000.00","7500000.00","CAD","","","","","","","*N2090","*Ship and Marine Miscellaneous Equipment","*Équipement de navire et matériel naval","","","","*GD","","","Non-competitive","Non concurrentielle","","","Exclusive Rights","Droits exclusifs","*Canadian Free Trade Agreement (CFTA)","*Accord de libre-échange canadien (ALEC)","","","Wartsila Canada Inc","Wartsila Canada Inc","WARTSILA CANADA INC","WARTSILA CANADA INC","Wartsila Canada Inc.","Wartsila Canada Inc.","100 to 199 employees","100 à 199 employés","Unit 3, 90 Cutler Avenue","Unit 3, 90 Cutler Avenue","Dartmouth","Dartmouth","Nova Scotia","Nova Scotia","B3B0J6","Canada","Canada","Public Works and Government Services Canada","Travaux publics et Services gouvernementaux Canada","","","","","","","","","","Fisheries and Oceans Canada","Pêches et Océans Canada","D/PROJ.MGR STIMULUS PACKAGE","GEST.A.PRGM PLAN ACTION ECON.","INTEGRATED TECHNICAL SERVICES<br>200 KENT ST STN. 7W060,OTTAWA,Ontario,K1A0E6,Canada","INTEGRATED TECHNICAL SERVICES<br>200 KENT ST STN. 7W060,OTTAWA,Ontario,K1A0E6,Canada","","","","","","","","","","","","","","","",""
"KONGSBERG MARITIME (F7044-230651/001/ML~000)","KONGSBERG MARITIME (F7044-230651/001/ML~000)","F7044-230651/001/ML","000","F7044-230651","","F7044-230651/001/ML","2","2024-01-31","2023-12-06","","","2024-12-05","1700000.00","1700000.00","CAD","","","","","","","*N2090","*Ship and Marine Miscellaneous Equipment","*Équipement de navire et matériel naval","","","","*GD","","","Non-competitive","Non concurrentielle","","","Exclusive Rights","Droits exclusifs","*Canadian Free Trade Agreement (CFTA)","*Accord de libre-échange canadien (ALEC)","","","KONGSBERG DISCOVERY CANADA LTD.","KONGSBERG DISCOVERY CANADA LTD.","KONGSBERG MARITIME","KONGSBERG MARITIME","KONGSBERG DISCOVERY CANADA LTD.","KONGSBERG DISCOVERY CANADA LTD.","50 to 99 employees","50 à 99 employés","238 Brownlow Avenue<br>Suite 210","238 Brownlow Avenue<br>Suite 210","Dartmouth","Dartmouth","Nova Scotia","Nova Scotia","B3B1Y2","Canada","Canada","Public Works and Government Services Canada","Travaux publics et Services gouvernementaux Canada","","","","","","","","","","Fisheries and Oceans Canada / Fisheries and Oceans Canada","Pêches et Océans Canada / Pêches et Océans Canada","D/PROJ.MGR STIMULUS PACKAGE / D/PROJ.MGR STIMULUS PACKAGE","GEST.A.PRGM PLAN ACTION ECON. / GEST.A.PRGM PLAN ACTION ECON.","INTEGRATED TECHNICAL SERVICES<br>200 KENT ST STN. 7W060,OTTAWA,Ontario,K1A0E6,Canada / INTEGRATED TECHNICAL SERVICES<br>200 KENT ST STN. 7W060,OTTAWA,Ontario,K1A0E6,Canada","INTEGRATED TECHNICAL SERVICES<br>200 KENT ST STN. 7W060,OTTAWA,Ontario,K1A0E6,Canada / INTEGRATED TECHNICAL SERVICES<br>200 KENT ST STN. 7W060,OTTAWA,Ontario,K1A0E6,Canada","","","","","","","","","","","","","","","",""
"KONGSBERG MARITIME CANADA LTD (F7044-230651/002/ML~000)","KONGSBERG MARITIME CANADA LTD (F7044-230651/002/ML~000)","F7044-230651/002/ML","000","F7044-230651","","F7044-230651/002/ML","3","2024-01-31","2023-12-14","","","2024-12-31","1700000.00","1700000.00","CAD","","","","","","","*N2090","*Ship and Marine Miscellaneous Equipment","*Équipement de navire et matériel naval","","","","*GD","","","Non-competitive","Non concurrentielle","","","Exclusive Rights","Droits exclusifs","*Canadian Free Trade Agreement (CFTA)","*Accord de libre-échange canadien (ALEC)","","","KONGSBERG MARITIME CANADA LTD.","KONGSBERG MARITIME CANADA LTD.","KONGSBERG MARITIME CANADA LTD","KONGSBERG MARITIME CANADA LTD","KONGSBERG MARITIME CANADA LTD.","KONGSBERG MARITIME CANADA LTD.","20 to 49 employees","20 à 49 employés","238 Brownlow Avenue<br>Suite 210","238 Brownlow Avenue<br>Suite 210","Dartmouth","Dartmouth","Nova Scotia","Nova Scotia","B3B1Y2","Canada","Canada","Public Works and Government Services Canada","Travaux publics et Services gouvernementaux Canada","","","","","","","","","","Fisheries and Oceans Canada / Fisheries and Oceans Canada","Pêches et Océans Canada / Pêches et Océans Canada","D/PROJ.MGR STIMULUS PACKAGE / D/PROJ.MGR STIMULUS PACKAGE","GEST.A.PRGM PLAN ACTION ECON. / GEST.A.PRGM PLAN ACTION ECON.","INTEGRATED TECHNICAL SERVICES<br>200 KENT ST STN. 7W060,OTTAWA,Ontario,K1A0E6,Canada / INTEGRATED TECHNICAL SERVICES<br>200 KENT ST STN. 7W060,OTTAWA,Ontario,K1A0E6,Canada","INTEGRATED TECHNICAL SERVICES<br>200 KENT ST STN. 7W060,OTTAWA,Ontario,K1A0E6,Canada / INTEGRATED TECHNICAL SERVICES<br>200 KENT ST STN. 7W060,OTTAWA,Ontario,K1A0E6,Canada","","","","","","","","","","","","","","","",""
"TELEDYNE INSTRUMENTS, INC (FP934-230002/001/QF~000)","TELEDYNE INSTRUMENTS, INC (FP934-230002/001/QF~000)","FP934-230002/001/QF","000","FP934-230002","","FP934-230002/001/QF","3","2024-04-02","2024-03-14","","","2027-03-17","1724437.00","1724437.19","CAD","","","","","","","*N2090D","*Locker, Clothing and Cleaning Gear, Shipboard Type","*Casiers, vêtements et appareils de nettoyage, type à bord navire","","","","*GD","","","Competitive - Open bidding","Concurrentielle - Invitation ouverte à soumissionner","Lowest Price","Prix le plus bas","","","","","","","Teledyne Instruments, Inc.","Teledyne Instruments, Inc.","TELEDYNE INSTRUMENTS, INC","TELEDYNE INSTRUMENTS, INC","Teledyne Instruments, Inc. dba Teledyne Webb Research","Teledyne Instruments, Inc. dba Teledyne Webb Research","5000 employees and over","5000 employés et plus","49 Edgerton Drive","49 Edgerton Drive","North Falmouth","North Falmouth","Massachusetts","Massachusetts","02556","United States","United States","Public Works and Government Services Canada","Travaux publics et Services gouvernementaux Canada","","","","","","","","","","Fisheries and Oceans Canada","Pêches et Océans Canada","OCEANOGRAPHY&CLIMATE BR.","N/D","STATION 12W057A<br>200 KENT STREET,OTTAWA,Ontario,K1A0E6,Canada","STATION 12W057A<br>200 KENT STREET,OTTAWA,Ontario,K1A0E6,Canada","","","","","","","","","","","","","","","",""
"KRAUSS-MAFFEI WEGMANN GMBH & CO KG (W8486-228607/001/BL~000)","KRAUSS-MAFFEI WEGMANN GMBH & CO KG (W8486-228607/001/BL~000)","W8486-228607/001/BL","000","W8486-228607","","W8486-228607/001/BL","1","2024-09-24","2023-11-20","","","2025-11-20","8286666.00","8286666.00","CAD","","","","","","","*N2350","*Combat, Assault, and Tactical Vehicles, Tracked","*Véhicules de combat, d'assaut et tactiques, à chenilles","","","","*GD","","","Non-competitive","Non concurrentielle","","","Exclusive Rights","Droits exclusifs","*None","*Aucun","","","KNDS Deutschland GmbH & Co. KG","KNDS Deutschland GmbH & Co. KG","KRAUSS-MAFFEI WEGMANN GMBH & CO KG","KRAUSS-MAFFEI WEGMANN GMBH & CO KG","KNDS Deutschland GmbH & Co. KG","KNDS Deutschland GmbH & Co. KG","2500 to 4999 employees","2500 à 4999 employés","Krauss-Maffei-Strasse 11","Krauss-Maffei-Strasse 11","Munich","Munich","","","80997","Germany","Germany","Public Works and Government Services Canada","Travaux publics et Services gouvernementaux Canada","","","","","","","","","","Department of National Defence","Ministère de la défense nationale","NDHQ DGLEPM","N/D","101 COLONEL BY DR.,OTTAWA,Ontario,K1A0K2,Canada","101 COLONEL BY DR.,OTTAWA,Ontario,K1A0K2,Canada","","","","","","","","","","","","","","","",""
"UNITED STATES DEPARTMENT OF THE ARMY (USASAC) (W8486-228389/001/USW~000)","UNITED STATES DEPARTMENT OF THE ARMY (USASAC) (W8486-228389/001/USW~000)","W8486-228389/001/USW","000","W8486-228389","","W8486-228389/001/USW","1","2024-04-02","2024-03-21","","","2028-05-31","5279777.00","5279777.00","CAD","","","","","","","*N2590C","*Miscellaneous Vehicular Components, Armoured Fighting Vehicle, S.M.P.","*Composants divers de véhicules, véhicules blindés de combat, modèle militaire standard","","","","*GD","","","Non-competitive","Non concurrentielle","Government Objectives Representing Best Interests/Value to Govt","Objectifs gouvern.  représentant  les meilleurs intérets/valeur pour l'État","","","*None","*Aucun","","","UNITED STATES DEPARTMENT OF THE ARMY (USASAC)","UNITED STATES DEPARTMENT OF THE ARMY (USASAC)","UNITED STATES DEPARTMENT OF THE ARMY (USASAC)","UNITED STATES DEPARTMENT OF THE ARMY (USASAC)","UNITED STATES DEPARTMENT OF THE ARMY (USASAC)","UNITED STATES DEPARTMENT OF THE ARMY (USASAC)","5 to 9 employees","5 à 9 employés","7613 CARDINAL ROAD","7613 CARDINAL ROAD","REDSTONE ARSENAL","REDSTONE ARSENAL","Alabama","Alabama","35898-5000","United States","United States","Public Works and Government Services Canada","Travaux publics et Services gouvernementaux Canada","","","","","","","","","","Department of National Defence","Ministère de la défense nationale","NDHQ DGLEPM","N/D","101 COLONEL BY DR.,OTTAWA,Ontario,K1A0K2,Canada","101 COLONEL BY DR.,OTTAWA,Ontario,K1A0K2,Canada","","","","","","","","","","","","","","","",""
"YAMAHA MOTOR CANADA LTD (E60ML-230001/001/ML~000)","YAMAHA MOTOR CANADA LTD (E60ML-230001/001/ML~000)","E60ML-230001/001/ML","000","E60ML-230001","","E60ML-230001/001/ML","1","2023-10-25","2023-09-26","","","2024-08-31","3400000.00","3400000.00","CAD","","","","","","","*N2805","*Gasoline Reciprocating Engines (Except Aircraft) and Components","*Moteurs alternatifs à explosion, sauf aéronefs et composants","","","","*GD","","","Non-competitive","Non concurrentielle","","","Exclusive Rights","Droits exclusifs","*Canadian Free Trade Agreement (CFTA)","*Accord de libre-échange canadien (ALEC)","","","Yamaha Motor Canada Ltd.","Yamaha Motor Canada Ltd.","YAMAHA MOTOR CANADA LTD","YAMAHA MOTOR CANADA LTD","Yamaha Motor Canada Ltd.","Yamaha Motor Canada Ltd.","100 to 199 employees","100 à 199 employés","480 Gordon Baker Rd.","480 Gordon Baker Rd.","Toronto","Toronto","Ontario","Ontario","M2H3B4","Canada","Canada","Public Works and Government Services Canada","Travaux publics et Services gouvernementaux Canada","","","","","","","","","","Public Works and Government Services Canada","Travaux publics et Services gouvernementaux Canada","CONSOLIDATED PROC ML AMES","N/D","PORTAGE III 6C2<br>11 LAURIER ST,GATINEAU,Quebec,K1A0S5,Canada","PORTAGE III 6C2<br>11 LAURIER ST,GATINEAU,Quebec,K1A0S5,Canada","","","","","","","","","","","","","","","",""
"MERCURY MARINE LTD (E60ML-230001/002/ML~000)","MERCURY MARINE LTD (E60ML-230001/002/ML~000)","E60ML-230001/002/ML","000","E60ML-230001","","E60ML-230001/002/ML","2","2023-10-25","2023-10-06","","","2024-08-31","1600000.00","1600000.00","CAD","","","","","","","*N2805","*Gasoline Reciprocating Engines (Except Aircraft) and Components","*Moteurs alternatifs à explosion, sauf aéronefs et composants","","","","*GD","","","Non-competitive","Non concurrentielle","","","Exclusive Rights","Droits exclusifs","*Canadian Free Trade Agreement (CFTA)","*Accord de libre-échange canadien (ALEC)","","","Mercury Marine Limited","Mercury Marine Limited","MERCURY MARINE LTD","MERCURY MARINE LTD","Mercury Marine Limited","Mercury Marine Limited","50 to 99 employees","50 à 99 employés","8698 Escarpment Way","8698 Escarpment Way","Milton","Milton","Ontario","Ontario","L9T0M1","Canada","Canada","Public Works and Government Services Canada","Travaux publics et Services gouvernementaux Canada","","","","","","","","","","Public Works and Government Services Canada","Travaux publics et Services gouvernementaux Canada","CONSOLIDATED PROC ML AMES","N/D","PORTAGE III 6C2<br>11 LAURIER ST,GATINEAU,Quebec,K1A0S5,Canada","PORTAGE III 6C2<br>11 LAURIER ST,GATINEAU,Quebec,K1A0S5,Canada","","","","","","","","","","","","","","","",""
"WAJAX LTD (E60ML-230001/004/ML~000)","WAJAX LTD (E60ML-230001/004/ML~000)","E60ML-230001/004/ML","000","E60ML-230001","","E60ML-230001/004/ML","1","2024-04-29","2023-11-20","","","2024-08-31","400000.00","400000.00","CAD","","","","","","","*N2805","*Gasoline Reciprocating Engines (Except Aircraft) and Components","*Moteurs alternatifs à explosion, sauf aéronefs et composants","","","","*GD","","","Non-competitive","Non concurrentielle","","","Exclusive Rights","Droits exclusifs","*Canadian Free Trade Agreement (CFTA)","*Accord de libre-échange canadien (ALEC)","","","Wajax limited","Wajax limited","WAJAX LTD","WAJAX LTD","Wajax limited","Wajax limited","2500 to 4999 employees","2500 à 4999 employés","10 Diesel Drive","10 Diesel Drive","Toronto","Toronto","Ontario","Ontario","M8W2T8","Canada","Canada","Public Works and Government Services Canada","Travaux publics et Services gouvernementaux Canada","","","","","","","","","","Public Works and Government Services Canada","Travaux publics et Services gouvernementaux Canada","CONSOLIDATED PROC ML AMES","N/D","PORTAGE III 6C2<br>11 LAURIER ST,GATINEAU,Quebec,K1A0S5,Canada","PORTAGE III 6C2<br>11 LAURIER ST,GATINEAU,Quebec,K1A0S5,Canada","","","","","","","","","","","","","","","",""
"CULLEN DIESEL POWER LTD (E60ML-230001/005/ML~000)","CULLEN DIESEL POWER LTD (E60ML-230001/005/ML~000)","E60ML-230001/005/ML","000","E60ML-230001","","E60ML-230001/005/ML","1","2024-04-02","2024-03-14","","","2024-08-31","250000.00","250000.00","CAD","","","","","","","*N2805","*Gasoline Reciprocating Engines (Except Aircraft) and Components","*Moteurs alternatifs à explosion, sauf aéronefs et composants","","","","*GD","","","Non-competitive","Non concurrentielle","","","Exclusive Rights","Droits exclusifs","*Canadian Free Trade Agreement (CFTA)","*Accord de libre-échange canadien (ALEC)","","","CULLEN DIESEL POWER LTD.","CULLEN DIESEL POWER LTD.","CULLEN DIESEL POWER LTD","CULLEN DIESEL POWER LTD","CULLEN DIESEL POWER LTD.","CULLEN DIESEL POWER LTD.","200 to 499 employees","200 à 499 employés","9300 192nd street","9300 192nd street","Surrey","Surrey","British Columbia","British Columbia","V4N3R8","Canada","Canada","Public Works and Government Services Canada","Travaux publics et Services gouvernementaux Canada","","","","","","","","","","Public Works and Government Services Canada","Travaux publics et Services gouvernementaux Canada","CONSOLIDATED PROC ML AMES","N/D","PORTAGE III 6C2<br>11 LAURIER ST,GATINEAU,Quebec,K1A0S5,Canada","PORTAGE III 6C2<br>11 LAURIER ST,GATINEAU,Quebec,K1A0S5,Canada","","","","","","","","","","","","","","","",""
"BRIDGEVIEW MARINE LTD (F1672-240779/001/ML~000)","BRIDGEVIEW MARINE LTD (F1672-240779/001/ML~000)","F1672-240779/001/ML","000","F1672-240779","","F1672-240779/001/ML","2","2024-04-02","2024-02-26","","","2025-02-22","120167.00","120544.00","CAD","","","","","","","*N2805","*Gasoline Reciprocating Engines (Except Aircraft) and Components","*Moteurs alternatifs à explosion, sauf aéronefs et composants","","","","*GD","","","Non-competitive","Non concurrentielle","","","Exclusive Rights","Droits exclusifs","*Canadian Free Trade Agreement (CFTA)","*Accord de libre-échange canadien (ALEC)","","","Bridgeview Marine Ltd.","Bridgeview Marine Ltd.","BRIDGEVIEW MARINE LTD","BRIDGEVIEW MARINE LTD","Bridgeview Marine Ltd.","Bridgeview Marine Ltd.","10 to 19 employees","10 à 19 employés","8550 River Road","8550 River Road","Delta","Delta","British Columbia","British Columbia","V4G1B5","Canada","Canada","Public Works and Government Services Canada","Travaux publics et Services gouvernementaux Canada","","","","","","","","","","Fisheries and Oceans Canada","Pêches et Océans Canada","CONSERVATION&PROTECTION","N/D","GENERAL DUTY<br>224-417 2ND AVE W.,PRINCE RUPERT,British Columbia,V8J1G8,Canada","GENERAL DUTY<br>224-417 2ND AVE W.,PRINCE RUPERT,British Columbia,V8J1G8,Canada","","","","","","","","","","","","","","","",""
"SHARK MARINE TECHNOLOGIES INC (W8482-231092/001/ML~000)","SHARK MARINE TECHNOLOGIES INC (W8482-231092/001/ML~000)","W8482-231092/001/ML","000","W8482-231092","","W8482-231092/001/ML","2","2024-01-31","2023-12-21","","","2024-12-23","2998210.00","2998210.00","CAD","","","","","","","*N2090","*Ship and Marine Miscellaneous Equipment","*Équipement de navire et matériel naval","","","","*GD","","","Non-competitive","Non concurrentielle","","","Exclusive Rights","Droits exclusifs","*Canadian Free Trade Agreement (CFTA)","*Accord de libre-échange canadien (ALEC)","","","Shark Marine Technologies Inc.","Shark Marine Technologies Inc.","SHARK MARINE TECHNOLOGIES INC","SHARK MARINE TECHNOLOGIES INC","Shark Marine Technologies Inc.","Shark Marine Technologies Inc.","10 to 19 employees","10 à 19 employés","23 Nihan Dr. Unit 4","23 Nihan Dr. Unit 4","St.Catharines","St.Catharines","Ontario","Ontario","L2N1L2","Canada","Canada","Public Works and Government Services Canada","Travaux publics et Services gouvernementaux Canada","","","","","","","","","","Department of National Defence / Department of National Defence","Ministère de la défense nationale / Ministère de la défense nationale","NDHQ / NDHQ","N/D / N/D","ATTN DGMEPM NP - DMARP<br>101 COLONEL BY DR.,OTTAWA,Ontario,K1A0K2,Canada / ATTN DGMEPM NP - DMARP<br>101 COLONEL BY DR.,OTTAWA,Ontario,K1A0K2,Canada","ATTN DGMEPM NP - DMARP<br>101 COLONEL BY DR.,OTTAWA,Ontario,K1A0K2,Canada / ATTN DGMEPM NP - DMARP<br>101 COLONEL BY DR.,OTTAWA,Ontario,K1A0K2,Canada","","","","","","","","","","","","","","","",""
"CULLEN DIESEL POWER LTD (F1782-23C049/001/ML~000)","CULLEN DIESEL POWER LTD (F1782-23C049/001/ML~000)","F1782-23C049/001/ML","000","F1782-23C049","","F1782-23C049/001/ML","2","2023-08-23","2023-08-14","","","2023-12-31","233075.00","218508.00","CAD","","","","","","","*N2805","*Gasoline Reciprocating Engines (Except Aircraft) and Components","*Moteurs alternatifs à explosion, sauf aéronefs et composants","","","","*GD","","","Non-competitive","Non concurrentielle","","","Exclusive Rights","Droits exclusifs","*Canadian Free Trade Agreement (CFTA)","*Accord de libre-échange canadien (ALEC)","","","CULLEN DIESEL POWER LTD.","CULLEN DIESEL POWER LTD.","CULLEN DIESEL POWER LTD","CULLEN DIESEL POWER LTD","CULLEN DIESEL POWER LTD.","CULLEN DIESEL POWER LTD.","200 to 499 employees","200 à 499 employés","9300 192nd street","9300 192nd street","Surrey","Surrey","British Columbia","British Columbia","V4N3R8","Canada","Canada","Public Works and Government Services Canada","Travaux publics et Services gouvernementaux Canada","","","","","","","","","","Fisheries and Oceans Canada","Pêches et Océans Canada","CCG MARINE ENGINEERING","N/D","P.O.BOX 6000<br>9860 W.SAANICH RD,SIDNEY,British Columbia,V8L4B2,Canada","P.O.BOX 6000<br>9860 W.SAANICH RD,SIDNEY,British Columbia,V8L4B2,Canada","","","","","","","","","","","","","","","",""
"YAMAHA MOTOR CANADA LTD (F1782-23C009/001/ML~000)","YAMAHA MOTOR CANADA LTD (F1782-23C009/001/ML~000)","F1782-23C009/001/ML","000","F1782-23C009","","F1782-23C009/001/ML","1","2023-05-25","2023-04-27","","","2024-07-31","305800.00","305800.00","CAD","","","","","","","*N2805001","*Motors, Outboard","*Moteurs hors-bord","","","","*GD","","","Non-competitive","Non concurrentielle","","","Exclusive Rights","Droits exclusifs","*Canadian Free Trade Agreement (CFTA)","*Accord de libre-échange canadien (ALEC)","","","Yamaha Motor Canada Ltd.","Yamaha Motor Canada Ltd.","YAMAHA MOTOR CANADA LTD","YAMAHA MOTOR CANADA LTD","Yamaha Motor Canada Ltd.","Yamaha Motor Canada Ltd.","100 to 199 employees","100 à 199 employés","480 Gordon Baker Rd.","480 Gordon Baker Rd.","Toronto","Toronto","Ontario","Ontario","M2H3B4","Canada","Canada","Public Works and Government Services Canada","Travaux publics et Services gouvernementaux Canada","","","","","","","","","","Fisheries and Oceans Canada","Pêches et Océans Canada","CCG MARINE ENGINEERING","N/D","P.O.BOX 6000<br>9860 W.SAANICH RD,SIDNEY,British Columbia,V8L4B2,Canada","P.O.BOX 6000<br>9860 W.SAANICH RD,SIDNEY,British Columbia,V8L4B2,Canada","","","","","","","","","","","","","","","",""
"MERCURY MARINE LTD (M6500-242209/001/ML~000)","MERCURY MARINE LTD (M6500-242209/001/ML~000)","M6500-242209/001/ML","000","M6500-242209","","M6500-242209/001/ML","3","2024-01-31","2024-01-16","","","2024-03-28","503469.00","514743.00","CAD","","","","","","","*N2805001","*Motors, Outboard","*Moteurs hors-bord","","","","*GD","","","Non-competitive","Non concurrentielle","","","Exclusive Rights","Droits exclusifs","*Canadian Free Trade Agreement (CFTA)","*Accord de libre-échange canadien (ALEC)","","","Mercury Marine Limited","Mercury Marine Limited","MERCURY MARINE LTD","MERCURY MARINE LTD","Mercury Marine Limited","Mercury Marine Limited","50 to 99 employees","50 à 99 employés","8698 Escarpment Way","8698 Escarpment Way","Milton","Milton","Ontario","Ontario","L9T0M1","Canada","Canada","Public Works and Government Services Canada","Travaux publics et Services gouvernementaux Canada","","","","","","","","","","Royal Canadian Mounted Police / Royal Canadian Mounted Police","Gendarmerie royale du Canada / Gendarmerie royale du Canada","COMMISSIONAIRES LEVEL / COMMISSIONAIRES LEVEL","N/D / N/D","O DIV. 5TH FL.<br>130 DUFFERIN AVE,LONDON,Ontario,N6A5R2,Canada / O DIV. 5TH FL.<br>130 DUFFERIN AVE,LONDON,Ontario,N6A5R2,Canada","O DIV. 5TH FL.<br>130 DUFFERIN AVE,LONDON,Ontario,N6A5R2,Canada / O DIV. 5TH FL.<br>130 DUFFERIN AVE,LONDON,Ontario,N6A5R2,Canada","","","","","","","","","","","","","","","",""
"UNITED STATES DEPARTMENT OF THE NAVY (NAVSEA) (W8483-227594/001/USW~000)","UNITED STATES DEPARTMENT OF THE NAVY (NAVSEA) (W8483-227594/001/USW~000)","W8483-227594/001/USW","000","W8483-227594","","W8483-227594/001/USW","1","2023-05-25","2023-04-24","","","2030-05-24","3000000.00","3000000.00","CAD","","","","","","","*N2835","*Gas Turbines and Jet Engines; Non-Aircraft Prime Mover, Aircraft Non-Prime Mover, and Components","*Turbines à gaz et moteurs à réaction; appareil moteur non-aéronef, appareil non-moteur d aéronefs, et composants","","","","*GD","","","Non-competitive","Non concurrentielle","Government Objectives Representing Best Interests/Value to Govt","Objectifs gouvern.  représentant  les meilleurs intérets/valeur pour l'État","","","*None","*Aucun","","","UNITED STATES DEPARTMENT OF THE NAVY (NAVSEA)","UNITED STATES DEPARTMENT OF THE NAVY (NAVSEA)","UNITED STATES DEPARTMENT OF THE NAVY (NAVSEA)","UNITED STATES DEPARTMENT OF THE NAVY (NAVSEA)","Not applicable","Not applicable","UNKNOWN","INCONNU","2521 South Clark Street<br>Suite 800","2521 South Clark Street<br>Suite 800","Arlington","Arlington","Virginia","Virginia","22202-3928","United States","United States","Public Works and Government Services Canada","Travaux publics et Services gouvernementaux Canada","","","","","","","","","","Department of National Defence","Ministère de la défense nationale","NDHQ","N/D","ATTN DGMEPM NP - DMARP<br>101 COLONEL BY DR,OTTAWA,Ontario,K1A0K2,Canada","ATTN DGMEPM NP - DMARP<br>101 COLONEL BY DR,OTTAWA,Ontario,K1A0K2,Canada","","","","","","","","","","","","","","","",""
"CANADIAN BABBITT BEARINGS LTD (F7044-220205/001/ML~000)","CANADIAN BABBITT BEARINGS LTD (F7044-220205/001/ML~000)","F7044-220205/001/ML","000","F7044-220205","","F7044-220205/001/ML","5","2024-01-31","2023-12-08","","","2024-03-31","661039.00","1323981.00","CAD","","","","","","","*N3120","*Bearings, Plain, Unmounted","*Paliers lisses nus","","","","*GD","","","Competitive - Open bidding","Concurrentielle - Invitation ouverte à soumissionner","Lowest Price","Prix le plus bas","","","*Canadian Free Trade Agreement (CFTA)","*Accord de libre-échange canadien (ALEC)","","","Canadian Babbitt Bearings Ltd.","Canadian Babbitt Bearings Ltd.","CANADIAN BABBITT BEARINGS LTD","CANADIAN BABBITT BEARINGS LTD","Canadian Babbitt Bearings Ltd.","Canadian Babbitt Bearings Ltd.","100 to 199 employees","100 à 199 employés","64 Dalkeith Drive","64 Dalkeith Drive","Brantford","Brantford","Ontario","Ontario","N3P1N6","Canada","Canada","Public Works and Government Services Canada","Travaux publics et Services gouvernementaux Canada","","","","","","","","","","Fisheries and Oceans Canada / Fisheries and Oceans Canada","Pêches et Océans Canada / Pêches et Océans Canada","D/PROJ.MGR STIMULUS PACKAGE / D/PROJ.MGR STIMULUS PACKAGE","GEST.A.PRGM PLAN ACTION ECON. / GEST.A.PRGM PLAN ACTION ECON.","INTEGRATED TECHNICAL SERVICES<br>200 KENT ST STN. 7W060,OTTAWA,Ontario,K1A0E6,Canada / INTEGRATED TECHNICAL SERVICES<br>200 KENT ST STN. 7W060,OTTAWA,Ontario,K1A0E6,Canada","INTEGRATED TECHNICAL SERVICES<br>200 KENT ST STN. 7W060,OTTAWA,Ontario,K1A0E6,Canada / INTEGRATED TECHNICAL SERVICES<br>200 KENT ST STN. 7W060,OTTAWA,Ontario,K1A0E6,Canada","","","","","","","","","","","","","","","",""
"WAJAX LTD (5P213-232209/001/ML~000)","WAJAX LTD (5P213-232209/001/ML~000)","5P213-232209/001/ML","000","5P213-232209","","5P213-232209/001/ML","1","2024-04-29","2023-12-14","","","2024-03-31","133571.00","133571.00","CAD","","","","","","","*N2815","*Diesel Engines and Components","*Moteurs diesel et composants","","","","*GD","","","Non-competitive","Non concurrentielle","","","Exclusive Rights","Droits exclusifs","*Canadian Free Trade Agreement (CFTA)","*Accord de libre-échange canadien (ALEC)","","","Wajax limited","Wajax limited","WAJAX LTD","WAJAX LTD","Wajax limited","Wajax limited","2500 to 4999 employees","2500 à 4999 employés","10 Diesel Drive","10 Diesel Drive","Toronto","Toronto","Ontario","Ontario","M8W2T8","Canada","Canada","Public Works and Government Services Canada","Travaux publics et Services gouvernementaux Canada","","","","","","","","","","Parks Canada","Parcs Canada","MINGAN FIELD UNIT","UNITE GESTION MINGAN","1340 DE LA DIGUE,HAVRE ST PIERRE,Quebec,G0G1P0,Canada","1340 DE LA DIGUE,HAVRE ST PIERRE,Quebec,G0G1P0,Canada","","","","","","","","","","","","","","","",""
"WAJAX LTD (F7049-230198/001/ML~000)","WAJAX LTD (F7049-230198/001/ML~000)","F7049-230198/001/ML","000","F7049-230198","","F7049-230198/001/ML","2","2024-04-29","2024-02-27","","","2025-02-26","255231.00","256947.00","CAD","","","","","","","*N2815","*Diesel Engines and Components","*Moteurs diesel et composants","","","","*GD","","","Non-competitive","Non concurrentielle","","","Exclusive Rights","Droits exclusifs","*Canadian Free Trade Agreement (CFTA)","*Accord de libre-échange canadien (ALEC)","","","Wajax limited","Wajax limited","WAJAX LTD","WAJAX LTD","Wajax limited","Wajax limited","2500 to 4999 employees","2500 à 4999 employés","10 Diesel Drive","10 Diesel Drive","Toronto","Toronto","Ontario","Ontario","M8W2T8","Canada","Canada","Public Works and Government Services Canada","Travaux publics et Services gouvernementaux Canada","","","","","","","","","","Fisheries and Oceans Canada","Pêches et Océans Canada","INTEGRATED TECHNICAL SERVICES","SERVICES TECHNIQUES INTEGRÉS","VLE MLM PROGRAM<br>200 KENT ST., STN 7N157,OTTAWA,Ontario,K1A0E6,Canada","VLE MLM PROGRAM<br>200 KENT ST., STN 7N157,OTTAWA,Ontario,K1A0E6,Canada","","","","","","","","","","","","","","","",""
"HAWBOLDT INDUSTRIES (1989) LTD (W8482-230649/001/ML~000)","HAWBOLDT INDUSTRIES (1989) LTD (W8482-230649/001/ML~000)","W8482-230649/001/ML","000","W8482-230649","","W8482-230649/001/ML","1","2024-07-27","2024-01-30","","","2028-12-31","2500000.00","2500000.00","CAD","","","","","","","*N3950","*Winches, Hoists, Cranes and Derricks","*Treuils, monte-charge, grues, tours et derricks","","","","*GD","","","Non-competitive","Non concurrentielle","","","Exclusive Rights","Droits exclusifs","*Comprehensive and Progressive Agreement for Trans-Pacific Partnership (CPTPP)
*Canada-Chile Free Trade Agreement (CCFTA)
* Other trade agreements not listed here may apply
*Canada-European Union Comprehensive Economic and Trade Agreement (CETA)
*World Trade Organization Agreement on Government Procurement (WTO GPA)
*Canada-Panama Free Trade Agreement
*Canada-Colombia Free Trade Agreement
*Canada-UK Trade Continuity Agreement (Canada-UK TCA)
*Canada-Peru Free Trade Agreement (CPFTA)","*Accord de Partenariat transpacifique global et progressiste (PTPGP)
*Accord de libre-échange Canada-Chili (ALECC)
*d'autres accords commerciaux non répertoriés ici peuvent s'appliquer
*Accord économique et commercial global (AECG) entre le Canada et l’Union européenne (UE)
*Accord sur les marchés publics de l'Organisation mondiale du commerce (AMP-OMC)
*Accord de libre-échange Canada-Panama
*Accord de libre-échange Canada-Colombie
*Accord de continuité commerciale Canada–Royaume-Uni (ACC Canada-Royaume-Uni)
*Accord de libre-échange Canada-Pérou (ALECP)","","","HAWBOLDT INDUSTRIES (1989) LIMITED","HAWBOLDT INDUSTRIES (1989) LIMITED","HAWBOLDT INDUSTRIES (1989) LTD","HAWBOLDT INDUSTRIES (1989) LTD","HAWBOLDT INDUSTRIES (1989) LTD","HAWBOLDT INDUSTRIES (1989) LTD","50 to 99 employees","50 à 99 employés","PO Box 80<br>220 Windsor Road","PO Box 80<br>220 Windsor Road","Chester","Chester","Nova Scotia","Nova Scotia","B0J1J0","Canada","Canada","Public Works and Government Services Canada","Travaux publics et Services gouvernementaux Canada","","","","","","","","","","Department of National Defence","Ministère de la défense nationale","NDHQ","N/D","ATTN DGMEPM NP - DMARP<br>101 COLONEL BY DR.,OTTAWA,Ontario,K1A0K2,Canada","ATTN DGMEPM NP - DMARP<br>101 COLONEL BY DR.,OTTAWA,Ontario,K1A0K2,Canada","","","","","","","","","","","","","","","",""
"XYLEM CANADA LP (F7047-220004/001/ERD~000)","XYLEM CANADA LP (F7047-220004/001/ERD~000)","F7047-220004/001/ERD","000","F7047-220004","","F7047-220004/001/ERD","3","2024-07-27","2023-10-24","","","2025-03-31","1250737.00","1376710.62","CAD","","","","","","","*N4235","*Hazardous Material Spill Containment and Clean-up Equipment and Material","*Retenue des fuites et débordements de produits dangereux et matérial de nettoyage","","","","*GD","","","Competitive - Open bidding","Concurrentielle - Invitation ouverte à soumissionner","Lowest Price","Prix le plus bas","","","*Canada-Peru Free Trade Agreement (CPFTA)
*Canada-European Union Comprehensive Economic and Trade Agreement (CETA)
*Comprehensive and Progressive Agreement for Trans-Pacific Partnership (CPTPP)
*Canada-Chile Free Trade Agreement (CCFTA)
* Other trade agreements not listed here may apply
*Canada-Colombia Free Trade Agreement
*Canada-Panama Free Trade Agreement
*Canada-UK Trade Continuity Agreement (Canada-UK TCA)
*World Trade Organization Agreement on Government Procurement (WTO GPA)","*Accord de libre-échange Canada-Pérou (ALECP)
*Accord économique et commercial global (AECG) entre le Canada et l’Union européenne (UE)
*Accord de Partenariat transpacifique global et progressiste (PTPGP)
*Accord de libre-échange Canada-Chili (ALECC)
*d'autres accords commerciaux non répertoriés ici peuvent s'appliquer
*Accord de libre-échange Canada-Colombie
*Accord de libre-échange Canada-Panama
*Accord de continuité commerciale Canada–Royaume-Uni (ACC Canada-Royaume-Uni)
*Accord sur les marchés publics de l'Organisation mondiale du commerce (AMP-OMC)","","","Xylem Canada LP","Xylem Canada LP","XYLEM CANADA LP","XYLEM CANADA LP","Xylem Canada LP","Xylem Canada LP","10 to 19 employees","10 à 19 employés","93 Claireville Drive,","93 Claireville Drive,","TORONTO,","TORONTO,","Ontario","Ontario","M9W6K9","Canada","Canada","Public Works and Government Services Canada","Travaux publics et Services gouvernementaux Canada","","","","","","","","","","Fisheries and Oceans Canada","Pêches et Océans Canada","CCG DIRECTOR SERVICES DELIVERY","DIRECTEUR, PRESTATN DE SERVICE","INTEGRATED TECHNICAL SERVICES<br>200 KENT ST - STN 7S036,OTTAWA,Ontario,K1A0E6,Canada","INTEGRATED TECHNICAL SERVICES<br>200 KENT ST - STN 7S036,OTTAWA,Ontario,K1A0E6,Canada","","","","","","","","","","","","","","","",""
"GEA MECHANICAL EQUIPMENT INC (W8482-229539/001/ML~000)","GEA MECHANICAL EQUIPMENT INC (W8482-229539/001/ML~000)","W8482-229539/001/ML","000","W8482-229539","","W8482-229539/001/ML","2","2024-07-27","2023-07-20","","","2025-03-31","2093922.00","2093922.00","CAD","","","","","","","*N4330","*Centrifugals, Separators, and Pressure and Vacuum Filters","*Centrifugeurs, séparateurs et filtres à pression et à vide","","","","*GD","","","Non-competitive","Non concurrentielle","","","Exclusive Rights","Droits exclusifs","*Canada-Peru Free Trade Agreement (CPFTA)
*Canada-Chile Free Trade Agreement (CCFTA)
* Other trade agreements not listed here may apply
*Canada-European Union Comprehensive Economic and Trade Agreement (CETA)
*Comprehensive and Progressive Agreement for Trans-Pacific Partnership (CPTPP)
*Canada-Colombia Free Trade Agreement
*Canada-UK Trade Continuity Agreement (Canada-UK TCA)
*Canada-Panama Free Trade Agreement
*World Trade Organization Agreement on Government Procurement (WTO GPA)","*Accord de libre-échange Canada-Pérou (ALECP)
*Accord de libre-échange Canada-Chili (ALECC)
*d'autres accords commerciaux non répertoriés ici peuvent s'appliquer
*Accord économique et commercial global (AECG) entre le Canada et l’Union européenne (UE)
*Accord de Partenariat transpacifique global et progressiste (PTPGP)
*Accord de libre-échange Canada-Colombie
*Accord de continuité commerciale Canada–Royaume-Uni (ACC Canada-Royaume-Uni)
*Accord de libre-échange Canada-Panama
*Accord sur les marchés publics de l'Organisation mondiale du commerce (AMP-OMC)","","","GEA CANADA INC.","GEA CANADA INC.","GEA MECHANICAL EQUIPMENT INC","GEA MECHANICAL EQUIPMENT INC","GEA CANADA INC.","GEA CANADA INC.","10 to 19 employees","10 à 19 employés","4145 North Service Road<br>2nd floor","4145 North Service Road<br>2nd floor","Burlington","Burlington","Ontario","Ontario","L7L6A3","Canada","Canada","Public Works and Government Services Canada","Travaux publics et Services gouvernementaux Canada","","","","","","","","","","Department of National Defence","Ministère de la défense nationale","NDHQ","N/D","ATTN DGMEPM NP - DMARP<br>101 COLONEL BY DR.,OTTAWA,Ontario,K1A0K2,Canada","ATTN DGMEPM NP - DMARP<br>101 COLONEL BY DR.,OTTAWA,Ontario,K1A0K2,Canada","","","","","","","","","","","","","","","",""
"EMCON EMANATION CONTROL LTD (W8474-238416/001/QH~000)","EMCON EMANATION CONTROL LTD (W8474-238416/001/QH~000)","W8474-238416/001/QH","000","W8474-238416","","W8474-238416/001/QH","1","2025-03-03","2023-08-01","","","2024-08-01","185465.00","185465.00","CAD","","","","","","","*N5810","*Communications Security Equipment and Components","*Équipements de sécurité des télécommunications et composants","","","","*GD","","","Non-competitive","Non concurrentielle","Government Objectives Representing Best Interests/Value to Govt","Objectifs gouvern.  représentant  les meilleurs intérets/valeur pour l'État","","","*None","*Aucun","","","EMCON Emanation Control Ltd.","EMCON Emanation Control Ltd.","EMCON EMANATION CONTROL LTD","EMCON EMANATION CONTROL LTD","EMCON Emanation Control","EMCON Emanation Control","10 to 19 employees","10 à 19 employés","360 Terry Fox Drive","360 Terry Fox Drive","Kanata","Kanata","Ontario","Ontario","K2K2P5","Canada","Canada","Public Works and Government Services Canada","Travaux publics et Services gouvernementaux Canada","","","","","","","","","","Department of National Defence","Ministère de la défense nationale","NDHQ","QGDN","101 COLONEL BY DRIVE,OTTAWA,Ontario,K1A0K2,Canada","101 COLONEL BY DRIVE,OTTAWA,Ontario,K1A0K2,Canada","","","","","","","","","","","","","","","",""
"MDA SYSTEMS (23240-240164/001/QF~000)","MDA SYSTEMS (23240-240164/001/QF~000)","23240-240164/001/QF","000","23240-240164","","23240-240164/001/QF","2","2024-03-05","2024-02-19","","","2029-12-31","3500000.00","3500000.00","CAD","","","","","","","*N5820","*Radio and Television Communications Equipment, Except Airborne","*Matériel de communications radio et télévisuel, sauf aéroporté","","","","*GD","","","Non-competitive","Non concurrentielle","","","Exclusive Rights","Droits exclusifs","*Canadian Free Trade Agreement (CFTA)","*Accord de libre-échange canadien (ALEC)","","","MDA SYSTEMS LTD.","MDA SYSTEMS LTD.","MDA SYSTEMS","MDA SYSTEMS","MDA Systems","MDA Systems","500 to 999 employees","500  à  999 employés","13800 Commerce Parkway","13800 Commerce Parkway","Richmond","Richmond","British Columbia","British Columbia","V6V2J3","Canada","Canada","Public Works and Government Services Canada","Travaux publics et Services gouvernementaux Canada","","","","","","","","","","Natural Resources Canada","Ressources naturelles Canada","CONTRACTING & PROCUREMENT","N/D","4TH FL<br>580 BOOTH ST,OTTAWA,Ontario,K1A0E4,Canada","4TH FL<br>580 BOOTH ST,OTTAWA,Ontario,K1A0E4,Canada","","","","","","","","","","","","","","","",""
"15119120 CANADA INC (EN960-231030/001/ZF~000)","15119120 CANADA INC (EN960-231030/001/ZF~000)","EN960-231030/001/ZF","000","EN960-231030","","EN960-231030/001/ZF","7","2023-10-25","2023-09-21","","","2024-06-30","113000.00","602290.00","CAD","","","","","","","*R109B","*Language Interpretation Services","*Services d'interprétation","","","","*SRV","","","Competitive - Open bidding","Concurrentielle - Invitation ouverte à soumissionner","Highest Combined Rating of Technical Merit and Price","Cote combinée la plus élevée pour le mérite technique et le prix","","","*Canadian Free Trade Agreement (CFTA)","*Accord de libre-échange canadien (ALEC)","","","15119120 Canada Inc","15119120 Canada Inc","15119120 CANADA INC","15119120 CANADA INC","15119120 Canada Inc","15119120 Canada Inc","1 to 4 employees","1 à 4 employés","18, Rue Pierre Corneille","18, Rue Pierre Corneille","Gatineau","Gatineau","Quebec","Quebec","J9J2P8","Canada","Canada","Public Works and Government Services Canada","Travaux publics et Services gouvernementaux Canada","","","","","","","","","","Public Works and Government Services Canada","Travaux publics et Services gouvernementaux Canada","CONFERENCE INTERPRETATION","INTERPRETATION CONFERENCES","EDIF. VANGUARD 4E ÉTAGE<br>171 SLATER ST,OTTAWA,Ontario,K1A0S5,Canada","EDIF. VANGUARD 4E ÉTAGE<br>171 SLATER ST,OTTAWA,Ontario,K1A0S5,Canada","","","","","","","","","","","","","","","",""
"PATLON AIRCRAFT & INDUSTRIES LTD (W8482-231090/001/ML~000)","PATLON AIRCRAFT & INDUSTRIES LTD (W8482-231090/001/ML~000)","W8482-231090/001/ML","000","W8482-231090","","W8482-231090/001/ML","2","2023-09-22","2023-09-13","","","2024-09-30","907685.00","907685.00","CAD","","","","","","","*N4730","*Hose, Pipe, Tube, Lubrication, and Railing Fittings","*Raccords pour tuyaux souples, tuyaux, tubes, et rampes et balustrades et raccords de graissage","","","","*GD","","","Competitive - Traditional","Concurrentielle - Traditionnelle","Lowest Price","Prix le plus bas","","","","","","","Patlon Aircraft & Industries Limited","Patlon Aircraft & Industries Limited","PATLON AIRCRAFT & INDUSTRIES LTD","PATLON AIRCRAFT & INDUSTRIES LTD","Patlon Aircraft & Industries Limited","Patlon Aircraft & Industries Limited","20 to 49 employees","20 à 49 employés","8130 Fifth Line","8130 Fifth Line","Halton Hills","Halton Hills","Ontario","Ontario","L7G0B8","Canada","Canada","Public Works and Government Services Canada","Travaux publics et Services gouvernementaux Canada","","","","","","","","","","Department of National Defence","Ministère de la défense nationale","NDHQ","N/D","ATTN DGMEPM NP - DMARP<br>101 COLONEL BY DR.,OTTAWA,Ontario,K1A0K2,Canada","ATTN DGMEPM NP - DMARP<br>101 COLONEL BY DR.,OTTAWA,Ontario,K1A0K2,Canada","","","","","","","","","","","","","","","",""
"UNITED STATES DEPARTMENT OF THE NAVY (NAVAIR) (W8485-237355/001/USW~000)","UNITED STATES DEPARTMENT OF THE NAVY (NAVAIR) (W8485-237355/001/USW~000)","W8485-237355/001/USW","000","W8485-237355","","W8485-237355/001/USW","1","2025-05-27","2023-12-01","","","2030-12-31","4998302.00","4998302.00","CAD","","","","","","","*N4920","*Aircraft Maintenance and Repair Shop Specialized Equipment","*Équipement spécialisé pour ateliers de réparations et d'entretien d'aéronefs","","","","*GD","","","Non-competitive","Non concurrentielle","Government Objectives Representing Best Interests/Value to Govt","Objectifs gouvern.  représentant  les meilleurs intérets/valeur pour l'État","","","*None","*Aucun","","","UNITED STATES DEPARTMENT OF THE NAVY (NAVAIR)","UNITED STATES DEPARTMENT OF THE NAVY (NAVAIR)","UNITED STATES DEPARTMENT OF THE NAVY (NAVAIR)","UNITED STATES DEPARTMENT OF THE NAVY (NAVAIR)","Not applicable","Not applicable","UNKNOWN","INCONNU","2521 South Clark Street<br>Suite 800","2521 South Clark Street<br>Suite 800","Arlington","Arlington","Virginia","Virginia","22202-3928","United States","United States","Public Works and Government Services Canada","Travaux publics et Services gouvernementaux Canada","","","","","","","","","","Department of National Defence","Ministère de la défense nationale","NDHQ","N/D","DGAEPM<br>101 COLONEL BY DR.,OTTAWA,Ontario,K1A0K2,Canada","DGAEPM<br>101 COLONEL BY DR.,OTTAWA,Ontario,K1A0K2,Canada","","","","","","","","","","","","","","","",""
"EMCON EMANATION CONTROL LTD (QA001-234251/001/QH~000)","EMCON EMANATION CONTROL LTD (QA001-234251/001/QH~000)","QA001-234251/001/QH","000","QA001-234251","","QA001-234251/001/QH","1","2024-01-31","2023-09-12","","","2024-03-31","20116.00","20116.00","CAD","","","","","","","*N5810","*Communications Security Equipment and Components","*Équipements de sécurité des télécommunications et composants","","","","*GD","","","Competitive - Traditional","Concurrentielle - Traditionnelle","Lowest Price","Prix le plus bas","","","*None","*Aucun","","","EMCON Emanation Control Ltd.","EMCON Emanation Control Ltd.","EMCON EMANATION CONTROL LTD","EMCON EMANATION CONTROL LTD","EMCON Emanation Control","EMCON Emanation Control","10 to 19 employees","10 à 19 employés","360 Terry Fox Drive","360 Terry Fox Drive","Kanata","Kanata","Ontario","Ontario","K2K2P5","Canada","Canada","Public Works and Government Services Canada","Travaux publics et Services gouvernementaux Canada","","","","","","","","","","Office of Infrastructure of Canada / Office of Infrastructure of Canada","Bureau de l'infrastructure du Canada / Bureau de l'infrastructure du Canada","FINANCE / FINANCE","N/D / N/D","1100 - 180 KENT ST.,OTTAWA,Ontario,K1P0B6,Canada / 1100 - 180 KENT ST.,OTTAWA,Ontario,K1P0B6,Canada","1100 - 180 KENT ST.,OTTAWA,Ontario,K1P0B6,Canada / 1100 - 180 KENT ST.,OTTAWA,Ontario,K1P0B6,Canada","","","","","","","","","","","","","","","",""
"3242447 CANADA INC (EN960-231030/002/ZF~000)","3242447 CANADA INC (EN960-231030/002/ZF~000)","EN960-231030/002/ZF","000","EN960-231030","","EN960-231030/002/ZF","5","2023-10-25","2023-09-21","","","2024-06-30","113000.00","363860.00","CAD","","","","","","","*R109B","*Language Interpretation Services","*Services d'interprétation","","","","*SRV","","","Competitive - Open bidding","Concurrentielle - Invitation ouverte à soumissionner","Highest Combined Rating of Technical Merit and Price","Cote combinée la plus élevée pour le mérite technique et le prix","","","*Canadian Free Trade Agreement (CFTA)","*Accord de libre-échange canadien (ALEC)","","","3242447 Canada Inc.","3242447 Canada Inc.","3242447 CANADA INC","3242447 CANADA INC","3242447 Canada Inc.","3242447 Canada Inc.","1 to 4 employees","1 à 4 employés","1173 Bordeau Grove","1173 Bordeau Grove","Ottawa","Ottawa","Ontario","Ontario","K1C2M6","Canada","Canada","Public Works and Government Services Canada","Travaux publics et Services gouvernementaux Canada","","","","","","","","","","Public Works and Government Services Canada","Travaux publics et Services gouvernementaux Canada","CONFERENCE INTERPRETATION","INTERPRETATION CONFERENCES","EDIF. VANGUARD 4E ÉTAGE<br>171 SLATER ST,OTTAWA,Ontario,K1A0S5,Canada","EDIF. VANGUARD 4E ÉTAGE<br>171 SLATER ST,OTTAWA,Ontario,K1A0S5,Canada","","","","","","","","","","","","","","","",""
"4016017 CANADA INC (EN960-231030/003/ZF~000)","4016017 CANADA INC (EN960-231030/003/ZF~000)","EN960-231030/003/ZF","000","EN960-231030","","EN960-231030/003/ZF","6","2023-10-25","2023-09-21","","","2024-06-30","101700.00","241820.00","CAD","","","","","","","*R109B","*Language Interpretation Services","*Services d'interprétation","","","","*SRV","","","Competitive - Open bidding","Concurrentielle - Invitation ouverte à soumissionner","Highest Combined Rating of Technical Merit and Price","Cote combinée la plus élevée pour le mérite technique et le prix","","","*Canadian Free Trade Agreement (CFTA)","*Accord de libre-échange canadien (ALEC)","","","4016017 Canada Inc.","4016017 Canada Inc.","4016017 CANADA INC","4016017 CANADA INC","4016017 Canada Inc.","4016017 Canada Inc.","1 to 4 employees","1 à 4 employés","Chantal Hamel<br>74 Marcel-Chaput","Chantal Hamel<br>74 Marcel-Chaput","Gatineau","Gatineau","Quebec","Quebec","J9A3B2","Canada","Canada","Public Works and Government Services Canada","Travaux publics et Services gouvernementaux Canada","","","","","","","","","","Public Works and Government Services Canada","Travaux publics et Services gouvernementaux Canada","CONFERENCE INTERPRETATION","INTERPRETATION CONFERENCES","EDIF. VANGUARD 4E ÉTAGE<br>171 SLATER ST,OTTAWA,Ontario,K1A0S5,Canada","EDIF. VANGUARD 4E ÉTAGE<br>171 SLATER ST,OTTAWA,Ontario,K1A0S5,Canada","","","","","","","","","","","","","","","",""
"FTA COMMUNICATIONS (EN960-231030/004/ZF~000)","FTA COMMUNICATIONS (EN960-231030/004/ZF~000)","EN960-231030/004/ZF","000","EN960-231030","","EN960-231030/004/ZF","6","2023-10-25","2023-09-21","","","2024-06-30","28250.00","93790.00","CAD","","","","","","","*R109B","*Language Interpretation Services","*Services d'interprétation","","","","*SRV","","","Competitive - Open bidding","Concurrentielle - Invitation ouverte à soumissionner","Highest Combined Rating of Technical Merit and Price","Cote combinée la plus élevée pour le mérite technique et le prix","","","*Canadian Free Trade Agreement (CFTA)","*Accord de libre-échange canadien (ALEC)","","","4164741 CANADA INC.","4164741 CANADA INC.","FTA COMMUNICATIONS","FTA COMMUNICATIONS","FTA Communications","FTA Communications","1 to 4 employees","1 à 4 employés","FTA Communications<br>104 Av. de Bathurst","FTA Communications<br>104 Av. de Bathurst","Pointe-Claire","Pointe-Claire","Quebec","Quebec","H9S4Z8","Canada","Canada","Public Works and Government Services Canada","Travaux publics et Services gouvernementaux Canada","","","","","","","","","","Public Works and Government Services Canada","Travaux publics et Services gouvernementaux Canada","CONFERENCE INTERPRETATION","INTERPRETATION CONFERENCES","EDIF. VANGUARD 4E ÉTAGE<br>171 SLATER ST,OTTAWA,Ontario,K1A0S5,Canada","EDIF. VANGUARD 4E ÉTAGE<br>171 SLATER ST,OTTAWA,Ontario,K1A0S5,Canada","","","","","","","","","","","","","","","",""
"4180801 CANADA INC (EN960-231030/005/ZF~000)","4180801 CANADA INC (EN960-231030/005/ZF~000)","EN960-231030/005/ZF","000","EN960-231030","","EN960-231030/005/ZF","5","2023-10-25","2023-09-21","","","2024-06-30","28250.00","116390.00","CAD","","","","","","","*R109B","*Language Interpretation Services","*Services d'interprétation","","","","*SRV","","","Competitive - Open bidding","Concurrentielle - Invitation ouverte à soumissionner","Highest Combined Rating of Technical Merit and Price","Cote combinée la plus élevée pour le mérite technique et le prix","","","*Canadian Free Trade Agreement (CFTA)","*Accord de libre-échange canadien (ALEC)","","","4180801 CANADA INC","4180801 CANADA INC","4180801 CANADA INC","4180801 CANADA INC","4180801 CANADA INC","4180801 CANADA INC","1 to 4 employees","1 à 4 employés","David Roberts<br>37 Westpark Drive","David Roberts<br>37 Westpark Drive","Ottawa","Ottawa","Ontario","Ontario","K1B3G6","Canada","Canada","Public Works and Government Services Canada","Travaux publics et Services gouvernementaux Canada","","","","","","","","","","Public Works and Government Services Canada","Travaux publics et Services gouvernementaux Canada","CONFERENCE INTERPRETATION","INTERPRETATION CONFERENCES","EDIF. VANGUARD 4E ÉTAGE<br>171 SLATER ST,OTTAWA,Ontario,K1A0S5,Canada","EDIF. VANGUARD 4E ÉTAGE<br>171 SLATER ST,OTTAWA,Ontario,K1A0S5,Canada","","","","","","","","","","","","","","","",""
"914078 ONTARIO INC (EN960-231030/006/ZF~000)","914078 ONTARIO INC (EN960-231030/006/ZF~000)","EN960-231030/006/ZF","000","EN960-231030","","EN960-231030/006/ZF","5","2023-10-25","2023-09-21","","","2024-06-30","84750.00","183060.00","CAD","","","","","","","*R109B","*Language Interpretation Services","*Services d'interprétation","","","","*SRV","","","Competitive - Open bidding","Concurrentielle - Invitation ouverte à soumissionner","Highest Combined Rating of Technical Merit and Price","Cote combinée la plus élevée pour le mérite technique et le prix","","","*Canadian Free Trade Agreement (CFTA)","*Accord de libre-échange canadien (ALEC)","","","914078 Ontario Inc.","914078 Ontario Inc.","914078 ONTARIO INC","914078 ONTARIO INC","914078 Ontario Inc.","914078 Ontario Inc.","1 to 4 employees","1 à 4 employés","1104 - 20 Driveway","1104 - 20 Driveway","Ottawa","Ottawa","Ontario","Ontario","K2P1C8","Canada","Canada","Public Works and Government Services Canada","Travaux publics et Services gouvernementaux Canada","","","","","","","","","","Public Works and Government Services Canada","Travaux publics et Services gouvernementaux Canada","CONFERENCE INTERPRETATION","INTERPRETATION CONFERENCES","EDIF. VANGUARD 4E ÉTAGE<br>171 SLATER ST,OTTAWA,Ontario,K1A0S5,Canada","EDIF. VANGUARD 4E ÉTAGE<br>171 SLATER ST,OTTAWA,Ontario,K1A0S5,Canada","","","","","","","","","","","","","","","",""
"AIDI CONSULTING INC (EN960-231030/007/ZF~000)","AIDI CONSULTING INC (EN960-231030/007/ZF~000)","EN960-231030/007/ZF","000","EN960-231030","","EN960-231030/007/ZF","5","2023-10-25","2023-09-21","","","2024-06-30","84750.00","159330.00","CAD","","","","","","","*R109B","*Language Interpretation Services","*Services d'interprétation","","","","*SRV","","","Competitive - Open bidding","Concurrentielle - Invitation ouverte à soumissionner","Highest Combined Rating of Technical Merit and Price","Cote combinée la plus élevée pour le mérite technique et le prix","","","*Canadian Free Trade Agreement (CFTA)","*Accord de libre-échange canadien (ALEC)","","","Aidi Consulting Inc.","Aidi Consulting Inc.","AIDI CONSULTING INC","AIDI CONSULTING INC","Aidi Consulting Inc.","Aidi Consulting Inc.","1 to 4 employees","1 à 4 employés","9 rue Arthur-Graveline, apt. 1","9 rue Arthur-Graveline, apt. 1","Gatineau","Gatineau","Quebec","Quebec","J9J0X8","Canada","Canada","Public Works and Government Services Canada","Travaux publics et Services gouvernementaux Canada","","","","","","","","","","Public Works and Government Services Canada","Travaux publics et Services gouvernementaux Canada","CONFERENCE INTERPRETATION","INTERPRETATION CONFERENCES","EDIF. VANGUARD 4E ÉTAGE<br>171 SLATER ST,OTTAWA,Ontario,K1A0S5,Canada","EDIF. VANGUARD 4E ÉTAGE<br>171 SLATER ST,OTTAWA,Ontario,K1A0S5,Canada","","","","","","","","","","","","","","","",""
"ALAN A MOORHEAD (EN960-231030/008/ZF~000)","ALAN A MOORHEAD (EN960-231030/008/ZF~000)","EN960-231030/008/ZF","000","EN960-231030","","EN960-231030/008/ZF","5","2023-10-25","2023-09-21","","","2024-06-30","101700.00","219220.00","CAD","","","","","","","*R109B","*Language Interpretation Services","*Services d'interprétation","","","","*SRV","","","Competitive - Open bidding","Concurrentielle - Invitation ouverte à soumissionner","Highest Combined Rating of Technical Merit and Price","Cote combinée la plus élevée pour le mérite technique et le prix","","","*Canadian Free Trade Agreement (CFTA)","*Accord de libre-échange canadien (ALEC)","","","Alan A  Moorhead","Alan A  Moorhead","ALAN A MOORHEAD","ALAN A MOORHEAD","Alan A  Moorhead","Alan A  Moorhead","1 to 4 employees","1 à 4 employés","45 Carlton Street , Apt 718","45 Carlton Street , Apt 718","Toronto","Toronto","Ontario","Ontario","M5B2H9","Canada","Canada","Public Works and Government Services Canada","Travaux publics et Services gouvernementaux Canada","","","","","","","","","","Public Works and Government Services Canada","Travaux publics et Services gouvernementaux Canada","CONFERENCE INTERPRETATION","INTERPRETATION CONFERENCES","EDIF. VANGUARD 4E ÉTAGE<br>171 SLATER ST,OTTAWA,Ontario,K1A0S5,Canada","EDIF. VANGUARD 4E ÉTAGE<br>171 SLATER ST,OTTAWA,Ontario,K1A0S5,Canada","","","","","","","","","","","","","","","",""
"BEAUDRY ALBERT (EN960-231030/009/ZF~000)","BEAUDRY ALBERT (EN960-231030/009/ZF~000)","EN960-231030/009/ZF","000","EN960-231030","","EN960-231030/009/ZF","8","2023-10-25","2023-09-21","","","2024-06-30","73450.00","322050.00","CAD","","","","","","","*R109B","*Language Interpretation Services","*Services d'interprétation","","","","*SRV","","","Competitive - Open bidding","Concurrentielle - Invitation ouverte à soumissionner","Highest Combined Rating of Technical Merit and Price","Cote combinée la plus élevée pour le mérite technique et le prix","","","*Canadian Free Trade Agreement (CFTA)","*Accord de libre-échange canadien (ALEC)","","","Beaudry Albert","Beaudry Albert","BEAUDRY ALBERT","BEAUDRY ALBERT","Beaudry Albert","Beaudry Albert","Self-employed","Travailleur autonome","5608, Plantagenêt","5608, Plantagenêt","Montréal","Montréal","Quebec","Quebec","H3T1S2","Canada","Canada","Public Works and Government Services Canada","Travaux publics et Services gouvernementaux Canada","","","","","","","","","","Public Works and Government Services Canada","Travaux publics et Services gouvernementaux Canada","CONFERENCE INTERPRETATION","INTERPRETATION CONFERENCES","EDIF. VANGUARD 4E ÉTAGE<br>171 SLATER ST,OTTAWA,Ontario,K1A0S5,Canada","EDIF. VANGUARD 4E ÉTAGE<br>171 SLATER ST,OTTAWA,Ontario,K1A0S5,Canada","","","","","","","","","","","","","","","",""
"ALIONKA SKUP (EN960-231030/010/ZF~000)","ALIONKA SKUP (EN960-231030/010/ZF~000)","EN960-231030/010/ZF","000","EN960-231030","","EN960-231030/010/ZF","7","2023-10-25","2023-09-21","","","2024-06-30","56500.00","476860.00","CAD","","","","","","","*R109B","*Language Interpretation Services","*Services d'interprétation","","","","*SRV","","","Competitive - Open bidding","Concurrentielle - Invitation ouverte à soumissionner","Highest Combined Rating of Technical Merit and Price","Cote combinée la plus élevée pour le mérite technique et le prix","","","*Canadian Free Trade Agreement (CFTA)","*Accord de libre-échange canadien (ALEC)","","","Alionka Skup","Alionka Skup","ALIONKA SKUP","ALIONKA SKUP","Alionka Skup","Alionka Skup","Self-employed","Travailleur autonome","3430 Ave. de l'Hotel-de-Ville","3430 Ave. de l'Hotel-de-Ville","Montreal","Montreal","Quebec","Quebec","H2X3B4","Canada","Canada","Public Works and Government Services Canada","Travaux publics et Services gouvernementaux Canada","","","","","","","","","","Public Works and Government Services Canada","Travaux publics et Services gouvernementaux Canada","CONFERENCE INTERPRETATION","INTERPRETATION CONFERENCES","EDIF. VANGUARD 4E ÉTAGE<br>171 SLATER ST,OTTAWA,Ontario,K1A0S5,Canada","EDIF. VANGUARD 4E ÉTAGE<br>171 SLATER ST,OTTAWA,Ontario,K1A0S5,Canada","","","","","","","","","","","","","","","",""
"ALISON ROY (EN960-231030/011/ZF~000)","ALISON ROY (EN960-231030/011/ZF~000)","EN960-231030/011/ZF","000","EN960-231030","","EN960-231030/011/ZF","6","2023-10-25","2023-09-21","","","2024-06-30","141250.00","546920.00","CAD","","","","","","","*R109B","*Language Interpretation Services","*Services d'interprétation","","","","*SRV","","","Competitive - Open bidding","Concurrentielle - Invitation ouverte à soumissionner","Highest Combined Rating of Technical Merit and Price","Cote combinée la plus élevée pour le mérite technique et le prix","","","*Canadian Free Trade Agreement (CFTA)","*Accord de libre-échange canadien (ALEC)","","","Alison Roy","Alison Roy","ALISON ROY","ALISON ROY","Alison Roy","Alison Roy","Self-employed","Travailleur autonome","156 Bexhill Drive","156 Bexhill Drive","Beaconsfield","Beaconsfield","Quebec","Quebec","H9W3A7","Canada","Canada","Public Works and Government Services Canada","Travaux publics et Services gouvernementaux Canada","","","","","","","","","","Public Works and Government Services Canada","Travaux publics et Services gouvernementaux Canada","CONFERENCE INTERPRETATION","INTERPRETATION CONFERENCES","EDIF. VANGUARD 4E ÉTAGE<br>171 SLATER ST,OTTAWA,Ontario,K1A0S5,Canada","EDIF. VANGUARD 4E ÉTAGE<br>171 SLATER ST,OTTAWA,Ontario,K1A0S5,Canada","","","","","","","","","","","","","","","",""
"ANNA FIECHTER (EN960-231030/012/ZF~000)","ANNA FIECHTER (EN960-231030/012/ZF~000)","EN960-231030/012/ZF","000","EN960-231030","","EN960-231030/012/ZF","4","2023-10-25","2023-09-21","","","2024-06-30","22600.00","100570.00","CAD","","","","","","","*R109B","*Language Interpretation Services","*Services d'interprétation","","","","*SRV","","","Competitive - Open bidding","Concurrentielle - Invitation ouverte à soumissionner","Highest Combined Rating of Technical Merit and Price","Cote combinée la plus élevée pour le mérite technique et le prix","","","*Canadian Free Trade Agreement (CFTA)","*Accord de libre-échange canadien (ALEC)","","","ANNA FIECHTER","ANNA FIECHTER","ANNA FIECHTER","ANNA FIECHTER","ANNA FIECHTER","ANNA FIECHTER","1 to 4 employees","1 à 4 employés","1835 Hanbury Rd","1835 Hanbury Rd","Roberts Creek","Roberts Creek","British Columbia","British Columbia","V0N2W1","Canada","Canada","Public Works and Government Services Canada","Travaux publics et Services gouvernementaux Canada","","","","","","","","","","Public Works and Government Services Canada","Travaux publics et Services gouvernementaux Canada","CONFERENCE INTERPRETATION","INTERPRETATION CONFERENCES","EDIF. VANGUARD 4E ÉTAGE<br>171 SLATER ST,OTTAWA,Ontario,K1A0S5,Canada","EDIF. VANGUARD 4E ÉTAGE<br>171 SLATER ST,OTTAWA,Ontario,K1A0S5,Canada","","","","","","","","","","","","","","","",""
"ANNE FARKAS (EN960-231030/013/ZF~000)","ANNE FARKAS (EN960-231030/013/ZF~000)","EN960-231030/013/ZF","000","EN960-231030","","EN960-231030/013/ZF","6","2023-10-25","2023-09-21","","","2024-06-30","79100.00","160460.00","CAD","","","","","","","*R109B","*Language Interpretation Services","*Services d'interprétation","","","","*SRV","","","Competitive - Open bidding","Concurrentielle - Invitation ouverte à soumissionner","Highest Combined Rating of Technical Merit and Price","Cote combinée la plus élevée pour le mérite technique et le prix","","","*Canadian Free Trade Agreement (CFTA)","*Accord de libre-échange canadien (ALEC)","","","Anne Farkas","Anne Farkas","ANNE FARKAS","ANNE FARKAS","Anne Farkas","Anne Farkas","Self-employed","Travailleur autonome","5624 De L'esplanade","5624 De L'esplanade","Montréal","Montréal","Quebec","Quebec","H2T3A1","Canada","Canada","Public Works and Government Services Canada","Travaux publics et Services gouvernementaux Canada","","","","","","","","","","Public Works and Government Services Canada","Travaux publics et Services gouvernementaux Canada","CONFERENCE INTERPRETATION","INTERPRETATION CONFERENCES","EDIF. VANGUARD 4E ÉTAGE<br>171 SLATER ST,OTTAWA,Ontario,K1A0S5,Canada","EDIF. VANGUARD 4E ÉTAGE<br>171 SLATER ST,OTTAWA,Ontario,K1A0S5,Canada","","","","","","","","","","","","","","","",""
"TRADUCTION ET INTERPRETATION ANTHONY BLAIN (EN960-231030/015/ZF~000)","TRADUCTION ET INTERPRETATION ANTHONY BLAIN (EN960-231030/015/ZF~000)","EN960-231030/015/ZF","000","EN960-231030","","EN960-231030/015/ZF","5","2023-10-25","2023-09-21","","","2024-06-30","113000.00","177410.00","CAD","","","","","","","*R109B","*Language Interpretation Services","*Services d'interprétation","","","","*SRV","","","Competitive - Open bidding","Concurrentielle - Invitation ouverte à soumissionner","Highest Combined Rating of Technical Merit and Price","Cote combinée la plus élevée pour le mérite technique et le prix","","","*Canadian Free Trade Agreement (CFTA)","*Accord de libre-échange canadien (ALEC)","","","Anthony Blain","Anthony Blain","TRADUCTION ET INTERPRETATION ANTHONY BLAIN","TRADUCTION ET INTERPRETATION ANTHONY BLAIN","Traduction et interprétation Anthony Blain","Traduction et interprétation Anthony Blain","1 to 4 employees","1 à 4 employés","8406 Av Henri-Julien","8406 Av Henri-Julien","Montréal","Montréal","Quebec","Quebec","H2P2J4","Canada","Canada","Public Works and Government Services Canada","Travaux publics et Services gouvernementaux Canada","","","","","","","","","","Public Works and Government Services Canada","Travaux publics et Services gouvernementaux Canada","CONFERENCE INTERPRETATION","INTERPRETATION CONFERENCES","EDIF. VANGUARD 4E ÉTAGE<br>171 SLATER ST,OTTAWA,Ontario,K1A0S5,Canada","EDIF. VANGUARD 4E ÉTAGE<br>171 SLATER ST,OTTAWA,Ontario,K1A0S5,Canada","","","","","","","","","","","","","","","",""
"ARIANE DIND (EN960-231030/016/ZF~000)","ARIANE DIND (EN960-231030/016/ZF~000)","EN960-231030/016/ZF","000","EN960-231030","","EN960-231030/016/ZF","7","2023-10-25","2023-09-21","","","2024-06-30","90400.00","406800.00","CAD","","","","","","","*R109B","*Language Interpretation Services","*Services d'interprétation","","","","*SRV","","","Competitive - Open bidding","Concurrentielle - Invitation ouverte à soumissionner","Highest Combined Rating of Technical Merit and Price","Cote combinée la plus élevée pour le mérite technique et le prix","","","*Canadian Free Trade Agreement (CFTA)","*Accord de libre-échange canadien (ALEC)","","","Ariane Dind","Ariane Dind","ARIANE DIND","ARIANE DIND","Ariane Dind","Ariane Dind","Self-employed","Travailleur autonome","44 Ella St.","44 Ella St.","Ottawa","Ottawa","Ontario","Ontario","K1S2S4","Canada","Canada","Public Works and Government Services Canada","Travaux publics et Services gouvernementaux Canada","","","","","","","","","","Public Works and Government Services Canada","Travaux publics et Services gouvernementaux Canada","CONFERENCE INTERPRETATION","INTERPRETATION CONFERENCES","EDIF. VANGUARD 4E ÉTAGE<br>171 SLATER ST,OTTAWA,Ontario,K1A0S5,Canada","EDIF. VANGUARD 4E ÉTAGE<br>171 SLATER ST,OTTAWA,Ontario,K1A0S5,Canada","","","","","","","","","","","","","","","",""
"ASTRA INTERPRETATION INC (EN960-231030/017/ZF~000)","ASTRA INTERPRETATION INC (EN960-231030/017/ZF~000)","EN960-231030/017/ZF","000","EN960-231030","","EN960-231030/017/ZF","7","2023-10-25","2023-09-21","","","2024-06-30","56500.00","209050.00","CAD","","","","","","","*R109B","*Language Interpretation Services","*Services d'interprétation","","","","*SRV","","","Competitive - Traditional","Concurrentielle - Traditionnelle","Highest Combined Rating of Technical Merit and Price","Cote combinée la plus élevée pour le mérite technique et le prix","","","*Canadian Free Trade Agreement (CFTA)","*Accord de libre-échange canadien (ALEC)","","","Astra Interpretation Inc.","Astra Interpretation Inc.","ASTRA INTERPRETATION INC","ASTRA INTERPRETATION INC","Astra Interpretation Inc.","Astra Interpretation Inc.","1 to 4 employees","1 à 4 employés","669 King Edward Avenue","669 King Edward Avenue","Ottawa","Ottawa","Ontario","Ontario","K1N7N8","Canada","Canada","Public Works and Government Services Canada","Travaux publics et Services gouvernementaux Canada","","","","","","","","","","Public Works and Government Services Canada","Travaux publics et Services gouvernementaux Canada","CONFERENCE INTERPRETATION","INTERPRETATION CONFERENCES","EDIF. VANGUARD 4E ÉTAGE<br>171 SLATER ST,OTTAWA,Ontario,K1A0S5,Canada","EDIF. VANGUARD 4E ÉTAGE<br>171 SLATER ST,OTTAWA,Ontario,K1A0S5,Canada","","","","","","","","","","","","","","","",""
"AUDREY RAZAFINDRANALY (EN960-231030/018/ZF~000)","AUDREY RAZAFINDRANALY (EN960-231030/018/ZF~000)","EN960-231030/018/ZF","000","EN960-231030","","EN960-231030/018/ZF","5","2023-10-25","2023-09-21","","","2024-06-30","79100.00","265550.00","CAD","","","","","","","*R109B","*Language Interpretation Services","*Services d'interprétation","","","","*SRV","","","Competitive - Traditional","Concurrentielle - Traditionnelle","Highest Combined Rating of Technical Merit and Price","Cote combinée la plus élevée pour le mérite technique et le prix","","","*Canadian Free Trade Agreement (CFTA)","*Accord de libre-échange canadien (ALEC)","","","Audrey Razafindranaly","Audrey Razafindranaly","AUDREY RAZAFINDRANALY","AUDREY RAZAFINDRANALY","Audrey Razafindranaly","Audrey Razafindranaly","1 to 4 employees","1 à 4 employés","1126-644 Sheppard Avenue East","1126-644 Sheppard Avenue East","North York","North York","Ontario","Ontario","M2K1C1","Canada","Canada","Public Works and Government Services Canada","Travaux publics et Services gouvernementaux Canada","","","","","","","","","","Public Works and Government Services Canada","Travaux publics et Services gouvernementaux Canada","CONFERENCE INTERPRETATION","INTERPRETATION CONFERENCES","EDIF. VANGUARD 4E ÉTAGE<br>171 SLATER ST,OTTAWA,Ontario,K1A0S5,Canada","EDIF. VANGUARD 4E ÉTAGE<br>171 SLATER ST,OTTAWA,Ontario,K1A0S5,Canada","","","","","","","","","","","","","","","",""
"BERNADETTE BLAIN (EN960-231030/019/ZF~000)","BERNADETTE BLAIN (EN960-231030/019/ZF~000)","EN960-231030/019/ZF","000","EN960-231030","","EN960-231030/019/ZF","8","2023-10-25","2023-09-21","","","2024-06-30","180800.00","516410.00","CAD","","","","","","","*R109B","*Language Interpretation Services","*Services d'interprétation","","","","*SRV","","","Competitive - Open bidding","Concurrentielle - Invitation ouverte à soumissionner","Highest Combined Rating of Technical Merit and Price","Cote combinée la plus élevée pour le mérite technique et le prix","","","*Canadian Free Trade Agreement (CFTA)","*Accord de libre-échange canadien (ALEC)","","","Bernadette Blain","Bernadette Blain","BERNADETTE BLAIN","BERNADETTE BLAIN","Bernadette Blain","Bernadette Blain","1 to 4 employees","1 à 4 employés","7227 Drolet","7227 Drolet","Montréal","Montréal","Quebec","Quebec","H2R2C1","Canada","Canada","Public Works and Government Services Canada","Travaux publics et Services gouvernementaux Canada","","","","","","","","","","Public Works and Government Services Canada","Travaux publics et Services gouvernementaux Canada","CONFERENCE INTERPRETATION","INTERPRETATION CONFERENCES","EDIF. VANGUARD 4E ÉTAGE<br>171 SLATER ST,OTTAWA,Ontario,K1A0S5,Canada","EDIF. VANGUARD 4E ÉTAGE<br>171 SLATER ST,OTTAWA,Ontario,K1A0S5,Canada","","","","","","","","","","","","","","","",""
"BRYCE GRAHAM (EN960-231030/020/ZF~000)","BRYCE GRAHAM (EN960-231030/020/ZF~000)","EN960-231030/020/ZF","000","EN960-231030","","EN960-231030/020/ZF","5","2023-10-25","2023-09-21","","","2024-06-30","310750.00","702860.00","CAD","","","","","","","*R109B","*Language Interpretation Services","*Services d'interprétation","","","","*SRV","","","Competitive - Open bidding","Concurrentielle - Invitation ouverte à soumissionner","Highest Combined Rating of Technical Merit and Price","Cote combinée la plus élevée pour le mérite technique et le prix","","","*Canadian Free Trade Agreement (CFTA)","*Accord de libre-échange canadien (ALEC)","","","Bryce Graham","Bryce Graham","BRYCE GRAHAM","BRYCE GRAHAM","Bryce Graham","Bryce Graham","1 to 4 employees","1 à 4 employés","300 Lisgar St<br>Suite 503","300 Lisgar St<br>Suite 503","Ottawa","Ottawa","Ontario","Ontario","K2P0E2","Canada","Canada","Public Works and Government Services Canada","Travaux publics et Services gouvernementaux Canada","","","","","","","","","","Public Works and Government Services Canada","Travaux publics et Services gouvernementaux Canada","CONFERENCE INTERPRETATION","INTERPRETATION CONFERENCES","EDIF. VANGUARD 4E ÉTAGE<br>171 SLATER ST,OTTAWA,Ontario,K1A0S5,Canada","EDIF. VANGUARD 4E ÉTAGE<br>171 SLATER ST,OTTAWA,Ontario,K1A0S5,Canada","","","","","","","","","","","","","","","",""
"ANNE ROGIER INC (EN960-231030/014/ZF~000)","ANNE ROGIER INC (EN960-231030/014/ZF~000)","EN960-231030/014/ZF","000","EN960-231030","","EN960-231030/014/ZF","3","2023-10-25","2023-09-21","","","2024-06-30","152550.00","28250.00","CAD","","","","","","","*R109B","*Language Interpretation Services","*Services d'interprétation","","","","*SRV","","","Competitive - Open bidding","Concurrentielle - Invitation ouverte à soumissionner","Highest Combined Rating of Technical Merit and Price","Cote combinée la plus élevée pour le mérite technique et le prix","","","*Canadian Free Trade Agreement (CFTA)","*Accord de libre-échange canadien (ALEC)","","","Anne Rogier inc.","Anne Rogier inc.","ANNE ROGIER INC","ANNE ROGIER INC","Anne Rogier inc.","Anne Rogier inc.","1 to 4 employees","1 à 4 employés","1054, avenue Chaumont","1054, avenue Chaumont","Sillery","Sillery","Quebec","Quebec","G1S1B2","Canada","Canada","Public Works and Government Services Canada","Travaux publics et Services gouvernementaux Canada","","","","","","","","","","Public Works and Government Services Canada","Travaux publics et Services gouvernementaux Canada","CONFERENCE INTERPRETATION","INTERPRETATION CONFERENCES","EDIF. VANGUARD 4E ÉTAGE<br>171 SLATER ST,OTTAWA,Ontario,K1A0S5,Canada","EDIF. VANGUARD 4E ÉTAGE<br>171 SLATER ST,OTTAWA,Ontario,K1A0S5,Canada","","","","","","","","","","","","","","","",""
"CK INTERPRETING SERVICES (EN960-231030/021/ZF~000)","CK INTERPRETING SERVICES (EN960-231030/021/ZF~000)","EN960-231030/021/ZF","000","EN960-231030","","EN960-231030/021/ZF","3","2023-10-25","2023-09-21","","","2024-06-30","56500.00","45200.00","CAD","","","","","","","*R109B","*Language Interpretation Services","*Services d'interprétation","","","","*SRV","","","Competitive - Open bidding","Concurrentielle - Invitation ouverte à soumissionner","Highest Combined Rating of Technical Merit and Price","Cote combinée la plus élevée pour le mérite technique et le prix","","","*Canadian Free Trade Agreement (CFTA)","*Accord de libre-échange canadien (ALEC)","","","CARLA E KOCH","CARLA E KOCH","CK INTERPRETING SERVICES","CK INTERPRETING SERVICES","CK Interpreting Services","CK Interpreting Services","1 to 4 employees","1 à 4 employés","503-2025 Bellevue Av","503-2025 Bellevue Av","West Vancouver","West Vancouver","British Columbia","British Columbia","V7V1B9","Canada","Canada","Public Works and Government Services Canada","Travaux publics et Services gouvernementaux Canada","","","","","","","","","","Public Works and Government Services Canada","Travaux publics et Services gouvernementaux Canada","CONFERENCE INTERPRETATION","INTERPRETATION CONFERENCES","EDIF. VANGUARD 4E ÉTAGE<br>171 SLATER ST,OTTAWA,Ontario,K1A0S5,Canada","EDIF. VANGUARD 4E ÉTAGE<br>171 SLATER ST,OTTAWA,Ontario,K1A0S5,Canada","","","","","","","","","","","","","","","",""
"CAROL CARD (EN960-231030/022/ZF~000)","CAROL CARD (EN960-231030/022/ZF~000)","EN960-231030/022/ZF","000","EN960-231030","","EN960-231030/022/ZF","5","2023-10-25","2023-09-21","","","2024-06-30","67800.00","194360.00","CAD","","","","","","","*R109B","*Language Interpretation Services","*Services d'interprétation","","","","*SRV","","","Competitive - Open bidding","Concurrentielle - Invitation ouverte à soumissionner","Highest Combined Rating of Technical Merit and Price","Cote combinée la plus élevée pour le mérite technique et le prix","","","*Canadian Free Trade Agreement (CFTA)","*Accord de libre-échange canadien (ALEC)","","","CAROL CARD","CAROL CARD","CAROL CARD","CAROL CARD","CAROL CARD","CAROL CARD","1 to 4 employees","1 à 4 employés","21 Beverley Avenue","21 Beverley Avenue","Ottawa","Ottawa","Ontario","Ontario","K1Y1M7","Canada","Canada","Public Works and Government Services Canada","Travaux publics et Services gouvernementaux Canada","","","","","","","","","","Public Works and Government Services Canada","Travaux publics et Services gouvernementaux Canada","CONFERENCE INTERPRETATION","INTERPRETATION CONFERENCES","EDIF. VANGUARD 4E ÉTAGE<br>171 SLATER ST,OTTAWA,Ontario,K1A0S5,Canada","EDIF. VANGUARD 4E ÉTAGE<br>171 SLATER ST,OTTAWA,Ontario,K1A0S5,Canada","","","","","","","","","","","","","","","",""
"CAROLINE NAPIER (EN960-231030/024/ZF~000)","CAROLINE NAPIER (EN960-231030/024/ZF~000)","EN960-231030/024/ZF","000","EN960-231030","","EN960-231030/024/ZF","4","2023-10-25","2023-09-21","","","2024-06-30","28250.00","28250.00","CAD","","","","","","","*R109B","*Language Interpretation Services","*Services d'interprétation","","","","*SRV","","","Competitive - Open bidding","Concurrentielle - Invitation ouverte à soumissionner","Highest Combined Rating of Technical Merit and Price","Cote combinée la plus élevée pour le mérite technique et le prix","","","*Canadian Free Trade Agreement (CFTA)","*Accord de libre-échange canadien (ALEC)","","","Caroline Napier","Caroline Napier","CAROLINE NAPIER","CAROLINE NAPIER","Caroline Napier","Caroline Napier","1 to 4 employees","1 à 4 employés","330 rue Marlatt","330 rue Marlatt","Saint-Laurent","Saint-Laurent","Quebec","Quebec","H4M2G9","Canada","Canada","Public Works and Government Services Canada","Travaux publics et Services gouvernementaux Canada","","","","","","","","","","Public Works and Government Services Canada","Travaux publics et Services gouvernementaux Canada","CONFERENCE INTERPRETATION","INTERPRETATION CONFERENCES","EDIF. VANGUARD 4E ÉTAGE<br>171 SLATER ST,OTTAWA,Ontario,K1A0S5,Canada","EDIF. VANGUARD 4E ÉTAGE<br>171 SLATER ST,OTTAWA,Ontario,K1A0S5,Canada","","","","","","","","","","","","","","","",""
"CAROLINE SCHUTZE (EN960-231030/025/ZF~000)","CAROLINE SCHUTZE (EN960-231030/025/ZF~000)","EN960-231030/025/ZF","000","EN960-231030","","EN960-231030/025/ZF","7","2023-10-25","2023-09-21","","","2024-06-30","39550.00","146900.00","CAD","","","","","","","*R109B","*Language Interpretation Services","*Services d'interprétation","","","","*SRV","","","Competitive - Traditional","Concurrentielle - Traditionnelle","Highest Combined Rating of Technical Merit and Price","Cote combinée la plus élevée pour le mérite technique et le prix","","","*Canadian Free Trade Agreement (CFTA)","*Accord de libre-échange canadien (ALEC)","","","Caroline Schutze","Caroline Schutze","CAROLINE SCHUTZE","CAROLINE SCHUTZE","Caroline Schutze","Caroline Schutze","1 to 4 employees","1 à 4 employés","7365 Des Écores","7365 Des Écores","Montreal","Montreal","Quebec","Quebec","H2E2W3","Canada","Canada","Public Works and Government Services Canada","Travaux publics et Services gouvernementaux Canada","","","","","","","","","","Public Works and Government Services Canada","Travaux publics et Services gouvernementaux Canada","CONFERENCE INTERPRETATION","INTERPRETATION CONFERENCES","EDIF. VANGUARD 4E ÉTAGE<br>171 SLATER ST,OTTAWA,Ontario,K1A0S5,Canada","EDIF. VANGUARD 4E ÉTAGE<br>171 SLATER ST,OTTAWA,Ontario,K1A0S5,Canada","","","","","","","","","","","","","","","",""
"CAROLE CHENIER (EN960-231030/023/ZF~000)","CAROLE CHENIER (EN960-231030/023/ZF~000)","EN960-231030/023/ZF","000","EN960-231030","","EN960-231030/023/ZF","2","2023-10-25","2023-09-21","","","2024-06-30","28250.00","28250.00","CAD","","","","","","","*R109B","*Language Interpretation Services","*Services d'interprétation","","","","*SRV","","","Competitive - Open bidding","Concurrentielle - Invitation ouverte à soumissionner","Highest Combined Rating of Technical Merit and Price","Cote combinée la plus élevée pour le mérite technique et le prix","","","*Canadian Free Trade Agreement (CFTA)","*Accord de libre-échange canadien (ALEC)","","","Carole Chénier","Carole Chénier","CAROLE CHENIER","CAROLE CHENIER","Carole Chénier","Carole Chénier","1 to 4 employees","1 à 4 employés","221, rue Crichton","221, rue Crichton","Ottawa","Ottawa","Ontario","Ontario","K1M1W3","Canada","Canada","Public Works and Government Services Canada","Travaux publics et Services gouvernementaux Canada","","","","","","","","","","Public Works and Government Services Canada","Travaux publics et Services gouvernementaux Canada","CONFERENCE INTERPRETATION","INTERPRETATION CONFERENCES","EDIF. VANGUARD 4E ÉTAGE<br>171 SLATER ST,OTTAWA,Ontario,K1A0S5,Canada","EDIF. VANGUARD 4E ÉTAGE<br>171 SLATER ST,OTTAWA,Ontario,K1A0S5,Canada","","","","","","","","","","","","","","","",""
"CATHERINE COX (EN960-231030/026/ZF~000)","CATHERINE COX (EN960-231030/026/ZF~000)","EN960-231030/026/ZF","000","EN960-231030","","EN960-231030/026/ZF","3","2023-10-25","2023-09-21","","","2024-06-30","56500.00","56500.00","CAD","","","","","","","*R109B","*Language Interpretation Services","*Services d'interprétation","","","","*SRV","","","Competitive - Open bidding","Concurrentielle - Invitation ouverte à soumissionner","Highest Combined Rating of Technical Merit and Price","Cote combinée la plus élevée pour le mérite technique et le prix","","","*Canadian Free Trade Agreement (CFTA)","*Accord de libre-échange canadien (ALEC)","","","Catherine Cox","Catherine Cox","CATHERINE COX","CATHERINE COX","Catherine Cox","Catherine Cox","Self-employed","Travailleur autonome","166 Charlton Av W","166 Charlton Av W","Hamilton","Hamilton","Ontario","Ontario","L8P2C7","Canada","Canada","Public Works and Government Services Canada","Travaux publics et Services gouvernementaux Canada","","","","","","","","","","Public Works and Government Services Canada","Travaux publics et Services gouvernementaux Canada","CONFERENCE INTERPRETATION","INTERPRETATION CONFERENCES","EDIF. VANGUARD 4E ÉTAGE<br>171 SLATER ST,OTTAWA,Ontario,K1A0S5,Canada","EDIF. VANGUARD 4E ÉTAGE<br>171 SLATER ST,OTTAWA,Ontario,K1A0S5,Canada","","","","","","","","","","","","","","","",""
"CERI BELLINGER (EN960-231030/027/ZF~000)","CERI BELLINGER (EN960-231030/027/ZF~000)","EN960-231030/027/ZF","000","EN960-231030","","EN960-231030/027/ZF","5","2023-10-25","2023-09-21","","","2024-06-30","56500.00","178540.00","CAD","","","","","","","*R109B","*Language Interpretation Services","*Services d'interprétation","","","","*SRV","","","Competitive - Open bidding","Concurrentielle - Invitation ouverte à soumissionner","Highest Combined Rating of Technical Merit and Price","Cote combinée la plus élevée pour le mérite technique et le prix","","","*Canadian Free Trade Agreement (CFTA)","*Accord de libre-échange canadien (ALEC)","","","Ceri Bellinger","Ceri Bellinger","CERI BELLINGER","CERI BELLINGER","Ceri Bellinger","Ceri Bellinger","1 to 4 employees","1 à 4 employés","14 Herschel Crescent","14 Herschel Crescent","Kanata","Kanata","Ontario","Ontario","K2L1Z6","Canada","Canada","Public Works and Government Services Canada","Travaux publics et Services gouvernementaux Canada","","","","","","","","","","Public Works and Government Services Canada","Travaux publics et Services gouvernementaux Canada","CONFERENCE INTERPRETATION","INTERPRETATION CONFERENCES","EDIF. VANGUARD 4E ÉTAGE<br>171 SLATER ST,OTTAWA,Ontario,K1A0S5,Canada","EDIF. VANGUARD 4E ÉTAGE<br>171 SLATER ST,OTTAWA,Ontario,K1A0S5,Canada","","","","","","","","","","","","","","","",""
"CHRISTIANE KRAUSHAAR (EN960-231030/028/ZF~000)","CHRISTIANE KRAUSHAAR (EN960-231030/028/ZF~000)","EN960-231030/028/ZF","000","EN960-231030","","EN960-231030/028/ZF","4","2023-10-25","2023-09-21","","","2024-06-30","28250.00","28250.00","CAD","","","","","","","*R109B","*Language Interpretation Services","*Services d'interprétation","","","","*SRV","","","Competitive - Open bidding","Concurrentielle - Invitation ouverte à soumissionner","Highest Combined Rating of Technical Merit and Price","Cote combinée la plus élevée pour le mérite technique et le prix","","","*Canadian Free Trade Agreement (CFTA)","*Accord de libre-échange canadien (ALEC)","","","Christiane Kraushaar","Christiane Kraushaar","CHRISTIANE KRAUSHAAR","CHRISTIANE KRAUSHAAR","Christiane Kraushaar","Christiane Kraushaar","1 to 4 employees","1 à 4 employés","125, rue Elmire<br>#312","125, rue Elmire<br>#312","Montréal","Montréal","Quebec","Quebec","H2T1J9","Canada","Canada","Public Works and Government Services Canada","Travaux publics et Services gouvernementaux Canada","","","","","","","","","","Public Works and Government Services Canada","Travaux publics et Services gouvernementaux Canada","CONFERENCE INTERPRETATION","INTERPRETATION CONFERENCES","EDIF. VANGUARD 4E ÉTAGE<br>171 SLATER ST,OTTAWA,Ontario,K1A0S5,Canada","EDIF. VANGUARD 4E ÉTAGE<br>171 SLATER ST,OTTAWA,Ontario,K1A0S5,Canada","","","","","","","","","","","","","","","",""
"COMMUNICATIONS TAKATO INC (EN960-231030/029/ZF~000)","COMMUNICATIONS TAKATO INC (EN960-231030/029/ZF~000)","EN960-231030/029/ZF","000","EN960-231030","","EN960-231030/029/ZF","6","2023-10-25","2023-09-21","","","2024-06-30","28250.00","203400.00","CAD","","","","","","","*R109B","*Language Interpretation Services","*Services d'interprétation","","","","*SRV","","","Competitive - Open bidding","Concurrentielle - Invitation ouverte à soumissionner","Highest Combined Rating of Technical Merit and Price","Cote combinée la plus élevée pour le mérite technique et le prix","","","*Canadian Free Trade Agreement (CFTA)","*Accord de libre-échange canadien (ALEC)","","","COMMUNICATIONS TAKATO INC. / TAKATO COMMUNICATIONS INC.","COMMUNICATIONS TAKATO INC. / TAKATO COMMUNICATIONS INC.","COMMUNICATIONS TAKATO INC","COMMUNICATIONS TAKATO INC","COMMUNICATIONS TAKATO INC.","COMMUNICATIONS TAKATO INC.","1 to 4 employees","1 à 4 employés","GENEVIEVE BEAULNES<br>351 AV QUERBES","GENEVIEVE BEAULNES<br>351 AV QUERBES","OUTREMONT","OUTREMONT","Quebec","Quebec","H2V3W1","Canada","Canada","Public Works and Government Services Canada","Travaux publics et Services gouvernementaux Canada","","","","","","","","","","Public Works and Government Services Canada","Travaux publics et Services gouvernementaux Canada","CONFERENCE INTERPRETATION","INTERPRETATION CONFERENCES","EDIF. VANGUARD 4E ÉTAGE<br>171 SLATER ST,OTTAWA,Ontario,K1A0S5,Canada","EDIF. VANGUARD 4E ÉTAGE<br>171 SLATER ST,OTTAWA,Ontario,K1A0S5,Canada","","","","","","","","","","","","","","","",""
"DONALD SUGDEN (EN960-231030/030/ZF~000)","DONALD SUGDEN (EN960-231030/030/ZF~000)","EN960-231030/030/ZF","000","EN960-231030","","EN960-231030/030/ZF","3","2023-10-25","2023-09-21","","","2024-06-30","28250.00","28250.00","CAD","","","","","","","*R109B","*Language Interpretation Services","*Services d'interprétation","","","","*SRV","","","Competitive - Open bidding","Concurrentielle - Invitation ouverte à soumissionner","Highest Combined Rating of Technical Merit and Price","Cote combinée la plus élevée pour le mérite technique et le prix","","","*Canadian Free Trade Agreement (CFTA)","*Accord de libre-échange canadien (ALEC)","","","Donald Sugden","Donald Sugden","DONALD SUGDEN","DONALD SUGDEN","Donald Sugden","Donald Sugden","1 to 4 employees","1 à 4 employés","931 Foul Bay Road, Apt. 5","931 Foul Bay Road, Apt. 5","Victoria","Victoria","British Columbia","British Columbia","V8S4H9","Canada","Canada","Public Works and Government Services Canada","Travaux publics et Services gouvernementaux Canada","","","","","","","","","","Public Works and Government Services Canada","Travaux publics et Services gouvernementaux Canada","CONFERENCE INTERPRETATION","INTERPRETATION CONFERENCES","EDIF. VANGUARD 4E ÉTAGE<br>171 SLATER ST,OTTAWA,Ontario,K1A0S5,Canada","EDIF. VANGUARD 4E ÉTAGE<br>171 SLATER ST,OTTAWA,Ontario,K1A0S5,Canada","","","","","","","","","","","","","","","",""
"DORON HOROWITZ (EN960-231030/031/ZF~000)","DORON HOROWITZ (EN960-231030/031/ZF~000)","EN960-231030/031/ZF","000","EN960-231030","","EN960-231030/031/ZF","3","2023-10-25","2023-09-21","","","2024-06-30","28250.00","28250.00","CAD","","","","","","","*R109B","*Language Interpretation Services","*Services d'interprétation","","","","*SRV","","","Competitive - Open bidding","Concurrentielle - Invitation ouverte à soumissionner","Highest Combined Rating of Technical Merit and Price","Cote combinée la plus élevée pour le mérite technique et le prix","","","*Canadian Free Trade Agreement (CFTA)","*Accord de libre-échange canadien (ALEC)","","","Doron Horowitz","Doron Horowitz","DORON HOROWITZ","DORON HOROWITZ","Doron Horowitz","Doron Horowitz","1 to 4 employees","1 à 4 employés","815-45 Carlton St.","815-45 Carlton St.","Toronto","Toronto","Ontario","Ontario","M5B2H9","Canada","Canada","Public Works and Government Services Canada","Travaux publics et Services gouvernementaux Canada","","","","","","","","","","Public Works and Government Services Canada","Travaux publics et Services gouvernementaux Canada","CONFERENCE INTERPRETATION","INTERPRETATION CONFERENCES","EDIF. VANGUARD 4E ÉTAGE<br>171 SLATER ST,OTTAWA,Ontario,K1A0S5,Canada","EDIF. VANGUARD 4E ÉTAGE<br>171 SLATER ST,OTTAWA,Ontario,K1A0S5,Canada","","","","","","","","","","","","","","","",""
"ELISABETH SEYMOUR-GERMAIN (EN960-231030/032/ZF~000)","ELISABETH SEYMOUR-GERMAIN (EN960-231030/032/ZF~000)","EN960-231030/032/ZF","000","EN960-231030","","EN960-231030/032/ZF","5","2023-10-25","2023-09-21","","","2024-06-30","146900.00","285890.00","CAD","","","","","","","*R109B","*Language Interpretation Services","*Services d'interprétation","","","","*SRV","","","Competitive - Open bidding","Concurrentielle - Invitation ouverte à soumissionner","Highest Combined Rating of Technical Merit and Price","Cote combinée la plus élevée pour le mérite technique et le prix","","","*Canadian Free Trade Agreement (CFTA)","*Accord de libre-échange canadien (ALEC)","","","Élisabeth Seymour-Germain","Élisabeth Seymour-Germain","ELISABETH SEYMOUR-GERMAIN","ELISABETH SEYMOUR-GERMAIN","Élisabeth Seymour-Germain","Élisabeth Seymour-Germain","1 to 4 employees","1 à 4 employés","24, rue Eastern","24, rue Eastern","Gatineau","Gatineau","Quebec","Quebec","J9H2L1","Canada","Canada","Public Works and Government Services Canada","Travaux publics et Services gouvernementaux Canada","","","","","","","","","","Public Works and Government Services Canada","Travaux publics et Services gouvernementaux Canada","CONFERENCE INTERPRETATION","INTERPRETATION CONFERENCES","EDIF. VANGUARD 4E ÉTAGE<br>171 SLATER ST,OTTAWA,Ontario,K1A0S5,Canada","EDIF. VANGUARD 4E ÉTAGE<br>171 SLATER ST,OTTAWA,Ontario,K1A0S5,Canada","","","","","","","","","","","","","","","",""
"EMMANUEL HERIQUE (EN960-231030/033/ZF~000)","EMMANUEL HERIQUE (EN960-231030/033/ZF~000)","EN960-231030/033/ZF","000","EN960-231030","","EN960-231030/033/ZF","5","2023-10-25","2023-09-21","","","2024-06-30","33900.00","66670.00","CAD","","","","","","","*R109B","*Language Interpretation Services","*Services d'interprétation","","","","*SRV","","","Competitive - Open bidding","Concurrentielle - Invitation ouverte à soumissionner","Highest Combined Rating of Technical Merit and Price","Cote combinée la plus élevée pour le mérite technique et le prix","","","*Canadian Free Trade Agreement (CFTA)","*Accord de libre-échange canadien (ALEC)","","","Emmanuel Herique","Emmanuel Herique","EMMANUEL HERIQUE","EMMANUEL HERIQUE","Emmanuel Herique","Emmanuel Herique","1 to 4 employees","1 à 4 employés","Emmanuel Herique<br>Apt 305, 1014 Rockland Avenue","Emmanuel Herique<br>Apt 305, 1014 Rockland Avenue","Victoria","Victoria","British Columbia","British Columbia","V8V3H5","Canada","Canada","Public Works and Government Services Canada","Travaux publics et Services gouvernementaux Canada","","","","","","","","","","Public Works and Government Services Canada","Travaux publics et Services gouvernementaux Canada","CONFERENCE INTERPRETATION","INTERPRETATION CONFERENCES","EDIF. VANGUARD 4E ÉTAGE<br>171 SLATER ST,OTTAWA,Ontario,K1A0S5,Canada","EDIF. VANGUARD 4E ÉTAGE<br>171 SLATER ST,OTTAWA,Ontario,K1A0S5,Canada","","","","","","","","","","","","","","","",""
"FRANCK ROGER BLANDIGNERES (EN960-231030/035/ZF~000)","FRANCK ROGER BLANDIGNERES (EN960-231030/035/ZF~000)","EN960-231030/035/ZF","000","EN960-231030","","EN960-231030/035/ZF","7","2023-10-25","2023-09-21","","","2024-06-30","45200.00","299450.00","CAD","","","","","","","*R109B","*Language Interpretation Services","*Services d'interprétation","","","","*SRV","","","Competitive - Open bidding","Concurrentielle - Invitation ouverte à soumissionner","Highest Combined Rating of Technical Merit and Price","Cote combinée la plus élevée pour le mérite technique et le prix","","","*Canadian Free Trade Agreement (CFTA)","*Accord de libre-échange canadien (ALEC)","","","Franck Roger Blandigneres","Franck Roger Blandigneres","FRANCK ROGER BLANDIGNERES","FRANCK ROGER BLANDIGNERES","Franck Roger Blandigneres","Franck Roger Blandigneres","1 to 4 employees","1 à 4 employés","1167 St Anne's Road, app. 408","1167 St Anne's Road, app. 408","Winnipeg","Winnipeg","Manitoba","Manitoba","R2N0B9","Canada","Canada","Public Works and Government Services Canada","Travaux publics et Services gouvernementaux Canada","","","","","","","","","","Public Works and Government Services Canada","Travaux publics et Services gouvernementaux Canada","CONFERENCE INTERPRETATION","INTERPRETATION CONFERENCES","EDIF. VANGUARD 4E ÉTAGE<br>171 SLATER ST,OTTAWA,Ontario,K1A0S5,Canada","EDIF. VANGUARD 4E ÉTAGE<br>171 SLATER ST,OTTAWA,Ontario,K1A0S5,Canada","","","","","","","","","","","","","","","",""
"FRANCINE ROY (EN960-231030/034/ZF~000)","FRANCINE ROY (EN960-231030/034/ZF~000)","EN960-231030/034/ZF","000","EN960-231030","","EN960-231030/034/ZF","3","2023-10-25","2023-09-21","","","2024-06-30","169500.00","146900.00","CAD","","","","","","","*R109B","*Language Interpretation Services","*Services d'interprétation","","","","*SRV","","","Competitive - Open bidding","Concurrentielle - Invitation ouverte à soumissionner","Highest Combined Rating of Technical Merit and Price","Cote combinée la plus élevée pour le mérite technique et le prix","","","*Canadian Free Trade Agreement (CFTA)","*Accord de libre-échange canadien (ALEC)","","","Francine Roy","Francine Roy","FRANCINE ROY","FRANCINE ROY","Francine Roy","Francine Roy","1 to 4 employees","1 à 4 employés","17 rue des Narcisses","17 rue des Narcisses","Gatineau","Gatineau","Quebec","Quebec","J9A1T2","Canada","Canada","Public Works and Government Services Canada","Travaux publics et Services gouvernementaux Canada","","","","","","","","","","Public Works and Government Services Canada","Travaux publics et Services gouvernementaux Canada","CONFERENCE INTERPRETATION","INTERPRETATION CONFERENCES","EDIF. VANGUARD 4E ÉTAGE<br>171 SLATER ST,OTTAWA,Ontario,K1A0S5,Canada","EDIF. VANGUARD 4E ÉTAGE<br>171 SLATER ST,OTTAWA,Ontario,K1A0S5,Canada","","","","","","","","","","","","","","","",""
"GENDREAU LUC (EN960-231030/036/ZF~000)","GENDREAU LUC (EN960-231030/036/ZF~000)","EN960-231030/036/ZF","000","EN960-231030","","EN960-231030/036/ZF","3","2023-10-25","2023-09-21","","","2024-06-30","28250.00","28250.00","CAD","","","","","","","*R109B","*Language Interpretation Services","*Services d'interprétation","","","","*SRV","","","Competitive - Open bidding","Concurrentielle - Invitation ouverte à soumissionner","Highest Combined Rating of Technical Merit and Price","Cote combinée la plus élevée pour le mérite technique et le prix","","","*Canadian Free Trade Agreement (CFTA)","*Accord de libre-échange canadien (ALEC)","","","GENDREAU LUC","GENDREAU LUC","GENDREAU LUC","GENDREAU LUC","GENDREAU LUC","GENDREAU LUC","Self-employed","Travailleur autonome","5828, rue Tousignan","5828, rue Tousignan","Laval","Laval","Quebec","Quebec","H7K3B1","Canada","Canada","Public Works and Government Services Canada","Travaux publics et Services gouvernementaux Canada","","","","","","","","","","Public Works and Government Services Canada","Travaux publics et Services gouvernementaux Canada","CONFERENCE INTERPRETATION","INTERPRETATION CONFERENCES","EDIF. VANGUARD 4E ÉTAGE<br>171 SLATER ST,OTTAWA,Ontario,K1A0S5,Canada","EDIF. VANGUARD 4E ÉTAGE<br>171 SLATER ST,OTTAWA,Ontario,K1A0S5,Canada","","","","","","","","","","","","","","","",""
"GILA SPERER (EN960-231030/038/ZF~000)","GILA SPERER (EN960-231030/038/ZF~000)","EN960-231030/038/ZF","000","EN960-231030","","EN960-231030/038/ZF","6","2023-10-25","2023-09-21","","","2024-06-30","67800.00","137860.00","CAD","","","","","","","*R109B","*Language Interpretation Services","*Services d'interprétation","","","","*SRV","","","Competitive - Open bidding","Concurrentielle - Invitation ouverte à soumissionner","Highest Combined Rating of Technical Merit and Price","Cote combinée la plus élevée pour le mérite technique et le prix","","","*Canadian Free Trade Agreement (CFTA)","*Accord de libre-échange canadien (ALEC)","","","Gila Sperer","Gila Sperer","GILA SPERER","GILA SPERER","Gila Sperer","Gila Sperer","Self-employed","Travailleur autonome","36 Geneva Street","36 Geneva Street","Ottawa","Ottawa","Ontario","Ontario","K1Y3N7","Canada","Canada","Public Works and Government Services Canada","Travaux publics et Services gouvernementaux Canada","","","","","","","","","","Public Works and Government Services Canada","Travaux publics et Services gouvernementaux Canada","CONFERENCE INTERPRETATION","INTERPRETATION CONFERENCES","EDIF. VANGUARD 4E ÉTAGE<br>171 SLATER ST,OTTAWA,Ontario,K1A0S5,Canada","EDIF. VANGUARD 4E ÉTAGE<br>171 SLATER ST,OTTAWA,Ontario,K1A0S5,Canada","","","","","","","","","","","","","","","",""
"HELENE COUTURE MACTAVISH (EN960-231030/039/ZF~000)","HELENE COUTURE MACTAVISH (EN960-231030/039/ZF~000)","EN960-231030/039/ZF","000","EN960-231030","","EN960-231030/039/ZF","6","2023-10-25","2023-09-21","","","2024-06-30","101700.00","218090.00","CAD","","","","","","","*R109B","*Language Interpretation Services","*Services d'interprétation","","","","*SRV","","","Competitive - Open bidding","Concurrentielle - Invitation ouverte à soumissionner","Highest Combined Rating of Technical Merit and Price","Cote combinée la plus élevée pour le mérite technique et le prix","","","*Canadian Free Trade Agreement (CFTA)","*Accord de libre-échange canadien (ALEC)","","","Hélène Couture MacTavish","Hélène Couture MacTavish","HELENE COUTURE MACTAVISH","HELENE COUTURE MACTAVISH","Hélène Couture MacTavish","Hélène Couture MacTavish","1 to 4 employees","1 à 4 employés","122 Second Avenue","122 Second Avenue","Ottawa","Ottawa","Ontario","Ontario","K1S2H5","Canada","Canada","Public Works and Government Services Canada","Travaux publics et Services gouvernementaux Canada","","","","","","","","","","Public Works and Government Services Canada","Travaux publics et Services gouvernementaux Canada","CONFERENCE INTERPRETATION","INTERPRETATION CONFERENCES","EDIF. VANGUARD 4E ÉTAGE<br>171 SLATER ST,OTTAWA,Ontario,K1A0S5,Canada","EDIF. VANGUARD 4E ÉTAGE<br>171 SLATER ST,OTTAWA,Ontario,K1A0S5,Canada","","","","","","","","","","","","","","","",""
"HELENE REGIMBALD (EN960-231030/040/ZF~000)","HELENE REGIMBALD (EN960-231030/040/ZF~000)","EN960-231030/040/ZF","000","EN960-231030","","EN960-231030/040/ZF","5","2023-10-25","2023-09-21","","","2024-06-30","135600.00","316400.00","CAD","","","","","","","*R109B","*Language Interpretation Services","*Services d'interprétation","","","","*SRV","","","Competitive - Open bidding","Concurrentielle - Invitation ouverte à soumissionner","Highest Combined Rating of Technical Merit and Price","Cote combinée la plus élevée pour le mérite technique et le prix","","","*Canadian Free Trade Agreement (CFTA)","*Accord de libre-échange canadien (ALEC)","","","Hélène Regimbald","Hélène Regimbald","HELENE REGIMBALD","HELENE REGIMBALD","Hélène Regimbald","Hélène Regimbald","1 to 4 employees","1 à 4 employés","325, boul. Wilfrid-Lavigne<br>app. 426","325, boul. Wilfrid-Lavigne<br>app. 426","Gatineau","Gatineau","Quebec","Quebec","J9H0E6","Canada","Canada","Public Works and Government Services Canada","Travaux publics et Services gouvernementaux Canada","","","","","","","","","","Public Works and Government Services Canada","Travaux publics et Services gouvernementaux Canada","CONFERENCE INTERPRETATION","INTERPRETATION CONFERENCES","EDIF. VANGUARD 4E ÉTAGE<br>171 SLATER ST,OTTAWA,Ontario,K1A0S5,Canada","EDIF. VANGUARD 4E ÉTAGE<br>171 SLATER ST,OTTAWA,Ontario,K1A0S5,Canada","","","","","","","","","","","","","","","",""
"JACQUES AUDET (EN960-231030/041/ZF~000)","JACQUES AUDET (EN960-231030/041/ZF~000)","EN960-231030/041/ZF","000","EN960-231030","","EN960-231030/041/ZF","4","2023-10-25","2023-09-21","","","2024-06-30","67800.00","141250.00","CAD","","","","","","","*R109B","*Language Interpretation Services","*Services d'interprétation","","","","*SRV","","","Competitive - Open bidding","Concurrentielle - Invitation ouverte à soumissionner","Highest Combined Rating of Technical Merit and Price","Cote combinée la plus élevée pour le mérite technique et le prix","","","*Canadian Free Trade Agreement (CFTA)","*Accord de libre-échange canadien (ALEC)","","","Jacques Audet","Jacques Audet","JACQUES AUDET","JACQUES AUDET","Jacques Audet","Jacques Audet","1 to 4 employees","1 à 4 employés","62 av.Park app.1","62 av.Park app.1","Ottawa","Ottawa","Ontario","Ontario","K2P1B2","Canada","Canada","Public Works and Government Services Canada","Travaux publics et Services gouvernementaux Canada","","","","","","","","","","Public Works and Government Services Canada","Travaux publics et Services gouvernementaux Canada","CONFERENCE INTERPRETATION","INTERPRETATION CONFERENCES","EDIF. VANGUARD 4E ÉTAGE<br>171 SLATER ST,OTTAWA,Ontario,K1A0S5,Canada","EDIF. VANGUARD 4E ÉTAGE<br>171 SLATER ST,OTTAWA,Ontario,K1A0S5,Canada","","","","","","","","","","","","","","","",""
"JEAN BISPING (EN960-231030/042/ZF~000)","JEAN BISPING (EN960-231030/042/ZF~000)","EN960-231030/042/ZF","000","EN960-231030","","EN960-231030/042/ZF","7","2023-10-25","2023-09-21","","","2024-06-30","28250.00","293800.00","CAD","","","","","","","*R109B","*Language Interpretation Services","*Services d'interprétation","","","","*SRV","","","Competitive - Open bidding","Concurrentielle - Invitation ouverte à soumissionner","Highest Combined Rating of Technical Merit and Price","Cote combinée la plus élevée pour le mérite technique et le prix","","","*Canadian Free Trade Agreement (CFTA)","*Accord de libre-échange canadien (ALEC)","","","Jean Bisping","Jean Bisping","JEAN BISPING","JEAN BISPING","Jean Bisping","Jean Bisping","1 to 4 employees","1 à 4 employés","4468, av. Harvard","4468, av. Harvard","Montréal","Montréal","Quebec","Quebec","H4A2X1","Canada","Canada","Public Works and Government Services Canada","Travaux publics et Services gouvernementaux Canada","","","","","","","","","","Public Works and Government Services Canada","Travaux publics et Services gouvernementaux Canada","CONFERENCE INTERPRETATION","INTERPRETATION CONFERENCES","EDIF. VANGUARD 4E ÉTAGE<br>171 SLATER ST,OTTAWA,Ontario,K1A0S5,Canada","EDIF. VANGUARD 4E ÉTAGE<br>171 SLATER ST,OTTAWA,Ontario,K1A0S5,Canada","","","","","","","","","","","","","","","",""
"JEFF STAFLUND (EN960-231030/043/ZF~000)","JEFF STAFLUND (EN960-231030/043/ZF~000)","EN960-231030/043/ZF","000","EN960-231030","","EN960-231030/043/ZF","6","2023-10-25","2023-09-21","","","2024-06-30","28250.00","80230.00","CAD","","","","","","","*R109B","*Language Interpretation Services","*Services d'interprétation","","","","*SRV","","","Competitive - Open bidding","Concurrentielle - Invitation ouverte à soumissionner","Highest Combined Rating of Technical Merit and Price","Cote combinée la plus élevée pour le mérite technique et le prix","","","*Canadian Free Trade Agreement (CFTA)","*Accord de libre-échange canadien (ALEC)","","","Jeff Staflund","Jeff Staflund","JEFF STAFLUND","JEFF STAFLUND","Jeff Staflund","Jeff Staflund","1 to 4 employees","1 à 4 employés","1704-390 Assiniboine Avenue","1704-390 Assiniboine Avenue","Winnipeg","Winnipeg","Manitoba","Manitoba","R3C0V2","Canada","Canada","Public Works and Government Services Canada","Travaux publics et Services gouvernementaux Canada","","","","","","","","","","Public Works and Government Services Canada","Travaux publics et Services gouvernementaux Canada","CONFERENCE INTERPRETATION","INTERPRETATION CONFERENCES","EDIF. VANGUARD 4E ÉTAGE<br>171 SLATER ST,OTTAWA,Ontario,K1A0S5,Canada","EDIF. VANGUARD 4E ÉTAGE<br>171 SLATER ST,OTTAWA,Ontario,K1A0S5,Canada","","","","","","","","","","","","","","","",""
"JENNY PELLERIN-LORING (EN960-231030/044/ZF~000)","JENNY PELLERIN-LORING (EN960-231030/044/ZF~000)","EN960-231030/044/ZF","000","EN960-231030","","EN960-231030/044/ZF","4","2023-10-25","2023-09-21","","","2024-06-30","50850.00","129950.00","CAD","","","","","","","*R109B","*Language Interpretation Services","*Services d'interprétation","","","","*SRV","","","Competitive - Open bidding","Concurrentielle - Invitation ouverte à soumissionner","Highest Combined Rating of Technical Merit and Price","Cote combinée la plus élevée pour le mérite technique et le prix","","","*Canadian Free Trade Agreement (CFTA)","*Accord de libre-échange canadien (ALEC)","","","Jenny Pellerin-Loring","Jenny Pellerin-Loring","JENNY PELLERIN-LORING","JENNY PELLERIN-LORING","Jenny Pellerin-Loring","Jenny Pellerin-Loring","Self-employed","Travailleur autonome","828 June Grass Street","828 June Grass Street","Ottawa","Ottawa","Ontario","Ontario","K4A1H4","Canada","Canada","Public Works and Government Services Canada","Travaux publics et Services gouvernementaux Canada","","","","","","","","","","Public Works and Government Services Canada","Travaux publics et Services gouvernementaux Canada","CONFERENCE INTERPRETATION","INTERPRETATION CONFERENCES","EDIF. VANGUARD 4E ÉTAGE<br>171 SLATER ST,OTTAWA,Ontario,K1A0S5,Canada","EDIF. VANGUARD 4E ÉTAGE<br>171 SLATER ST,OTTAWA,Ontario,K1A0S5,Canada","","","","","","","","","","","","","","","",""
"JOHN DUFF (EN960-231030/045/ZF~000)","JOHN DUFF (EN960-231030/045/ZF~000)","EN960-231030/045/ZF","000","EN960-231030","","EN960-231030/045/ZF","4","2023-10-25","2023-09-21","","","2024-06-30","67800.00","75710.00","CAD","","","","","","","*R109B","*Language Interpretation Services","*Services d'interprétation","","","","*SRV","","","Competitive - Open bidding","Concurrentielle - Invitation ouverte à soumissionner","Highest Combined Rating of Technical Merit and Price","Cote combinée la plus élevée pour le mérite technique et le prix","","","*Canadian Free Trade Agreement (CFTA)","*Accord de libre-échange canadien (ALEC)","","","John Duff","John Duff","JOHN DUFF","JOHN DUFF","John Duff","John Duff","1 to 4 employees","1 à 4 employés","129, rue Lavigueur","129, rue Lavigueur","Québec","Québec","Quebec","Quebec","G1R1A9","Canada","Canada","Public Works and Government Services Canada","Travaux publics et Services gouvernementaux Canada","","","","","","","","","","Public Works and Government Services Canada","Travaux publics et Services gouvernementaux Canada","CONFERENCE INTERPRETATION","INTERPRETATION CONFERENCES","EDIF. VANGUARD 4E ÉTAGE<br>171 SLATER ST,OTTAWA,Ontario,K1A0S5,Canada","EDIF. VANGUARD 4E ÉTAGE<br>171 SLATER ST,OTTAWA,Ontario,K1A0S5,Canada","","","","","","","","","","","","","","","",""
"JOSEE BEAUDOIN (EN960-231030/046/ZF~000)","JOSEE BEAUDOIN (EN960-231030/046/ZF~000)","EN960-231030/046/ZF","000","EN960-231030","","EN960-231030/046/ZF","8","2023-10-25","2023-09-21","","","2024-06-30","56500.00","293800.00","CAD","","","","","","","*R109B","*Language Interpretation Services","*Services d'interprétation","","","","*SRV","","","Competitive - Open bidding","Concurrentielle - Invitation ouverte à soumissionner","Highest Combined Rating of Technical Merit and Price","Cote combinée la plus élevée pour le mérite technique et le prix","","","*Canadian Free Trade Agreement (CFTA)","*Accord de libre-échange canadien (ALEC)","","","Josée Beaudoin","Josée Beaudoin","JOSEE BEAUDOIN","JOSEE BEAUDOIN","Josée Beaudoin","Josée Beaudoin","1 to 4 employees","1 à 4 employés","225 - 58 avenue,","225 - 58 avenue,","Saint-Anicet,","Saint-Anicet,","Quebec","Quebec","J0S1M0","Canada","Canada","Public Works and Government Services Canada","Travaux publics et Services gouvernementaux Canada","","","","","","","","","","Public Works and Government Services Canada","Travaux publics et Services gouvernementaux Canada","CONFERENCE INTERPRETATION","INTERPRETATION CONFERENCES","EDIF. VANGUARD 4E ÉTAGE<br>171 SLATER ST,OTTAWA,Ontario,K1A0S5,Canada","EDIF. VANGUARD 4E ÉTAGE<br>171 SLATER ST,OTTAWA,Ontario,K1A0S5,Canada","","","","","","","","","","","","","","","",""
"JD LINTERPRETE/THE INTERPRETER (EN960-231030/048/ZF~000)","JD LINTERPRETE/THE INTERPRETER (EN960-231030/048/ZF~000)","EN960-231030/048/ZF","000","EN960-231030","","EN960-231030/048/ZF","9","2023-10-25","2023-09-21","","","2024-06-30","197750.00","465560.00","CAD","","","","","","","*R109B","*Language Interpretation Services","*Services d'interprétation","","","","*SRV","","","Competitive - Open bidding","Concurrentielle - Invitation ouverte à soumissionner","Highest Combined Rating of Technical Merit and Price","Cote combinée la plus élevée pour le mérite technique et le prix","","","*Canadian Free Trade Agreement (CFTA)","*Accord de libre-échange canadien (ALEC)","","","Josette Duchesne","Josette Duchesne","JD LINTERPRETE/THE INTERPRETER","JD LINTERPRETE/THE INTERPRETER","JD L'interprète/The Interpreter","JD L'interprète/The Interpreter","1 to 4 employees","1 à 4 employés","851, rue Jacques-Cartier","851, rue Jacques-Cartier","Gatineau","Gatineau","Quebec","Quebec","J8T2W3","Canada","Canada","Public Works and Government Services Canada","Travaux publics et Services gouvernementaux Canada","","","","","","","","","","Public Works and Government Services Canada","Travaux publics et Services gouvernementaux Canada","CONFERENCE INTERPRETATION","INTERPRETATION CONFERENCES","EDIF. VANGUARD 4E 