36,"AEROCARIBBEAN AIRLINES",-0- ,"CUBA",-0- ,-0- ,-0- ,-0- ,-0- ,-0- ,-0- ,-0- 
173,"ANGLO-CARIBBEAN CO., LTD.",-0- ,"CUBA",-0- ,-0- ,-0- ,-0- ,-0- ,-0- ,-0- ,-0- 
306,"BANCO NACIONAL DE CUBA",-0- ,"CUBA",-0- ,-0- ,-0- ,-0- ,-0- ,-0- ,-0- ,"a.k.a. 'BNC'."
424,"BOUTIQUE LA MAISON",-0- ,"CUBA",-0- ,-0- ,-0- ,-0- ,-0- ,-0- ,-0- ,-0- 
475,"CASA DE CUBA",-0- ,"CUBA",-0- ,-0- ,-0- ,-0- ,-0- ,-0- ,-0- ,-0- 
480,"CECOEX, S.A.",-0- ,"CUBA",-0- ,-0- ,-0- ,-0- ,-0- ,-0- ,-0- ,-0- 
535,"CIMEX",-0- ,"CUBA",-0- ,-0- ,-0- ,-0- ,-0- ,-0- ,-0- ,-0- 
536,"CIMEX IBERICA",-0- ,"CUBA",-0- ,-0- ,-0- ,-0- ,-0- ,-0- ,-0- ,-0- 
537,"CIMEX, S.A.",-0- ,"CUBA",-0- ,-0- ,-0- ,-0- ,-0- ,-0- ,-0- ,-0- 
540,"COMERCIAL IBEROAMERICANA, S.A.",-0- ,"CUBA",-0- ,-0- ,-0- ,-0- ,-0- ,-0- ,-0- ,-0- 
551,"COMERCIAL CIMEX, S.A.",-0- ,"CUBA",-0- ,-0- ,-0- ,-0- ,-0- ,-0- ,-0- ,-0- 
552,"COMERCIAL DE RODAJES Y MAQUINARIA, S.A.",-0- ,"CUBA",-0- ,-0- ,-0- ,-0- ,-0- ,-0- ,-0- ,-0- 
555,"COMERCIALIZACION DE PRODUCTOS VARIOS",-0- ,"CUBA",-0- ,-0- ,-0- ,-0- ,-0- ,-0- ,-0- ,-0- 
559,"COMPANIA DE IMPORTACION Y EXPORTACION IBERIA",-0- ,"CUBA",-0- ,-0- ,-0- ,-0- ,-0- ,-0- ,-0- ,-0- 
576,"CORPORACION CIMEX, S.A.",-0- ,"CUBA",-0- ,-0- ,-0- ,-0- ,-0- ,-0- ,-0- ,-0- 
578,"COTEI",-0- ,"CUBA",-0- ,-0- ,-0- ,-0- ,-0- ,-0- ,-0- ,-0- 
589,"CRYMSA - ARGENTINA, S.A.",-0- ,"CUBA",-0- ,-0- ,-0- ,-0- ,-0- ,-0- ,-0- ,-0- 
590,"CUBACANCUN CIGARS AND GIFT SHOPS",-0- ,"CUBA",-0- ,-0- ,-0- ,-0- ,-0- ,-0- ,-0- ,-0- 
591,"CUBAEXPORT",-0- ,"CUBA",-0- ,-0- ,-0- ,-0- ,-0- ,-0- ,-0- ,-0- 
592,"CUBAFRUTAS",-0- ,"CUBA",-0- ,-0- ,-0- ,-0- ,-0- ,-0- ,-0- ,-0- 
593,"CUBAN CIGARS TRADE",-0- ,"CUBA",-0- ,-0- ,-0- ,-0- ,-0- ,-0- ,-0- ,-0- 
621,"CUBANATUR",-0- ,"CUBA",-0- ,-0- ,-0- ,-0- ,-0- ,-0- ,-0- ,-0- 
622,"CUBATABACO",-0- ,"CUBA",-0- ,-0- ,-0- ,-0- ,-0- ,-0- ,-0- ,-0- 
636,"CUMEXINT, S.A.",-0- ,"CUBA",-0- ,-0- ,-0- ,-0- ,-0- ,-0- ,-0- ,-0- 
651,"DELVEST HOLDING, S.A.",-0- ,"CUBA",-0- ,-0- ,-0- ,-0- ,-0- ,-0- ,-0- ,-0- 
701,"EDICIONES CUBANAS",-0- ,"CUBA",-0- ,-0- ,-0- ,-0- ,-0- ,-0- ,-0- ,-0- 
702,"EDYJU, S.A.",-0- ,"CUBA",-0- ,-0- ,-0- ,-0- ,-0- ,-0- ,-0- ,-0- 
735,"EMPRESA CUBANA DE AVIACION",-0- ,"CUBA",-0- ,-0- ,-0- ,-0- ,-0- ,-0- ,-0- ,-0- 
751,"EMPRESA CUBANA DE PESCADOS Y MARISCOS",-0- ,"CUBA",-0- ,-0- ,-0- ,-0- ,-0- ,-0- ,-0- ,"a.k.a. 'CARIBEX'."
758,"EMPRESA DE TURISMO NACIONAL Y INTERNACIONAL",-0- ,"CUBA",-0- ,-0- ,-0- ,-0- ,-0- ,-0- ,-0- ,-0- 
767,"ETCO INTERNATIONAL COMMODITIES LTD.",-0- ,"CUBA",-0- ,-0- ,-0- ,-0- ,-0- ,-0- ,-0- ,-0- 
768,"ETCO INTERNATIONAL COMPANY, LIMITED",-0- ,"CUBA",-0- ,-0- ,-0- ,-0- ,-0- ,-0- ,-0- ,-0- 
815,"GALAX TRADING CO., LTD.",-0- ,"CUBA",-0- ,-0- ,-0- ,-0- ,-0- ,-0- ,-0- ,-0- 
906,"HAVIN BANK LIMITED",-0- ,"CUBA",-0- ,-0- ,-0- ,-0- ,-0- ,-0- ,-0- ,"SWIFT/BIC HAVIGB2L; Website www.havanaintbank.co.uk; alt. Website www.hib.uk.com; Company Number 01074897 (United Kingdom)."
907,"HAVANATUR",-0- ,"CUBA",-0- ,-0- ,-0- ,-0- ,-0- ,-0- ,-0- ,-0- 
1042,"INSTITUTO NACIONAL DE TURISMO DE CUBA",-0- ,"CUBA",-0- ,-0- ,-0- ,-0- ,-0- ,-0- ,-0- ,-0- 
1043,"INTERCONSULT",-0- ,"CUBA",-0- ,-0- ,-0- ,-0- ,-0- ,-0- ,-0- ,-0- 
1241,"KAVE, S.A.",-0- ,"CUBA",-0- ,-0- ,-0- ,-0- ,-0- ,-0- ,-0- ,-0- 
1287,"LA EMPRESA CUBANA DE FLETES",-0- ,"CUBA",-0- ,-0- ,-0- ,-0- ,-0- ,-0- ,-0- ,-0- 
1316,"LEVERAGE, S.A.",-0- ,"CUBA",-0- ,-0- ,-0- ,-0- ,-0- ,-0- ,-0- ,-0- 
1555,"NIREF",-0- ,"CUBA",-0- ,-0- ,-0- ,-0- ,-0- ,-0- ,-0- ,-0- 
1570,"NORDSTRAND LTD.",-0- ,"CUBA",-0- ,-0- ,-0- ,-0- ,-0- ,-0- ,-0- ,-0- 
1571,"NORDSTRAND MARITIME AND TRADING COMPANY",-0- ,"CUBA",-0- ,-0- ,-0- ,-0- ,-0- ,-0- ,-0- ,-0- 
1641,"PANAMERICAN IMPORT AND EXPORT COMMERCIAL CORPORATION",-0- ,"CUBA",-0- ,-0- ,-0- ,-0- ,-0- ,-0- ,-0- ,-0- 
1660,"PESCABRAVA, S.A.",-0- ,"CUBA",-0- ,-0- ,-0- ,-0- ,-0- ,-0- ,-0- ,-0- 
1700,"PRELASA",-0- ,"CUBA",-0- ,-0- ,-0- ,-0- ,-0- ,-0- ,-0- ,-0- 
1701,"PRENSA LATINA CANADA LTD.",-0- ,"CUBA",-0- ,-0- ,-0- ,-0- ,-0- ,-0- ,-0- ,-0- 
1702,"PRENSA LATINA",-0- ,"CUBA",-0- ,-0- ,-0- ,-0- ,-0- ,-0- ,-0- ,-0- 
1888,"SERVINAVES, S.A.",-0- ,"CUBA",-0- ,-0- ,-0- ,-0- ,-0- ,-0- ,-0- ,-0- 
2109,"TROBER, S.A.",-0- ,"CUBA",-0- ,-0- ,-0- ,-0- ,-0- ,-0- ,-0- ,-0- 
2110,"TROPIC TOURS GMBH",-0- ,"CUBA",-0- ,-0- ,-0- ,-0- ,-0- ,-0- ,-0- ,-0- 
2184,"VIAJES GUAMA, S.A.",-0- ,"CUBA",-0- ,-0- ,-0- ,-0- ,-0- ,-0- ,-0- ,-0- 
2186,"VINALES TOURS",-0- ,"CUBA",-0- ,-0- ,-0- ,-0- ,-0- ,-0- ,-0- ,-0- 
2674,"ABBAS, Abu","individual","SDGT","Director of PALESTINE LIBERATION FRONT - ABU ABBAS FACTION",-0- ,-0- ,-0- ,-0- ,-0- ,-0- ,"DOB 10 Dec 1948; Secondary sanctions risk: section 1(b) of Executive Order 13224, as amended by Executive Order 13886; Director of PALESTINE LIBERATION FRONT - ABU ABBAS FACTION."
2675,"AL RAHMAN, Shaykh Umar Abd","individual","SDGT","Chief Ideological Figure of ISLAMIC GAMA'AT",-0- ,-0- ,-0- ,-0- ,-0- ,-0- ,"DOB 03 May 1938; POB Egypt; Secondary sanctions risk: section 1(b) of Executive Order 13224, as amended by Executive Order 13886; Chief Ideological Figure of ISLAMIC GAMA'AT."
2676,"AL ZAWAHIRI, Dr. Ayman","individual","SDGT","Operational and Military Leader of JIHAD GROUP",-0- ,-0- ,-0- ,-0- ,-0- ,-0- ,"DOB 19 Jun 1951; POB Giza, Egypt; Secondary sanctions risk: section 1(b) of Executive Order 13224, as amended by Executive Order 13886; Passport 1084010 (Egypt); alt. Passport 19820215; Operational and Military Leader of JIHAD GROUP."
2677,"AL-ZOMOR, Abboud Abdul Latif Hassan","individual","SDGT",-0- ,-0- ,-0- ,-0- ,-0- ,-0- ,-0- ,"DOB 19 Apr 1947; POB Nahia, Giza, Egypt; nationality Egypt; Gender Male; Secondary sanctions risk: section 1(b) of Executive Order 13224, as amended by Executive Order 13886."
2678,"AWDA, Abd Al Aziz","individual","SDGT","Chief Ideological Figure of PALESTINIAN ISLAMIC JIHAD - SHIQAQI",-0- ,-0- ,-0- ,-0- ,-0- ,-0- ,"DOB 20 Dec 1950; POB Jabaliyah, Gaza Strip; nationality Palestinian; Gender Male; Secondary sanctions risk: section 1(b) of Executive Order 13224, as amended by Executive Order 13886; Chief Ideological Figure of PALESTINIAN ISLAMIC JIHAD - SHIQAQI."
2679,"FADLALLAH, Shaykh Muhammad Husayn","individual","SDGT","Leading Ideological Figure of HIZBALLAH",-0- ,-0- ,-0- ,-0- ,-0- ,-0- ,"DOB 1938; alt. DOB 1936; POB Najf Al Ashraf (Najaf), Iraq; Additional Sanctions Information - Subject to Secondary Sanctions Pursuant to the Hizballah Financial Sanctions Regulations; Secondary sanctions risk: section 1(b) of Executive Order 13224, as amended by Executive Order 13886; Leading Ideological Figure of HIZBALLAH."
2681,"HAWATMA, Nayif","individual","SDGT","Secretary General of DEMOCRATIC FRONT FOR THE LIBERATION OF PALESTINE - HAWATMEH FACTION",-0- ,-0- ,-0- ,-0- ,-0- ,-0- ,"DOB 1933; Secondary sanctions risk: section 1(b) of Executive Order 13224, as amended by Executive Order 13886; Secretary General of DEMOCRATIC FRONT FOR THE LIBERATION OF PALESTINE - HAWATMEH FACTION."
2682,"ISLAMBOULI, Mohammad Shawqi","individual","SDGT","Military Leader of ISLAMIC GAMA'AT",-0- ,-0- ,-0- ,-0- ,-0- ,-0- ,"DOB 15 Jan 1955; alt. DOB 21 Jan 1952; POB Egypt; nationality Egypt; Gender Male; Secondary sanctions risk: section 1(b) of Executive Order 13224, as amended by Executive Order 13886; Passport 304555 (Egypt); Military Leader of ISLAMIC GAMA'AT."
2683,"JABRIL, Ahmad","individual","SDGT","Secretary General of POPULAR FRONT FOR THE LIBERATION OF PALESTINE - GENERAL COMMAND",-0- ,-0- ,-0- ,-0- ,-0- ,-0- ,"DOB 1938; POB Ramleh, Israel; Secondary sanctions risk: section 1(b) of Executive Order 13224, as amended by Executive Order 13886; Secretary General of POPULAR FRONT FOR THE LIBERATION OF PALESTINE - GENERAL COMMAND."
2685,"NAJI, Talal Muhammad Rashid","individual","SDGT","Principal Deputy of POPULAR FRONT FOR THE LIBERATION OF PALESTINE - GENERAL COMMAND",-0- ,-0- ,-0- ,-0- ,-0- ,-0- ,"DOB 1930; POB Al Nasiria, Palestine; Secondary sanctions risk: section 1(b) of Executive Order 13224, as amended by Executive Order 13886; Principal Deputy of POPULAR FRONT FOR THE LIBERATION OF PALESTINE - GENERAL COMMAND."
2686,"NASRALLAH, Hasan","individual","SDGT","Secretary General of Hizballah",-0- ,-0- ,-0- ,-0- ,-0- ,-0- ,"DOB 31 Aug 1960; alt. DOB 31 Aug 1953; alt. DOB 31 Aug 1955; alt. DOB 31 Aug 1958; POB Al Basuriyah, Lebanon; Additional Sanctions Information - Subject to Secondary Sanctions Pursuant to the Hizballah Financial Sanctions Regulations; Gender Male; Secondary sanctions risk: section 1(b) of Executive Order 13224, as amended by Executive Order 13886; Passport 042833 (Lebanon); Secretary General of Hizballah; Linked To: HIZBALLAH."
2690,"TUFAYLI, Subhi","individual","SDGT","Former Secretary General and Current Senior Figure of HIZBALLAH",-0- ,-0- ,-0- ,-0- ,-0- ,-0- ,"DOB 1947; POB Biqa Valley, Lebanon; Secondary sanctions risk: section 1(b) of Executive Order 13224, as amended by Executive Order 13886; Former Secretary General and Current Senior Figure of HIZBALLAH."
2691,"YASSIN, Sheik Ahmed Ismail","individual","SDGT",-0- ,-0- ,-0- ,-0- ,-0- ,-0- ,-0- ,"DOB 1938; POB al-Jawrah, al-Majdal District, Gaza; Gender Male; Secondary sanctions risk: section 1(b) of Executive Order 13224, as amended by Executive Order 13886."
3748,"COBALT REFINERY CO. INC.",-0- ,"CUBA",-0- ,-0- ,-0- ,-0- ,-0- ,-0- ,-0- ,-0- 
3749,"LA COMPANIA GENERAL DE NIQUEL",-0- ,"CUBA",-0- ,-0- ,-0- ,-0- ,-0- ,-0- ,-0- ,-0- 
3750,"INTERNATIONAL COBALT CO. INC.",-0- ,"CUBA",-0- ,-0- ,-0- ,-0- ,-0- ,-0- ,-0- ,-0- 
3751,"MOA NICKEL SA",-0- ,"CUBA] [CUBA-EO14404",-0- ,-0- ,-0- ,-0- ,-0- ,-0- ,-0- ,"Organization Established Date 1994; Organization Type: Mining of other non-ferrous metal ores."
3754,"ABU MARZOOK, Mousa Mohammed","individual","SDGT","Political Leader in Amman, Jordan and Damascus, Syria for HAMAS",-0- ,-0- ,-0- ,-0- ,-0- ,-0- ,"DOB 09 Feb 1951; POB Gaza, Egypt; Secondary sanctions risk: section 1(b) of Executive Order 13224, as amended by Executive Order 13886; Passport 92/664 (Egypt); SSN 523-33-8386 (United States); Political Leader in Amman, Jordan and Damascus, Syria for HAMAS; a.k.a. 'ABU-'UMAR'."
4108,"RODRIGUEZ OREJUELA, Miguel Angel","individual","SDNT",-0- ,-0- ,-0- ,-0- ,-0- ,-0- ,-0- ,"DOB 23 Nov 1943; alt. DOB 15 Jul 1943; Cedula No. 6095803 (Colombia); a.k.a. 'EL SENOR'; a.k.a. 'PATRICIA'; a.k.a. 'PATRICIO'; a.k.a. 'PATTY'; a.k.a. 'PAT'; a.k.a. 'MANUEL'; a.k.a. 'MANOLO'; a.k.a. 'MIKE'; a.k.a. 'MAURO'; a.k.a. 'DOCTOR M.R.O.'."
4238,"MAR AZUL","vessel","CUBA",-0- ,"CL2192","Tug",-0- ,"212","Cuba","Samir de Navegacion S.A.",-0- 
4243,"EBANO","vessel","CUBA",-0- ,-0- ,"General Cargo","2595","1865","Panama",-0- ,"Vessel Registration Identification IMO 7406784; f.k.a. 'ANA I'; f.k.a. 'SAND SWAN'."
4249,"TIFON","vessel","CUBA",-0- ,"CL2059","Tug",-0- ,"189","Cuba",-0- ,"Vessel Registration Identification IMO 7206512."
4257,"ABDALLAH, Ramadan","individual","SDGT","Secretary General of the PALESTINIAN ISLAMIC JIHAD",-0- ,-0- ,-0- ,-0- ,-0- ,-0- ,"DOB 01 Jan 1958; POB Gaza City, Gaza Strip; Secondary sanctions risk: section 1(b) of Executive Order 13224, as amended by Executive Order 13886; Passport 265 216 (Egypt); SSN 589-17-6824 (United States); Secretary General of the PALESTINIAN ISLAMIC JIHAD."
4632,"BANK MARKAZI JOMHOURI ISLAMI IRAN",-0- ,"IRAN] [SDGT] [IRGC] [IFSR",-0- ,-0- ,-0- ,-0- ,-0- ,-0- ,-0- ,"Additional Sanctions Information - Subject to Secondary Sanctions; Secondary sanctions risk: section 1(b) of Executive Order 13224, as amended by Executive Order 13886; Digital Currency Address - TRX TNiq9AXBp9EjUqhDhrwrfvAA8U3GUQZH81; alt. Digital Currency Address - TRX TTiDLWE6fZK8okMJv6ijg42yrH6W2pjSr9; alt. Digital Currency Address - TRX TAhwhFv3JpK39Nc2m8W5LPCcoTisutiRfp; alt. Digital Currency Address - TRX TJdgB1k6ot3f2nLuZug6D8eD3HavTmzmSK; alt. Digital Currency Address - TRX TXGHxdYbGy574z5hBu4LNzq9NzjZQ9bhUf; alt. Digital Currency Address - TRX TFQbqaNbmq2xsVor2NbufLkYZvxFC9wC7k; Linked To: ISLAMIC REVOLUTIONARY GUARD CORPS (IRGC)-QODS FORCE; Linked To: HIZBALLAH."
4633,"BANK MASKAN",-0- ,"IRAN] [IRAN-EO13902",-0- ,-0- ,-0- ,-0- ,-0- ,-0- ,-0- ,"Website www.bank-maskan.ir; Additional Sanctions Information - Subject to Secondary Sanctions; all offices worldwide."
4635,"BANK REFAH KARGARAN",-0- ,"IRAN] [IRAN-EO13902",-0- ,-0- ,-0- ,-0- ,-0- ,-0- ,-0- ,"Website www.bankrefah.ir; alt. Website www.refah-bank.ir; Additional Sanctions Information - Subject to Secondary Sanctions; all offices worldwide."
4639,"BANK KESHAVARZI IRAN",-0- ,"IRAN] [IRAN-EO13902",-0- ,-0- ,-0- ,-0- ,-0- ,-0- ,-0- ,"Website www.agri-bank.com; alt. Website www.bki.ir; Additional Sanctions Information - Subject to Secondary Sanctions; all offices worldwide."
4642,"BANK SADERAT PLC",-0- ,"IRAN] [SDGT] [IFSR",-0- ,-0- ,-0- ,-0- ,-0- ,-0- ,-0- ,"Additional Sanctions Information - Subject to Secondary Sanctions; Secondary sanctions risk: section 1(b) of Executive Order 13224, as amended by Executive Order 13886; UK Company Number 01126618 (United Kingdom); all offices worldwide."
4688,"ABU SAYYAF GROUP",-0- ,"FTO] [SDGT",-0- ,-0- ,-0- ,-0- ,-0- ,-0- ,-0- ,"Secondary sanctions risk: section 1(b) of Executive Order 13224, as amended by Executive Order 13886."
4690,"ARMED ISLAMIC GROUP",-0- ,"SDGT",-0- ,-0- ,-0- ,-0- ,-0- ,-0- ,-0- ,"Secondary sanctions risk: section 1(b) of Executive Order 13224, as amended by Executive Order 13886; a.k.a. 'GIA'."
4691,"AUM SHINRIKYO",-0- ,"SDGT",-0- ,-0- ,-0- ,-0- ,-0- ,-0- ,-0- ,"Secondary sanctions risk: section 1(b) of Executive Order 13224, as amended by Executive Order 13886."
4693,"EUZKADI TA ASKATASUNA",-0- ,"SDGT",-0- ,-0- ,-0- ,-0- ,-0- ,-0- ,-0- ,"Secondary sanctions risk: section 1(b) of Executive Order 13224, as amended by Executive Order 13886; a.k.a. 'ETA'; a.k.a. 'K.A.S.'."
4694,"GAMA'A AL-ISLAMIYYA",-0- ,"SDGT",-0- ,-0- ,-0- ,-0- ,-0- ,-0- ,-0- ,"Secondary sanctions risk: section 1(b) of Executive Order 13224, as amended by Executive Order 13886; a.k.a. 'IG'; a.k.a. 'GI'."
4695,"HAMAS",-0- ,"FTO] [SDGT",-0- ,-0- ,-0- ,-0- ,-0- ,-0- ,-0- ,"Secondary sanctions risk: section 1(b) of Executive Order 13224, as amended by Executive Order 13886."
4696,"HARAKAT UL-MUJAHIDEEN",-0- ,"FTO] [SDGT",-0- ,-0- ,-0- ,-0- ,-0- ,-0- ,-0- ,"Secondary sanctions risk: section 1(b) of Executive Order 13224, as amended by Executive Order 13886; a.k.a. 'HUA'; a.k.a. 'HUM'."
4697,"HIZBALLAH",-0- ,"FTO] [SDGT] [IRGC] [IFSR",-0- ,-0- ,-0- ,-0- ,-0- ,-0- ,-0- ,"Additional Sanctions Information - Subject to Secondary Sanctions Pursuant to the Hizballah Financial Sanctions Regulations; Secondary sanctions risk: section 1(b) of Executive Order 13224, as amended by Executive Order 13886; Organization Type: Transnational Terrorist Group; a.k.a. 'LH'; a.k.a. 'FOREIGN RELATIONS DEPARTMENT'; a.k.a. 'FRD'; a.k.a. 'EXTERNAL SECURITY ORGANIZATION'; a.k.a. 'ESO'; a.k.a. 'FOREIGN ACTION UNIT'; a.k.a. 'SPECIAL OPERATIONS BRANCH'; a.k.a. 'EXTERNAL SERVICES ORGANIZATION'; Linked To: ISLAMIC REVOLUTIONARY GUARD CORPS (IRGC)-QODS FORCE."
4700,"KAHANE CHAI",-0- ,"SDGT",-0- ,-0- ,-0- ,-0- ,-0- ,-0- ,-0- ,"Secondary sanctions risk: section 1(b) of Executive Order 13224, as amended by Executive Order 13886; a.k.a. 'CARD'."
4702,"KURDISTAN WORKERS' PARTY",-0- ,"SDNTK] [FTO] [SDGT",-0- ,-0- ,-0- ,-0- ,-0- ,-0- ,-0- ,"Secondary sanctions risk: section 1(b) of Executive Order 13224, as amended by Executive Order 13886; a.k.a. 'HSK'; a.k.a. 'KHK'."
4703,"LIBERATION TIGERS OF TAMIL EELAM",-0- ,"FTO] [SDGT",-0- ,-0- ,-0- ,-0- ,-0- ,-0- ,-0- ,"Secondary sanctions risk: section 1(b) of Executive Order 13224, as amended by Executive Order 13886."
4706,"NATIONAL LIBERATION ARMY",-0- ,"FTO] [SDGT",-0- ,-0- ,-0- ,-0- ,-0- ,-0- ,-0- ,"Secondary sanctions risk: section 1(b) of Executive Order 13224, as amended by Executive Order 13886."
4707,"PALESTINE ISLAMIC JIHAD - SHAQAQI FACTION",-0- ,"FTO] [SDGT",-0- ,-0- ,-0- ,-0- ,-0- ,-0- ,-0- ,"Secondary sanctions risk: section 1(b) of Executive Order 13224, as amended by Executive Order 13886."
4708,"PALESTINE LIBERATION FRONT - ABU ABBAS FACTION",-0- ,"FTO] [SDGT",-0- ,-0- ,-0- ,-0- ,-0- ,-0- ,-0- ,"Secondary sanctions risk: section 1(b) of Executive Order 13224, as amended by Executive Order 13886."
4709,"POPULAR FRONT FOR THE LIBERATION OF PALESTINE",-0- ,"FTO] [SDGT",-0- ,-0- ,-0- ,-0- ,-0- ,-0- ,-0- ,"Secondary sanctions risk: section 1(b) of Executive Order 13224, as amended by Executive Order 13886."
4710,"POPULAR FRONT FOR THE LIBERATION OF PALESTINE - GENERAL COMMAND",-0- ,"FTO] [SDGT",-0- ,-0- ,-0- ,-0- ,-0- ,-0- ,-0- ,"Secondary sanctions risk: section 1(b) of Executive Order 13224, as amended by Executive Order 13886."
4713,"REVOLUTIONARY PEOPLE'S LIBERATION PARTY/FRONT",-0- ,"FTO] [SDGT",-0- ,-0- ,-0- ,-0- ,-0- ,-0- ,-0- ,"Secondary sanctions risk: section 1(b) of Executive Order 13224, as amended by Executive Order 13886."
4714,"REVOLUTIONARY PEOPLE'S STRUGGLE",-0- ,"SDGT",-0- ,-0- ,-0- ,-0- ,-0- ,-0- ,-0- ,"Secondary sanctions risk: section 1(b) of Executive Order 13224, as amended by Executive Order 13886; a.k.a. 'ELA'; a.k.a. 'JUNE 78'."
4715,"SHINING PATH",-0- ,"SDNTK] [FTO] [SDGT",-0- ,-0- ,-0- ,-0- ,-0- ,-0- ,-0- ,"Secondary sanctions risk: section 1(b) of Executive Order 13224, as amended by Executive Order 13886; a.k.a. 'SL'; a.k.a. 'PCP'; a.k.a. 'EPL'."
4717,"DEMOCRATIC FRONT FOR THE LIBERATION OF PALESTINE - HAWATMEH FACTION",-0- ,"SDGT",-0- ,-0- ,-0- ,-0- ,-0- ,-0- ,-0- ,"Secondary sanctions risk: section 1(b) of Executive Order 13224, as amended by Executive Order 13886."
6365,"BIN LADIN, Usama bin Muhammad bin Awad","individual","SDGT",-0- ,-0- ,-0- ,-0- ,-0- ,-0- ,-0- ,"DOB 30 Jul 1957; alt. DOB 1958; POB Jeddah, Saudi Arabia; alt. POB Yemen; Secondary sanctions risk: section 1(b) of Executive Order 13224, as amended by Executive Order 13886."
6366,"AL QA'IDA",-0- ,"FTO] [SDGT",-0- ,-0- ,-0- ,-0- ,-0- ,-0- ,-0- ,"Secondary sanctions risk: section 1(b) of Executive Order 13224, as amended by Executive Order 13886."
6367,"AL-MASRI, Abu Hafs","individual","SDGT",-0- ,-0- ,-0- ,-0- ,-0- ,-0- ,-0- ,"DOB 1951; alt. DOB 1956; alt. DOB 1944; POB Alexandria, Egypt; Secondary sanctions risk: section 1(b) of Executive Order 13224, as amended by Executive Order 13886; a.k.a. 'TAYSIR'; a.k.a. 'ABU HAFS'."
6368,"MUSA, Rifa'i Ahmad Taha","individual","SDGT",-0- ,-0- ,-0- ,-0- ,-0- ,-0- ,-0- ,"DOB 24 Jun 1954; POB Egypt; Secondary sanctions risk: section 1(b) of Executive Order 13224, as amended by Executive Order 13886; Passport 83860 (Sudan); alt. Passport 30455 (Egypt); alt. Passport 1046403 (Egypt); a.k.a. ''ABD-AL-'IZ'; a.k.a. 'ABU YASIR'."
6635,"OMAR, Mohammed","individual","SDGT","Commander of the Faithful ('Amir al-Munineen')",-0- ,-0- ,-0- ,-0- ,-0- ,-0- ,"DOB 1950; POB Hotak, Kandahar Province, Afghanistan; Secondary sanctions risk: section 1(b) of Executive Order 13224, as amended by Executive Order 13886; Commander of the Faithful ('Amir al-Munineen')."
6636,"TALIBAN",-0- ,"SDGT",-0- ,-0- ,-0- ,-0- ,-0- ,-0- ,-0- ,"Secondary sanctions risk: section 1(b) of Executive Order 13224, as amended by Executive Order 13886."
6703,"AMEZCUA CONTRERAS, Jose de Jesus","individual","SDNTK",-0- ,-0- ,-0- ,-0- ,-0- ,-0- ,-0- ,"DOB 31 Jul 1965; POB Jalisco, Mexico; nationality Mexico; Gender Male; C.U.R.P. AECJ650731HJCMNS00 (Mexico); a.k.a. 'AMESCUA, Chuey'; a.k.a. 'AMEZCUA, Chuy'; a.k.a. 'HERNANDEZ, Adan'."
6704,"AMEZCUA CONTRERAS, Luis Ignacio","individual","SDNTK",-0- ,-0- ,-0- ,-0- ,-0- ,-0- ,-0- ,"DOB 22 Feb 1964; POB Jalisco, Mexico; nationality Mexico; Gender Male; C.U.R.P. AECL640222HJCMNS09 (Mexico); a.k.a. 'LOPEZ, Luis'; a.k.a. 'LOZANO, Eduardo'; a.k.a. 'OCHOA, Salvador'; a.k.a. 'RODRIGUEZ LOPEZ, Sergio'."
6707,"CARO QUINTERO, Rafael","individual","SDNTK",-0- ,-0- ,-0- ,-0- ,-0- ,-0- ,-0- ,"DOB 24 Oct 1952; POB Sinaloa, Mexico; nationality Mexico; Gender Male; C.U.R.P. CAQR521024HSLRNF06 (Mexico)."
6708,"CARRILLO FUENTES, Vicente","individual","SDNTK",-0- ,-0- ,-0- ,-0- ,-0- ,-0- ,-0- ,"DOB 16 Oct 1962; POB Sinaloa, Mexico; nationality Mexico; Gender Male; C.U.R.P. CAFV621016HSLRNC0S (Mexico)."
6714,"WEI, Hsueh Kang","individual","SDNTK",-0- ,-0- ,-0- ,-0- ,-0- ,-0- ,-0- ,"DOB 29 Jun 1952; alt. DOB 29 May 1952; Gender Male; Passport Q081061 (Thailand); alt. Passport E091929 (Thailand)."
6715,"ARELLANO FELIX, Benjamin Alberto","individual","SDNTK",-0- ,-0- ,-0- ,-0- ,-0- ,-0- ,-0- ,"DOB 08 Nov 1953; POB Sinaloa, Mexico; nationality Mexico; Gender Male; C.U.R.P. AEFB531108HSLRLN05 (Mexico)."
6717,"HENAO MONTOYA, Arcangel de Jesus","individual","SDNT",-0- ,-0- ,-0- ,-0- ,-0- ,-0- ,-0- ,"DOB 07 Oct 1954; POB Cartago, Valle, Colombia; nationality Colombia; Gender Male; Cedula No. 16215230 (Colombia); Passport 16215230 (Colombia); NIT # 16215230-1 (Colombia)."
6725,"ISLAMIC MOVEMENT OF UZBEKISTAN",-0- ,"FTO] [SDGT",-0- ,-0- ,-0- ,-0- ,-0- ,-0- ,-0- ,"Secondary sanctions risk: section 1(b) of Executive Order 13224, as amended by Executive Order 13886; a.k.a. 'IMU'."
6823,"PATINO FOMEQUE, Victor Julio","individual","SDNT",-0- ,-0- ,-0- ,-0- ,-0- ,-0- ,-0- ,"DOB 31 Jan 1959; nationality Colombia; Gender Male; Cedula No. 16473543 (Colombia)."
6824,"INDUSTRIA DE PESCA SOBRE EL PACIFICO S.A",-0- ,"SDNT",-0- ,-0- ,-0- ,-0- ,-0- ,-0- ,-0- ,"NIT # 890302172-4 (Colombia); Linked To: PATINO FOMEQUE, Victor Julio."
6826,"GALAPAGOS S.A",-0- ,"SDNT",-0- ,-0- ,-0- ,-0- ,-0- ,-0- ,-0- ,"NIT # 800183712-2 (Colombia); Linked To: PATINO FOMEQUE, Victor Julio."
6831,"DUQUE BOTERO, Jorge Alirio","individual","SDNT",-0- ,-0- ,-0- ,-0- ,-0- ,-0- ,-0- ,"DOB 04 Jun 1949; nationality Colombia; Gender Male; Cedula No. 6160843 (Colombia); Linked To: PATINO FOMEQUE, Victor Julio."
6853,"NEW IRISH REPUBLICAN ARMY",-0- ,"FTO] [SDGT",-0- ,-0- ,-0- ,-0- ,-0- ,-0- ,-0- ,"Secondary sanctions risk: section 1(b) of Executive Order 13224, as amended by Executive Order 13886; a.k.a. 'RIRA'; a.k.a. 'REAL IRA'; a.k.a. 'NEW IRA'; a.k.a. 'NIRA'."
6857,"CARDENAS GUILLEN, Osiel","individual","SDNTK",-0- ,-0- ,-0- ,-0- ,-0- ,-0- ,-0- ,"DOB 18 May 1967; POB Tamaulipas, Mexico; nationality Mexico; Gender Male; C.U.R.P. CXGO670518HTSRLS02 (Mexico); a.k.a. 'SALINAS AGUILAR, Jorge'; a.k.a. 'CARDENAS CASTILLO, Osiel'."
6858,"CARO QUINTERO, Miguel Angel","individual","SDNTK",-0- ,-0- ,-0- ,-0- ,-0- ,-0- ,-0- ,"DOB 09 Mar 1963; POB Sinaloa, Mexico; nationality Mexico; Gender Male; C.U.R.P. CAQM630309HSLRNG00 (Mexico)."
6861,"GUZMAN LOERA, Joaquin","individual","SDNTK",-0- ,-0- ,-0- ,-0- ,-0- ,-0- ,-0- ,"DOB 25 Dec 1954; POB Mexico."
6865,"MALHERBE DE LEON, Oscar","individual","SDNTK",-0- ,-0- ,-0- ,-0- ,-0- ,-0- ,-0- ,"DOB 10 Jan 1964; POB Sinaloa, Mexico; nationality Mexico; Gender Male; C.U.R.P. MALO640110HTSLNS02 (Mexico)."
6866,"RAMON MAGANA, Alcides","individual","SDNTK",-0- ,-0- ,-0- ,-0- ,-0- ,-0- ,-0- ,"DOB 04 Sep 1957; POB Tabasco, Mexico; nationality Mexico; Gender Male; C.U.R.P. RAMA570904HTCMGL03 (Mexico); a.k.a. 'ROMERO, Antonio'; a.k.a. 'GONZALEZ QUIONES, Jorge'; a.k.a. 'MAGANA, Jorge'; a.k.a. 'MATA, Alcides'."
6895,"UNITED SELF-DEFENSE FORCES OF COLOMBIA",-0- ,"SDNTK] [SDGT",-0- ,-0- ,-0- ,-0- ,-0- ,-0- ,-0- ,"Secondary sanctions risk: section 1(b) of Executive Order 13224, as amended by Executive Order 13886."
6896,"ASBAT AL-ANSAR",-0- ,"FTO] [SDGT",-0- ,-0- ,-0- ,-0- ,-0- ,-0- ,-0- ,"Secondary sanctions risk: section 1(b) of Executive Order 13224, as amended by Executive Order 13886."
6897,"SALAFIST GROUP FOR CALL AND COMBAT",-0- ,"FTO] [SDGT",-0- ,-0- ,-0- ,-0- ,-0- ,-0- ,-0- ,"Secondary sanctions risk: section 1(b) of Executive Order 13224, as amended by Executive Order 13886."
6898,"LIBYAN ISLAMIC FIGHTING GROUP",-0- ,"SDGT",-0- ,-0- ,-0- ,-0- ,-0- ,-0- ,-0- ,"Secondary sanctions risk: section 1(b) of Executive Order 13224, as amended by Executive Order 13886."
6899,"AL-ITIHAAD AL-ISLAMIYA",-0- ,"SDGT",-0- ,-0- ,-0- ,-0- ,-0- ,-0- ,-0- ,"Secondary sanctions risk: section 1(b) of Executive Order 13224, as amended by Executive Order 13886."
6900,"ISLAMIC ARMY OF ADEN",-0- ,"SDGT",-0- ,-0- ,-0- ,-0- ,-0- ,-0- ,-0- ,"Secondary sanctions risk: section 1(b) of Executive Order 13224, as amended by Executive Order 13886."
6901,"AL-ADL, Sayf","individual","SDGT",-0- ,-0- ,-0- ,-0- ,-0- ,-0- ,-0- ,"DOB 1963; POB Egypt; Secondary sanctions risk: section 1(b) of Executive Order 13224, as amended by Executive Order 13886."
6903,"AL-WALID, Mahfouz Ould","individual","SDGT",-0- ,-0- ,-0- ,-0- ,-0- ,-0- ,-0- ,"DOB 01 Jan 1975; POB Mauritania; nationality Mauritania; Gender Male; Secondary sanctions risk: section 1(b) of Executive Order 13224, as amended by Executive Order 13886; a.k.a. 'ABU HAFS THE MAURITANIAN'."
6905,"HUSAYN, Zayn al-Abidin Muhammad","individual","SDGT",-0- ,-0- ,-0- ,-0- ,-0- ,-0- ,-0- ,"DOB 12 Mar 1971; POB Riyadh, Saudi Arabia; nationality Palestinian; Gender Male; Secondary sanctions risk: section 1(b) of Executive Order 13224, as amended by Executive Order 13886; Passport 484824 (Egypt) issued 18 Jan 1984; a.k.a. 'ABU ZUBAIDA'; a.k.a. 'ABU ZUBAYDAH'."
6906,"AL-IRAQI, Abd al-Hadi","individual","SDGT",-0- ,-0- ,-0- ,-0- ,-0- ,-0- ,-0- ,"DOB 1961; POB Mosul, Iraq; nationality Iraq; Gender Male; Secondary sanctions risk: section 1(b) of Executive Order 13224, as amended by Executive Order 13886."
6907,"SHIHATA, Thirwat Salah","individual","SDGT",-0- ,-0- ,-0- ,-0- ,-0- ,-0- ,-0- ,"DOB 29 Jun 1960; POB Egypt; Secondary sanctions risk: section 1(b) of Executive Order 13224, as amended by Executive Order 13886."
6908,"AHMAD, Tariq Anwar al-Sayyid","individual","SDGT",-0- ,-0- ,-0- ,-0- ,-0- ,-0- ,-0- ,"DOB 15 Mar 1963; POB Alexandria, Egypt; Secondary sanctions risk: section 1(b) of Executive Order 13224, as amended by Executive Order 13886."
6910,"MAKHTAB AL-KHIDAMAT/AL KIFAH",-0- ,"SDGT",-0- ,-0- ,-0- ,-0- ,-0- ,-0- ,-0- ,"Secondary sanctions risk: section 1(b) of Executive Order 13224, as amended by Executive Order 13886."
6911,"WAFA HUMANITARIAN ORGANIZATION",-0- ,"SDGT",-0- ,-0- ,-0- ,-0- ,-0- ,-0- ,-0- ,"Secondary sanctions risk: section 1(b) of Executive Order 13224, as amended by Executive Order 13886."
6912,"AL RASHID TRUST",-0- ,"SDGT",-0- ,-0- ,-0- ,-0- ,-0- ,-0- ,-0- ,"Secondary sanctions risk: section 1(b) of Executive Order 13224, as amended by Executive Order 13886; Operations in Afghanistan: Herat, Jalalabad, Kabul, Kandahar, Mazar Sharif.  Also operations in: Kosovo, Chechnya."
6913,"MAMOUN DARKAZANLI IMPORT-EXPORT COMPANY",-0- ,"SDGT",-0- ,-0- ,-0- ,-0- ,-0- ,-0- ,-0- ,"Secondary sanctions risk: section 1(b) of Executive Order 13224, as amended by Executive Order 13886."
6915,"ABDULLAH, Abdullah Ahmed","individual","SDGT",-0- ,-0- ,-0- ,-0- ,-0- ,-0- ,-0- ,"DOB 1963; POB Egypt; citizen Egypt; Secondary sanctions risk: section 1(b) of Executive Order 13224, as amended by Executive Order 13886; a.k.a. 'ABU MARIAM'; a.k.a. 'SALEH'."
6916,"ALI, Ahmed Mohammed Hamed","individual","SDGT",-0- ,-0- ,-0- ,-0- ,-0- ,-0- ,-0- ,"DOB 1965; POB Egypt; citizen Egypt; Secondary sanctions risk: section 1(b) of Executive Order 13224, as amended by Executive Order 13886; a.k.a. 'ABU FATIMA'; a.k.a. 'ABU ISLAM'; a.k.a. 'ABU KHADIIJAH'; a.k.a. 'AHMED HAMED'; a.k.a. 'AHMED THE EGYPTIAN'; a.k.a. 'SHUAIB'."
6918,"AL-MUGHASSIL, Ahmad Ibrahim","individual","SDGT",-0- ,-0- ,-0- ,-0- ,-0- ,-0- ,-0- ,"DOB 26 Jun 1967; POB Qatif-Bab al Shamal, Saudi Arabia; citizen Saudi Arabia; Secondary sanctions risk: section 1(b) of Executive Order 13224, as amended by Executive Order 13886; a.k.a. 'ABU OMRAN'."
6919,"AL-NASSER, Abdelkarim Hussein Mohamed","individual","SDGT",-0- ,-0- ,-0- ,-0- ,-0- ,-0- ,-0- ,"POB Al Ihsa, Saudi Arabia; citizen Saudi Arabia; Secondary sanctions risk: section 1(b) of Executive Order 13224, as amended by Executive Order 13886."
6920,"AL-YACOUB, Ibrahim Salih Mohammed","individual","SDGT",-0- ,-0- ,-0- ,-0- ,-0- ,-0- ,-0- ,"DOB 16 Oct 1966; POB Tarut, Saudi Arabia; citizen Saudi Arabia; Secondary sanctions risk: section 1(b) of Executive Order 13224, as amended by Executive Order 13886."
6921,"ATWA, Ali","individual","SDGT",-0- ,-0- ,-0- ,-0- ,-0- ,-0- ,-0- ,"DOB 1960; POB Lebanon; citizen Lebanon; Additional Sanctions Information - Subject to Secondary Sanctions Pursuant to the Hizballah Financial Sanctions Regulations; Secondary sanctions risk: section 1(b) of Executive Order 13224, as amended by Executive Order 13886."
6923,"EL-HOORIE, Ali Saed Bin Ali","individual","SDGT",-0- ,-0- ,-0- ,-0- ,-0- ,-0- ,-0- ,"DOB 10 Jul 1965; alt. DOB 11 Jul 1965; POB El Dibabiya, Saudi Arabia; citizen Saudi Arabia; Secondary sanctions risk: section 1(b) of Executive Order 13224, as amended by Executive Order 13886."
6924,"FADHIL, Mustafa Mohamed","individual","SDGT",-0- ,-0- ,-0- ,-0- ,-0- ,-0- ,-0- ,"DOB 23 Jun 1976; POB Cairo, Egypt; citizen Egypt; alt. citizen Kenya; Secondary sanctions risk: section 1(b) of Executive Order 13224, as amended by Executive Order 13886; Kenyan ID No. 12773667; Serial No. 201735161; a.k.a. 'HUSSEIN'; a.k.a. 'ANIS, Abu'; a.k.a. 'YUSSRR, Abu'; a.k.a. 'KHALID'."
6925,"GHAILANI, Ahmed Khalfan","individual","SDGT",-0- ,-0- ,-0- ,-0- ,-0- ,-0- ,-0- ,"DOB 14 Mar 1974; alt. DOB 13 Apr 1974; alt. DOB 14 Apr 1974; alt. DOB 01 Aug 1970; POB Zanzibar, Tanzania; citizen Tanzania; Secondary sanctions risk: section 1(b) of Executive Order 13224, as amended by Executive Order 13886; a.k.a. 'AHMED, A.'; a.k.a. 'KHABAR, Abu'; a.k.a. 'BAKR, Abu'; a.k.a. ''FOOPIE''; a.k.a. ''FUPI''; a.k.a. ''AHMED THE TANZANIAN''."
6926,"IZZ-AL-DIN, Hasan","individual","SDGT",-0- ,-0- ,-0- ,-0- ,-0- ,-0- ,-0- ,"DOB 1963; POB Lebanon; citizen Lebanon; Additional Sanctions Information - Subject to Secondary Sanctions Pursuant to the Hizballah Financial Sanctions Regulations; Secondary sanctions risk: section 1(b) of Executive Order 13224, as amended by Executive Order 13886; a.k.a. 'GARBAYA, AHMED'; a.k.a. 'SA-ID'."
6927,"MOHAMMED, Fazul Abdullah","individual","SDGT",-0- ,-0- ,-0- ,-0- ,-0- ,-0- ,-0- ,"DOB 25 Aug 1972; alt. DOB 25 Dec 1974; alt. DOB 25 Feb 1974; POB Moroni, Comoros Islands; citizen Comoros; alt. citizen Kenya; Secondary sanctions risk: section 1(b) of Executive Order 13224, as amended by Executive Order 13886; a.k.a. 'HAROON'; a.k.a. 'HARUN'; a.k.a. 'AL SUDANI, Abu Seif'."
6928,"MOHAMMED, Khalid Shaikh","individual","SDGT",-0- ,-0- ,-0- ,-0- ,-0- ,-0- ,-0- ,"DOB 14 Apr 1965; alt. DOB 01 Mar 1964; POB Kuwait; citizen Kuwait; Gender Male; Secondary sanctions risk: section 1(b) of Executive Order 13224, as amended by Executive Order 13886."
6931,"YASIN, Abdul Rahman","individual","SDGT",-0- ,-0- ,-0- ,-0- ,-0- ,-0- ,-0- ,"DOB 10 Apr 1960; POB Bloomington, Indiana USA; citizen United States; Secondary sanctions risk: section 1(b) of Executive Order 13224, as amended by Executive Order 13886; Passport 27082171 (United States) issued 21 Jun 1992; alt. Passport M0887925 (Iraq); SSN 156-92-9858 (United States); U.S.A. Passport issued 21 Jun 1992 in Amman, Jordan."
6932,"AL-HAMATI SWEETS BAKERIES",-0- ,"SDGT",-0- ,-0- ,-0- ,-0- ,-0- ,-0- ,-0- ,"Secondary sanctions risk: section 1(b) of Executive Order 13224, as amended by Executive Order 13886."
6935,"JAISH-I-MOHAMMED",-0- ,"FTO] [SDGT",-0- ,-0- ,-0- ,-0- ,-0- ,-0- ,-0- ,"Secondary sanctions risk: section 1(b) of Executive Order 13224, as amended by Executive Order 13886."
6936,"JAM'YAH TA'AWUN AL-ISLAMIA",-0- ,"SDGT",-0- ,-0- ,-0- ,-0- ,-0- ,-0- ,-0- ,"Secondary sanctions risk: section 1(b) of Executive Order 13224, as amended by Executive Order 13886."
6937,"RABITA TRUST",-0- ,"SDGT",-0- ,-0- ,-0- ,-0- ,-0- ,-0- ,-0- ,"Secondary sanctions risk: section 1(b) of Executive Order 13224, as amended by Executive Order 13886."
6938,"AGHA, Haji Abdul Manan","individual","SDGT",-0- ,-0- ,-0- ,-0- ,-0- ,-0- ,-0- ,"Secondary sanctions risk: section 1(b) of Executive Order 13224, as amended by Executive Order 13886."
6939,"AL-AHDAL, Mohammad Hamdi Mohammad Sadiq","individual","SDGT",-0- ,-0- ,-0- ,-0- ,-0- ,-0- ,-0- ,"DOB 19 Nov 1971; POB Medina, Saudi Arabia; nationality Yemen; Gender Male; Secondary sanctions risk: section 1(b) of Executive Order 13224, as amended by Executive Order 13886; Passport 541939 (Yemen) issued 31 Jul 2000; National ID No. 216040 (Yemen); a.k.a. 'AL-MAKKI, Abu Asim'."
6940,"AL-HAQ, Amin","individual","SDGT",-0- ,-0- ,-0- ,-0- ,-0- ,-0- ,-0- ,"DOB 1960; POB Nangahar Province, Afghanistan; Secondary sanctions risk: section 1(b) of Executive Order 13224, as amended by Executive Order 13886."
6941,"HAMDAN, Salim Ahmad Salim","individual","SDGT",-0- ,-0- ,-0- ,-0- ,-0- ,-0- ,-0- ,"DOB 1965; POB Al-Mukalla, Yemen; Secondary sanctions risk: section 1(b) of Executive Order 13224, as amended by Executive Order 13886; Passport 00385937 (Yemen)."
6944,"AL-SHARIF, Sa'd Abdullah Hussein","individual","SDGT",-0- ,-0- ,-0- ,-0- ,-0- ,-0- ,-0- ,"DOB 1969; alt. DOB 1963; alt. DOB 11 Feb 1964; POB Al-Medinah, Saudi Arabia; nationality Saudi Arabia; Secondary sanctions risk: section 1(b) of Executive Order 13224, as amended by Executive Order 13886; Passport B 960789; alt. Passport G 649385 issued 08 Sep 2006 expires 17 Jul 2011."
6945,"BIN MARWAN, Bilal","individual","SDGT",-0- ,-0- ,-0- ,-0- ,-0- ,-0- ,-0- ,"DOB 1947; Secondary sanctions risk: section 1(b) of Executive Order 13224, as amended by Executive Order 13886."
6946,"BIN MUHAMMAD, Ayadi Chafiq","individual","SDGT",-0- ,-0- ,-0- ,-0- ,-0- ,-0- ,-0- ,"DOB 21 Jan 1963; POB Safais (Sfax), Tunisia; nationality Tunisia; alt. nationality Ireland; Gender Male; Secondary sanctions risk: section 1(b) of Executive Order 13224, as amended by Executive Order 13886; Linked To: AL QA'IDA."
6947,"DARKAZANLI, Mamoun","individual","SDGT",-0- ,-0- ,-0- ,-0- ,-0- ,-0- ,-0- ,"DOB 04 Aug 1958; POB Aleppo, Syria; Secondary sanctions risk: section 1(b) of Executive Order 13224, as amended by Executive Order 13886; Passport 1310636262 (Germany)."
6948,"HIJAZI, Riad","individual","SDGT",-0- ,-0- ,-0- ,-0- ,-0- ,-0- ,-0- ,"DOB 1968; POB California, USA; Secondary sanctions risk: section 1(b) of Executive Order 13224, as amended by Executive Order 13886; SSN 548-91-5411 (United States)."
6950,"UTHMAN, Omar Mahmoud","individual","SDGT",-0- ,-0- ,-0- ,-0- ,-0- ,-0- ,-0- ,"DOB 30 Dec 1960; alt. DOB 13 Dec 1960; POB Bethlehem, West Bank, Palestinian Territories; nationality Jordan; Secondary sanctions risk: section 1(b) of Executive Order 13224, as amended by Executive Order 13886; a.k.a. 'ABU ISMAIL'."
7006,"AWEYS, Hassan Dahir","individual","SDGT] [SOMALIA",-0- ,-0- ,-0- ,-0- ,-0- ,-0- ,-0- ,"DOB 1935; nationality Somalia; citizen Somalia; Gender Male; Secondary sanctions risk: section 1(b) of Executive Order 13224, as amended by Executive Order 13886; a.k.a. 'AWES, Hassan Dahir'; a.k.a. 'UWAYS, Hassan Tahir'."
7114,"AL-AQSA ISLAMIC BANK",-0- ,"SDGT",-0- ,-0- ,-0- ,-0- ,-0- ,-0- ,-0- ,"Secondary sanctions risk: section 1(b) of Executive Order 13224, as amended by Executive Order 13886."
7115,"BEIT EL-MAL HOLDINGS",-0- ,"SDGT",-0- ,-0- ,-0- ,-0- ,-0- ,-0- ,-0- ,"Secondary sanctions risk: section 1(b) of Executive Order 13224, as amended by Executive Order 13886."
7116,"HOLY LAND FOUNDATION FOR RELIEF AND DEVELOPMENT",-0- ,"SDGT",-0- ,-0- ,-0- ,-0- ,-0- ,-0- ,-0- ,"Secondary sanctions risk: section 1(b) of Executive Order 13224, as amended by Executive Order 13886; US FEIN 95-4227517; and other locations within the United States."
7132,"UMMAH TAMEER E-NAU",-0- ,"SDGT",-0- ,-0- ,-0- ,-0- ,-0- ,-0- ,-0- ,"Secondary sanctions risk: section 1(b) of Executive Order 13224, as amended by Executive Order 13886; a.k.a. 'UTN'."
7133,"MAHMOOD, Sultan Bashir-Ud-Din","individual","SDGT",-0- ,-0- ,-0- ,-0- ,-0- ,-0- ,-0- ,"DOB 1937; alt. DOB 1938; alt. DOB 1939; alt. DOB 1940; alt. DOB 1941; alt. DOB 1942; alt. DOB 1943; alt. DOB 1944; alt. DOB 1945; nationality Pakistan; Secondary sanctions risk: section 1(b) of Executive Order 13224, as amended by Executive Order 13886."
7135,"MAJEED, Abdul","individual","SDGT",-0- ,-0- ,-0- ,-0- ,-0- ,-0- ,-0- ,"DOB 15 Apr 1939; alt. DOB 1938; nationality Pakistan; Secondary sanctions risk: section 1(b) of Executive Order 13224, as amended by Executive Order 13886."
7140,"LASHKAR E-TAYYIBA",-0- ,"FTO] [SDGT",-0- ,-0- ,-0- ,-0- ,-0- ,-0- ,-0- ,"Secondary sanctions risk: section 1(b) of Executive Order 13224, as amended by Executive Order 13886; a.k.a. 'JUD'; a.k.a. 'TAJK'; a.k.a. 'MML'; a.k.a. 'THE RESISTANCE FRONT'; a.k.a. 'KASHMIR RESISTANCE'."
7141,"CONTINUITY IRA",-0- ,"FTO] [SDGT",-0- ,-0- ,-0- ,-0- ,-0- ,-0- ,-0- ,"Secondary sanctions risk: section 1(b) of Executive Order 13224, as amended by Executive Order 13886; a.k.a. 'CIRA'."
7142,"FIRST OF OCTOBER ANTIFASCIST RESISTANCE GROUP",-0- ,"SDGT",-0- ,-0- ,-0- ,-0- ,-0- ,-0- ,-0- ,"Secondary sanctions risk: section 1(b) of Executive Order 13224, as amended by Executive Order 13886; a.k.a. 'GRAPO'."
7143,"LOYALIST VOLUNTEER FORCE",-0- ,"SDGT",-0- ,-0- ,-0- ,-0- ,-0- ,-0- ,-0- ,"Secondary sanctions risk: section 1(b) of Executive Order 13224, as amended by Executive Order 13886; a.k.a. 'LVF'."
7144,"ORANGE VOLUNTEERS",-0- ,"SDGT",-0- ,-0- ,-0- ,-0- ,-0- ,-0- ,-0- ,"Secondary sanctions risk: section 1(b) of Executive Order 13224, as amended by Executive Order 13886."
7145,"RED HAND DEFENDERS",-0- ,"SDGT",-0- ,-0- ,-0- ,-0- ,-0- ,-0- ,-0- ,"Secondary sanctions risk: section 1(b) of Executive Order 13224, as amended by Executive Order 13886; a.k.a. 'RHD'."
7146,"ULSTER DEFENCE ASSOCIATION",-0- ,"SDGT",-0- ,-0- ,-0- ,-0- ,-0- ,-0- ,-0- ,"Secondary sanctions risk: section 1(b) of Executive Order 13224, as amended by Executive Order 13886."
7148,"BOULGHITI, Boubekeur","individual","SDGT",-0- ,-0- ,-0- ,-0- ,-0- ,-0- ,-0- ,"DOB 13 Feb 1970; POB Rouiba, Algiers, Algeria; nationality Algeria; Gender Male; Secondary sanctions risk: section 1(b) of Executive Order 13224, as amended by Executive Order 13886; a.k.a. 'AL-JAZIRI, Abu Bakr'; a.k.a. 'AL DJAZAIRI, Abou Bakr'; a.k.a. 'EL DJAZAIRI, Abou Yasser'; a.k.a. 'AL-JAZARI, Yasir'; a.k.a. 'AL-JAZIRI, Abou Yasser'."
7149,"REVIVAL OF ISLAMIC HERITAGE SOCIETY",-0- ,"SDGT",-0- ,-0- ,-0- ,-0- ,-0- ,-0- ,-0- ,"Secondary sanctions risk: section 1(b) of Executive Order 13224, as amended by Executive Order 13886; a.k.a. 'RIHS'; a.k.a. 'ASC'; a.k.a. 'SOCIAL DEVELOPMENT FOUNDATION'; a.k.a. 'AL-FURKAN'; a.k.a. 'AL-FORKAN'; a.k.a. 'MOSASA-TUL-FORQAN'; a.k.a. 'MOASSESA AL-FURQAN'; a.k.a. 'AL MOSUSTA FURQAN'; a.k.a. 'AL-MOSASATUL FURQAN'; a.k.a. 'JAMIAT AL-FURQAN'; a.k.a. 'HITRAS'."
7150,"AL-LIBI, Abd al-Muhsin","individual","SDGT",-0- ,-0- ,-0- ,-0- ,-0- ,-0- ,-0- ,"DOB 1966; alt. DOB 27 Oct 1969; nationality Libya; Secondary sanctions risk: section 1(b) of Executive Order 13224, as amended by Executive Order 13886; Passport 203037 (Libya); a.k.a. 'ABU ANAS'; a.k.a. ''ABD AL-MUHSI'; a.k.a. ''ABD AL-RAHMAN'."
7151,"ACCESOS ELECTRONICOS S.A.DE C.V.",-0- ,"SDNTK",-0- ,-0- ,-0- ,-0- ,-0- ,-0- ,-0- ,-0- 
7152,"ADMINISTRADORA DE INMUEBLES VIDA, S.A. DE C.V.",-0- ,"SDNTK",-0- ,-0- ,-0- ,-0- ,-0- ,-0- ,-0- ,-0- 
7153,"ADP, S.C.",-0- ,"SDNTK",-0- ,-0- ,-0- ,-0- ,-0- ,-0- ,-0- ,-0- 
7154,"COMPLEJO TURISTICO OASIS, S.A. DE C.V.",-0- ,"SDNTK",-0- ,-0- ,-0- ,-0- ,-0- ,-0- ,-0- ,-0- 
7156,"DISTRIBUIDORA IMPERIAL DE BAJA CALIFORNIA, S.A. DE C.V.",-0- ,"SDNTK",-0- ,-0- ,-0- ,-0- ,-0- ,-0- ,-0- ,"R.F.C. DIB-771110-HQ1 (Mexico)."
7157,"FARMACIA VIDA SUPREMA, S.A. DE C.V.",-0- ,"SDNTK",-0- ,-0- ,-0- ,-0- ,-0- ,-0- ,-0- ,"R.F.C. FVS-870610-LX3 (Mexico)."
7158,"FORPRES, S.C.",-0- ,"SDNTK",-0- ,-0- ,-0- ,-0- ,-0- ,-0- ,-0- ,-0- 
7160,"GEX EXPLORE S. DE R.L. DE C.V.",-0- ,"SDNTK",-0- ,-0- ,-0- ,-0- ,-0- ,-0- ,-0- ,-0- 
7161,"OPERADORA VALPARK, S.A. DE C.V.",-0- ,"SDNTK",-0- ,-0- ,-0- ,-0- ,-0- ,-0- ,-0- ,-0- 
7162,"VALPARK, S.A. DE C.V.",-0- ,"SDNTK",-0- ,-0- ,-0- ,-0- ,-0- ,-0- ,-0- ,-0- 
7163,"AGUILAR AMAO, Miguel","individual","SDNTK",-0- ,-0- ,-0- ,-0- ,-0- ,-0- ,-0- ,"DOB 29 Sep 1953; POB Santa Agueda,Baja California Sur,Mexico; R.F.C. AUAM-530929 (Mexico); Credencial electoral 101924629544 (Mexico)."
7164,"AGUIRRE GALINDO, Manuel","individual","SDNTK",-0- ,-0- ,-0- ,-0- ,-0- ,-0- ,-0- ,"DOB 02 Nov 1950; POB Tijuana, Baja California, Mexico; R.F.C. AUGM-501102-PM3 (Mexico)."
7166,"ARELLANO FELIX, Enedina","individual","SDNTK",-0- ,-0- ,-0- ,-0- ,-0- ,-0- ,-0- ,"DOB 12 Apr 1961."
7167,"FREGOSO AMEZQUITA, Maria Antonieta","individual","SDNTK",-0- ,-0- ,-0- ,-0- ,-0- ,-0- ,-0- ,"DOB 29 Oct 1952; POB Guadalajara, Jalisco; R.F.C. AEL-980417-S51 (Mexico); Driver's License No. 180839 (Mexico); Credencial electoral 088455751391 (Mexico)."
7169,"GIL GARCIA, Jose Alejandro","individual","SDNTK",-0- ,-0- ,-0- ,-0- ,-0- ,-0- ,-0- ,"DOB 22 Jan 1952; POB Culiacan, Sinaloa, Mexico; R.F.C. GIGA-520122 (Mexico); Credencial electoral 103624690069 (Mexico)."
7170,"HERNANDEZ PULIDO, Maria Elda","individual","SDNTK",-0- ,-0- ,-0- ,-0- ,-0- ,-0- ,-0- ,"DOB 18 Aug 1971; POB Baja California Norte, Mexico."
7172,"MIJARES TRANCOSO, Gilberto","individual","SDNTK",-0- ,-0- ,-0- ,-0- ,-0- ,-0- ,-0- ,"DOB 04 Feb 1951; POB Vicente Guerrero, Durango; Passport ASDI1418 (Mexico); Driver's License No. 210082884 (Mexico)."
7173,"MORENO MEDINA, Luis Ignacio","individual","SDNTK",-0- ,-0- ,-0- ,-0- ,-0- ,-0- ,-0- ,"DOB 26 May 1953; POB Distrito Federal, Mexico; Passport 96020025125 (Mexico); alt. Passport ATIJ07154 (Mexico); R.F.C. MOML-530526-ED4 (Mexico)."
7174,"OROPEZA MEDRANO, Francisco Javier","individual","SDNTK",-0- ,-0- ,-0- ,-0- ,-0- ,-0- ,-0- ,"DOB 23 Feb 1968; POB Coahuila, Mexico."
7176,"RAMIREZ AGUIRRE, Sergio Humberto","individual","SDNTK",-0- ,-0- ,-0- ,-0- ,-0- ,-0- ,-0- ,"DOB 22 Nov 1951."
7177,"TOLEDO CARREJO, Luis Raul","individual","SDNTK",-0- ,-0- ,-0- ,-0- ,-0- ,-0- ,-0- ,"DOB 30 Jan 1959; POB Guadalajara, Jalisco, Mexico."
7178,"ABAUNZA MARTINEZ, Javier","individual","SDGT",-0- ,-0- ,-0- ,-0- ,-0- ,-0- ,-0- ,"DOB 01 Jan 1965; POB Guernica, Vizcaya Province, Spain; Secondary sanctions risk: section 1(b) of Executive Order 13224, as amended by Executive Order 13886; D.N.I. 78.865.882 (Spain); Member ETA."
7179,"ALBERDI URANGA, Itziar","individual","SDGT",-0- ,-0- ,-0- ,-0- ,-0- ,-0- ,-0- ,"DOB 07 Oct 1963; POB Durango, Vizcaya Province, Spain; Secondary sanctions risk: section 1(b) of Executive Order 13224, as amended by Executive Order 13886; D.N.I. 78.865.693 (Spain); Member ETA."
7180,"ALCALDE LINARES, Angel","individual","SDGT",-0- ,-0- ,-0- ,-0- ,-0- ,-0- ,-0- ,"DOB 02 May 1943; POB Portugalete, Vizcaya Province, Spain; Secondary sanctions risk: section 1(b) of Executive Order 13224, as amended by Executive Order 13886; D.N.I. 15.390.353 (Spain); Member ETA."
7181,"ALBISU IRIARTE, Miguel","individual","SDGT",-0- ,-0- ,-0- ,-0- ,-0- ,-0- ,-0- ,"DOB 07 Jun 1961; POB San Sebastian, Guizpucoa Province, Spain; Secondary sanctions risk: section 1(b) of Executive Order 13224, as amended by Executive Order 13886; D.N.I. 15.954.596 (Spain); Member ETA."
7182,"ARZALLUS TAPIA, Eusebio","individual","SDGT",-0- ,-0- ,-0- ,-0- ,-0- ,-0- ,-0- ,"DOB 08 Nov 1957; POB Regil, Guipuzcoa Province, Spain; Secondary sanctions risk: section 1(b) of Executive Order 13224, as amended by Executive Order 13886; D.N.I. 15.927.207 (Spain); Member ETA."
7183,"ELCORO AYASTUY, Paulo","individual","SDGT",-0- ,-0- ,-0- ,-0- ,-0- ,-0- ,-0- ,"DOB 22 Oct 1973; POB Vergara, Guipuzcoa Province, Spain; Secondary sanctions risk: section 1(b) of Executive Order 13224, as amended by Executive Order 13886; D.N.I. 15.394.062 (Spain); Member ETA."
7184,"FIGAL ARRANZ, Antonio Agustin","individual","SDGT",-0- ,-0- ,-0- ,-0- ,-0- ,-0- ,-0- ,"DOB 02 Dec 1972; POB Baracaldo, Vizcaya Province, Spain; Secondary sanctions risk: section 1(b) of Executive Order 13224, as amended by Executive Order 13886; D.N.I. 20.172.692 (Spain); Member ETA."
7185,"GOGEASCOECHEA ARRONATEGUI, Eneko","individual","SDGT",-0- ,-0- ,-0- ,-0- ,-0- ,-0- ,-0- ,"DOB 29 Apr 1967; POB Guernica, Vizacaya Province, Spain; Secondary sanctions risk: section 1(b) of Executive Order 13224, as amended by Executive Order 13886; D.N.I. 44.556.097 (Spain); Member ETA."
7186,"GOIRICELAYA GONZALEZ, Cristina","individual","SDGT",-0- ,-0- ,-0- ,-0- ,-0- ,-0- ,-0- ,"DOB 23 Dec 1967; POB Vergara, Guipuzcoa Province, Spain; Secondary sanctions risk: section 1(b) of Executive Order 13224, as amended by Executive Order 13886; D.N.I. 16.282.556 (Spain); Member ETA."
7187,"IPARRAGUIRRE GUENECHEA, Maria Soledad","individual","SDGT",-0- ,-0- ,-0- ,-0- ,-0- ,-0- ,-0- ,"DOB 25 Apr 1961; POB Escoriaza, Guipuzcoa Province, Spain; Secondary sanctions risk: section 1(b) of Executive Order 13224, as amended by Executive Order 13886; D.N.I. 16.255.819 (Spain); Member ETA."
7188,"MORCILLO TORRES, Gracia","individual","SDGT",-0- ,-0- ,-0- ,-0- ,-0- ,-0- ,-0- ,"DOB 15 Mar 1967; POB San Sebastian, Guipuzcoa Province, Spain; Secondary sanctions risk: section 1(b) of Executive Order 13224, as amended by Executive Order 13886; D.N.I. 72.439.052 (Spain); Member ETA."
7189,"MUGICA GONI, Ainhoa","individual","SDGT",-0- ,-0- ,-0- ,-0- ,-0- ,-0- ,-0- ,"DOB 27 Jun 1970; POB San Sebastian, Guipuzcoa Province, Spain; Secondary sanctions risk: section 1(b) of Executive Order 13224, as amended by Executive Order 13886; D.N.I. 34.101.243 (Spain); Member ETA."
7190,"MUNOA ORDOZGOITI, Alona","individual","SDGT",-0- ,-0- ,-0- ,-0- ,-0- ,-0- ,-0- ,"DOB 06 Jul 1976; POB Segura, Guipuzcoa Province, Spain; Secondary sanctions risk: section 1(b) of Executive Order 13224, as amended by Executive Order 13886; D.N.I. 35.771.259 (Spain); Member ETA."
7191,"NARVAEZ GONI, Juan Jesus","individual","SDGT",-0- ,-0- ,-0- ,-0- ,-0- ,-0- ,-0- ,"DOB 23 Feb 1961; POB Pamplona, Navarra Province, Spain; Secondary sanctions risk: section 1(b) of Executive Order 13224, as amended by Executive Order 13886; D.N.I. 15.841.101 (Spain); Member ETA."
7192,"OLARRA GURIDI, Juan Antonio","individual","SDGT",-0- ,-0- ,-0- ,-0- ,-0- ,-0- ,-0- ,"DOB 11 Sep 1967; POB San Sebastian, Guipuzcoa Province, Spain; Secondary sanctions risk: section 1(b) of Executive Order 13224, as amended by Executive Order 13886; D.N.I. 30.084.504 (Spain); Member ETA."
7193,"ORBE SEVILLANO, Zigor","individual","SDGT",-0- ,-0- ,-0- ,-0- ,-0- ,-0- ,-0- ,"DOB 22 Sep 1975; POB Basauri, Vizcaya Province, Spain; Secondary sanctions risk: section 1(b) of Executive Order 13224, as amended by Executive Order 13886; D.N.I. 45.622.851 (Spain); Member ETA."
7194,"OTEGUI UNANUE, Mikel","individual","SDGT",-0- ,-0- ,-0- ,-0- ,-0- ,-0- ,-0- ,"DOB 08 Oct 1972; POB Itsasondo, Guipuzcoa Province, Spain; Secondary sanctions risk: section 1(b) of Executive Order 13224, as amended by Executive Order 13886; D.N.I. 44.132.976 (Spain); Member ETA."
7195,"PEREZ ARAMBURU, Jon Inaki","individual","SDGT",-0- ,-0- ,-0- ,-0- ,-0- ,-0- ,-0- ,"DOB 18 Sep 1964; POB San Sebastian, Guipuzcoa Province, Spain; Secondary sanctions risk: section 1(b) of Executive Order 13224, as amended by Executive Order 13886; D.N.I. 15.976.521 (Spain); Member ETA."
7196,"SAEZ DE EGUILAZ MURGUIONDO, Carlos","individual","SDGT",-0- ,-0- ,-0- ,-0- ,-0- ,-0- ,-0- ,"DOB 09 Dec 1963; POB San Sebastian, Guipuzcoa Province, Spain; Secondary sanctions risk: section 1(b) of Executive Order 13224, as amended by Executive Order 13886; D.N.I. 15.962.687 (Spain); Member ETA."
7197,"URANGA ARTOLA, Kemen","individual","SDGT",-0- ,-0- ,-0- ,-0- ,-0- ,-0- ,-0- ,"DOB 25 May 1969; POB Ondarroa, Vizcaya Province, Spain; Secondary sanctions risk: section 1(b) of Executive Order 13224, as amended by Executive Order 13886; D.N.I. 30.627.290 (Spain); Member ETA."
7198,"VILA MICHELENA, Fermin","individual","SDGT",-0- ,-0- ,-0- ,-0- ,-0- ,-0- ,-0- ,"DOB 12 Mar 1970; POB Irun, Guipuzcoa Province, Spain; Secondary sanctions risk: section 1(b) of Executive Order 13224, as amended by Executive Order 13886; D.N.I. 15.254.214 (Spain); Member ETA."
7199,"AL-HARAMAIN ISLAMIC FOUNDATION",-0- ,"SDGT",-0- ,-0- ,-0- ,-0- ,-0- ,-0- ,-0- ,"Secondary sanctions risk: section 1(b) of Executive Order 13224, as amended by Executive Order 13886."
7200,"AL-AQSA MARTYRS BRIGADE",-0- ,"FTO] [SDGT",-0- ,-0- ,-0- ,-0- ,-0- ,-0- ,-0- ,"Secondary sanctions risk: section 1(b) of Executive Order 13224, as amended by Executive Order 13886."
7201,"THE AID ORGANIZATION OF THE ULEMA",-0- ,"SDGT",-0- ,-0- ,-0- ,-0- ,-0- ,-0- ,-0- ,"Secondary sanctions risk: section 1(b) of Executive Order 13224, as amended by Executive Order 13886; Operations in Afghanistan: Herat, Jalalabad, Kabul, Kandahar, Mazar Sharif; Also operations in: Kosovo,Chechnya."
7203,"AOUADI, Mohamed Ben Belgacem","individual","SDGT",-0- ,-0- ,-0- ,-0- ,-0- ,-0- ,-0- ,"DOB 11 Dec 1974; POB Tunisia; nationality Tunisia; Secondary sanctions risk: section 1(b) of Executive Order 13224, as amended by Executive Order 13886; Passport L 191609 issued 28 Feb 1996 expires 27 Feb 2001; Italian Fiscal Code DAOMMD74T11Z352Z."
7204,"BEN HENI, Lased","individual","SDGT",-0- ,-0- ,-0- ,-0- ,-0- ,-0- ,-0- ,"DOB 05 Feb 1969; POB Libya; alt. POB Tripoli; Secondary sanctions risk: section 1(b) of Executive Order 13224, as amended by Executive Order 13886."
7205,"BOUCHOUCHA, Mokhtar","individual","SDGT",-0- ,-0- ,-0- ,-0- ,-0- ,-0- ,-0- ,"DOB 13 Oct 1969; POB Tunisia; nationality Tunisia; Secondary sanctions risk: section 1(b) of Executive Order 13224, as amended by Executive Order 13886; Passport K754050 issued 26 May 1999 expires 25 May 2004; Italian Fiscal Code BCHMHT69R13Z352T."
7207,"ES SAYED, Abdelkader Mahmoud","individual","SDGT",-0- ,-0- ,-0- ,-0- ,-0- ,-0- ,-0- ,"DOB 26 Dec 1962; POB Egypt; Secondary sanctions risk: section 1(b) of Executive Order 13224, as amended by Executive Order 13886; Italian Fiscal Code SSYBLK62T26Z336L."
7208,"ESSID, Sami Ben Khemais","individual","SDGT",-0- ,-0- ,-0- ,-0- ,-0- ,-0- ,-0- ,"DOB 10 Feb 1968; POB Tunisia; nationality Tunisia; Secondary sanctions risk: section 1(b) of Executive Order 13224, as amended by Executive Order 13886; Passport K929139 issued 14 Feb 1995 expires 13 Feb 2000; Italian Fiscal Code SSDSBN68B10Z352F."
7209,"AL-FAWAZ, Khalid Abd al-Rahman Hamd","individual","SDGT",-0- ,-0- ,-0- ,-0- ,-0- ,-0- ,-0- ,"DOB 25 Aug 1962; alt. DOB 24 Aug 1962; POB Kuwait; nationality Saudi Arabia; Secondary sanctions risk: section 1(b) of Executive Order 13224, as amended by Executive Order 13886; Passport 456682 issued 06 Nov 1990 expires 13 Sep 1995."
7210,"AL-MASRI, Abu Hamza","individual","SDGT",-0- ,-0- ,-0- ,-0- ,-0- ,-0- ,-0- ,"DOB 15 Apr 1958; Secondary sanctions risk: section 1(b) of Executive Order 13224, as amended by Executive Order 13886."
7211,"APAOLAZA SANCHO, Ivan","individual","SDGT",-0- ,-0- ,-0- ,-0- ,-0- ,-0- ,-0- ,"DOB 10 Nov 1971; POB Beasain, Guipuzcoa Province, Spain; Secondary sanctions risk: section 1(b) of Executive Order 13224, as amended by Executive Order 13886; D.N.I. 44.129.178; Member ETA."
7212,"BERASATEGUI ESCUDERO, Ismael","individual","SDGT",-0- ,-0- ,-0- ,-0- ,-0- ,-0- ,-0- ,"DOB 15 Mar 1963; POB Eibar Guipuzcoa Province, Spain; Secondary sanctions risk: section 1(b) of Executive Order 13224, as amended by Executive Order 13886; D.N.I. 15.379.555; Member ETA."
7213,"GALLASTEGUI SODUPE, Lexuri","individual","SDGT",-0- ,-0- ,-0- ,-0- ,-0- ,-0- ,-0- ,"DOB 18 Jun 1969; POB Bilbao Vizcaya Province, Spain; Secondary sanctions risk: section 1(b) of Executive Order 13224, as amended by Executive Order 13886; D.N.I. 16.047.113; Member ETA."
7214,"PALACIOS ALDAY, Gorka","individual","SDGT",-0- ,-0- ,-0- ,-0- ,-0- ,-0- ,-0- ,"DOB 17 Oct 1974; POB Baracaldo Vizcaya Province, Spain; Secondary sanctions risk: section 1(b) of Executive Order 13224, as amended by Executive Order 13886; D.N.I. 30.654.356; Member ETA."
7215,"QUINTANA ZORROZUA, Asier","individual","SDGT",-0- ,-0- ,-0- ,-0- ,-0- ,-0- ,-0- ,"DOB 27 Feb 1968; POB Bilbao Vizcaya Province, Spain; Secondary sanctions risk: section 1(b) of Executive Order 13224, as amended by Executive Order 13886; D.N.I. 30.609.430; Member ETA."
7216,"RUBENACH ROIG, Juan Luis","individual","SDGT",-0- ,-0- ,-0- ,-0- ,-0- ,-0- ,-0- ,"DOB 18 Sep 1964; POB Bilbao Vizcaya Province, Spain; Secondary sanctions risk: section 1(b) of Executive Order 13224, as amended by Executive Order 13886; D.N.I. 18.197.545; Member ETA."
7217,"ZUBIAGA BRAVO, Manex","individual","SDGT",-0- ,-0- ,-0- ,-0- ,-0- ,-0- ,-0- ,"DOB 14 Aug 1979; POB Getxo Vizcaya Province, Spain; Secondary sanctions risk: section 1(b) of Executive Order 13224, as amended by Executive Order 13886; D.N.I. 16.064.664; Member ETA."
7219,"ASKATASUNA",-0- ,"SDGT",-0- ,-0- ,-0- ,-0- ,-0- ,-0- ,-0- ,"Secondary sanctions risk: section 1(b) of Executive Order 13224, as amended by Executive Order 13886."
7220,"DA COSTA, Luis Fernando","individual","SDNTK",-0- ,-0- ,-0- ,-0- ,-0- ,-0- ,-0- ,"DOB 04 Jul 1967; POB Rio de Janeiro."
7221,"GONZALEZ QUIRARTE, Eduardo","individual","SDNTK",-0- ,-0- ,-0- ,-0- ,-0- ,-0- ,-0- ,"DOB 28 Aug 1962; alt. DOB 20 Aug 1962; POB Jalisco Mexico; Passport 96140045817 (Mexico); alt. Passport 97380018185 (Mexico); SSN 550-63-9593 (United States)."
7222,"IBRAHIM, Haji","individual","SDNTK",-0- ,-0- ,-0- ,-0- ,-0- ,-0- ,-0- ,"DOB 28 Sep 1957; POB Pakistan."
7223,"KNOWLES, Samuel","individual","SDNTK",-0- ,-0- ,-0- ,-0- ,-0- ,-0- ,-0- ,"DOB 28 May 1959; POB Bahamas."
7224,"TUITO, Oded","individual","SDNTK",-0- ,-0- ,-0- ,-0- ,-0- ,-0- ,-0- ,"DOB 27 Dec 1959; alt. DOB 29 Nov 1959; alt. DOB 27 Feb 1959; alt. DOB 12 Dec 1959; alt. DOB 25 Jul 1961; POB Israel."
7226,"ZAMBADA GARCIA, Ismael","individual","SDNTK] [ILLICIT-DRUGS-EO14059",-0- ,-0- ,-0- ,-0- ,-0- ,-0- ,-0- ,"DOB 1948; POB Sinaloa, Mexico; nationality Mexico; Gender Male; a.k.a. 'El Mayo'; a.k.a. 'Mayo'."
7227,"BABBAR KHALSA INTERNATIONAL",-0- ,"SDGT",-0- ,-0- ,-0- ,-0- ,-0- ,-0- ,-0- ,"Secondary sanctions risk: section 1(b) of Executive Order 13224, as amended by Executive Order 13886."
7228,"INTERNATIONAL SIKH YOUTH FEDERATION",-0- ,"SDGT",-0- ,-0- ,-0- ,-0- ,-0- ,-0- ,-0- ,"Secondary sanctions risk: section 1(b) of Executive Order 13224, as amended by Executive Order 13886; a.k.a. 'ISYF'."
7234,"NEW PEOPLE'S ARMY / COMMUNIST PARTY OF THE PHILIPPINES",-0- ,"FTO] [SDGT",-0- ,-0- ,-0- ,-0- ,-0- ,-0- ,-0- ,"Secondary sanctions risk: section 1(b) of Executive Order 13224, as amended by Executive Order 13886; a.k.a. 'CPP'; a.k.a. 'NPP/CPP'."
7235,"SISON, Jose Maria","individual","SDGT",-0- ,-0- ,-0- ,-0- ,-0- ,-0- ,-0- ,"DOB 08 Feb 1938; POB Llocos Sur Northern Luzon, Philippines; Secondary sanctions risk: section 1(b) of Executive Order 13224, as amended by Executive Order 13886."
7251,"BEN SOLTANE, Adel","individual","SDGT",-0- ,-0- ,-0- ,-0- ,-0- ,-0- ,-0- ,"DOB 14 Jul 1970; POB Tunis, Tunisia; nationality Tunisia; Secondary sanctions risk: section 1(b) of Executive Order 13224, as amended by Executive Order 13886; Passport M408665 issued 04 Oct 2000 expires 03 Oct 2005; Italian Fiscal Code BNSDLA70L14Z352B."
7252,"BEN ATTIA, Nabil Ben Mohamed Ben Ali","individual","SDGT",-0- ,-0- ,-0- ,-0- ,-0- ,-0- ,-0- ,"DOB 11 May 1966; POB Tunis, Tunisia; nationality Tunisia; Secondary sanctions risk: section 1(b) of Executive Order 13224, as amended by Executive Order 13886; Passport L289032 issued 22 Aug 2001 expires 21 Aug 2006."
7253,"CHEKKOURI, Yassine","individual","SDGT",-0- ,-0- ,-0- ,-0- ,-0- ,-0- ,-0- ,"DOB 06 Oct 1966; POB Safi, Morocco; Secondary sanctions risk: section 1(b) of Executive Order 13224, as amended by Executive Order 13886."
7254,"JELASSI, Riadh Ben Belkassem Ben Mohamed","individual","SDGT",-0- ,-0- ,-0- ,-0- ,-0- ,-0- ,-0- ,"DOB 15 Dec 1970; POB Al-Mohamedia, Tunisia; nationality Tunisia; Secondary sanctions risk: section 1(b) of Executive Order 13224, as amended by Executive Order 13886; Passport L276046 issued 01 Jul 1996 expires 30 Jun 2001."
7255,"KAMMOUN, Mehdi","individual","SDGT",-0- ,-0- ,-0- ,-0- ,-0- ,-0- ,-0- ,"DOB 03 Apr 1968; POB Tunis, Tunisia; nationality Tunisia; Secondary sanctions risk: section 1(b) of Executive Order 13224, as amended by Executive Order 13886; Passport M307707 issued 12 Apr 2000 expires 11 Apr 2005; Italian Fiscal Code KMMMHD68D03Z352N (Italy)."
7256,"KISHK, Samir","individual","SDGT",-0- ,-0- ,-0- ,-0- ,-0- ,-0- ,-0- ,"DOB 14 May 1955; POB Gharbia, Egypt; Secondary sanctions risk: section 1(b) of Executive Order 13224, as amended by Executive Order 13886."
7257,"MAAROUFI, Tarek Ben Habib Ben Al-Toumi","individual","SDGT",-0- ,-0- ,-0- ,-0- ,-0- ,-0- ,-0- ,"DOB 23 Nov 1965; POB Ghardimaou, Tunisia; alt. POB Ghar el-dimaa, Tunisia; nationality Tunisia; Secondary sanctions risk: section 1(b) of Executive Order 13224, as amended by Executive Order 13886; Passport E590976 (Tunisia) issued 19 Jun 1987 expires 18 Jun 1992."
7258,"REMADNA, Abdelhalim","individual","SDGT",-0- ,-0- ,-0- ,-0- ,-0- ,-0- ,-0- ,"DOB 02 Apr 1966; POB Bistra, Algeria; Secondary sanctions risk: section 1(b) of Executive Order 13224, as amended by Executive Order 13886."
7259,"THAER, Mansour","individual","SDGT",-0- ,-0- ,-0- ,-0- ,-0- ,-0- ,-0- ,"DOB 21 Mar 1974; POB Baghdad, Iraq; Secondary sanctions risk: section 1(b) of Executive Order 13224, as amended by Executive Order 13886."
7260,"TLILI, Al-Azhar Ben Ammar Ben Abadallah","individual","SDGT",-0- ,-0- ,-0- ,-0- ,-0- ,-0- ,-0- ,"DOB 26 Mar 1969; POB Tunis, Tunisia; Secondary sanctions risk: section 1(b) of Executive Order 13224, as amended by Executive Order 13886; Italian Fiscal Code TLLLHR69C26Z352G."
7261,"WADDANI, Habib","individual","SDGT",-0- ,-0- ,-0- ,-0- ,-0- ,-0- ,-0- ,"DOB 10 Jun 1970; POB Tunis, Tunisia; nationality Tunisia; Secondary sanctions risk: section 1(b) of Executive Order 13224, as amended by Executive Order 13886; Passport L550681 issued 23 Sep 1997 expires 22 Sep 2002; Italian Fiscal Code WDDHBB70H10Z352O."
7262,"EASTERN TURKISTAN ISLAMIC MOVEMENT",-0- ,"SDGT",-0- ,-0- ,-0- ,-0- ,-0- ,-0- ,-0- ,"Secondary sanctions risk: section 1(b) of Executive Order 13224, as amended by Executive Order 13886."
7263,"JULAIDAN, Wa'el Hamza Abd Al-Fatah","individual","SDGT",-0- ,-0- ,-0- ,-0- ,-0- ,-0- ,-0- ,"DOB 22 Jan 1958; alt. DOB 20 Jan 1958; POB Al-Madinah, Saudi Arabia; nationality Saudi Arabia; Secondary sanctions risk: section 1(b) of Executive Order 13224, as amended by Executive Order 13886; Passport A-992535 (Saudi Arabia); alt. Passport B 524420 issued 15 Jul 1998 expires 22 May 2003; a.k.a. 'ABU AL-HASAN AL MADANI'."
7264,"BAHAJI, Said","individual","SDGT",-0- ,-0- ,-0- ,-0- ,-0- ,-0- ,-0- ,"DOB 15 Jul 1975; POB Haselunne, Lower Saxony, Germany; nationality Morocco; alt. nationality Germany; Secondary sanctions risk: section 1(b) of Executive Order 13224, as amended by Executive Order 13886."
7265,"BINALSHIBH, Ramzi Mohammed Abdullah","individual","SDGT",-0- ,-0- ,-0- ,-0- ,-0- ,-0- ,-0- ,"DOB 01 May 1972; alt. DOB 16 Sep 1973; POB Hadramawt, Yemen; alt. POB Khartoum Sudan; nationality Yemen; Gender Male; Secondary sanctions risk: section 1(b) of Executive Order 13224, as amended by Executive Order 13886; Passport R85243 (Yemen); alt. Passport A755350 (Saudi Arabia); alt. Passport 00085243 (Yemen)."
7266,"EL MOTASSADEQ, Mounir","individual","SDGT",-0- ,-0- ,-0- ,-0- ,-0- ,-0- ,-0- ,"DOB 03 Apr 1974; POB Marrakesh, Morocco; nationality Morocco; Secondary sanctions risk: section 1(b) of Executive Order 13224, as amended by Executive Order 13886."
7267,"ESSABAR, Zakarya","individual","SDGT",-0- ,-0- ,-0- ,-0- ,-0- ,-0- ,-0- ,"DOB 13 Apr 1977; alt. DOB 03 Apr 1977; POB Essaouria, Morocco; Secondary sanctions risk: section 1(b) of Executive Order 13224, as amended by Executive Order 13886."
7268,"TUNISIAN COMBAT GROUP",-0- ,"SDGT",-0- ,-0- ,-0- ,-0- ,-0- ,-0- ,-0- ,"Secondary sanctions risk: section 1(b) of Executive Order 13224, as amended by Executive Order 13886; a.k.a. 'JCT'."
7269,"GLOBAL RELIEF FOUNDATION, INC.",-0- ,"SDGT",-0- ,-0- ,-0- ,-0- ,-0- ,-0- ,-0- ,"Secondary sanctions risk: section 1(b) of Executive Order 13224, as amended by Executive Order 13886; US FEIN 36-3804626."
7270,"GLOBAL RELIEF FOUNDATION, INC.",-0- ,"SDGT",-0- ,-0- ,-0- ,-0- ,-0- ,-0- ,-0- ,"Secondary sanctions risk: section 1(b) of Executive Order 13224, as amended by Executive Order 13886; V.A.T. Number BE 454,419,759; a.k.a. 'FSM'."
7280,"JEMAA ISLAMIYAH",-0- ,"FTO] [SDGT",-0- ,-0- ,-0- ,-0- ,-0- ,-0- ,-0- ,"Secondary sanctions risk: section 1(b) of Executive Order 13224, as amended by Executive Order 13886; founded by Abdullah Sungkar; a.k.a. 'JI'."
7281,"GOMEZ BUSTAMANTE, Luis Hernando","individual","SDNT",-0- ,-0- ,-0- ,-0- ,-0- ,-0- ,-0- ,"DOB 14 Mar 1958; POB El Aguila, Valle, Colombia; Cedula No. 16209410 (Colombia); Passport 16209410 (Colombia)."
7282,"MONTOYA SANCHEZ, Diego Leon","individual","SDNT",-0- ,-0- ,-0- ,-0- ,-0- ,-0- ,-0- ,"DOB 11 Jan 1958; POB Trujillo, Valle, Colombia; Cedula No. 16348515 (Colombia); Passport 16348515 (Colombia)."
7283,"AGRICOLA DOIMA DEL NORTE DEL VALLE LTDA.",-0- ,"SDNT",-0- ,-0- ,-0- ,-0- ,-0- ,-0- ,-0- ,"NIT # 800144713-3 (Colombia)."
7284,"AGROPECUARIA MIRALINDO S.A.",-0- ,"SDNT",-0- ,-0- ,-0- ,-0- ,-0- ,-0- ,-0- ,"NIT # 836000446-4 (Colombia)."
7286,"GANADERIA EL VERGEL LTDA.",-0- ,"SDNT",-0- ,-0- ,-0- ,-0- ,-0- ,-0- ,-0- ,"NIT # 800146295-5 (Colombia)."
7287,"GANADERIAS BILBAO LTDA.",-0- ,"SDNT",-0- ,-0- ,-0- ,-0- ,-0- ,-0- ,-0- ,"NIT # 800146290-9 (Colombia)."
7288,"INMOBILIARIA EL ESCORIAL LTDA.",-0- ,"SDNT",-0- ,-0- ,-0- ,-0- ,-0- ,-0- ,-0- ,"NIT # 800146869-2 (Colombia)."
7289,"INMOBILIARIA LINARES LTDA.",-0- ,"SDNT",-0- ,-0- ,-0- ,-0- ,-0- ,-0- ,-0- ,"NIT # 800146860-7 (Colombia)."
7290,"INMOBILIARIA PASADENA LTDA.",-0- ,"SDNT",-0- ,-0- ,-0- ,-0- ,-0- ,-0- ,-0- ,"NIT # 800146861-4 (Colombia)."
7291,"INVERSIONES LA QUINTA Y CIA. LTDA.",-0- ,"SDNT",-0- ,-0- ,-0- ,-0- ,-0- ,-0- ,-0- ,"NIT # 800160387-2 (Colombia)."
7292,"LADRILLERA LA CANDELARIA LTDA.",-0- ,"SDNT",-0- ,-0- ,-0- ,-0- ,-0- ,-0- ,-0- ,"NIT # 800119741-4 (Colombia)."
7293,"MONTOYA LUNA E HIJOS Y CIA. S.C.S.",-0- ,"SDNT",-0- ,-0- ,-0- ,-0- ,-0- ,-0- ,-0- ,"NIT # 800077316-5 (Colombia)."
7294,"ORGANIZACION LUIS HERNANDO GOMEZ BUSTAMANTE Y CIA S.C.S.",-0- ,"SDNT",-0- ,-0- ,-0- ,-0- ,-0- ,-0- ,-0- ,"NIT # 800140477-1 (Colombia)."
7295,"VISCAYA LTDA.",-0- ,"SDNT",-0- ,-0- ,-0- ,-0- ,-0- ,-0- ,-0- ,"NIT # 800054357-8 (Colombia)."
7302,"GOMEZ APONTE, Laura Victoria","individual","SDNT",-0- ,-0- ,-0- ,-0- ,-0- ,-0- ,-0- ,"DOB 31 Oct 1965; POB Cali, Valle, Colombia; Cedula No. 31937650 (Colombia); Passport 31937650 (Colombia)."
7303,"GOMEZ GOMEZ, Viviana","individual","SDNT",-0- ,-0- ,-0- ,-0- ,-0- ,-0- ,-0- ,"DOB 17 Oct 1982; NIT # 681946748-1 (Colombia)."
7304,"GOMEZ JARAMILLO, Olga Cecilia","individual","SDNT",-0- ,-0- ,-0- ,-0- ,-0- ,-0- ,-0- ,"DOB 29 Feb 1956; Cedula No. 31398070 (Colombia); Passport 31398070 (Colombia)."
7308,"HURTADO ROMERO, Jairo Jose","individual","SDNT",-0- ,-0- ,-0- ,-0- ,-0- ,-0- ,-0- ,"Cedula No. 13809079 (Colombia); Passport 13809079 (Colombia)."
7313,"MONTOYA SANCHEZ, Eugenio","individual","SDNT",-0- ,-0- ,-0- ,-0- ,-0- ,-0- ,-0- ,"DOB 17 Apr 1970; alt. DOB 15 Apr 1972; POB Trujillo, Valle, Colombia; Cedula No. 94307307 (Colombia); alt. Cedula No. 16836750 (Colombia); Passport AC814028 (Colombia); alt. Passport 94307307 (Colombia); alt. Passport 16836750 (Colombia)."
7314,"MONTOYA SANCHEZ, Juan Carlos","individual","SDNT",-0- ,-0- ,-0- ,-0- ,-0- ,-0- ,-0- ,"DOB 03 Sep 1962; POB Riofrio, Valle, Colombia; Cedula No. 16357049 (Colombia); Passport 16357049 (Colombia)."
7316,"RUIZ CASTANO, Maria Helena","individual","SDNT",-0- ,-0- ,-0- ,-0- ,-0- ,-0- ,-0- ,"DOB 17 Nov 1970; Cedula No. 66901635 (Colombia); Passport 66901635 (Colombia)."
7317,"ECHEBERRIA SIMARRO, Leire","individual","SDGT",-0- ,-0- ,-0- ,-0- ,-0- ,-0- ,-0- ,"DOB 20 Dec 1977; POB Basauri (Vizcaya Province), Spain; Secondary sanctions risk: section 1(b) of Executive Order 13224, as amended by Executive Order 13886; D.N.I. 45.625.646; member ETA."
7318,"ECHEGARAY ACHIRICA, Alfonso","individual","SDGT",-0- ,-0- ,-0- ,-0- ,-0- ,-0- ,-0- ,"DOB 10 Jan 1958; POB Plencia (Vizcaya Province), Spain; Secondary sanctions risk: section 1(b) of Executive Order 13224, as amended by Executive Order 13886; D.N.I. 16.027.051; member ETA."
7320,"VALLEJO FRANCO, Inigo","individual","SDGT",-0- ,-0- ,-0- ,-0- ,-0- ,-0- ,-0- ,"DOB 21 May 1976; POB Bilbao (Vizcaya Province), Spain; Secondary sanctions risk: section 1(b) of Executive Order 13224, as amended by Executive Order 13886; D.N.I. 29.036.694; member ETA."
7321,"BENEVOLENCE INTERNATIONAL FOUNDATION",-0- ,"SDGT",-0- ,-0- ,-0- ,-0- ,-0- ,-0- ,-0- ,"Secondary sanctions risk: section 1(b) of Executive Order 13224, as amended by Executive Order 13886; US FEIN 36-3823186; a.k.a. 'BIF'."
7322,"BENEVOLENCE INTERNATIONAL FUND",-0- ,"SDGT",-0- ,-0- ,-0- ,-0- ,-0- ,-0- ,-0- ,"Secondary sanctions risk: section 1(b) of Executive Order 13224, as amended by Executive Order 13886."
7323,"BOSANSKA IDEALNA FUTURA",-0- ,"SDGT",-0- ,-0- ,-0- ,-0- ,-0- ,-0- ,-0- ,"Secondary sanctions risk: section 1(b) of Executive Order 13224, as amended by Executive Order 13886."
7324,"MOROCCAN ISLAMIC COMBATANT GROUP",-0- ,"SDGT",-0- ,-0- ,-0- ,-0- ,-0- ,-0- ,-0- ,"Secondary sanctions risk: section 1(b) of Executive Order 13224, as amended by Executive Order 13886."
7325,"LAJNAT AL DAAWA AL ISLAMIYYA",-0- ,"SDGT",-0- ,-0- ,-0- ,-0- ,-0- ,-0- ,-0- ,"Secondary sanctions risk: section 1(b) of Executive Order 13224, as amended by Executive Order 13886; Organization Established Date 1986; Target Type Charity or Nonprofit Organization; Linked To: AL QA'IDA."
7326,"SAYADI, Nabil Abdul Salam","individual","SDGT",-0- ,-0- ,-0- ,-0- ,-0- ,-0- ,-0- ,"DOB 01 Jan 1966; POB Tripoli, Lebanon; Secondary sanctions risk: section 1(b) of Executive Order 13224, as amended by Executive Order 13886; Passport 1091875; National ID No. 660000 73767 (Belgium); Public Security and Immigration No. 98.805; a.k.a. 'ABOU ZEINAB'."
7328,"ISAMUDDIN, Nurjaman Riduan","individual","SDGT",-0- ,-0- ,-0- ,-0- ,-0- ,-0- ,-0- ,"DOB 04 Apr 1964; alt. DOB 01 Apr 1964; POB Cianjur, West Java, Indonesia; nationality Indonesia; Gender Male; Secondary sanctions risk: section 1(b) of Executive Order 13224, as amended by Executive Order 13886; a.k.a. 'HAMBALI'; a.k.a. 'NURJAMAN'."
7329,"ABDURRAHMAN, Mohamad Iqbal","individual","SDGT",-0- ,-0- ,-0- ,-0- ,-0- ,-0- ,-0- ,"DOB 17 Aug 1957; alt. DOB 17 Aug 1958; POB Korleko-Lombok Timur, Indonesia; alt. POB Tirpas-Selong Village, East Lombok, Indonesia; nationality Indonesia; Secondary sanctions risk: section 1(b) of Executive Order 13224, as amended by Executive Order 13886; National ID No. 3603251708570001; a.k.a. 'ABU JIBRIL'."
7330,"STICHTING BENEVOLENCE INTERNATIONAL NEDERLAND",-0- ,"SDGT",-0- ,-0- ,-0- ,-0- ,-0- ,-0- ,-0- ,"Secondary sanctions risk: section 1(b) of Executive Order 13224, as amended by Executive Order 13886; Registration ID 14063277."
7331,"LASHKAR I JHANGVI",-0- ,"FTO] [SDGT",-0- ,-0- ,-0- ,-0- ,-0- ,-0- ,-0- ,"Secondary sanctions risk: section 1(b) of Executive Order 13224, as amended by Executive Order 13886; a.k.a. 'LJ'."
7471,"HEKMATYAR, Gulbuddin","individual","SDGT",-0- ,-0- ,-0- ,-0- ,-0- ,-0- ,-0- ,"DOB 01 Aug 1949; POB Konduz Province, Afghanistan; Secondary sanctions risk: section 1(b) of Executive Order 13224, as amended by Executive Order 13886."
7472,"ANSAR AL-ISLAM",-0- ,"FTO] [SDGT",-0- ,-0- ,-0- ,-0- ,-0- ,-0- ,-0- ,"Secondary sanctions risk: section 1(b) of Executive Order 13224, as amended by Executive Order 13886; a.k.a. 'DEVOTEES OF ISLAM'; a.k.a. 'FOLLOWERS OF ISLAM IN KURDISTAN'; a.k.a. 'KURDISTAN SUPPORTERS OF ISLAM'; a.k.a. 'SOLDIERS OF ISLAM'; a.k.a. 'KURDISH TALIBAN'; a.k.a. 'SOLDIERS OF GOD'; a.k.a. 'SUPPORTERS OF ISLAM IN KURDISTAN'; a.k.a. 'HELPERS OF ISLAM'; a.k.a. 'PARTISANS OF ISLAM'."
7473,"THE RIYADUS-SALIKHIN RECONNAISSANCE AND SABOTAGE BATTALION OF CHECHEN MARTYRS",-0- ,"SDGT",-0- ,-0- ,-0- ,-0- ,-0- ,-0- ,-0- ,"Secondary sanctions risk: section 1(b) of Executive Order 13224, as amended by Executive Order 13886."
7474,"THE SPECIAL PURPOSE ISLAMIC REGIMENT",-0- ,"SDGT",-0- ,-0- ,-0- ,-0- ,-0- ,-0- ,-0- ,"Secondary sanctions risk: section 1(b) of Executive Order 13224, as amended by Executive Order 13886."
7475,"THE ISLAMIC INTERNATIONAL BRIGADE",-0- ,"SDGT",-0- ,-0- ,-0- ,-0- ,-0- ,-0- ,-0- ,"Secondary sanctions risk: section 1(b) of Executive Order 13224, as amended by Executive Order 13886."
7489,"CHIWENGA, Constantino Guveya","individual","GLOMAG",-0- ,-0- ,-0- ,-0- ,-0- ,-0- ,-0- ,"DOB 25 Aug 1956; POB Zimbabwe; nationality Zimbabwe; Gender Male."
7513,"MNANGAGWA, Emmerson Dambudzo","individual","GLOMAG","President of Zimbabwe",-0- ,-0- ,-0- ,-0- ,-0- ,-0- ,"DOB 15 Sep 1946; alt. DOB 15 Sep 1942; POB Zvishavane, Zimbabwe; nationality Zimbabwe; Gender Male; Passport AD005831 (Zimbabwe) issued 11 Jan 2018 expires 10 Jan 2028; alt. Passport AD006846 (Zimbabwe) issued 04 Feb 2020 expires 03 Feb 2025; National ID No. 63450183P67 (Zimbabwe); President of Zimbabwe; a.k.a. 'CROCODILE'."
7522,"MUCHINGURI, Oppah Charm Zvipange","individual","GLOMAG",-0- ,-0- ,-0- ,-0- ,-0- ,-0- ,-0- ,"DOB 14 Dec 1958; POB Mutare, Zimbabwe; nationality Zimbabwe; Gender Female; National ID No. 63741411R50 (Zimbabwe)."
7574,"VALENCIA TRUJILLO, Joaquin Mario","individual","SDNT",-0- ,-0- ,-0- ,-0- ,-0- ,-0- ,-0- ,"DOB 21 Aug 1957; POB Cali, Valle, Colombia; Cedula No. 16626888 (Colombia); Passport 16626888 (Colombia); alt. Passport AC030971 (Colombia); Driver's License No. 76001000150900 (Colombia)."
7576,"BANANERA AGRICOLA S.A.",-0- ,"SDNT",-0- ,-0- ,-0- ,-0- ,-0- ,-0- ,-0- ,"NIT # 800142651-6 (Colombia)."
7579,"CIA. MINERA DAPA S.A.",-0- ,"SDNT",-0- ,-0- ,-0- ,-0- ,-0- ,-0- ,-0- ,"NIT # 800181373-1 (Colombia)."
7580,"COMPANIA DE FOMENTO MERCANTIL S.A.",-0- ,"SDNT",-0- ,-0- ,-0- ,-0- ,-0- ,-0- ,-0- ,"NIT # 800124589-0 (Colombia)."
7581,"CONSTRUCCIONES PROGRESO DEL PUERTO S.A.",-0- ,"SDNT",-0- ,-0- ,-0- ,-0- ,-0- ,-0- ,-0- ,"NIT # 817000779-2 (Colombia)."
7583,"CREDISA S.A.",-0- ,"SDNT",-0- ,-0- ,-0- ,-0- ,-0- ,-0- ,-0- ,"NIT # 800065773-6 (Colombia)."
7584,"CRIADERO LA LUISA E.U.",-0- ,"SDNT",-0- ,-0- ,-0- ,-0- ,-0- ,-0- ,-0- ,"NIT # 860503330-5 (Colombia)."
7585,"DRAGADOS Y MUELLES GAVIOTA LTDA.",-0- ,"SDNT",-0- ,-0- ,-0- ,-0- ,-0- ,-0- ,-0- ,"NIT # 800173053-4 (Colombia)."
7589,"GRANJA LA SIERRA LTDA.",-0- ,"SDNT",-0- ,-0- ,-0- ,-0- ,-0- ,-0- ,-0- ,"NIT # 800253142-5 (Colombia)."
7590,"GRAN MUELLE S.A.",-0- ,"SDNT",-0- ,-0- ,-0- ,-0- ,-0- ,-0- ,-0- ,"NIT # 800173054-1 (Colombia)."
7593,"MIRA E.U.",-0- ,"SDNT",-0- ,-0- ,-0- ,-0- ,-0- ,-0- ,-0- ,"NIT # 805009267-0 (Colombia)."
7595,"OCCIDENTAL DE PAPELES LTDA.",-0- ,"SDNT",-0- ,-0- ,-0- ,-0- ,-0- ,-0- ,-0- ,"NIT # 805017535-3 (Colombia)."
7598,"SERVICIO AEREO DE SANTANDER E.U.",-0- ,"SDNT",-0- ,-0- ,-0- ,-0- ,-0- ,-0- ,-0- ,"NIT # 800543219-8 (Colombia)."
7600,"UNIDAS S.A.",-0- ,"SDNT",-0- ,-0- ,-0- ,-0- ,-0- ,-0- ,-0- ,"NIT # 800080688-0 (Colombia)."
7631,"TODOBOLSAS Y COLSOBRES",-0- ,"SDNT",-0- ,-0- ,-0- ,-0- ,-0- ,-0- ,-0- ,"NIT # 860053774-1 (Colombia)."
7637,"AL-AQSA FOUNDATION",-0- ,"SDGT",-0- ,-0- ,-0- ,-0- ,-0- ,-0- ,-0- ,"Secondary sanctions risk: section 1(b) of Executive Order 13224, as amended by Executive Order 13886."
7638,"AL-AQSA E.V.",-0- ,"SDGT",-0- ,-0- ,-0- ,-0- ,-0- ,-0- ,-0- ,"Secondary sanctions risk: section 1(b) of Executive Order 13224, as amended by Executive Order 13886; <Head Office>."
7639,"STICHTING AL-AQSA",-0- ,"SDGT",-0- ,-0- ,-0- ,-0- ,-0- ,-0- ,-0- ,"Secondary sanctions risk: section 1(b) of Executive Order 13224, as amended by Executive Order 13886."
7640,"FORENINGEN AL-AQSA",-0- ,"SDGT",-0- ,-0- ,-0- ,-0- ,-0- ,-0- ,-0- ,"Secondary sanctions risk: section 1(b) of Executive Order 13224, as amended by Executive Order 13886."
7641,"AL-AQSA",-0- ,"SDGT",-0- ,-0- ,-0- ,-0- ,-0- ,-0- ,-0- ,"Secondary sanctions risk: section 1(b) of Executive Order 13224, as amended by Executive Order 13886; a.k.a. 'ASBL'."
7642,"AQSSA SOCIETY YEMEN",-0- ,"SDGT",-0- ,-0- ,-0- ,-0- ,-0- ,-0- ,-0- ,"Secondary sanctions risk: section 1(b) of Executive Order 13224, as amended by Executive Order 13886."
7643,"AL-AQSA FOUNDATION",-0- ,"SDGT",-0- ,-0- ,-0- ,-0- ,-0- ,-0- ,-0- ,"Secondary sanctions risk: section 1(b) of Executive Order 13224, as amended by Executive Order 13886."
7644,"AL-AQSA FOUNDATION",-0- ,"SDGT",-0- ,-0- ,-0- ,-0- ,-0- ,-0- ,-0- ,"Secondary sanctions risk: section 1(b) of Executive Order 13224, as amended by Executive Order 13886."
7645,"AL-AQSA FOUNDATION",-0- ,"SDGT",-0- ,-0- ,-0- ,-0- ,-0- ,-0- ,-0- ,"Secondary sanctions risk: section 1(b) of Executive Order 13224, as amended by Executive Order 13886."
7647,"ADEMI, Xhevat","individual","BALKANS",-0- ,-0- ,-0- ,-0- ,-0- ,-0- ,-0- ,"DOB 08 Dec 1962; POB Tetovo, Macedonia."
7648,"ADILI, Gafur","individual","BALKANS",-0- ,-0- ,-0- ,-0- ,-0- ,-0- ,-0- ,"DOB 05 Jan 1959; POB Kicevo, Macedonia."
7649,"ALBANIAN NATIONAL ARMY",-0- ,"BALKANS",-0- ,-0- ,-0- ,-0- ,-0- ,-0- ,-0- ,"a.k.a. 'ANA'."
7650,"ALISPAHIC, Bakir","individual","BALKANS",-0- ,-0- ,-0- ,-0- ,-0- ,-0- ,-0- ,"DOB 01 Oct 1956; POB Ahatovici, Bosnia-Herzegovina."
7651,"ARMY OF THE REPUBLIC OF ILIRIDA",-0- ,"BALKANS",-0- ,-0- ,-0- ,-0- ,-0- ,-0- ,-0- ,"a.k.a. 'ARI'."
7653,"BAJAGIC, Zvonko","individual","BALKANS",-0- ,-0- ,-0- ,-0- ,-0- ,-0- ,-0- ,"DOB 06 Sep 1953; POB Vlasenica, Bosnia-Herzegovina; a.k.a. 'DUGA PUSKA'."
7655,"BANOVIC, Predrag","individual","BALKANS",-0- ,-0- ,-0- ,-0- ,-0- ,-0- ,-0- ,"DOB 28 Oct 1969; POB Prijedor, Bosnia-Herzegovina; ICTY indictee in custody."
7656,"BEQIRI, Idajet","individual","BALKANS",-0- ,-0- ,-0- ,-0- ,-0- ,-0- ,-0- ,"DOB 20 Feb 1951; POB Mallakaster Fier, Albania."
7657,"BEXHETI, Nuri","individual","BALKANS",-0- ,-0- ,-0- ,-0- ,-0- ,-0- ,-0- ,"DOB 1962; POB Tetovo, Macedonia."
7658,"BIO CORPORATION",-0- ,"BALKANS",-0- ,-0- ,-0- ,-0- ,-0- ,-0- ,-0- ,-0- 
7659,"BJELICA, Milovan","individual","BALKANS",-0- ,-0- ,-0- ,-0- ,-0- ,-0- ,-0- ,"DOB 19 Oct 1958; POB Rogatica, Bosnia-Herzegovina; National ID No. 1910958130007; a.k.a. 'CICKO'."
7660,"BLAGOJEVIC, Vidoje","individual","BALKANS",-0- ,-0- ,-0- ,-0- ,-0- ,-0- ,-0- ,"DOB 22 Jun 1950; POB Bratunac, Bosnia-Herzegovina; ICTY indictee."
7661,"BLASKIC, Tihomir","individual","BALKANS",-0- ,-0- ,-0- ,-0- ,-0- ,-0- ,-0- ,"DOB 02 Nov 1960; POB Brestovsko, Bosnia-Herzegovina; ICTY indictee."
7662,"BORAVCANIN, Ljubomir","individual","BALKANS",-0- ,-0- ,-0- ,-0- ,-0- ,-0- ,-0- ,"DOB 27 Feb 1960; POB Han Pijesak, Bosnia-Herzegovina; ICTY indictee."
7664,"BOSKOVSKI, Ljube","individual","BALKANS",-0- ,-0- ,-0- ,-0- ,-0- ,-0- ,-0- ,"DOB 24 Oct 1960."
7665,"BRDJANIN, Radoslav","individual","BALKANS",-0- ,-0- ,-0- ,-0- ,-0- ,-0- ,-0- ,"DOB 09 Feb 1948; POB Popovac, Bosnia-Herzegovina; ICTY indictee."
7666,"BUTKA, Spiro","individual","BALKANS",-0- ,-0- ,-0- ,-0- ,-0- ,-0- ,-0- ,"DOB 29 May 1949."
7668,"CERKEZ, Mario","individual","BALKANS",-0- ,-0- ,-0- ,-0- ,-0- ,-0- ,-0- ,"DOB 27 Mar 1959; POB Rijeka, Bosnia-Herzegovina; ICTY indictee."
7669,"CESIC, Ranko","individual","BALKANS",-0- ,-0- ,-0- ,-0- ,-0- ,-0- ,-0- ,"DOB 05 Sep 1964; POB Drvar, Bosnia-Herzegovina; ICTY indictee in custody."
7670,"CESIC-ROJS, Ljubo","individual","BALKANS",-0- ,-0- ,-0- ,-0- ,-0- ,-0- ,-0- ,"DOB 20 Feb 1958; POB Posulje, Bosnia-Herzegovina."
7671,"CETNIK RAVNAGORSKI POKRET",-0- ,"BALKANS",-0- ,-0- ,-0- ,-0- ,-0- ,-0- ,-0- ,-0- 
7672,"CORIC, Valentin","individual","BALKANS",-0- ,-0- ,-0- ,-0- ,-0- ,-0- ,-0- ,"DOB 23 Jun 1956; POB Citluk, Bosnia-Herzegovina."
7673,"DALIPI, Tahir","individual","BALKANS",-0- ,-0- ,-0- ,-0- ,-0- ,-0- ,-0- ,"DOB 1958; POB Ilince, Serbia and Montenegro."
7674,"DELIC, Hazim","individual","BALKANS",-0- ,-0- ,-0- ,-0- ,-0- ,-0- ,-0- ,"DOB 13 May 1964; ICTY indictee."
7677,"DOSEN, Damir","individual","BALKANS",-0- ,-0- ,-0- ,-0- ,-0- ,-0- ,-0- ,"DOB 07 Apr 1967; POB Cirkin Polje, Bosnia-Herzegovina; ICTY indictee."
7678,"ELSHANI, Gafur","individual","BALKANS",-0- ,-0- ,-0- ,-0- ,-0- ,-0- ,-0- ,"DOB 29 Mar 1958; POB Suva Reka, Serbia and Montenegro."
7679,"FRONT FOR ALBANIAN NATIONAL UNITY",-0- ,"BALKANS",-0- ,-0- ,-0- ,-0- ,-0- ,-0- ,-0- ,-0- 
7680,"FURUNDZIJA, Anto","individual","BALKANS",-0- ,-0- ,-0- ,-0- ,-0- ,-0- ,-0- ,"DOB 08 Jul 1969; POB Travnik, Bosnia-Herzegovina; ICTY indictee."
7681,"FUSTAR, Dusan","individual","BALKANS",-0- ,-0- ,-0- ,-0- ,-0- ,-0- ,-0- ,"DOB 29 Jun 1954; POB Prijedor, Bosnia-Herzegovina; ICTY indictee in custody."
7682,"GAJIC-MILOSEVIC, Milica","individual","BALKANS",-0- ,-0- ,-0- ,-0- ,-0- ,-0- ,-0- ,"DOB 1970; daughter-in-law of Slobodan Milosevic."
7683,"GALIC, Stanislav","individual","BALKANS",-0- ,-0- ,-0- ,-0- ,-0- ,-0- ,-0- ,"DOB 12 Mar 1943; POB Goles, Bosnia-Herzegovina; ICTY indictee."
7686,"GRUBAN, Momcilo","individual","BALKANS",-0- ,-0- ,-0- ,-0- ,-0- ,-0- ,-0- ,"DOB 19 Jun 1961; Bosnian Serb; ICTY indictee in custody."
7687,"HABIBI, Skender","individual","BALKANS",-0- ,-0- ,-0- ,-0- ,-0- ,-0- ,-0- ,"DOB 13 Jul 1968; POB Vitina, Serbia and Montenegro."
7688,"HADZIHASANOVIC, Enver","individual","BALKANS",-0- ,-0- ,-0- ,-0- ,-0- ,-0- ,-0- ,"DOB 07 Jul 1950; POB Zvornik, Bosnia-Herzegovina; ICTY indictee."
7689,"HALILI, Nevzat","individual","BALKANS",-0- ,-0- ,-0- ,-0- ,-0- ,-0- ,-0- ,"DOB 15 Sep 1946; POB Poroj, Macedonia."
7691,"HARADINAJ, Daut","individual","BALKANS",-0- ,-0- ,-0- ,-0- ,-0- ,-0- ,-0- ,"DOB 06 Apr 1978; POB Glodjane, Serbia and Montenegro."
7692,"HASANI, Zhavit","individual","BALKANS",-0- ,-0- ,-0- ,-0- ,-0- ,-0- ,-0- ,"DOB 05 May 1957; POB Tanusevci, Macedonia."
7693,"HAXHIREXHA, Kastriot","individual","BALKANS",-0- ,-0- ,-0- ,-0- ,-0- ,-0- ,-0- ,"DOB 09 May 1961; POB Debar, Macedonia."
7695,"IVANOVIC, Milan","individual","BALKANS",-0- ,-0- ,-0- ,-0- ,-0- ,-0- ,-0- ,"DOB 05 Feb 1955."
7696,"JAKSIC, Marko","individual","BALKANS",-0- ,-0- ,-0- ,-0- ,-0- ,-0- ,-0- ,"DOB 1954; POB Mitrovica, Serbia and Montenegro."
7697,"JANKOVIC, Gojko","individual","BALKANS",-0- ,-0- ,-0- ,-0- ,-0- ,-0- ,-0- ,"DOB 31 Oct 1954; POB Foca, Bosnia-Herzegovina; ICTY indictee at large; sub-commander of the military police in Foca."
7698,"JELAVIC, Ante","individual","BALKANS",-0- ,-0- ,-0- ,-0- ,-0- ,-0- ,-0- ,"DOB 21 Oct 1963; POB Potprolog, Croatia."
7699,"JELISIC, Goran","individual","BALKANS",-0- ,-0- ,-0- ,-0- ,-0- ,-0- ,-0- ,"DOB 07 Jun 1968; POB Bijeljina, Bosnia-Herzegovina; ICTY indictee."
7700,"JOKIC, Dragan","individual","BALKANS",-0- ,-0- ,-0- ,-0- ,-0- ,-0- ,-0- ,"DOB 20 Aug 1957; POB Grbavci, Bosnia-Herzegovina; ICTY indictee."
7701,"JOKIC, Miodrag","individual","BALKANS",-0- ,-0- ,-0- ,-0- ,-0- ,-0- ,-0- ,"DOB 1935; POB Mionica, Serbia and Montenegro; ICTY indictee."
7704,"KARADZIC, Luka","individual","BALKANS",-0- ,-0- ,-0- ,-0- ,-0- ,-0- ,-0- ,"DOB 31 Jul 1951; alt. DOB 01 Jul 1951; POB Savnik, Serbia and Montenegro; alt. POB Petnic, Serbia and Montenegro."
7705,"KARADZIC, Radovan","individual","BALKANS",-0- ,-0- ,-0- ,-0- ,-0- ,-0- ,-0- ,"DOB 19 Jun 1945; POB Petnica, Serbia and Montenegro; ICTY indictee at large; former president of the Republika Srpska."
7706,"KARADZIC-JOVICEVIC, Sonja","individual","BALKANS",-0- ,-0- ,-0- ,-0- ,-0- ,-0- ,-0- ,"DOB 22 May 1967; POB Sarajevo, Bosnia-Herzegovina."
7707,"KNEZEVIC, Dusan","individual","BALKANS",-0- ,-0- ,-0- ,-0- ,-0- ,-0- ,-0- ,"DOB 23 Jun 1955; POB Orlovci, Bosnia-Herzegovina; ICTY indictee in custody."
7708,"KORDIC, Dario","individual","BALKANS",-0- ,-0- ,-0- ,-0- ,-0- ,-0- ,-0- ,"DOB 14 Dec 1960; POB Sarajevo, Bosnia-Herzegovina; ICTY indictee."
7709,"KOS, Milojica","individual","BALKANS",-0- ,-0- ,-0- ,-0- ,-0- ,-0- ,-0- ,"DOB 01 Apr 1963; POB Lamovita, Bosnia-Herzegovina; ICTY indictee."
7710,"KOVACEVIC, Vladimir","individual","BALKANS",-0- ,-0- ,-0- ,-0- ,-0- ,-0- ,-0- ,"DOB 15 Jan 1961; ICTY indictee."
7712,"KRNOJELAC, Milorad","individual","BALKANS",-0- ,-0- ,-0- ,-0- ,-0- ,-0- ,-0- ,"DOB 25 Jul 1940; POB Birotici, Bosnia-Herzegovina; ICTY indictee."
7713,"KRSTIC, Radislav","individual","BALKANS",-0- ,-0- ,-0- ,-0- ,-0- ,-0- ,-0- ,"DOB 15 Feb 1948; POB Nedjeljiste, Vlasenica, Bosnia-Herzegovina; ICTY indictee."
7714,"KRYEZIU, Izmet","individual","BALKANS",-0- ,-0- ,-0- ,-0- ,-0- ,-0- ,-0- ,"DOB 03 Oct 1954; POB Pagarusha-Malishev, Serbia and Montenegro."
7715,"KUBURA, Amir","individual","BALKANS",-0- ,-0- ,-0- ,-0- ,-0- ,-0- ,-0- ,"DOB 04 Mar 1964; POB Kakanj, Bosnia-Herzegovina; ICTY indictee."
7716,"KUNARAC, Dragoljub","individual","BALKANS",-0- ,-0- ,-0- ,-0- ,-0- ,-0- ,-0- ,"DOB 15 May 1960; POB Foca, Bosnia-Herzegovina; ICTY indictee."
7717,"KVOCKA, Miroslav","individual","BALKANS",-0- ,-0- ,-0- ,-0- ,-0- ,-0- ,-0- ,"DOB 01 Jan 1957; POB Maricka, Bosnia-Herzegovina; ICTY indictee."
7718,"LALOVIC, Dragan","individual","BALKANS",-0- ,-0- ,-0- ,-0- ,-0- ,-0- ,-0- ,"DOB 14 Jun 1953; POB Vlaholje, nr Kalinovik, Bosnia-Herzegovina; a.k.a. 'MATE'."
7720,"LIBERATION ARMY OF PRESEVO, MEDVEDJA, AND BUJANOVAC",-0- ,"BALKANS",-0- ,-0- ,-0- ,-0- ,-0- ,-0- ,-0- ,-0- 
7721,"LIMAJ, Fatmir","individual","BALKANS",-0- ,-0- ,-0- ,-0- ,-0- ,-0- ,-0- ,"DOB 04 Feb 1971; POB Banja, Serbia and Montenegro; ICTY indictee."
7723,"LLADROVICI, Ramiz","individual","BALKANS",-0- ,-0- ,-0- ,-0- ,-0- ,-0- ,-0- ,"DOB 03 Jan 1966."
7724,"LUKIC, Milan","individual","BALKANS",-0- ,-0- ,-0- ,-0- ,-0- ,-0- ,-0- ,"DOB 06 Sep 1967; POB Foca, Bosnia-Herzegovina; ICTY indictee at large."
7725,"LUKIC, Sredoje","individual","BALKANS",-0- ,-0- ,-0- ,-0- ,-0- ,-0- ,-0- ,"DOB 05 Apr 1961; POB Visegrad, Bosnia-Herzegovina; ICTY indictee at large."
7726,"LUKOVIC, Milorad Ulemek","individual","BALKANS",-0- ,-0- ,-0- ,-0- ,-0- ,-0- ,-0- ,"DOB 15 Mar 1968; POB Belgrade, Serbia and Montenegro; a.k.a. 'LEGIJA'."
7727,"LUSHTAKU, Sami","individual","BALKANS",-0- ,-0- ,-0- ,-0- ,-0- ,-0- ,-0- ,"DOB 20 Feb 1961; POB Srbica, Serbia and Montenegro."
7728,"MANCO OIL COMPANY",-0- ,"BALKANS",-0- ,-0- ,-0- ,-0- ,-0- ,-0- ,-0- ,-0- 
7729,"MANDIC, Momcilo","individual","BALKANS",-0- ,-0- ,-0- ,-0- ,-0- ,-0- ,-0- ,"DOB 01 May 1954; POB Kalinovik, Bosnia-Herzegovina; National ID No. JMB 0105954171511; a.k.a. 'MOMO'."
7731,"MARKOVIC, Mirjana","individual","BALKANS",-0- ,-0- ,-0- ,-0- ,-0- ,-0- ,-0- ,"DOB 10 Jul 1942; wife of Slobodan Milosevic."
7732,"MARKOVIC, Radovac","individual","BALKANS",-0- ,-0- ,-0- ,-0- ,-0- ,-0- ,-0- ,"DOB 1946; alt. DOB 1947; Ex-FRY Deputy Minister of Interior."
7733,"MARKU, Ton","individual","BALKANS",-0- ,-0- ,-0- ,-0- ,-0- ,-0- ,-0- ,"DOB 13 Jun 1964."
7734,"MARTIC, Milan","individual","BALKANS",-0- ,-0- ,-0- ,-0- ,-0- ,-0- ,-0- ,"DOB 18 Nov 1954; POB Zagrovic, Croatia; ICTY indictee in custody."
7735,"MARTINOVIC, Vinko","individual","BALKANS",-0- ,-0- ,-0- ,-0- ,-0- ,-0- ,-0- ,"DOB 21 Sep 1963; POB Mostar, Bosnia-Herzegovina; ICTY indictee."
7736,"MEJAKIC, Zeljko","individual","BALKANS",-0- ,-0- ,-0- ,-0- ,-0- ,-0- ,-0- ,"DOB 02 Aug 1964; POB Petrov Gaj, Bosnia-Herzegovina; ICTY indictee at large."
7737,"MILOSEVIC, Borislav","individual","BALKANS",-0- ,-0- ,-0- ,-0- ,-0- ,-0- ,-0- ,"DOB 1936; brother of Slobodan Milosevic."
7738,"MILOSEVIC, Dragomir","individual","BALKANS",-0- ,-0- ,-0- ,-0- ,-0- ,-0- ,-0- ,"DOB 04 Feb 1942; POB Murgas, Bosnia-Herzegovina; ICTY indictee."
7739,"MILOSEVIC, Marija","individual","BALKANS",-0- ,-0- ,-0- ,-0- ,-0- ,-0- ,-0- ,"DOB 1965; daughter of Slobodan Milosevic."
7740,"MILOSEVIC, Marko","individual","BALKANS",-0- ,-0- ,-0- ,-0- ,-0- ,-0- ,-0- ,"DOB 02 Jul 1974; son of Slobodan Milosevic."
7741,"MILOSEVIC, Milanka","individual","BALKANS",-0- ,-0- ,-0- ,-0- ,-0- ,-0- ,-0- ,"sister-in-law of Slobodan Milosevic."
7742,"MILOSEVIC, Slobodan","individual","BALKANS",-0- ,-0- ,-0- ,-0- ,-0- ,-0- ,-0- ,"DOB 20 Aug 1941; POB Pozarevac, Serbia and Montenegro; ex-FRY President; ICTY indictee in custody."
7744,"MLADIC, Ratko","individual","BALKANS",-0- ,-0- ,-0- ,-0- ,-0- ,-0- ,-0- ,"DOB 12 Mar 1943; POB Bozinovici, Bosnia-Herzegovina; ICTY indictee at large."
7745,"MORINA, Xhavit","individual","BALKANS",-0- ,-0- ,-0- ,-0- ,-0- ,-0- ,-0- ,"DOB 13 Sep 1963; POB Drenovc."
7746,"MRDJA, Darko","individual","BALKANS",-0- ,-0- ,-0- ,-0- ,-0- ,-0- ,-0- ,"DOB 28 Jun 1967; POB Zagreb, Croatia; ICTY indictee."
7749,"MUSLIU, Isak","individual","BALKANS",-0- ,-0- ,-0- ,-0- ,-0- ,-0- ,-0- ,"DOB 31 Oct 1970; POB Racak, Serbia and Montenegro."
7751,"MUSLIU, Shefqet","individual","BALKANS",-0- ,-0- ,-0- ,-0- ,-0- ,-0- ,-0- ,"DOB 12 Feb 1963; POB Konculj, Serbia and Montenegro."
7752,"MUSTAFA, Rrustem","individual","BALKANS",-0- ,-0- ,-0- ,-0- ,-0- ,-0- ,-0- ,"DOB 27 Feb 1971; POB Podujevo, Serbia and Montenegro."
7753,"NALETILIC, Mladen","individual","BALKANS",-0- ,-0- ,-0- ,-0- ,-0- ,-0- ,-0- ,"DOB 01 Dec 1946; POB Listica, Bosnia-Herzegovina; ICTY indictee."
7754,"NATIONAL COMMITTEE FOR THE LIBERATION AND PROTECTION OF ALBANIAN LANDS",-0- ,"BALKANS",-0- ,-0- ,-0- ,-0- ,-0- ,-0- ,-0- ,-0- 
7755,"NATIONAL LIBERATION ARMY",-0- ,"BALKANS",-0- ,-0- ,-0- ,-0- ,-0- ,-0- ,-0- ,-0- 
7756,"NATIONAL MOVEMENT FOR THE LIBERATION OF KOSOVO",-0- ,"BALKANS",-0- ,-0- ,-0- ,-0- ,-0- ,-0- ,-0- ,-0- 
7757,"NDRECAJ, Maliq","individual","BALKANS",-0- ,-0- ,-0- ,-0- ,-0- ,-0- ,-0- ,"DOB 22 Apr 1969; POB Maciteve, Serbia and Montenegro."
7760,"NIKOLIC, Momir","individual","BALKANS",-0- ,-0- ,-0- ,-0- ,-0- ,-0- ,-0- ,"DOB 20 Feb 1955; POB Bratunac, Bosnia-Herzegovina; ICTY indictee."
7761,"NIKOLIC, Zarko","individual","BALKANS",-0- ,-0- ,-0- ,-0- ,-0- ,-0- ,-0- ,"DOB 07 May 1938; POB Sovljak, Serbia and Montenegro."
7762,"OBRENOVIC, Dragan","individual","BALKANS",-0- ,-0- ,-0- ,-0- ,-0- ,-0- ,-0- ,"DOB 12 Apr 1963; POB Matino Brdo, Bosnia-Herzegovina; ICTY indictee."
7765,"PANDUREVIC, Vinko","individual","BALKANS",-0- ,-0- ,-0- ,-0- ,-0- ,-0- ,-0- ,"DOB 1959; POB Sokolac, Bosnia-Herzegovina; ICTY indictee."
7766,"PAVKOVIC, Nebojsa","individual","BALKANS",-0- ,-0- ,-0- ,-0- ,-0- ,-0- ,-0- ,"DOB 10 Apr 1946; alt. DOB 16 Apr 1946; POB Senjski Rudnik, Serbia and Montenegro; Ex-VJ Chief of Staff."
7767,"PERIC, Jozo","individual","BALKANS",-0- ,-0- ,-0- ,-0- ,-0- ,-0- ,-0- ,"DOB 31 Jan 1959; POB Pjesevac Kula, Bosnia-Herzegovina; a.k.a. 'TUKESA'."
7768,"PLAVSIC, Biljana","individual","BALKANS",-0- ,-0- ,-0- ,-0- ,-0- ,-0- ,-0- ,"DOB 07 Jul 1930; POB Tuzla, Bosnia-Herzegovina; ICTY indictee."
7769,"POLITICAL COUNCIL OF PRESEVO, MEDVEDJA, AND BUJANOVAC",-0- ,"BALKANS",-0- ,-0- ,-0- ,-0- ,-0- ,-0- ,-0- ,-0- 
7770,"POPOVIC, Vujadin","individual","BALKANS",-0- ,-0- ,-0- ,-0- ,-0- ,-0- ,-0- ,"DOB 14 Mar 1957; ICTY indictee."
7771,"POPULAR MOVEMENT OF KOSOVO",-0- ,"BALKANS",-0- ,-0- ,-0- ,-0- ,-0- ,-0- ,-0- ,-0- 
7772,"PRCAC, Dragoljub","individual","BALKANS",-0- ,-0- ,-0- ,-0- ,-0- ,-0- ,-0- ,"DOB 18 Jul 1937; POB Omarska, Bosnia-Herzegovina; ICTY indictee."
7774,"PUMA SECURITY COMPANY",-0- ,"BALKANS",-0- ,-0- ,-0- ,-0- ,-0- ,-0- ,-0- ,-0- 
7775,"RADIC, Miroslav","individual","BALKANS",-0- ,-0- ,-0- ,-0- ,-0- ,-0- ,-0- ,"DOB 01 Jan 1961; ICTY indictee in custody."
7776,"RADIC, Mlado","individual","BALKANS",-0- ,-0- ,-0- ,-0- ,-0- ,-0- ,-0- ,"DOB 15 May 1952; POB Lamovita, Bosnia-Herzegovina; ICTY indictee."
7777,"RAJIC, Ivica","individual","BALKANS",-0- ,-0- ,-0- ,-0- ,-0- ,-0- ,-0- ,"DOB 05 May 1958; POB Johovac, Bosnia-Herzegovina; ICTY indictee at large."
7778,"RASEVIC, Mitar","individual","BALKANS",-0- ,-0- ,-0- ,-0- ,-0- ,-0- ,-0- ,"DOB 1940; POB Cagust, Bosnia-Herzegovina; ICTY indictee."
7779,"REXHEPI, Daut","individual","BALKANS",-0- ,-0- ,-0- ,-0- ,-0- ,-0- ,-0- ,"DOB 1962; POB Poroj, Macedonia."
7780,"ROGULJIC, Slavko","individual","BALKANS",-0- ,-0- ,-0- ,-0- ,-0- ,-0- ,-0- ,"DOB 1952."
7782,"SAHINPASIC, Senad","individual","BALKANS",-0- ,-0- ,-0- ,-0- ,-0- ,-0- ,-0- ,"DOB circa 1951; POB Foca, Bosnia-Herzegovina."
7783,"SAINOVIC, Nikola","individual","BALKANS",-0- ,-0- ,-0- ,-0- ,-0- ,-0- ,-0- ,"DOB 07 Dec 1948; POB Bor, Serbia and Montenegro; Ex-FRY Deputy Prime Minister; ICTY indictee in custody."
7784,"SAMIU, Izair","individual","BALKANS",-0- ,-0- ,-0- ,-0- ,-0- ,-0- ,-0- ,"DOB 23 Jul 1963."
7786,"SELIMI, Rexhep","individual","BALKANS",-0- ,-0- ,-0- ,-0- ,-0- ,-0- ,-0- ,"DOB 15 Mar 1971; POB Iglarevo, Serbia and Montenegro."
7787,"SESELJ, Vojislav","individual","BALKANS",-0- ,-0- ,-0- ,-0- ,-0- ,-0- ,-0- ,"DOB 11 Oct 1954; POB Sarajevo, Bosnia-Herzegovina; ICTY indictee."
7788,"SHAQIRI, Shaqir","individual","BALKANS",-0- ,-0- ,-0- ,-0- ,-0- ,-0- ,-0- ,"DOB 01 Sep 1964; POB Serbia and Montenegro."
7789,"SIKIRICA, Dusko","individual","BALKANS",-0- ,-0- ,-0- ,-0- ,-0- ,-0- ,-0- ,"DOB 23 Mar 1964; POB Cirkin Pojle, Bosnia-Herzegovina; ICTY indictee."
7790,"SIMATOVIC, Franko","individual","BALKANS",-0- ,-0- ,-0- ,-0- ,-0- ,-0- ,-0- ,"DOB 01 Apr 1950; POB Belgrade, Serbia and Montenegro; ICTY indictee in Serb custody; a.k.a. 'FRENKI'."
7791,"SIMIC, Blagoje","individual","BALKANS",-0- ,-0- ,-0- ,-0- ,-0- ,-0- ,-0- ,"DOB 01 Jul 1960; POB Kruskovo Polje; ICTY indictee in custody."
7792,"SIMIC, Milan","individual","BALKANS",-0- ,-0- ,-0- ,-0- ,-0- ,-0- ,-0- ,"DOB 09 Aug 1960; POB Sarajevo, Bosnia-Herzegovina; ICTY indictee."
7793,"SLJIVANCANIN, Veselin","individual","BALKANS",-0- ,-0- ,-0- ,-0- ,-0- ,-0- ,-0- ,"DOB 13 Jun 1953; POB Zabljak, Serbia and Montenegro; ICTY indictee at large."
7794,"SOPTA, Stanko","individual","BALKANS",-0- ,-0- ,-0- ,-0- ,-0- ,-0- ,-0- ,"DOB 04 Feb 1966; POB Duzice, Bosnia-Herzegovina."
7795,"STAKIC, Milomir","individual","BALKANS",-0- ,-0- ,-0- ,-0- ,-0- ,-0- ,-0- ,"DOB 19 Jun 1962; POB Maricka, Bosnia-Herzegovina; ICTY indictee."
7796,"STANISIC, Jovica","individual","BALKANS",-0- ,-0- ,-0- ,-0- ,-0- ,-0- ,-0- ,"DOB 30 Jul 1950; POB Ratkovo, Serbia and Montenegro; ICTY indictee in Serb custody."
7797,"STANKOVIC, Radovan","individual","BALKANS",-0- ,-0- ,-0- ,-0- ,-0- ,-0- ,-0- ,"DOB 10 Mar 1953; POB Trebica, Bosnia-Herzegovina; ICTY indictee in custody."
7798,"STEPANOVIC, Novak","individual","BALKANS",-0- ,-0- ,-0- ,-0- ,-0- ,-0- ,-0- ,"DOB 25 Apr 1966; POB Srebrenica, Bosnia-Herzegovina."
7801,"SUMA, Emrush","individual","BALKANS",-0- ,-0- ,-0- ,-0- ,-0- ,-0- ,-0- ,"DOB 27 May 1974; POB Dimce, Serbia and Montenegro."
7802,"SYLA, Azem","individual","BALKANS",-0- ,-0- ,-0- ,-0- ,-0- ,-0- ,-0- ,"DOB 05 Apr 1951; POB Serbia and Montenegro."
7803,"TADIC, Dusan","individual","BALKANS",-0- ,-0- ,-0- ,-0- ,-0- ,-0- ,-0- ,"DOB 1956; POB Cajnice, Bosnia-Herzegovina; ICTY indictee; a.k.a. 'DULE'; a.k.a. 'DUSKO'."
7804,"TADIC, Miroslav","individual","BALKANS",-0- ,-0- ,-0- ,-0- ,-0- ,-0- ,-0- ,"DOB 12 May 1937; POB Novi Grad, Bosnia-Herzegovina; ICTY indictee."
7807,"TODOVIC, Savo","individual","BALKANS",-0- ,-0- ,-0- ,-0- ,-0- ,-0- ,-0- ,"DOB 11 Dec 1952; POB Rijeka, Bosnia-Herzegovina; ICTY indictee."
7808,"UKSINI, Sami","individual","BALKANS",-0- ,-0- ,-0- ,-0- ,-0- ,-0- ,-0- ,"DOB 05 Mar 1963; POB Gjakova, Serbia and Montenegro."
7809,"VASILJEVIC, Mitar","individual","BALKANS",-0- ,-0- ,-0- ,-0- ,-0- ,-0- ,-0- ,"DOB 25 Aug 1954; POB Durevici, Bosnia-Herzegovina; ICTY indictee."
7810,"VUKOVIC, Zoran","individual","BALKANS",-0- ,-0- ,-0- ,-0- ,-0- ,-0- ,-0- ,"DOB 06 Sep 1955; POB Brusna, Bosnia-Herzegovina; ICTY indictee."
7811,"XHAFERI, Shefit","individual","BALKANS",-0- ,-0- ,-0- ,-0- ,-0- ,-0- ,-0- ,"DOB 1960."
7812,"XHEMAJLI, Emrush","individual","BALKANS",-0- ,-0- ,-0- ,-0- ,-0- ,-0- ,-0- ,"DOB 05 May 1959; POB Urosevac, Serbia and Montenegro."
7813,"XHEMAJLI, Muhamet","individual","BALKANS",-0- ,-0- ,-0- ,-0- ,-0- ,-0- ,-0- ,"DOB 08 Feb 1958; POB Muhovac, Serbia and Montenegro."
7814,"ZARIC, Simo","individual","BALKANS",-0- ,-0- ,-0- ,-0- ,-0- ,-0- ,-0- ,"DOB 25 Jul 1948; POB Trnjak, Bosnia-Herzegovina; ICTY indictee."
7815,"ZELEN-KARADZIC, Ljiljana","individual","BALKANS",-0- ,-0- ,-0- ,-0- ,-0- ,-0- ,-0- ,"DOB 27 Nov 1945; POB Sarajevo Bosnia-Herzegovina."
7817,"ZIGIC, Zoran","individual","BALKANS",-0- ,-0- ,-0- ,-0- ,-0- ,-0- ,-0- ,"DOB 20 Sep 1958; POB Balte, Bosnia-Herzegovina; ICTY indictee."
7818,"ZUPLJANIN, Stojan","individual","BALKANS",-0- ,-0- ,-0- ,-0- ,-0- ,-0- ,-0- ,"DOB 1951; POB Maslovare, Bosnia-Herzegovina; ICTY indictee."
7819,"DIAS DE MENDONCA, Leonardo","individual","SDNTK",-0- ,-0- ,-0- ,-0- ,-0- ,-0- ,-0- ,"DOB 12 Jan 1963; alt. DOB 21 Nov 1963; alt. DOB 01 Dec 1963; POB Brazil."
7820,"ESPARRAGOZA MORENO, Juan Jose","individual","SDNTK",-0- ,-0- ,-0- ,-0- ,-0- ,-0- ,-0- ,"DOB 03 Feb 1949; alt. DOB 02 Mar 1949; POB Chuicopa, Sinaloa, Mexico."
7821,"PALMA SALAZAR, Hector Luis","individual","SDNTK",-0- ,-0- ,-0- ,-0- ,-0- ,-0- ,-0- ,"DOB 29 Apr 1960; alt. DOB 25 Aug 1962; alt. DOB 26 Aug 1962; POB Sinaloa, Mexico."
7822,"QUINTERO MERAZ, Jose Albino","individual","SDNTK",-0- ,-0- ,-0- ,-0- ,-0- ,-0- ,-0- ,"DOB 15 Sep 1959; POB Sinaloa, Mexico."
7825,"UNITED WA STATE ARMY",-0- ,"SDNTK",-0- ,-0- ,-0- ,-0- ,-0- ,-0- ,-0- ,-0- 
7826,"ABDAOUI, Youssef","individual","SDGT",-0- ,-0- ,-0- ,-0- ,-0- ,-0- ,-0- ,"DOB 04 Jun 1966; POB Kairouan, Tunisia; nationality Tunisia; Secondary sanctions risk: section 1(b) of Executive Order 13224, as amended by Executive Order 13886; Passport G025057 issued 23 Jun 1999 expires 05 Feb 2004; Identification Number AO 2879097 (Italy) expires 30 Oct 2012; a.k.a. 'ABU ABDULLAH'; a.k.a. 'ABDELLAH'; a.k.a. 'ABDULLAH'."
7827,"AKLI, Mohamed Amine","individual","SDGT",-0- ,-0- ,-0- ,-0- ,-0- ,-0- ,-0- ,"DOB 30 Mar 1972; POB Abordj El Kiffani, Algeria; Secondary sanctions risk: section 1(b) of Executive Order 13224, as amended by Executive Order 13886; a.k.a. 'KILLECH SHAMIR'; a.k.a. 'KALI SAMI'; a.k.a. 'ELIAS'."
7828,"AMDOUNI, Mehrez","individual","SDGT",-0- ,-0- ,-0- ,-0- ,-0- ,-0- ,-0- ,"DOB 18 Dec 1969; alt. DOB 25 May 1968; alt. DOB 18 Dec 1968; alt. DOB 14 Jul 1969; POB Tunis, Tunisia; alt. POB Naples, Italy; alt. POB Algeria; nationality Tunisia; Secondary sanctions risk: section 1(b) of Executive Order 13224, as amended by Executive Order 13886; Passport G737411 (Tunisia) issued 24 Oct 1990 expires 20 Sep 1997; alt. Passport 0801888 (Bosnia and Herzegovina); a.k.a. 'ABU THALE'."
7829,"AYARI, Chiheb Ben Mohamed","individual","SDGT",-0- ,-0- ,-0- ,-0- ,-0- ,-0- ,-0- ,"DOB 19 Dec 1965; POB Tunis, Tunisia; nationality Tunisia; Secondary sanctions risk: section 1(b) of Executive Order 13224, as amended by Executive Order 13886; Passport L246084 issued 10 Jun 1996 expires 09 Jun 2001; a.k.a. 'HICHEM ABU HCHEM'."
7830,"BAAZAOUI, Mondher","individual","SDGT",-0- ,-0- ,-0- ,-0- ,-0- ,-0- ,-0- ,"DOB 18 Mar 1967; POB Kairouan, Tunisia; nationality Tunisia; Secondary sanctions risk: section 1(b) of Executive Order 13224, as amended by Executive Order 13886; Passport K602878 issued 05 Nov 1993 expires 09 Jun 2001; a.k.a. 'HAMZA'."
7831,"DUMONT, Lionel","individual","SDGT",-0- ,-0- ,-0- ,-0- ,-0- ,-0- ,-0- ,"DOB 21 Jan 1971; alt. DOB 19 Jan 1971; alt. DOB 29 Jan 1975; POB Roubaix, France; Secondary sanctions risk: section 1(b) of Executive Order 13224, as amended by Executive Order 13886; a.k.a. 'BILAL'; a.k.a. 'ABU KHAMZA'; a.k.a. 'ABOU HAMZA'; a.k.a. 'ABOU HANZA'; a.k.a. 'LAJONEL DIMON'; a.k.a. 'BILAL KUMKAL'; a.k.a. 'KOUMAL'; a.k.a. 'HAMZA'."
7832,"ESSAADI, Moussa Ben Amor Ben Ali","individual","SDGT",-0- ,-0- ,-0- ,-0- ,-0- ,-0- ,-0- ,"DOB 04 Dec 1964; POB Tabarka, Tunisia; nationality Tunisia; Secondary sanctions risk: section 1(b) of Executive Order 13224, as amended by Executive Order 13886; Passport L335915 issued 08 Nov 1996 expires 07 Nov 2001; a.k.a. 'DAH DAH'; a.k.a. 'ABDELRAHMMAN'; a.k.a. 'BECHIR'."
7833,"FETTAR, Rachid","individual","SDGT",-0- ,-0- ,-0- ,-0- ,-0- ,-0- ,-0- ,"DOB 16 Apr 1969; POB Boulogin, Algeria; Secondary sanctions risk: section 1(b) of Executive Order 13224, as amended by Executive Order 13886; a.k.a. 'AMINE DEL BELGIO'; a.k.a. 'DJAFFAR'."
7834,"HAMAMI, Brahim Ben Hedili Ben Mohamed","individual","SDGT",-0- ,-0- ,-0- ,-0- ,-0- ,-0- ,-0- ,"DOB 20 Nov 1971; POB Goubellat, Tunisia; alt. POB Koubellat, Tunisia; nationality Tunisia; Secondary sanctions risk: section 1(b) of Executive Order 13224, as amended by Executive Order 13886; Passport Z106861 issued 18 Feb 2004 expires 17 Feb 2009."
7835,"JARRAYA, Khalil","individual","SDGT",-0- ,-0- ,-0- ,-0- ,-0- ,-0- ,-0- ,"DOB 08 Feb 1969; alt. DOB 15 Aug 1970; POB Sfax, Tunisia; alt. POB Sreka, ex-Yugoslavia; nationality Tunisia; alt. nationality Bosnia and Herzegovina; Secondary sanctions risk: section 1(b) of Executive Order 13224, as amended by Executive Order 13886; Passport K989895 (Tunisia) issued 26 Jul 1995 expires 25 Jul 2000; a.k.a. 'KHALIL YARRAYA'; a.k.a. 'ABDEL' AZIZ BEN NARVAN'; a.k.a. 'BEN NARVAN ABDEL AZIZ'; a.k.a. 'AMRO'; a.k.a. 'OMAR'; a.k.a. 'AMROU'; a.k.a. 'AMR'."
7837,"JENDOUBI, Faouzi Ben Mohamed Ben Ahmed","individual","SDGT",-0- ,-0- ,-0- ,-0- ,-0- ,-0- ,-0- ,"DOB 30 Jan 1966; POB Beja, Tunisia; nationality Tunisia; Secondary sanctions risk: section 1(b) of Executive Order 13224, as amended by Executive Order 13886; Passport K459698 issued 06 Mar 1999 expires 05 Mar 2004; a.k.a. 'SAID'; a.k.a. 'SAMIR'."
7838,"MNASRI, Fethi Ben Rebai Ben Absha","individual","SDGT",-0- ,-0- ,-0- ,-0- ,-0- ,-0- ,-0- ,"DOB 06 Mar 1969; POB Baja, Tunisia; Secondary sanctions risk: section 1(b) of Executive Order 13224, as amended by Executive Order 13886; Passport L497470 issued 03 Jun 1997 expires 02 Jun 2002; a.k.a. 'AMOR'; a.k.a. 'ABU OMAR'."
7839,"OUAZ, Najib","individual","SDGT",-0- ,-0- ,-0- ,-0- ,-0- ,-0- ,-0- ,"DOB 12 Apr 1960; POB Hekaima Al-Mehdiya, Tunisia; nationality Tunisia; Secondary sanctions risk: section 1(b) of Executive Order 13224, as amended by Executive Order 13886; Passport K 815205 issued 17 Sep 1994 expires 16 Sep 1999."
7840,"RARRBO, Ahmed Hosni","individual","SDGT",-0- ,-0- ,-0- ,-0- ,-0- ,-0- ,-0- ,"DOB 12 Sep 1974; POB Bologhine, Algeria; Secondary sanctions risk: section 1(b) of Executive Order 13224, as amended by Executive Order 13886; a.k.a. 'ABDALLAH O ABDULLAH'."
7841,"SALEH, Nedal","individual","SDGT",-0- ,-0- ,-0- ,-0- ,-0- ,-0- ,-0- ,"DOB 01 Mar 1970; POB Taiz, Yemen; Secondary sanctions risk: section 1(b) of Executive Order 13224, as amended by Executive Order 13886; a.k.a. 'HITEM'."
7842,"MZOUDI, Abdelghani","individual","SDGT",-0- ,-0- ,-0- ,-0- ,-0- ,-0- ,-0- ,"DOB 06 Dec 1972; POB Marrakech, Morocco; citizen Morocco; Secondary sanctions risk: section 1(b) of Executive Order 13224, as amended by Executive Order 13886; Passport M271392 (Morocco) issued 04 Dec 2000; alt. Passport F 879567 (Morocco) issued 29 Apr 1992; Moroccan Personal ID No. E 427689 (Morocco) issued 20 Mar 2001."
7843,"AL-TIKRITI, Saddam Hussein","individual","IRAQ2",-0- ,-0- ,-0- ,-0- ,-0- ,-0- ,-0- ,"DOB 28 Apr 1937; POB al-Awja, near Tikrit, Iraq; nationality Iraq; named in UNSCR 1483; President since 1979; a.k.a. 'ABU ALI'."
7844,"AL-TIKRITI, Qusay Saddam Hussein","individual","IRAQ2",-0- ,-0- ,-0- ,-0- ,-0- ,-0- ,-0- ,"DOB 1965; alt. DOB 1966; POB Baghdad, Iraq; nationality Iraq; Saddam Hussein al-Tikriti's second son; oversaw Special Republican Guard, Special Security Organization, and Republican Guard."
7845,"AL-TIKRITI, Uday Saddam Hussein","individual","IRAQ2",-0- ,-0- ,-0- ,-0- ,-0- ,-0- ,-0- ,"DOB 1964; alt. DOB 1967; POB Baghdad, Iraq; nationality Iraq; Saddam Hussein al-Tikriti's eldest son; leader of paramilitary organization Fedayeen Saddam."
7846,"AL-TIKRITI, Abid Hamid Mahmud","individual","IRAQ2",-0- ,-0- ,-0- ,-0- ,-0- ,-0- ,-0- ,"DOB circa 1957; POB al-Awja, near Tikrit, Iraq; nationality Iraq; Saddam Hussein al-Tikriti's presidential secretary and key advisor."
7847,"AL-TIKRITI, Ali Hassan al-Majid","individual","IRAQ2",-0- ,-0- ,-0- ,-0- ,-0- ,-0- ,-0- ,"DOB 1943; alt. DOB 1941; POB al-Awja, near Tikrit, Iraq; nationality Iraq; presidential advisor and senior member of Revolutionary Command Council."
7848,"AL-DURI, Izzat Ibrahim","individual","IRAQ2",-0- ,-0- ,-0- ,-0- ,-0- ,-0- ,-0- ,"DOB circa 1942; POB al-Dur, Iraq; nationality Iraq; Former deputy commander-in-chief of Iraqi military; deputy secretary, Former Ba'th party regional command; Former vice chairman, Revolutionary Command Council; a.k.a. 'ABU BRAYS'; a.k.a. 'ABU AHMAD'."
7849,"AL-TIKRITI, Hani abd-al-Latif Tilfah","individual","IRAQ2",-0- ,-0- ,-0- ,-0- ,-0- ,-0- ,-0- ,"DOB circa 1962; POB al-Awja, near Tikrit, Iraq; nationality Iraq; #2 in Special Security Organization."
7850,"AL-NUMAN, Aziz Salih","individual","IRAQ2",-0- ,-0- ,-0- ,-0- ,-0- ,-0- ,-0- ,"DOB 1941; alt. DOB 1945; POB An Nasiriyah, Iraq; nationality Iraq; Ba'th party regional command chairman."
7851,"ZUBAIDI, Muhammad Hamza","individual","IRAQ2",-0- ,-0- ,-0- ,-0- ,-0- ,-0- ,-0- ,"DOB 1938; POB Babylon, Babil Governorate, Iraq; nationality Iraq; former prime minister."
7852,"AL-TIKRITI, Kamal Mustafa Sultan Abdallah","individual","IRAQ2",-0- ,-0- ,-0- ,-0- ,-0- ,-0- ,-0- ,"DOB 1952; alt. DOB 04 May 1955; POB Tikrit, Iraq; nationality Iraq; Republican Guard Secretary; led Special Republican Guard and commanded both Republican Guard corps."
7853,"AL-TIKRITI, Barzan abd al-Ghafur Sulaiman Majid","individual","IRAQ2",-0- ,-0- ,-0- ,-0- ,-0- ,-0- ,-0- ,"DOB 1960; POB Salah al-Din, Iraq; nationality Iraq; commander, Special Republican Guard."
7854,"AL-TIKRITI, Muzahim Sa'b Hassan","individual","IRAQ2",-0- ,-0- ,-0- ,-0- ,-0- ,-0- ,-0- ,"DOB circa 1946; alt. DOB 1949; POB al-Awja, near Tikrit, Iraq; nationality Iraq; led Iraq's Air Defense Forces; Deputy Director, Organization of Military Industrialization."
7855,"AL-TIKRITI, Ibrahim Ahmad abd al-Sattar Muhammed","individual","IRAQ2",-0- ,-0- ,-0- ,-0- ,-0- ,-0- ,-0- ,"DOB 1943; alt. DOB 1950; alt. DOB 1952; POB Ba'qubah or al-Sumayda/Shirqat, Iraq; nationality Iraq; armed forces chief of staff."
7856,"AL-RAWI, Saif-al-Din Fulayyih Hassan Taha","individual","IRAQ2",-0- ,-0- ,-0- ,-0- ,-0- ,-0- ,-0- ,"DOB 1953; POB Ar Ramadi, al-Anbar Governorate, Iraq; nationality Iraq; Republican Guard chief of staff."
7857,"AL-TIKRITI, Rafi abd-al-Latif Tilfah","individual","IRAQ2",-0- ,-0- ,-0- ,-0- ,-0- ,-0- ,-0- ,"DOB circa 1954; POB Tikrit, Iraq; nationality Iraq; Director, Directorate of General Security."
7858,"AL-TIKRITI, Tahir Jalil Habbush","individual","IRAQ2",-0- ,-0- ,-0- ,-0- ,-0- ,-0- ,-0- ,"DOB 1950; POB Tikrit, Iraq; nationality Iraq; director of Iraqi Intelligence Service."
7859,"AL-TIKRITI, Hamid Raja Shalah","individual","IRAQ2",-0- ,-0- ,-0- ,-0- ,-0- ,-0- ,-0- ,"DOB 1950; POB Bayji, Salah al-Din Governorate, Iraq; nationality Iraq; air force commander."
7860,"AL-DULAYMI, Latif Nusayyif Jasim","individual","IRAQ2",-0- ,-0- ,-0- ,-0- ,-0- ,-0- ,-0- ,"DOB circa 1941; POB Ar-Rashidiya suburb of Baghdad, Iraq; nationality Iraq; Former Ba'th party military bureau deputy chairman."
7861,"HUWAYSH, Abd-al-Tawab Mullah","individual","IRAQ2",-0- ,-0- ,-0- ,-0- ,-0- ,-0- ,-0- ,"DOB 1957; alt. DOB 14 Mar 1942; POB Mosul or Baghdad, Iraq; nationality Iraq; deputy prime minister; director, Organization of Military Industrialization."
7862,"AL-JIZRAWI, Taha Yassin Ramadan","individual","IRAQ2",-0- ,-0- ,-0- ,-0- ,-0- ,-0- ,-0- ,"DOB circa 1938; nationality Iraq; Former Vice President."
7863,"AL-TIKRITI, Rukan Razuki abd-al-Ghafur Sulaiman","individual","IRAQ2",-0- ,-0- ,-0- ,-0- ,-0- ,-0- ,-0- ,"DOB 1956; POB Tikrit, Iraq; nationality Iraq; head of Tribal Affairs Office in presidential office; a.k.a. 'ABU WALID'."
7864,"AL-TIKRITI, Jamal Mustafa Abdallah Sultan","individual","IRAQ2",-0- ,-0- ,-0- ,-0- ,-0- ,-0- ,-0- ,"DOB 04 May 1955; POB al-Samnah, near Tikrit, Iraq; nationality Iraq; deputy head of tribal affairs in presidential office."
7865,"HADI, Mizban Khadr","individual","IRAQ2",-0- ,-0- ,-0- ,-0- ,-0- ,-0- ,-0- ,"DOB 1938; POB Mandali District, Diyala, Iraq; nationality Iraq; member, Ba'th party regional command and Revolutionary Command Council since 1991."
7866,"MA'RUF, Taha Muhyi-al-Din","individual","IRAQ2",-0- ,-0- ,-0- ,-0- ,-0- ,-0- ,-0- ,"DOB 1924; POB Sulaymaniyah, Iraq; nationality Iraq; Vice President; member of Revolutionary Command Council."
7867,"AZIZ, Tariq","individual","IRAQ2",-0- ,-0- ,-0- ,-0- ,-0- ,-0- ,-0- ,"DOB 01 Jul 1936; POB Mosul or Baghdad, Iraq; nationality Iraq; Passport NO34409/129 issued Jul 1997; Deputy Prime Minister."
7868,"AL-TIKRITI, Walid Hamid Tawfiq","individual","IRAQ2",-0- ,-0- ,-0- ,-0- ,-0- ,-0- ,-0- ,"DOB circa 1950; POB Tikrit, Iraq; nationality Iraq; Governor of Basrah."
7869,"AL-TAI, Sultan Hashim Ahmad","individual","IRAQ2",-0- ,-0- ,-0- ,-0- ,-0- ,-0- ,-0- ,"DOB circa 1944; POB Mosul, Iraq; nationality Iraq; Minister of Defense."
7870,"AL-AZZAWI, Hikmat Mizban Ibrahim","individual","IRAQ2",-0- ,-0- ,-0- ,-0- ,-0- ,-0- ,-0- ,"DOB 1934; POB Diyala, Iraq; nationality Iraq; Former Deputy Prime Minister and Finance Minister."
7871,"AL-AHMAD, Mahmud Dhiyab","individual","IRAQ2",-0- ,-0- ,-0- ,-0- ,-0- ,-0- ,-0- ,"DOB 1953; POB Mosul or Baghdad, Iraq; nationality Iraq; Former Minister of Interior."
7872,"AL-RAWI, Ayad Futayyih Khalifa","individual","IRAQ2",-0- ,-0- ,-0- ,-0- ,-0- ,-0- ,-0- ,"DOB 1942; POB Rawah, Iraq; nationality Iraq; Quds Force Chief of Staff."
7873,"AL-NAQIB, Zuhair Talib abd-al-Sattar","individual","IRAQ2",-0- ,-0- ,-0- ,-0- ,-0- ,-0- ,-0- ,"DOB circa 1948; nationality Iraq; Director, Military Intelligence."
7874,"AL-SA'DI, Amir Hamudi Hassan","individual","IRAQ2",-0- ,-0- ,-0- ,-0- ,-0- ,-0- ,-0- ,"DOB 05 Apr 1938; POB Baghdad, Iraq; nationality Iraq; Passport NO33301/862 issued 17 Oct 1997 expires 01 Oct 2005; alt. Passport M0003264580; alt. Passport H0100009 issued 01 May 2002; presidential scientific advisor."
7875,"AL-UBAIDI, Amir Rashid Muhammad","individual","IRAQ2",-0- ,-0- ,-0- ,-0- ,-0- ,-0- ,-0- ,"DOB 1939; POB Baghdad, Iraq; nationality Iraq; Minister of Oil."
7876,"AL-YASSIN, Husam Muhammad Amin","individual","IRAQ2",-0- ,-0- ,-0- ,-0- ,-0- ,-0- ,-0- ,"DOB 1953; alt. DOB 1958; POB Tikrit, Iraq; nationality Iraq; head, National Monitoring Directorate."
7878,"AL-TIKRITI, Sab'awi Ibrahim Hassan","individual","IRAQ2",-0- ,-0- ,-0- ,-0- ,-0- ,-0- ,-0- ,"DOB 1947; POB Tikrit, Iraq; nationality Iraq; presidential advisor; half-brother of Saddam Hussein al-Tikriti."
7879,"AL-TIKRITI, Watban Ibrahim Hassan","individual","IRAQ2",-0- ,-0- ,-0- ,-0- ,-0- ,-0- ,-0- ,"DOB 1952; POB Tikrit, Iraq; nationality Iraq; presidential advisor; half-brother of Saddam Hussein al-Tikriti."
7880,"AL-TIKRITI, Barzan Ibrahim Hassan","individual","IRAQ2",-0- ,-0- ,-0- ,-0- ,-0- ,-0- ,-0- ,"DOB 17 Feb 1951; POB Tikrit, Iraq; nationality Iraq; Passport M0001666/970; alt. Passport NM0000860/114; alt. Passport M0009851/1; presidential advisor; half-brother of Saddam Hussein al-Tikriti."
7881,"AMMASH, Huda Salih Mahdi","individual","IRAQ2",-0- ,-0- ,-0- ,-0- ,-0- ,-0- ,-0- ,"DOB 1953; POB Baghdad, Iraq; nationality Iraq; member, Ba'th party regional command."
7882,"AL-SAD'UN, Abd-al-Baqi abd-al-Karim Abdallah","individual","IRAQ2",-0- ,-0- ,-0- ,-0- ,-0- ,-0- ,-0- ,"DOB 1947; nationality Iraq; Ba'th party regional command chairman, Diyala."
7883,"AL-SA'DUN, Muhammad Zimam abd-al-Razzaq","individual","IRAQ2",-0- ,-0- ,-0- ,-0- ,-0- ,-0- ,-0- ,"DOB 1942; POB Suq ash-Shuyukh District, Dhi-Qar, Iraq; nationality Iraq; Ba'th party regional chairman, at-Tamim."
7884,"AL-NAJIM, Samir abd al-Aziz","individual","IRAQ2",-0- ,-0- ,-0- ,-0- ,-0- ,-0- ,-0- ,"DOB 1937; alt. DOB 1938; POB Baghdad, Iraq; nationality Iraq; Ba'th party regional command chairman, East Baghdad."
7885,"ABD-AL-GHAFUR, Humam abd-al-Khaliq","individual","IRAQ2",-0- ,-0- ,-0- ,-0- ,-0- ,-0- ,-0- ,"DOB 1945; POB ar-Ramadi, Iraq; nationality Iraq; Former Minister of Higher Education and Research; M0018061/104,issued 12 September 1993."
7886,"AL-UBAIDI, Yahia Abdallah","individual","IRAQ2",-0- ,-0- ,-0- ,-0- ,-0- ,-0- ,-0- ,"nationality Iraq; Ba'th party regional command chairman, al-Basrah."
7887,"GHALIB, Nayif Shindakh Thamir","individual","IRAQ2",-0- ,-0- ,-0- ,-0- ,-0- ,-0- ,-0- ,"nationality Iraq; Ba'th party regional command chairman, an-Najaf; member; Iraqi National Assembly."
7888,"AL-MASHHADANI, Saif-al-Din","individual","IRAQ2",-0- ,-0- ,-0- ,-0- ,-0- ,-0- ,-0- ,"DOB 1956; POB Baghdad, Iraq; nationality Iraq; Ba'th party regional command chairman, al-Muthanna."
7889,"GHARIB, Fadil Mahmud","individual","IRAQ2",-0- ,-0- ,-0- ,-0- ,-0- ,-0- ,-0- ,"DOB 1944; POB Dujail, Iraq; nationality Iraq; Ba'th party regional command chairman, Babil; chairman, General Federation of Iraqi Trade Unions."
7890,"AL-KHAFAJI, Muhsin Khadr","individual","IRAQ2",-0- ,-0- ,-0- ,-0- ,-0- ,-0- ,-0- ,"nationality Iraq; Former Ba'th party regional command chairman, al-Qadisiyah."
7891,"KAZIM, Rashid Taan","individual","IRAQ2",-0- ,-0- ,-0- ,-0- ,-0- ,-0- ,-0- ,"nationality Iraq; Ba'th party regional command chairman, al-Anbar."
7892,"AL-KUBAYSI, Ugla Abid Saqar","individual","IRAQ2",-0- ,-0- ,-0- ,-0- ,-0- ,-0- ,-0- ,"DOB 1944; POB Kubaisi, al-Anbar Governorate, Iraq; nationality Iraq; Former Ba'th party regional command chairman, Maysan."
7893,"AL-UBAIDI, Ghazi Hammud","individual","IRAQ2",-0- ,-0- ,-0- ,-0- ,-0- ,-0- ,-0- ,"DOB 1944; POB Baghdad, Iraq; nationality Iraq; Ba'th party regional command chairman, Wasit."
7894,"MAHDI, Adil Abdallah","individual","IRAQ2",-0- ,-0- ,-0- ,-0- ,-0- ,-0- ,-0- ,"DOB 1945; POB al-Dur, Iraq; Ba'th party regional command chairman, Dhi-Qar."
7895,"AL-AWADI, Hussein Qaid","individual","IRAQ2",-0- ,-0- ,-0- ,-0- ,-0- ,-0- ,-0- ,"nationality Iraq; Former Ba'th party regional command chairman, Ninawa,."
7896,"AL-MUHAMMAD, Khamis Sirhan","individual","IRAQ2",-0- ,-0- ,-0- ,-0- ,-0- ,-0- ,-0- ,"nationality Iraq; Ba'th party regional command chairman, Karbala; a.k.a. 'DR. KHAMIS'."
7897,"AL-TIKRITI, Sa'd abd-al-Majid al-Faysal","individual","IRAQ2",-0- ,-0- ,-0- ,-0- ,-0- ,-0- ,-0- ,"DOB 1944; POB Tikrit, Iraq; nationality Iraq; Ba'th party regional command chairman, Salah al-Din."
7898,"SPASOJEVIC, Dragon","individual","BALKANS",-0- ,-0- ,-0- ,-0- ,-0- ,-0- ,-0- ,"DOB 05 Jul 1965; National ID No. 050 796 318 3954."
7899,"VASIC, Dragomir","individual","BALKANS",-0- ,-0- ,-0- ,-0- ,-0- ,-0- ,-0- ,"DOB 1964; POB Brnjica, Bosina-Herzegovina."
7911,"ASSOCIATION DE SECOURS PALESTINIENS",-0- ,"SDGT",-0- ,-0- ,-0- ,-0- ,-0- ,-0- ,-0- ,"Secondary sanctions risk: section 1(b) of Executive Order 13224, as amended by Executive Order 13886; a.k.a. 'ASP'."
7912,"AL-ALAMI, Imad Khalil","individual","SDGT",-0- ,-0- ,-0- ,-0- ,-0- ,-0- ,-0- ,"DOB 1956; POB Gaza; Secondary sanctions risk: section 1(b) of Executive Order 13224, as amended by Executive Order 13886."
7913,"HAMDAN, Usama","individual","SDGT",-0- ,-0- ,-0- ,-0- ,-0- ,-0- ,-0- ,"DOB 1964; Secondary sanctions risk: section 1(b) of Executive Order 13224, as amended by Executive Order 13886."
7914,"MISHAAL, Khalid","individual","SDGT",-0- ,-0- ,-0- ,-0- ,-0- ,-0- ,-0- ,"DOB 1956; POB Silwad, Ramallah, West Bank (Palestinian Authority); Secondary sanctions risk: section 1(b) of Executive Order 13224, as amended by Executive Order 13886."
7915,"RANTISI, Abdel Aziz","individual","SDGT",-0- ,-0- ,-0- ,-0- ,-0- ,-0- ,-0- ,"DOB 23 Oct 1947; POB Yubna, Gaza (Palestinian Authority); Gender Male; Secondary sanctions risk: section 1(b) of Executive Order 13224, as amended by Executive Order 13886."
7916,"COMITE' DE BIENFAISANCE ET DE SECOURS AUX PALESTINIENS",-0- ,"SDGT",-0- ,-0- ,-0- ,-0- ,-0- ,-0- ,-0- ,"Website h-terre.org; Secondary sanctions risk: section 1(b) of Executive Order 13224, as amended by Executive Order 13886; a.k.a. 'CBSP'; Linked To: HAMAS."
7917,"INTERPAL",-0- ,"SDGT",-0- ,-0- ,-0- ,-0- ,-0- ,-0- ,-0- ,"Secondary sanctions risk: section 1(b) of Executive Order 13224, as amended by Executive Order 13886; Registered Charity No. 1040094."
7918,"PALESTINIAN ASSOCIATION IN AUSTRIA",-0- ,"SDGT",-0- ,-0- ,-0- ,-0- ,-0- ,-0- ,-0- ,"Secondary sanctions risk: section 1(b) of Executive Order 13224, as amended by Executive Order 13886."
7919,"SANABIL ASSOCIATION FOR RELIEF AND DEVELOPMENT",-0- ,"SDGT",-0- ,-0- ,-0- ,-0- ,-0- ,-0- ,-0- ,"Secondary sanctions risk: section 1(b) of Executive Order 13224, as amended by Executive Order 13886."
7921,"DWIKARNA, Agus","individual","SDGT",-0- ,-0- ,-0- ,-0- ,-0- ,-0- ,-0- ,"DOB 11 Aug 1964; POB Makassar, South Sulawesi, Indonesia; nationality Indonesia; Secondary sanctions risk: section 1(b) of Executive Order 13224, as amended by Executive Order 13886; currently incarcerated in the Philippines."
7923,"JULKIPLI, Salim Y Salamuddin","individual","SDGT",-0- ,-0- ,-0- ,-0- ,-0- ,-0- ,-0- ,"DOB 20 Jun 1976; POB Tulay, Jolo Sulu, Philippines; nationality Philippines; Gender Male; Secondary sanctions risk: section 1(b) of Executive Order 13224, as amended by Executive Order 13886."
7924,"MUNANDAR, Aris","individual","SDGT",-0- ,-0- ,-0- ,-0- ,-0- ,-0- ,-0- ,"DOB 01 Jan 1971; alt. DOB 1962; alt. DOB 1963; alt. DOB 1964; alt. DOB 1965; alt. DOB 1966; alt. DOB 1967; alt. DOB 1968; POB Sambi, Boyolali, Java, Indonesia; Secondary sanctions risk: section 1(b) of Executive Order 13224, as amended by Executive Order 13886."
7925,"MURAD, Abdul Hakim","individual","SDGT",-0- ,-0- ,-0- ,-0- ,-0- ,-0- ,-0- ,"DOB 04 Jan 1968; POB Kuwait; nationality Pakistan; Secondary sanctions risk: section 1(b) of Executive Order 13224, as amended by Executive Order 13886; currently incarcerated in the U.S."
7927,"SIREGAR, Parlindungan","individual","SDGT",-0- ,-0- ,-0- ,-0- ,-0- ,-0- ,-0- ,"DOB 25 Apr 1957; alt. DOB 25 Apr 1967; POB Indonesia; nationality Indonesia; Secondary sanctions risk: section 1(b) of Executive Order 13224, as amended by Executive Order 13886."
7928,"SYAWAL, Yassin","individual","SDGT",-0- ,-0- ,-0- ,-0- ,-0- ,-0- ,-0- ,"DOB 03 Sep 1962; POB Makassar, Indonesia; nationality Indonesia; citizen Indonesia; Secondary sanctions risk: section 1(b) of Executive Order 13224, as amended by Executive Order 13886; a.k.a. 'ABU MUAMAR'; a.k.a. 'ABU SETA'; a.k.a. 'MAHMUD'; a.k.a. 'AGUS SALIM'."
7929,"YUNOS, Mukhlis","individual","SDGT",-0- ,-0- ,-0- ,-0- ,-0- ,-0- ,-0- ,"DOB circa 07 Jul 1966; POB Lanao del Sur, Philippines; Secondary sanctions risk: section 1(b) of Executive Order 13224, as amended by Executive Order 13886."
7932,"BIN MANSOUR, Amran","individual","SDGT",-0- ,-0- ,-0- ,-0- ,-0- ,-0- ,-0- ,"DOB 25 May 1965; POB Malaysia; Secondary sanctions risk: section 1(b) of Executive Order 13224, as amended by Executive Order 13886."
7933,"HIR, Zulkifli Bin Abdul","individual","SDGT",-0- ,-0- ,-0- ,-0- ,-0- ,-0- ,-0- ,"DOB 05 Jan 1966; alt. DOB 05 Oct 1966; POB Malaysia; Secondary sanctions risk: section 1(b) of Executive Order 13224, as amended by Executive Order 13886; a.k.a. 'MUSA ABDUL'."
7934,"KASMURI, Abdul Manaf","individual","SDGT","Lt. Col. (Rtd.)",-0- ,-0- ,-0- ,-0- ,-0- ,-0- ,"DOB 29 May 1955; POB Malaysia; nationality Malaysia; Secondary sanctions risk: section 1(b) of Executive Order 13224, as amended by Executive Order 13886; Lt. Col. (Rtd.)."
7935,"MARZUKI, Zulkifli","individual","SDGT",-0- ,-0- ,-0- ,-0- ,-0- ,-0- ,-0- ,"DOB 03 Jul 1968; POB Malaysia; nationality Malaysia; Secondary sanctions risk: section 1(b) of Executive Order 13224, as amended by Executive Order 13886; a.k.a. 'ZUKIPLI'; a.k.a. 'ZULKIFLI'."
7936,"SUFAAT, Yazid","individual","SDGT",-0- ,-0- ,-0- ,-0- ,-0- ,-0- ,-0- ,"DOB 20 Jan 1964; POB Johor, Malaysia; nationality Malaysia; Secondary sanctions risk: section 1(b) of Executive Order 13224, as amended by Executive Order 13886; Passport A10472263 (Malaysia)."
7938,"WAN MIN, Wan Mat","individual","SDGT",-0- ,-0- ,-0- ,-0- ,-0- ,-0- ,-0- ,"DOB 23 Sep 1960; POB Malaysia; nationality Malaysia; Secondary sanctions risk: section 1(b) of Executive Order 13224, as amended by Executive Order 13886."
7939,"ZAKARIA, Zaini","individual","SDGT",-0- ,-0- ,-0- ,-0- ,-0- ,-0- ,-0- ,"DOB 16 Jun 1967; alt. DOB 16 May 1967; POB Kelantan, Malaysia; Secondary sanctions risk: section 1(b) of Executive Order 13224, as amended by Executive Order 13886; Passport A11457974 (Malaysia)."
7940,"ABU DHESS, Mohamed","individual","SDGT",-0- ,-0- ,-0- ,-0- ,-0- ,-0- ,-0- ,"DOB 01 Feb 1966; POB Hashmija, Iraq; Secondary sanctions risk: section 1(b) of Executive Order 13224, as amended by Executive Order 13886; nationality possibly Palestinian;arrested 23 Apr 2002; a.k.a. 'ABU ALI'."
7942,"AL-DAGMA, Aschraf","individual","SDGT",-0- ,-0- ,-0- ,-0- ,-0- ,-0- ,-0- ,"DOB 28 Apr 1969; POB Abasan, Gaza Strip; Secondary sanctions risk: section 1(b) of Executive Order 13224, as amended by Executive Order 13886; nationality possibly Palestinian;arrested 23 Apr 2002; a.k.a. 'NOOR'."
7944,"MOUSTFA, Djamel","individual","SDGT",-0- ,-0- ,-0- ,-0- ,-0- ,-0- ,-0- ,"DOB 28 Sep 1973; alt. DOB 31 Dec 1979; alt. DOB 22 Aug 1973; alt. DOB 25 Sep 1973; POB Mehdia, Tiaret, Algeria; alt. POB Morocco; nationality Algeria; Gender Male; Secondary sanctions risk: section 1(b) of Executive Order 13224, as amended by Executive Order 13886; a.k.a. 'ALI BARKANI'; a.k.a. 'MOUSTAFA'."
7945,"SHALABI, Ismail Abdallah Sbaitan","individual","SDGT",-0- ,-0- ,-0- ,-0- ,-0- ,-0- ,-0- ,"DOB 30 Apr 1973; POB Beckum, Germany; nationality Jordan; Secondary sanctions risk: section 1(b) of Executive Order 13224, as amended by Executive Order 13886; nationality possibly Palestinian;arrested 23 Apr 2002."
7946,"AL-AKHTAR TRUST INTERNATIONAL",-0- ,"SDGT",-0- ,-0- ,-0- ,-0- ,-0- ,-0- ,-0- ,"Secondary sanctions risk: section 1(b) of Executive Order 13224, as amended by Executive Order 13886; and all other offices worldwide."
8083,"AL-BAKOUN ALA AL-AHD ORGANIZATION",-0- ,"SDGT",-0- ,-0- ,-0- ,-0- ,-0- ,-0- ,-0- ,"Secondary sanctions risk: section 1(b) of Executive Order 13224, as amended by Executive Order 13886."
8084,"BELMOKHTAR, Mokhtar","individual","SDGT",-0- ,-0- ,-0- ,-0- ,-0- ,-0- ,-0- ,"DOB 01 Jun 1972; POB Ghardaia, Algeria; Secondary sanctions risk: section 1(b) of Executive Order 13224, as amended by Executive Order 13886."
8085,"DHAMAT HOUMET DAAWA SALAFIA",-0- ,"SDGT",-0- ,-0- ,-0- ,-0- ,-0- ,-0- ,-0- ,"Secondary sanctions risk: section 1(b) of Executive Order 13224, as amended by Executive Order 13886."
8086,"EL HADI, Mustapha Nasri Ben Abdul Kader Ait","individual","SDGT",-0- ,-0- ,-0- ,-0- ,-0- ,-0- ,-0- ,"DOB 05 Mar 1962; POB Tunis, Tunisia; nationality Algeria; alt. nationality Germany; Secondary sanctions risk: section 1(b) of Executive Order 13224, as amended by Executive Order 13886."
8087,"LOUNICI, Djamel","individual","SDGT",-0- ,-0- ,-0- ,-0- ,-0- ,-0- ,-0- ,"DOB 01 Feb 1962; POB Algiers, Algeria; Secondary sanctions risk: section 1(b) of Executive Order 13224, as amended by Executive Order 13886."
8090,"BEN ABDELHAKIM, Cherif Said","individual","SDGT",-0- ,-0- ,-0- ,-0- ,-0- ,-0- ,-0- ,"DOB 25 Jan 1970; POB Menzel Temine, Tunisia; nationality Tunisia; Secondary sanctions risk: section 1(b) of Executive Order 13224, as amended by Executive Order 13886; Passport M307968 issued 08 Sep 2001 expires 07 Sep 2006; arrested 30 Sep 2002; a.k.a. 'DJALLAL'; a.k.a. 'YOUCEF'."
8091,"BOUYAHIA, Hamadi Ben Abdul Aziz Ben Ali","individual","SDGT",-0- ,-0- ,-0- ,-0- ,-0- ,-0- ,-0- ,"DOB 22 May 1966; alt. DOB 29 May 1966; POB Tunisia; nationality Tunisia; Secondary sanctions risk: section 1(b) of Executive Order 13224, as amended by Executive Order 13886; Passport L723315 issued 05 May 1998 expires 04 May 2003; arrested 30 Sep 2002."
8092,"CABDULLAAH, Ciise Maxamed","individual","SDGT",-0- ,-0- ,-0- ,-0- ,-0- ,-0- ,-0- ,"DOB 08 Oct 1974; POB Somalia; nationality Somalia; Secondary sanctions risk: section 1(b) of Executive Order 13224, as amended by Executive Order 13886; arrested 31 Mar 2003."
8093,"DRISSI, Noureddine Ben Ali Ben Belkassem","individual","SDGT",-0- ,-0- ,-0- ,-0- ,-0- ,-0- ,-0- ,"DOB 30 Apr 1969; alt. DOB 30 Apr 1964; POB Tunisi, Tunisia; nationality Tunisia; Secondary sanctions risk: section 1(b) of Executive Order 13224, as amended by Executive Order 13886; Passport L851940 issued 09 Sep 1998 expires 08 Sep 2003; arrested 1 Apr 2003."
8094,"EL AYASHI, Radi Abd El Samie Abou El Yazid","individual","SDGT",-0- ,-0- ,-0- ,-0- ,-0- ,-0- ,-0- ,"DOB 02 Jan 1972; POB El Gharbia, Egypt; nationality Egypt; Secondary sanctions risk: section 1(b) of Executive Order 13224, as amended by Executive Order 13886; arrested 31 Mar 2003; a.k.a. 'MERA'I'."
8095,"HAMMID, Mohammed Tahir","individual","SDGT",-0- ,-0- ,-0- ,-0- ,-0- ,-0- ,-0- ,"DOB 01 Nov 1975; POB Poshok, Iraq; nationality Iraq; Secondary sanctions risk: section 1(b) of Executive Order 13224, as amended by Executive Order 13886; Kurdish; arrested 31 Mar 2003; a.k.a. 'ABDELHAMID AL KURDI'."
8096,"HAMRAOUI, Kamel Ben Mouldi Ben Hassan","individual","SDGT",-0- ,-0- ,-0- ,-0- ,-0- ,-0- ,-0- ,"DOB 21 Oct 1977; POB Beja, Tunisia; nationality Tunisia; Secondary sanctions risk: section 1(b) of Executive Order 13224, as amended by Executive Order 13886; Passport P229856 issued 01 Nov 2002 expires 31 Oct 2007; arrested 1 Apr 2003; a.k.a. 'KAMEL'; a.k.a. 'KIMO'."
8098,"MOSTAFA, Mohamed Amin","individual","SDGT",-0- ,-0- ,-0- ,-0- ,-0- ,-0- ,-0- ,"DOB 11 Oct 1975; POB Karkuk, Iraq; nationality Iraq; Secondary sanctions risk: section 1(b) of Executive Order 13224, as amended by Executive Order 13886; Kurdish; arrested 31 Mar 2003."
8099,"RIHANI, Lotfi Ben Abdul Hamid Ben Ali","individual","SDGT",-0- ,-0- ,-0- ,-0- ,-0- ,-0- ,-0- ,"DOB 01 Jul 1977; POB Tunisi, Tunisia; nationality Tunisia; Secondary sanctions risk: section 1(b) of Executive Order 13224, as amended by Executive Order 13886; Passport L 886177 issued 14 Dec 1998 expires 13 Dec 2003; a.k.a. 'ABDERRAHMANE'."
8100,"ROUINE, Lazher Ben Khalifa Ben Ahmed","individual","SDGT",-0- ,-0- ,-0- ,-0- ,-0- ,-0- ,-0- ,"DOB 20 Nov 1975; POB Sfax, Tunisia; nationality Tunisia; Secondary sanctions risk: section 1(b) of Executive Order 13224, as amended by Executive Order 13886; Passport P 182583 issued 13 Sep 2003 expires 12 Sep 2007; arrested 30 Sep 2002; a.k.a. 'LAZHAR'; a.k.a. 'SALMANE'."
8101,"SALEH AL-SAADI, Nassim Ben Mohamed Al-Cherif ben Mohamed","individual","SDGT",-0- ,-0- ,-0- ,-0- ,-0- ,-0- ,-0- ,"DOB 30 Nov 1974; POB Haidra Al-Qasreen, Tunisia; nationality Tunisia; Secondary sanctions risk: section 1(b) of Executive Order 13224, as amended by Executive Order 13886; Passport M 788331 issued 28 Sep 2001 expires 27 Sep 2006; arrested 30 Sep 2002; a.k.a. 'ABOU ANIS'."
8102,"TRABELSI, Mourad","individual","SDGT",-0- ,-0- ,-0- ,-0- ,-0- ,-0- ,-0- ,"DOB 20 May 1969; POB Menzel Temime, Tunisia; nationality Tunisia; Secondary sanctions risk: section 1(b) of Executive Order 13224, as amended by Executive Order 13886; Passport G 827238 issued 01 Jun 1996 expires 31 May 2001; arrested 1 Apr 2003."
8103,"ZARKAOUI, Imed Ben Mekki Ben Al-Akhdar","individual","SDGT",-0- ,-0- ,-0- ,-0- ,-0- ,-0- ,-0- ,"DOB 15 Jan 1973; POB Tunisi (Tunisia); nationality Tunisia; Secondary sanctions risk: section 1(b) of Executive Order 13224, as amended by Executive Order 13886; Passport M174950 issued 27 Apr 1999 expires 26 Apr 2004; arrested 30 Sep 2002; a.k.a. 'NADRA'; a.k.a. 'ZARGA'."
8104,"AMMARI, Saifi","individual","SDGT",-0- ,-0- ,-0- ,-0- ,-0- ,-0- ,-0- ,"DOB 01 Jan 1968; POB Kef Rih, Algeria; nationality Algeria; Secondary sanctions risk: section 1(b) of Executive Order 13224, as amended by Executive Order 13886; a.k.a. 'ABDALARAK'; a.k.a. 'ABDERREZAK LE PARA'; a.k.a. 'ABDERREZAK ZAIMECHE'; a.k.a. 'ABDUL RASAK AMMANE ABU HAIDRA'; a.k.a. 'ABOU HAIDARA'; a.k.a. 'EL PARA'; a.k.a. 'EL OURASSI'."
8105,"DURGUTI, Safet","individual","SDGT",-0- ,-0- ,-0- ,-0- ,-0- ,-0- ,-0- ,"DOB 10 May 1967; POB Orahovac, Kosovo; Secondary sanctions risk: section 1(b) of Executive Order 13224, as amended by Executive Order 13886; Passport 1144602 (Bosnia and Herzegovina); Bosnian Personal ID No. 1005967953038; a.k.a. 'ABU-SUMAYA'."
8106,"ABO GHAITH, Sulaiman Jassem","individual","SDGT",-0- ,-0- ,-0- ,-0- ,-0- ,-0- ,-0- ,"DOB 14 Dec 1965; POB Kuwait; Secondary sanctions risk: section 1(b) of Executive Order 13224, as amended by Executive Order 13886."
8107,"AL-HARAMAIN : PAKISTAN BRANCH",-0- ,"SDGT",-0- ,-0- ,-0- ,-0- ,-0- ,-0- ,-0- ,"Secondary sanctions risk: section 1(b) of Executive Order 13224, as amended by Executive Order 13886."
8108,"AL-HARAMAIN : INDONESIA BRANCH",-0- ,"SDGT",-0- ,-0- ,-0- ,-0- ,-0- ,-0- ,-0- ,"Secondary sanctions risk: section 1(b) of Executive Order 13224, as amended by Executive Order 13886."
8109,"AL-HARAMAIN : KENYA BRANCH",-0- ,"SDGT",-0- ,-0- ,-0- ,-0- ,-0- ,-0- ,-0- ,"Secondary sanctions risk: section 1(b) of Executive Order 13224, as amended by Executive Order 13886."
8110,"AL-HARAMAIN : TANZANIA BRANCH",-0- ,"SDGT",-0- ,-0- ,-0- ,-0- ,-0- ,-0- ,-0- ,"Secondary sanctions risk: section 1(b) of Executive Order 13224, as amended by Executive Order 13886."
8111,"BASEVIC, Dragan","individual","BALKANS",-0- ,-0- ,-0- ,-0- ,-0- ,-0- ,-0- ,"DOB 02 Mar 1976; POB Belgrade, Serbia."
8112,"BOROVCANIN, Veljko","individual","BALKANS",-0- ,-0- ,-0- ,-0- ,-0- ,-0- ,-0- ,"DOB 25 Sep 1957; POB Sarajevo, Bosnia-Herzegovina."
8113,"DJORDA, Samojko","individual","BALKANS",-0- ,-0- ,-0- ,-0- ,-0- ,-0- ,-0- ,"DOB 13 Jun 1959; POB Sarajevo, Bosnia-Herzegovina."
8114,"ECIM, Ljuban","individual","BALKANS",-0- ,-0- ,-0- ,-0- ,-0- ,-0- ,-0- ,"DOB 06 Jan 1964; POB Sviljanac, Bosnia-Herzegovina; National ID No. 601964100083 (Bosnia and Herzegovina)."
8115,"JAKUPI, Avdyl","individual","BALKANS",-0- ,-0- ,-0- ,-0- ,-0- ,-0- ,-0- ,"DOB 20 Apr 1974; POB Stimlje, Kosovo, Serbia."
8116,"KOJIC, Radomir","individual","BALKANS",-0- ,-0- ,-0- ,-0- ,-0- ,-0- ,-0- ,"DOB 23 Nov 1950; POB Bijela Voda, Sokolac Canton, Bosnia-Herzegovina; Passport 3943074 (Bosnia and Herzegovina) issued 27 Sep 2002; Passport issued in Sarajevo, Bosnia-Herzegovina; a.k.a. 'MINEUR'."
8117,"KOVAC, Tomislav","individual","BALKANS",-0- ,-0- ,-0- ,-0- ,-0- ,-0- ,-0- ,"DOB 04 Dec 1959; POB Sarajevo, Bosnia-Herzegovina; Passport 412959171315 (Bosnia and Herzegovina); a.k.a. 'TOMO'."
8118,"KUJUNDZIC, Predrag","individual","BALKANS",-0- ,-0- ,-0- ,-0- ,-0- ,-0- ,-0- ,"DOB 30 Jan 1961; POB Suho Polje, Doboj, Bosnia-Herzegovina; a.k.a. 'PREDO'."
8119,"MARIJANOVIC, Milovan","individual","BALKANS",-0- ,-0- ,-0- ,-0- ,-0- ,-0- ,-0- ,"DOB 14 Mar 1944; POB Kraljevo, Serbia."
8120,"SARAC, Ivan","individual","BALKANS",-0- ,-0- ,-0- ,-0- ,-0- ,-0- ,-0- ,"DOB 04 Jun 1968; POB Sokolac, Serbia."
8122,"SHAQIRI, Xhezair","individual","BALKANS",-0- ,-0- ,-0- ,-0- ,-0- ,-0- ,-0- ,"DOB 15 May 1965; POB Tanusevci, Macedonia."
8123,"THACI, Menduh","individual","BALKANS",-0- ,-0- ,-0- ,-0- ,-0- ,-0- ,-0- ,"DOB 03 Mar 1965; POB Tetovo, Macedonia."
8124,"2904977 CANADA, INC.",-0- ,"CUBA",-0- ,-0- ,-0- ,-0- ,-0- ,-0- ,-0- ,-0- 
8125,"CORPORACION CIMEX S.A.",-0- ,"CUBA",-0- ,-0- ,-0- ,-0- ,-0- ,-0- ,-0- ,"and all other locations worldwide."
8126,"CUBANACAN GROUP",-0- ,"CUBA",-0- ,-0- ,-0- ,-0- ,-0- ,-0- ,-0- ,-0- 
8127,"CUBANACAN INTERNATIONAL B.V",-0- ,"CUBA",-0- ,-0- ,-0- ,-0- ,-0- ,-0- ,-0- ,"Registration ID 27134614 (Netherlands)."
8128,"CUBANACAN U.K. LIMITED",-0- ,"CUBA",-0- ,-0- ,-0- ,-0- ,-0- ,-0- ,-0- ,"Registration ID 2720485 (United Kingdom)."
8129,"HAVANATUR S.A.",-0- ,"CUBA",-0- ,-0- ,-0- ,-0- ,-0- ,-0- ,-0- ,"C.U.I.T. 30-68074603-2 (Argentina)."
8131,"HAVANATUR BAHAMAS LTD.",-0- ,"CUBA",-0- ,-0- ,-0- ,-0- ,-0- ,-0- ,-0- ,-0- 
8132,"HAVANATUR CHILE S.A.",-0- ,"CUBA",-0- ,-0- ,-0- ,-0- ,-0- ,-0- ,-0- ,-0- 
8133,"LA COMPANIA TIENDAS UNIVERSO S.A.",-0- ,"CUBA",-0- ,-0- ,-0- ,-0- ,-0- ,-0- ,-0- ,-0- 
8134,"FUNDACION PARA LA PAZ DE CORDOBA",-0- ,"SDNTK",-0- ,-0- ,-0- ,-0- ,-0- ,-0- ,-0- ,"NIT # 830054536-9 (Colombia)."
8138,"ARROYAVE RUIZ, Elkin Alberto","individual","SDNTK",-0- ,-0- ,-0- ,-0- ,-0- ,-0- ,-0- ,"DOB 03 Sep 1968; POB Caucasia, Antioquia, Colombia; Cedula No. 4652820 (Colombia)."
8139,"ATENCIA PITALUA, Rafael Dario","individual","SDNTK",-0- ,-0- ,-0- ,-0- ,-0- ,-0- ,-0- ,"DOB 04 Feb 1963; Cedula No. 6889653 (Colombia)."
8140,"BLANCO PUERTA, Edgar Fernando","individual","SDNTK",-0- ,-0- ,-0- ,-0- ,-0- ,-0- ,-0- ,"DOB 19 Jun 1946; POB Medellin, Antioquia, Colombia; Cedula No. 13224238 (Colombia)."
8144,"BUITRAGO PARADA, Hector German","individual","SDNTK",-0- ,-0- ,-0- ,-0- ,-0- ,-0- ,-0- ,"DOB 21 Jan 1968; POB Monterrey, Casanare, Colombia; Cedula No. 79436816 (Colombia); a.k.a. 'MARTIN LLANOS'."
8147,"CASTANO GIL, Carlos","individual","SDNTK",-0- ,-0- ,-0- ,-0- ,-0- ,-0- ,-0- ,"DOB 15 May 1965; POB Amalfi, Antioquia, Colombia; Cedula No. 70564150 (Colombia)."
8149,"CASTANO GIL, Jose Vicente","individual","SDNTK",-0- ,-0- ,-0- ,-0- ,-0- ,-0- ,-0- ,"DOB 02 Jul 1957; Cedula No. 3370637 (Colombia)."
8150,"CASTELLANOS GARZON, Henry","individual","SDGT",-0- ,-0- ,-0- ,-0- ,-0- ,-0- ,-0- ,"DOB 20 Mar 1965; POB El Castillo, Meta, Colombia; nationality Colombia; Gender Male; Secondary sanctions risk: section 1(b) of Executive Order 13224, as amended by Executive Order 13886; Cedula No. 17353695 (Colombia); a.k.a. 'ROMANA, Edison'; a.k.a. 'ROMANA'; Linked To: SEGUNDA MARQUETALIA."
8151,"CIFUENTES GALINDO, Luis Eduardo","individual","SDNTK",-0- ,-0- ,-0- ,-0- ,-0- ,-0- ,-0- ,"DOB 16 Mar 1960; Cedula No. 3254362 (Colombia); a.k.a. 'EL AGUILA'."
8153,"DUQUE GAVIRIA, Ivan Roberto","individual","SDNTK",-0- ,-0- ,-0- ,-0- ,-0- ,-0- ,-0- ,"DOB 09 May 1955; POB Aguadas, Caldas, Colombia; Cedula No. 10241940 (Colombia); a.k.a. 'ERNESTO BAEZ'."
8154,"GIRALDO SERNA, Hernan","individual","SDNTK",-0- ,-0- ,-0- ,-0- ,-0- ,-0- ,-0- ,"DOB 16 Oct 1948; Cedula No. 12531356 (Colombia)."
8155,"GOMEZ ALVAREZ, Sor Teresa","individual","SDNTK",-0- ,-0- ,-0- ,-0- ,-0- ,-0- ,-0- ,"DOB 27 Jun 1956; POB Amalfi, Antioquia, Colombia; Cedula No. 21446537 (Colombia); Passport 21446537 (Colombia); a.k.a. 'LA NEGRA'; Linked To: FUNDACION PARA LA PAZ DE CORDOBA."
8156,"ISAZA ARANGO, Ramon Maria","individual","SDNTK",-0- ,-0- ,-0- ,-0- ,-0- ,-0- ,-0- ,"DOB 30 Sep 1940; POB Sonson, Antioquia, Colombia; Cedula No. 5812993 (Colombia)."
8158,"MANCUSO GOMEZ, Salvatore","individual","SDNTK",-0- ,-0- ,-0- ,-0- ,-0- ,-0- ,-0- ,"DOB 17 Aug 1964; POB Monteria, Cordoba, Colombia; Cedula No. 6892624 (Colombia)."
8159,"MARIN ARANGO, Luciano","individual","SDGT",-0- ,-0- ,-0- ,-0- ,-0- ,-0- ,-0- ,"DOB 06 Jun 1955; alt. DOB 16 Jun 1955; POB Florencia, Caqueta, Colombia; nationality Colombia; Gender Male; Secondary sanctions risk: section 1(b) of Executive Order 13224, as amended by Executive Order 13886; Cedula No. 19304877 (Colombia); a.k.a. 'MARQUES, Ivan'; a.k.a. 'MARQUEZ, Ivan'; Linked To: SEGUNDA MARQUETALIA."
8163,"MURILLO BEJARANO, Diego Fernando","individual","SDNTK",-0- ,-0- ,-0- ,-0- ,-0- ,-0- ,-0- ,"DOB 23 Feb 1961; Cedula No. 16357144 (Colombia); a.k.a. 'ADOLFO PAZ'; a.k.a. 'DON BERNA'."
8175,"AL-ZINDANI, Shaykh Abd-al-Majid","individual","SDGT",-0- ,-0- ,-0- ,-0- ,-0- ,-0- ,-0- ,"DOB circa 1950; POB Yemen; nationality Yemen; Secondary sanctions risk: section 1(b) of Executive Order 13224, as amended by Executive Order 13886; Passport A005487 (Yemen) issued 13 Aug 1995."
8183,"ABD AL-GHAFAR, Sundus","individual","IRAQ2",-0- ,-0- ,-0- ,-0- ,-0- ,-0- ,-0- ,"DOB circa 1967; POB Kirkuk, Iraq; nationality Iraq; wife of Izzat Ibrahim Al-Duri."
8184,"AL-DURI, Jawhar Majid","individual","IRAQ2",-0- ,-0- ,-0- ,-0- ,-0- ,-0- ,-0- ,"DOB circa 1942; POB Al-Dur, Iraq; nationality Iraq; wife of Izzat Ibrahim Al-Duri."
8185,"AL-RABI'I, Nidal","individual","IRAQ2",-0- ,-0- ,-0- ,-0- ,-0- ,-0- ,-0- ,"DOB circa 1965; POB Al-Dur, Iraq; nationality Iraq; wife of Izzat Ibrahim Al-Duri."
8186,"AL-TIKRITI, Ali Barzan Ibrahim Hasan","individual","IRAQ2",-0- ,-0- ,-0- ,-0- ,-0- ,-0- ,-0- ,"DOB 18 Apr 1981; nationality Iraq; son of Barzan Ibrahim Hasan al-Tikriti."
8187,"AL-TIKRITI, Ali Saddam Hussein","individual","IRAQ2",-0- ,-0- ,-0- ,-0- ,-0- ,-0- ,-0- ,"DOB 1980; alt. DOB 1983; POB Iraq; nationality Iraq; son of Saddam Hussein al-Tikriti; a.k.a. 'HASSAN'."
8188,"AL-TIKRITI, Hala Saddam Hussein","individual","IRAQ2",-0- ,-0- ,-0- ,-0- ,-0- ,-0- ,-0- ,"DOB 1972; POB Iraq; nationality Iraq; daughter of Saddam Hussein al-Tikriti."
8189,"AL-TIKRITI, Khawla Barzan Ibrahim Hasan","individual","IRAQ2",-0- ,-0- ,-0- ,-0- ,-0- ,-0- ,-0- ,"DOB 03 Dec 1986; nationality Iraq; daughter of Barzan Ibrahim Hasan al-Tikriti."
8190,"AL-TIKRITI, Mohammad Barzan Ibrahim Hasan","individual","IRAQ2",-0- ,-0- ,-0- ,-0- ,-0- ,-0- ,-0- ,"DOB 02 Nov 1972; nationality Iraq; son of Barzan Ibrahim Hasan al-Tikriti."
8191,"AL-TIKRITI, Noor Barzan Ibrahim Hasan","individual","IRAQ2",-0- ,-0- ,-0- ,-0- ,-0- ,-0- ,-0- ,"DOB 02 Nov 1983; nationality Iraq; daughter of Barzan Ibrahim Hasan al-Tikriti."
8192,"AL-TIKRITI, Raghad Saddam Hussein","individual","IRAQ2",-0- ,-0- ,-0- ,-0- ,-0- ,-0- ,-0- ,"DOB 1967; POB Iraq; nationality Iraq; daughter of Saddam Hussein al-Tikriti."
8193,"AL-TIKRITI, Rana Saddam Hussein","individual","IRAQ2",-0- ,-0- ,-0- ,-0- ,-0- ,-0- ,-0- ,"DOB 1969; POB Iraq; nationality Iraq; daughter of Saddam Hussein al-Tikriti."
8194,"AL-TIKRITI, Saja Barzan Ibrahim Hasan","individual","IRAQ2",-0- ,-0- ,-0- ,-0- ,-0- ,-0- ,-0- ,"DOB 01 Jan 1978; nationality Iraq; daughter of Barzan Ibrahim Hasan al-Tikriti."
8195,"AL-TIKRITI, Thoraya Barzan Ibrahim Hasan","individual","IRAQ2",-0- ,-0- ,-0- ,-0- ,-0- ,-0- ,-0- ,"DOB 19 Dec 1980; alt. DOB 19 Jan 1980; nationality Iraq; daughter of Barzan Ibrahim Hasan al-Tikriti."
8196,"AL-UBAYDI, Intissar","individual","IRAQ2",-0- ,-0- ,-0- ,-0- ,-0- ,-0- ,-0- ,"DOB 1974; nationality Iraq; wife of Izzat Ibrahim Al-Duri."
8197,"SHAHBANDAR, Samira","individual","IRAQ2",-0- ,-0- ,-0- ,-0- ,-0- ,-0- ,-0- ,"DOB 1946; POB Baghdad, Iraq; nationality Iraq; wife of Saddam Hussein al-Tikriti; a.k.a. 'CHADIAN'."
8198,"TILFAH, Sajida Khayrallah","individual","IRAQ2",-0- ,-0- ,-0- ,-0- ,-0- ,-0- ,-0- ,"DOB 1937; POB Al-Awja, near Tikrit, Iraq; nationality Iraq; wife of Saddam Hussein al-Tikriti."
8199,"HOLA SUN HOLIDAYS LIMITED",-0- ,"CUBA",-0- ,-0- ,-0- ,-0- ,-0- ,-0- ,-0- ,-0- 
8200,"DERAMCHI, Othman","individual","SDGT",-0- ,-0- ,-0- ,-0- ,-0- ,-0- ,-0- ,"DOB 07 Jun 1954; POB Tighennif, Algeria; Secondary sanctions risk: section 1(b) of Executive Order 13224, as amended by Executive Order 13886; Italian Fiscal Code: DRMTMN54H07Z301T; a.k.a. 'YOUSSEF, Abou'."
8202,"BENDEBKA, L'Hadi","individual","SDGT",-0- ,-0- ,-0- ,-0- ,-0- ,-0- ,-0- ,"DOB 17 Nov 1963; POB Algiers Algeria; Secondary sanctions risk: section 1(b) of Executive Order 13224, as amended by Executive Order 13886; a.k.a. 'ABD AL HADI'; a.k.a. 'HADI'."
8203,"DI ANNABA, Yacine","individual","SDGT",-0- ,-0- ,-0- ,-0- ,-0- ,-0- ,-0- ,"DOB 02 Dec 1967; POB Annaba, Algeria; Secondary sanctions risk: section 1(b) of Executive Order 13224, as amended by Executive Order 13886."
8204,"KIFANE, Abderrahmane","individual","SDGT",-0- ,-0- ,-0- ,-0- ,-0- ,-0- ,-0- ,"DOB 07 Mar 1963; POB Casablanca, Morocco; Secondary sanctions risk: section 1(b) of Executive Order 13224, as amended by Executive Order 13886."
8205,"EL HEIT, Ali","individual","SDGT",-0- ,-0- ,-0- ,-0- ,-0- ,-0- ,-0- ,"DOB 20 Mar 1970; alt. DOB 30 Jan 1971; POB Rouba, Algeria; Secondary sanctions risk: section 1(b) of Executive Order 13224, as amended by Executive Order 13886; a.k.a. 'ALI DI ROMA'."
8207,"HADDAD, Fethi Ben Assen Ben Salem","individual","SDGT",-0- ,-0- ,-0- ,-0- ,-0- ,-0- ,-0- ,"DOB 28 Mar 1963; alt. DOB 28 Jun 1963; POB Tataouene, Tunisia; nationality Tunisia; Secondary sanctions risk: section 1(b) of Executive Order 13224, as amended by Executive Order 13886; Passport L 183017 issued 14 Feb 1996 expires 13 Feb 2001; Italian Fiscal Code HDDFTH63H28Z352V."
8208,"ABBES, Moustafa","individual","SDGT",-0- ,-0- ,-0- ,-0- ,-0- ,-0- ,-0- ,"DOB 05 Feb 1962; POB Osniers, Algeria; Secondary sanctions risk: section 1(b) of Executive Order 13224, as amended by Executive Order 13886."
8209,"ABBES, Youcef","individual","SDGT",-0- ,-0- ,-0- ,-0- ,-0- ,-0- ,-0- ,"DOB 05 Jan 1965; POB Bab El Aoued, Algeria; Secondary sanctions risk: section 1(b) of Executive Order 13224, as amended by Executive Order 13886; a.k.a. 'GIUSEPPE'."
8210,"AL WASEL AND BABEL GENERAL TRADING LLC",-0- ,"IRAQ2",-0- ,-0- ,-0- ,-0- ,-0- ,-0- ,-0- ,-0- 
8211,"AL-BASHAIR TRADING COMPANY, LTD",-0- ,"IRAQ2",-0- ,-0- ,-0- ,-0- ,-0- ,-0- ,-0- ,-0- 
8212,"AL-HUDA STATE COMPANY FOR RELIGIOUS TOURISM",-0- ,"IRAQ2",-0- ,-0- ,-0- ,-0- ,-0- ,-0- ,-0- ,-0- 
8213,"AVIATRANS ANSTALT",-0- ,"IRAQ2",-0- ,-0- ,-0- ,-0- ,-0- ,-0- ,-0- ,-0- 
8214,"LOGARCHEO S.A.",-0- ,"IRAQ2",-0- ,-0- ,-0- ,-0- ,-0- ,-0- ,-0- ,"US FEIN CH-217-0-431-423-3 (United States)."
8215,"AHMED, Adnan S. Hasan","individual","IRAQ2",-0- ,-0- ,-0- ,-0- ,-0- ,-0- ,-0- ,-0- 
8216,"AL OBAIDI, Tarik Nasser S.","individual","IRAQ2",-0- ,-0- ,-0- ,-0- ,-0- ,-0- ,-0- ,"DOB 1945; POB Baghdad, Iraq; nationality Iraq; Passport 212331 (Iraq)."
8217,"AL-QUBAYSI, Munir","individual","IRAQ2",-0- ,-0- ,-0- ,-0- ,-0- ,-0- ,-0- ,"DOB 1966; POB Heet, Iraq; nationality Iraq."
8218,"BAHNAM, Hikmat Jarjes","individual","IRAQ2",-0- ,-0- ,-0- ,-0- ,-0- ,-0- ,-0- ,"nationality Iraq; Passport 035667 (Iraq)."
8220,"DJERMANE, Kamel","individual","SDGT",-0- ,-0- ,-0- ,-0- ,-0- ,-0- ,-0- ,"DOB 1965; POB Oum el Bouaghi, Algeria; nationality Algeria; Secondary sanctions risk: section 1(b) of Executive Order 13224, as amended by Executive Order 13886; a.k.a. 'ADEL'; a.k.a. 'BILAL'; a.k.a. 'FODHIL'."
8223,"AL-HARAMAIN & AL MASJED AL-AQSA CHARITY FOUNDATION : BOSNIA BRANCH",-0- ,"SDGT",-0- ,-0- ,-0- ,-0- ,-0- ,-0- ,-0- ,"Secondary sanctions risk: section 1(b) of Executive Order 13224, as amended by Executive Order 13886."
8224,"TAIBAH INTERNATIONAL : BOSNIA BRANCH",-0- ,"SDGT",-0- ,-0- ,-0- ,-0- ,-0- ,-0- ,-0- ,"Secondary sanctions risk: section 1(b) of Executive Order 13224, as amended by Executive Order 13886."
8225,"AL FURQAN",-0- ,"SDGT",-0- ,-0- ,-0- ,-0- ,-0- ,-0- ,-0- ,"Secondary sanctions risk: section 1(b) of Executive Order 13224, as amended by Executive Order 13886."
8227,"BURHAN, Dr. Sahir","individual","IRAQ2",-0- ,-0- ,-0- ,-0- ,-0- ,-0- ,-0- ,"DOB 1967; nationality Iraq."
8228,"HAMUDAT, General Maki Mustafa","individual","IRAQ2",-0- ,-0- ,-0- ,-0- ,-0- ,-0- ,-0- ,"DOB circa 1934; nationality Iraq."
8230,"SHABAN, Adib","individual","IRAQ2",-0- ,-0- ,-0- ,-0- ,-0- ,-0- ,-0- ,"DOB 1952; nationality Iraq."
8231,"SLEWA, Roodi","individual","IRAQ2",-0- ,-0- ,-0- ,-0- ,-0- ,-0- ,-0- ,"nationality Iraq."
8234,"ARELLANO FELIX, Eduardo Ramon","individual","SDNTK",-0- ,-0- ,-0- ,-0- ,-0- ,-0- ,-0- ,"DOB 10 Nov 1956; POB Mexico."
8235,"ARELLANO FELIX, Francisco Javier","individual","SDNTK",-0- ,-0- ,-0- ,-0- ,-0- ,-0- ,-0- ,"DOB 21 Nov 1969; alt. DOB 12 Dec 1969; POB Culiacan, Sinaloa, Mexico."
8236,"ARELLANO FELIX ORGANIZATION",-0- ,"SDNTK",-0- ,-0- ,-0- ,-0- ,-0- ,-0- ,-0- ,-0- 
8237,"JUAREZ CARTEL",-0- ,"SDNTK] [FTO] [SDGT] [ILLICIT-DRUGS-EO14059",-0- ,-0- ,-0- ,-0- ,-0- ,-0- ,-0- ,"Secondary sanctions risk: section 1(b) of Executive Order 13224, as amended by Executive Order 13886; Organization Type: Transnational Terrorist Group; Target Type Criminal Organization; a.k.a. 'VCFO'; a.k.a. 'CARRILLO FUENTES DRUG TRAFFICKING ORGANIZATION'; a.k.a. 'LA LINEA'; a.k.a. 'VICENTE CARRILLO FUENTES ORGANIZATION'; a.k.a. 'BARRIO AZTECA'."
8239,"NEMBHARD, Norris","individual","SDNTK",-0- ,-0- ,-0- ,-0- ,-0- ,-0- ,-0- ,"DOB 05 Jan 1952; alt. DOB 05 Jan 1951; alt. DOB 12 May 1954; POB Jamaica; a.k.a. 'DEDO'; a.k.a. 'DIDO'."
8240,"NOORZAI, Haji Bashir","individual","SDNTK",-0- ,-0- ,-0- ,-0- ,-0- ,-0- ,-0- ,"DOB 1961; POB Afghanistan; a.k.a. 'BISHR, Haji'."
8241,"RAMCHARAN, Leebert","individual","SDNTK",-0- ,-0- ,-0- ,-0- ,-0- ,-0- ,-0- ,"DOB 28 Dec 1959; POB Jamaica."
8243,"ZEVALLOS GONZALES, Fernando Melciades","individual","SDNTK",-0- ,-0- ,-0- ,-0- ,-0- ,-0- ,-0- ,"DOB 08 Jul 1957; POB Juanjui, San Martin, Peru; LE Number 07552116 (Peru)."
8244,"AERO CONTINENTE S.A",-0- ,"SDNTK",-0- ,-0- ,-0- ,-0- ,-0- ,-0- ,-0- ,"NIT # 8300720300 (Colombia); US FEIN 55-2197267; RUC # 20108363101 (Peru); Business Registration Document # F01000003035 (United States)."
8245,"AVIANDINA S.A.C.",-0- ,"SDNTK",-0- ,-0- ,-0- ,-0- ,-0- ,-0- ,-0- ,"RUC # 20423916541 (Peru)."
8247,"IAC INTERNATIONAL INC.",-0- ,"SDNTK",-0- ,-0- ,-0- ,-0- ,-0- ,-0- ,-0- ,"US FEIN 65-0842701; Business Registration Document # P9800004558 (United States)."
8248,"MEJIA MAGNANI, John Yvan","individual","SDNTK",-0- ,-0- ,-0- ,-0- ,-0- ,-0- ,-0- ,"DOB 20 Apr 1966; LE Number 07541863 (Peru)."
8250,"SISTEMA DE DISTRIBUCION MUNDIAL, S.A.C.",-0- ,"SDNTK",-0- ,-0- ,-0- ,-0- ,-0- ,-0- ,-0- ,"RUC # 20458382779 (Peru)."
8251,"ZEVALLOS GONZALES, Lupe Maritza","individual","SDNTK",-0- ,-0- ,-0- ,-0- ,-0- ,-0- ,-0- ,"DOB 17 Sep 1961; LE Number 07607833 (Peru)."
8252,"ZEVALLOS GONZALES, Milagros Angelina","individual","SDNTK",-0- ,-0- ,-0- ,-0- ,-0- ,-0- ,-0- ,"DOB 12 Aug 1968; LE Number 07617157 (Peru)."
8254,"AERO CONTINENTE (USA) INC.",-0- ,"SDNTK",-0- ,-0- ,-0- ,-0- ,-0- ,-0- ,-0- ,"US FEIN 65-0467983; Business Registration Document # P94000013372 (United States)."
8255,"CARGO AIRCRAFT LEASING CORP.",-0- ,"SDNTK",-0- ,-0- ,-0- ,-0- ,-0- ,-0- ,-0- ,"US FEIN 65-0389435; Business Registration Document # 93000004034 (United States)."
8256,"INTERNATIONAL PACIFIC TRADING, INC.",-0- ,"SDNTK",-0- ,-0- ,-0- ,-0- ,-0- ,-0- ,-0- ,"US FEIN 65-0315268; Business Registration Document # V16155 (United States)."
8258,"AL-HARAMAIN : AFGHANISTAN BRANCH",-0- ,"SDGT",-0- ,-0- ,-0- ,-0- ,-0- ,-0- ,-0- ,"Secondary sanctions risk: section 1(b) of Executive Order 13224, as amended by Executive Order 13886."
8259,"AL-HARAMAIN : ALBANIA BRANCH",-0- ,"SDGT",-0- ,-0- ,-0- ,-0- ,-0- ,-0- ,-0- ,"Secondary sanctions risk: section 1(b) of Executive Order 13224, as amended by Executive Order 13886."
8260,"AL-HARAMAIN : BANGLADESH BRANCH",-0- ,"SDGT",-0- ,-0- ,-0- ,-0- ,-0- ,-0- ,-0- ,"Secondary sanctions risk: section 1(b) of Executive Order 13224, as amended by Executive Order 13886."
8261,"AL-HARAMAIN : ETHIOPIA BRANCH",-0- ,"SDGT",-0- ,-0- ,-0- ,-0- ,-0- ,-0- ,-0- ,"Secondary sanctions risk: section 1(b) of Executive Order 13224, as amended by Executive Order 13886."
8262,"AL-HARAMAIN : THE NETHERLANDS BRANCH",-0- ,"SDGT",-0- ,-0- ,-0- ,-0- ,-0- ,-0- ,-0- ,"Secondary sanctions risk: section 1(b) of Executive Order 13224, as amended by Executive Order 13886."
8263,"AL-AQIL, Aqeel Abdulaziz Aqeeil","individual","SDGT",-0- ,-0- ,-0- ,-0- ,-0- ,-0- ,-0- ,"DOB 29 Apr 1949; POB Unaizah, Saudi Arabia; nationality Saudi Arabia; Secondary sanctions risk: section 1(b) of Executive Order 13224, as amended by Executive Order 13886; Passport E 839024 issued 03 Jan 2004 expires 08 Nov 2008; alt. Passport C 1415363 issued 21 May 2000."
8265,"BARAKAT, Assad Ahmad","individual","SDGT",-0- ,-0- ,-0- ,-0- ,-0- ,-0- ,-0- ,"DOB 25 Mar 1967; POB Lebanon; Additional Sanctions Information - Subject to Secondary Sanctions Pursuant to the Hizballah Financial Sanctions Regulations; Secondary sanctions risk: section 1(b) of Executive Order 13224, as amended by Executive Order 13886; a.k.a. 'HAJJ AS'AD AHMAD'."
8266,"CASA APOLLO",-0- ,"SDGT",-0- ,-0- ,-0- ,-0- ,-0- ,-0- ,-0- ,"Additional Sanctions Information - Subject to Secondary Sanctions Pursuant to the Hizballah Financial Sanctions Regulations; Secondary sanctions risk: section 1(b) of Executive Order 13224, as amended by Executive Order 13886."
8267,"BARAKAT IMPORT EXPORT LTDA",-0- ,"SDGT",-0- ,-0- ,-0- ,-0- ,-0- ,-0- ,-0- ,"Additional Sanctions Information - Subject to Secondary Sanctions Pursuant to the Hizballah Financial Sanctions Regulations; Secondary sanctions risk: section 1(b) of Executive Order 13224, as amended by Executive Order 13886; Tax ID No. AABA 670850 Y."
8269,"DARRAJI, Kamel","individual","SDGT",-0- ,-0- ,-0- ,-0- ,-0- ,-0- ,-0- ,"DOB 22 Jul 1967; POB Menzel Bouzelfa, Tunisia; nationality Tunisia; Secondary sanctions risk: section 1(b) of Executive Order 13224, as amended by Executive Order 13886; Passport L029899 issued 14 Aug 1995 expires 13 Aug 2000; Italian Fiscal Code DRRKML67L22Z352Q; alt. Italian Fiscal Code DRRKLB67L22Z352S."
8271,"JAMMALI, Imed Ben Bechir Ben Hamda","individual","SDGT",-0- ,-0- ,-0- ,-0- ,-0- ,-0- ,-0- ,"DOB 25 Jan 1968; POB Menzel Temine, Tunisia; nationality Tunisia; Secondary sanctions risk: section 1(b) of Executive Order 13224, as amended by Executive Order 13886; Passport K693812 issued 23 Apr 1999 expires 22 Apr 2004; Italian Fiscal Code JMMMDI68A25Z352D; Currently in jail in Tunisia."
8272,"LOUBIRI, Habib Ben Ahmed","individual","SDGT",-0- ,-0- ,-0- ,-0- ,-0- ,-0- ,-0- ,"DOB 17 Nov 1961; POB Menzel Temime, Tunisia; nationality Tunisia; Secondary sanctions risk: section 1(b) of Executive Order 13224, as amended by Executive Order 13886; Passport M 788439 issued 20 Oct 2001 expires 19 Oct 2006; Italian Fiscal Code LBRHBB61S17Z352F."
8273,"TRABELSI, Chabaane Ben Mohamed","individual","SDGT",-0- ,-0- ,-0- ,-0- ,-0- ,-0- ,-0- ,"DOB 01 May 1966; POB Rainneen, Tunisia; nationality Tunisia; Secondary sanctions risk: section 1(b) of Executive Order 13224, as amended by Executive Order 13886; Passport L 945660 issued 04 Dec 1998 expires 03 Dec 2001; Italian Fiscal Code TRBCBN66E01Z352O."
8275,"KRUNIC, Savo","individual","BALKANS","Director, Srpska Sume Forestry Company, Sokolac, Bosnia-Herzegovina",-0- ,-0- ,-0- ,-0- ,-0- ,-0- ,"DOB 27 Jan 1958; POB Sokolac, Bosnia-Herzegovina; Passport 3667905 (Bosnia and Herzegovina); Director, Srpska Sume Forestry Company, Sokolac, Bosnia-Herzegovina."
8276,"PEJCIC, Mile","individual","BALKANS",-0- ,-0- ,-0- ,-0- ,-0- ,-0- ,-0- ,"DOB 05 Jan 1971; POB SuhoPolje, Bosnia-Herzegovina."
8277,"PETRIC, Zoran","individual","BALKANS",-0- ,-0- ,-0- ,-0- ,-0- ,-0- ,-0- ,"DOB 18 Jul 1964; POB Banovici, Bosnia-Herzegovina."
8279,"BOUT, Viktor Anatolijevitch","individual","DRCONGO",-0- ,-0- ,-0- ,-0- ,-0- ,-0- ,-0- ,"DOB 13 Jan 1967; alt. DOB 13 Jan 1970; POB Dushanbe, Tajikistan; Dealer and transporter of weapons and minerals; Owner, Great Lakes Business Company and Compagnie Aerienne des Grands; a.k.a. 'BONT'; a.k.a. 'BOUTOV'; a.k.a. 'BUTT'; a.k.a. 'BUTTE'."
8294,"RUPRAH, Sanjivan Singh","individual","DRCONGO",-0- ,-0- ,-0- ,-0- ,-0- ,-0- ,-0- ,"DOB 09 Aug 1966; POB Kisumu, Kenya; nationality Kenya; Passport D-001829-00 (Liberia); alt. Passport 790015037 (United Kingdom) issued 10 Jul 1998 expires 10 Jul 2008; Businessman; Former Deputy Commissioner, Bureau of Maritime Affairs of Liberia; a.k.a. 'NASR, Samir M.'."
8307,"ABBAS, Abdul Hussein","individual","IRAQ2",-0- ,-0- ,-0- ,-0- ,-0- ,-0- ,-0- ,-0- 
8311,"AHMAD, Rasem","individual","IRAQ2",-0- ,-0- ,-0- ,-0- ,-0- ,-0- ,-0- ,-0- 
8312,"AHMAD, Wallid Issa","individual","IRAQ2",-0- ,-0- ,-0- ,-0- ,-0- ,-0- ,-0- ,-0- 
8313,"AL-AMIRI, Adnan Talib Hassim","individual","IRAQ2",-0- ,-0- ,-0- ,-0- ,-0- ,-0- ,-0- ,-0- 
8314,"AL-ARABI TRADING COMPANY LIMITED",-0- ,"IRAQ2",-0- ,-0- ,-0- ,-0- ,-0- ,-0- ,-0- ,-0- 
8315,"AL-ATRUSH, Abd al-Wahhab Umar Mirza","individual","IRAQ2",-0- ,-0- ,-0- ,-0- ,-0- ,-0- ,-0- ,"DOB 1936; a former minister of state, Iraq."
8316,"AL-AZAWI, Dafir","individual","IRAQ2",-0- ,-0- ,-0- ,-0- ,-0- ,-0- ,-0- ,-0- 
8317,"AL-BAZZAZ, Hikmet Abdallah","individual","IRAQ2",-0- ,-0- ,-0- ,-0- ,-0- ,-0- ,-0- ,"Former Minister of Education."
8318,"AL-DAJANI, Leila N.S.","individual","IRAQ2",-0- ,-0- ,-0- ,-0- ,-0- ,-0- ,-0- ,-0- 
8319,"AL-DAJANI, Nadim S.","individual","IRAQ2",-0- ,-0- ,-0- ,-0- ,-0- ,-0- ,-0- ,-0- 
8320,"AL-DAJANI, Sa'ad","individual","IRAQ2",-0- ,-0- ,-0- ,-0- ,-0- ,-0- ,-0- ,-0- 
8323,"AL-HAMMADI, Hamid Yusif","individual","IRAQ2",-0- ,-0- ,-0- ,-0- ,-0- ,-0- ,-0- ,"Former Minister of Culture and Information."
8326,"AL-HUWAYSH, Isam Rashid","individual","IRAQ2",-0- ,-0- ,-0- ,-0- ,-0- ,-0- ,-0- ,"Former Governor of the Central Bank."
8327,"AL-JABBURI, Sadi Tuma Abbas","individual","IRAQ2",-0- ,-0- ,-0- ,-0- ,-0- ,-0- ,-0- ,"DOB 1939; Former Adviser to the President for Military Affairs."
8329,"AL-KHODAIR, Ahmad Hussein","individual","IRAQ2",-0- ,-0- ,-0- ,-0- ,-0- ,-0- ,-0- ,"DOB 1941; Former Minister of Finance, Iraq."
8330,"AL-MAJID, Hussein Kamel Hassan","individual","IRAQ2",-0- ,-0- ,-0- ,-0- ,-0- ,-0- ,-0- ,"DOB 1955; Former Minister of Industry and Minerals and Advisor to the President."
8331,"AL-MALIKI, Shabib Lazem","individual","IRAQ2",-0- ,-0- ,-0- ,-0- ,-0- ,-0- ,-0- ,"DOB 1936; Former Minister of Justice."
8332,"AL-QASIR, Nazar Jumah Ali","individual","IRAQ2",-0- ,-0- ,-0- ,-0- ,-0- ,-0- ,-0- ,"Former Minister of Irrigation."
8333,"AL-RIDA, Karim Hasan","individual","IRAQ2",-0- ,-0- ,-0- ,-0- ,-0- ,-0- ,-0- ,"DOB 1944; Former Minister of Agriculture."
8334,"AL-RUBA, Dr. Khadim","individual","IRAQ2",-0- ,-0- ,-0- ,-0- ,-0- ,-0- ,-0- ,"Managing Director of REAL ESTATE BANK."
8335,"AL-SAHHAF, Muhammad Said Kazim","individual","IRAQ2",-0- ,-0- ,-0- ,-0- ,-0- ,-0- ,-0- ,"DOB 1940; Former Minister of Foreign Affairs."
8336,"AL-ZIBARI, Arshad Muhammad Ahmad Muhammad","individual","IRAQ2",-0- ,-0- ,-0- ,-0- ,-0- ,-0- ,-0- ,"DOB 1942; a former minister of state."
8337,"ALAWI, Abdel-Salam Abdel-Rahman","individual","IRAQ2",-0- ,-0- ,-0- ,-0- ,-0- ,-0- ,-0- ,"General Manager of INDUSTRIAL BANK OF IRAQ."
8339,"ALWAN, Allaidin Hussain","individual","IRAQ2",-0- ,-0- ,-0- ,-0- ,-0- ,-0- ,-0- ,-0- 
8340,"AMD CO. LTD AGENCY",-0- ,"IRAQ2",-0- ,-0- ,-0- ,-0- ,-0- ,-0- ,-0- ,-0- 
8342,"ARAB PROJECTS COMPANY S.A. LTD.",-0- ,"IRAQ2",-0- ,-0- ,-0- ,-0- ,-0- ,-0- ,-0- ,-0- 
8348,"ATIA, Hachim K.","individual","IRAQ2",-0- ,-0- ,-0- ,-0- ,-0- ,-0- ,-0- ,-0- 
8357,"DAGHIR, Ali Ashour","individual","IRAQ2",-0- ,-0- ,-0- ,-0- ,-0- ,-0- ,-0- ,-0- 
8359,"DURAND PROPERTIES LIMITED",-0- ,"IRAQ2",-0- ,-0- ,-0- ,-0- ,-0- ,-0- ,-0- ,-0- 
8365,"FARAJ, Samal Majid","individual","IRAQ2",-0- ,-0- ,-0- ,-0- ,-0- ,-0- ,-0- ,"Former Minister of Planning."
8366,"FARTRADE HOLDINGS S.A.",-0- ,"IRAQ2",-0- ,-0- ,-0- ,-0- ,-0- ,-0- ,-0- ,-0- 
8367,"FATTAH, Jum'a Abdul","individual","IRAQ2",-0- ,-0- ,-0- ,-0- ,-0- ,-0- ,-0- ,-0- 
8369,"HABIB, Mohammed Turki","individual","IRAQ2",-0- ,-0- ,-0- ,-0- ,-0- ,-0- ,-0- ,-0- 
8370,"HELFORD DIRECTORS LIMITED",-0- ,"IRAQ2",-0- ,-0- ,-0- ,-0- ,-0- ,-0- ,-0- ,-0- 
8378,"JASIM, Latif Nusayyif","individual","IRAQ2",-0- ,-0- ,-0- ,-0- ,-0- ,-0- ,-0- ,"DOB 1941; Former Minister of Labor and Social Affairs."
8379,"JON, Hana Paul","individual","IRAQ2",-0- ,-0- ,-0- ,-0- ,-0- ,-0- ,-0- ,-0- 
8380,"JUME'AN, George","individual","IRAQ2",-0- ,-0- ,-0- ,-0- ,-0- ,-0- ,-0- ,-0- 
8382,"KARAGHULLY, Labeed A.","individual","IRAQ2",-0- ,-0- ,-0- ,-0- ,-0- ,-0- ,-0- ,"General Manager of REAL ESTATE BANK."
8384,"KHALIL, Dr. Ahmad Murtada Ahmad","individual","IRAQ2",-0- ,-0- ,-0- ,-0- ,-0- ,-0- ,-0- ,"Former Minister of Transport and Communications."
8385,"MALIK, Assim Mohammed Rafiq Abdul","individual","IRAQ2",-0- ,-0- ,-0- ,-0- ,-0- ,-0- ,-0- ,-0- 
8388,"MOHAMED, Abdul Kader Ibrahim","individual","IRAQ2",-0- ,-0- ,-0- ,-0- ,-0- ,-0- ,-0- ,-0- 
8389,"MUBARAK, Umid Medhat","individual","IRAQ2",-0- ,-0- ,-0- ,-0- ,-0- ,-0- ,-0- ,"DOB circa 1940; Former Minister of Health."
8390,"NAMAN, Saalim","individual","IRAQ2",-0- ,-0- ,-0- ,-0- ,-0- ,-0- ,-0- ,-0- 
8392,"OMRAN, Karim Dhaidas","individual","IRAQ2",-0- ,-0- ,-0- ,-0- ,-0- ,-0- ,-0- ,-0- 
8399,"RZOOKI, Hanna","individual","IRAQ2",-0- ,-0- ,-0- ,-0- ,-0- ,-0- ,-0- ,"Chairman of REAL ESTATE BANK."
8401,"SALIH, Abd al-Munim Ahmad","individual","IRAQ2",-0- ,-0- ,-0- ,-0- ,-0- ,-0- ,-0- ,"DOB 1943; Former Minister of Awqaf and Religious Affairs."
8405,"T.M.G. ENGINEERING LIMITED",-0- ,"IRAQ2",-0- ,-0- ,-0- ,-0- ,-0- ,-0- ,-0- ,-0- 
8406,"TALL, Aktham","individual","IRAQ2",-0- ,-0- ,-0- ,-0- ,-0- ,-0- ,-0- ,-0- 
8407,"TARIQ ABU SHANAB EST. FOR TRADE & COMMERCE",-0- ,"IRAQ2",-0- ,-0- ,-0- ,-0- ,-0- ,-0- ,-0- ,-0- 
8408,"TECHNOLOGY AND DEVELOPMENT GROUP LTD",-0- ,"IRAQ2",-0- ,-0- ,-0- ,-0- ,-0- ,-0- ,-0- ,-0- 
8409,"TIGRIS TRADING, INC.",-0- ,"IRAQ2",-0- ,-0- ,-0- ,-0- ,-0- ,-0- ,-0- ,-0- 
8413,"ZAHRAN, Yousuf","individual","IRAQ2",-0- ,-0- ,-0- ,-0- ,-0- ,-0- ,-0- ,-0- 
8414,"ZAINAL, Akram","individual","IRAQ2",-0- ,-0- ,-0- ,-0- ,-0- ,-0- ,-0- ,"Chairman and General Manager of AGRICULTURAL CO-OPERATIVE BANK."
8418,"KUNFUTH, Abbas Khalaf","individual","IRAQ2",-0- ,-0- ,-0- ,-0- ,-0- ,-0- ,-0- ,"DOB 1955; POB Baghdad, Iraq."
8419,"AL-TAMIMI, Muhannad Juma Y","individual","IRAQ2",-0- ,-0- ,-0- ,-0- ,-0- ,-0- ,-0- ,"DOB 1956; POB Baghdad, Iraq; Passport M0817630 (Iraq); alt. Passport H0284744 (Iraq)."
8420,"BLOTO INTERNATIONAL COMPANY",-0- ,"IRAQ2",-0- ,-0- ,-0- ,-0- ,-0- ,-0- ,-0- ,-0- 
8422,"MELFI MARINE CORPORATION S.A.",-0- ,"CUBA",-0- ,-0- ,-0- ,-0- ,-0- ,-0- ,-0- ,-0- 
8591,"AL-BUTHE, Soliman","individual","SDGT",-0- ,-0- ,-0- ,-0- ,-0- ,-0- ,-0- ,"DOB 08 Dec 1961; POB Cairo, Egypt; nationality Saudi Arabia; Secondary sanctions risk: section 1(b) of Executive Order 13224, as amended by Executive Order 13886; Passport B049614 (Saudi Arabia); alt. Passport C536660 (Saudi Arabia) issued 05 May 2001 expires 11 Mar 2006."
8592,"AL-HARAMAIN FOUNDATION : COMOROS ISLANDS",-0- ,"SDGT",-0- ,-0- ,-0- ,-0- ,-0- ,-0- ,-0- ,"Secondary sanctions risk: section 1(b) of Executive Order 13224, as amended by Executive Order 13886."
8593,"ISLAMIC AFRICAN RELIEF AGENCY",-0- ,"SDGT",-0- ,-0- ,-0- ,-0- ,-0- ,-0- ,-0- ,"Secondary sanctions risk: section 1(b) of Executive Order 13224, as amended by Executive Order 13886; all offices worldwide; a.k.a. 'ISRA'."
8594,"SULAIMAN, Mohammed Ibrahim","individual","SDGT","Secretary General, IARA Headquarters",-0- ,-0- ,-0- ,-0- ,-0- ,-0- ,"DOB Aug 1946; nationality Sudan; Gender Male; Secondary sanctions risk: section 1(b) of Executive Order 13224, as amended by Executive Order 13886; Secretary General, IARA Headquarters."
8595,"MAKKI, Jaffar Ahmad Abdullah","individual","SDGT","IARA South Asia Regional Director",-0- ,-0- ,-0- ,-0- ,-0- ,-0- ,"DOB 1956; POB Sudan; Secondary sanctions risk: section 1(b) of Executive Order 13224, as amended by Executive Order 13886; Passport 079925 (Sudan) issued 07 Sep 1992; alt. Passport A553077 (Sudan) issued 04 Apr 2000; IARA South Asia Regional Director."
8596,"ABBAKAR MUHAMAD, Abdul Aziz","individual","SDGT","IARA Peshwar, Pakistan Director",-0- ,-0- ,-0- ,-0- ,-0- ,-0- ,"DOB 1961; POB Sudan; Secondary sanctions risk: section 1(b) of Executive Order 13224, as amended by Executive Order 13886; Passport 562605 (Sudan) issued 28 Oct 1998; IARA Peshwar, Pakistan Director."
8597,"AL-SUDANI, Khalid Ahmad Jumah","individual","SDGT","IARA Middle East Regional Director",-0- ,-0- ,-0- ,-0- ,-0- ,-0- ,"Secondary sanctions risk: section 1(b) of Executive Order 13224, as amended by Executive Order 13886; Passport H649956 (Sudan) issued 08 Apr 2002; IARA Middle East Regional Director."
8598,"BUISIR, Ibrahim","individual","SDGT","IARA Representative in Ireland",-0- ,-0- ,-0- ,-0- ,-0- ,-0- ,"DOB circa 1962; POB Libya; Secondary sanctions risk: section 1(b) of Executive Order 13224, as amended by Executive Order 13886; IARA Representative in Ireland."
8600,"HERNANDEZ ZEA, Luis Antonio","individual","SDNT",-0- ,-0- ,-0- ,-0- ,-0- ,-0- ,-0- ,"DOB 07 May 1960; POB Bogota, Colombia; Cedula No. 79252957 (Colombia); Passport P006320 (Colombia); alt. Passport PE022166 (Colombia); a.k.a. 'EL CAPITAN'."
8731,"ACCIRENT S.A.",-0- ,"SDNT",-0- ,-0- ,-0- ,-0- ,-0- ,-0- ,-0- ,"NIT # 830088969-0 (Colombia)."
8732,"AEROCOMERCIAL ALAS DE COLOMBIA LTDA.",-0- ,"SDNT",-0- ,-0- ,-0- ,-0- ,-0- ,-0- ,-0- ,"NIT # 800049071-7 (Colombia)."
8733,"AEROVIAS ATLANTICO LTDA.",-0- ,"SDNT",-0- ,-0- ,-0- ,-0- ,-0- ,-0- ,-0- ,"NIT # 890109958-1 (Colombia)."
8734,"ASOCIACION TURISTICA INTERNACIONAL S.C.S.",-0- ,"SDNT",-0- ,-0- ,-0- ,-0- ,-0- ,-0- ,-0- ,"NIT # 890325040-4 (Colombia)."
8735,"CIA. CONSTRUCTORA Y COMERCIALIZADORA DEL SUR LTDA.",-0- ,"SDNT",-0- ,-0- ,-0- ,-0- ,-0- ,-0- ,-0- ,"NIT # 890329758-7 (Colombia)."
8737,"DESARROLLOS AGROINDUSTRIALES S.A.",-0- ,"SDNT",-0- ,-0- ,-0- ,-0- ,-0- ,-0- ,-0- ,"NIT # 830000782-2 (Colombia)."
8738,"GREEN ISLAND S.A.",-0- ,"SDNT",-0- ,-0- ,-0- ,-0- ,-0- ,-0- ,-0- ,"NIT # 830067456-4 (Colombia)."
8740,"INTERCONTINENTAL DE FINANCIACION AEREA  S.A.",-0- ,"SDNT",-0- ,-0- ,-0- ,-0- ,-0- ,-0- ,-0- ,"NIT # 800043810-6 (Colombia)."
8741,"INVERSIONES Y COMERCIALIZADORA INCOM LTDA.",-0- ,"SDNT",-0- ,-0- ,-0- ,-0- ,-0- ,-0- ,-0- ,"NIT # 890329658-9 (Colombia)."
8743,"LARGO LEASING LTD.",-0- ,"SDNT",-0- ,-0- ,-0- ,-0- ,-0- ,-0- ,-0- ,-0- 
8744,"TRANS PACIFIC WORLD LEASING LIMITED",-0- ,"SDNT",-0- ,-0- ,-0- ,-0- ,-0- ,-0- ,-0- ,-0- 
8745,"VELEZ RENGIFO, Piedad","individual","SDNT",-0- ,-0- ,-0- ,-0- ,-0- ,-0- ,-0- ,"DOB 22 Oct 1959; POB Cali, Colombia; Cedula No. 31835778 (Colombia); Passport AF314384 (Colombia); alt. Passport AD217712 (Colombia)."
8746,"ARCE JARAMILLO, Melba Rosa","individual","SDNT",-0- ,-0- ,-0- ,-0- ,-0- ,-0- ,-0- ,"DOB 17 Nov 1964; POB Cali, Colombia; Cedula No. 31945032 (Colombia); Passport AI666987 (Colombia); alt. Passport AD369724 (Colombia); alt. Passport AE869914 (Colombia); alt. Passport PP31235 (Colombia)."
8759,"ISLAMIC STATE OF IRAQ AND THE LEVANT",-0- ,"FTO] [SDGT",-0- ,-0- ,-0- ,-0- ,-0- ,-0- ,-0- ,"Secondary sanctions risk: section 1(b) of Executive Order 13224, as amended by Executive Order 13886; a.k.a. 'AL HAYAT'."
8761,"SERCUBA",-0- ,"CUBA",-0- ,-0- ,-0- ,-0- ,-0- ,-0- ,-0- ,-0- 
8800,"LABRA AVILES, Jesus Abraham","individual","SDNTK",-0- ,-0- ,-0- ,-0- ,-0- ,-0- ,-0- ,"DOB 1945; nationality Mexico; a.k.a. 'CHUY LABRA'."
8801,"HIGUERA GUERRERO, Gilberto","individual","SDNTK",-0- ,-0- ,-0- ,-0- ,-0- ,-0- ,-0- ,"DOB 14 Apr 1968; nationality Mexico; a.k.a. 'EL GILILLO'."
8802,"PEREZ PASUENGO, Efrain","individual","SDNTK",-0- ,-0- ,-0- ,-0- ,-0- ,-0- ,-0- ,"DOB 1954; nationality Mexico."
8803,"AURELIANO FELIX, Jorge","individual","SDNTK",-0- ,-0- ,-0- ,-0- ,-0- ,-0- ,-0- ,"DOB 15 Apr 1952; nationality Mexico; a.k.a. 'MACUMBA'."
8804,"YANEZ GUERRERO, Rigoberto","individual","SDNTK",-0- ,-0- ,-0- ,-0- ,-0- ,-0- ,-0- ,"DOB 1962; nationality Mexico."
8805,"MARTINEZ DUARTE, Armando","individual","SDNTK",-0- ,-0- ,-0- ,-0- ,-0- ,-0- ,-0- ,"DOB 12 Aug 1954; nationality Mexico."
8808,"AL-FAQIH, Saad Rashed Mohammad","individual","SDGT","Doctor",-0- ,-0- ,-0- ,-0- ,-0- ,-0- ,"DOB 01 Feb 1957; alt. DOB 31 Jan 1957; POB Zubair, Iraq; citizen Saudi Arabia; Secondary sanctions risk: section 1(b) of Executive Order 13224, as amended by Executive Order 13886; Passport 760620 issued 15 Sep 1991 expires 22 Jul 1996; Doctor; a.k.a. 'ABU UTHMAN'."
8809,"BATARJEE, Adel Abdul Jalil Ibrahim","individual","SDGT",-0- ,-0- ,-0- ,-0- ,-0- ,-0- ,-0- ,"DOB 01 Jul 1946; alt. DOB 01 Jun 1946; POB Jeddah, Saudi Arabia; citizen Saudi Arabia; Secondary sanctions risk: section 1(b) of Executive Order 13224, as amended by Executive Order 13886; Passport F 572010 issued 22 Dec 2004 expires 28 Oct 2009; Email:adelb@shabakah.net.sa."
8811,"SERB DEMOCRATIC PARTY",-0- ,"BALKANS",-0- ,-0- ,-0- ,-0- ,-0- ,-0- ,-0- ,"a.k.a. 'SDS'."
8812,"ZDRAVO",-0- ,"BALKANS",-0- ,-0- ,-0- ,-0- ,-0- ,-0- ,-0- ,"Registration ID 17317105 (Serbia); Tax ID No. 100036386 (Serbia); juice manufacturer."
8813,"KOMOTKO",-0- ,"BALKANS",-0- ,-0- ,-0- ,-0- ,-0- ,-0- ,-0- ,"Registration ID 17307746 (Serbia); Tax ID No. 100036378 (Serbia)."
8815,"BRALO, Miroslav","individual","BALKANS",-0- ,-0- ,-0- ,-0- ,-0- ,-0- ,-0- ,"DOB 13 Oct 1967; POB Kratine, Vitez; a.k.a. 'CICKO'."
8816,"DJORDJEVIC, Vlastimir","individual","BALKANS",-0- ,-0- ,-0- ,-0- ,-0- ,-0- ,-0- ,"DOB 1948; POB Koznica, Vladicin Han municipality."
8818,"LAZAREVIC, Vladimir","individual","BALKANS",-0- ,-0- ,-0- ,-0- ,-0- ,-0- ,-0- ,"DOB 23 Mar 1949; POB Gricar."
8819,"LUKIC, Sreten","individual","BALKANS",-0- ,-0- ,-0- ,-0- ,-0- ,-0- ,-0- ,"DOB 28 Mar 1955; POB Visegrad municipality, Bosnia and Herzegovina."
8859,"MOVEMENT FOR ISLAMIC REFORM IN ARABIA",-0- ,"SDGT",-0- ,-0- ,-0- ,-0- ,-0- ,-0- ,-0- ,"Secondary sanctions risk: section 1(b) of Executive Order 13224, as amended by Executive Order 13886; UK Company Number 03834450 (United Kingdom); a.k.a. 'MIRA'."
8860,"AL-FADHLI, Muhsin","individual","SDGT",-0- ,-0- ,-0- ,-0- ,-0- ,-0- ,-0- ,"DOB 24 Apr 1981; Secondary sanctions risk: section 1(b) of Executive Order 13224, as amended by Executive Order 13886; Passport 106261543 (Kuwait); a.k.a. 'ABU SAMIA'."
8863,"RAMCHARAN LTD",-0- ,"SDNTK",-0- ,-0- ,-0- ,-0- ,-0- ,-0- ,-0- ,-0- 
8864,"RAMCHARAN BROTHERS LTD",-0- ,"SDNTK",-0- ,-0- ,-0- ,-0- ,-0- ,-0- ,-0- ,-0- 
8865,"CARIBBEAN SHOWPLACE LTD",-0- ,"SDNTK",-0- ,-0- ,-0- ,-0- ,-0- ,-0- ,-0- ,-0- 
8866,"CARIBBEAN BEACH PARK",-0- ,"SDNTK",-0- ,-0- ,-0- ,-0- ,-0- ,-0- ,-0- ,-0- 
8867,"MOHAMMAD, Haji Baz","individual","SDNTK",-0- ,-0- ,-0- ,-0- ,-0- ,-0- ,-0- ,"DOB 1958; POB Kandahar, Afghanistan; nationality Afghanistan."
8868,"SHALISH, Zuhayr","individual","IRAQ2","Brigadier General; Major General",-0- ,-0- ,-0- ,-0- ,-0- ,-0- ,"DOB 1955 to 1957; POB Al-Ladhiqiyah, Syria; nationality Syria; Brigadier General; Major General."
8881,"SHALISH, Asif","individual","IRAQ2",-0- ,-0- ,-0- ,-0- ,-0- ,-0- ,-0- ,"DOB 01 Jan 1959; nationality Syria; Passport 4713277 (Syria)."
8882,"SES INTERNATIONAL CORP",-0- ,"IRAQ2",-0- ,-0- ,-0- ,-0- ,-0- ,-0- ,-0- ,-0- 
8883,"AHMAD, Muhammad Yunis","individual","IRAQ2",-0- ,-0- ,-0- ,-0- ,-0- ,-0- ,-0- ,"DOB 1949; POB Al-Mowall, Mosul, Iraq; nationality Iraq."
8884,"AL-HIYARI, Bilal Mansur","individual","SDGT",-0- ,-0- ,-0- ,-0- ,-0- ,-0- ,-0- ,"DOB circa 1969; POB al-Salt, Jordan; nationality Jordan; Secondary sanctions risk: section 1(b) of Executive Order 13224, as amended by Executive Order 13886."
8885,"RUSDAN, Abu","individual","SDGT",-0- ,-0- ,-0- ,-0- ,-0- ,-0- ,-0- ,"DOB 16 Aug 1960; POB Kudus, Central Java, Indonesia; citizen Indonesia; Secondary sanctions risk: section 1(b) of Executive Order 13224, as amended by Executive Order 13886; National ID No. 1608600001 (Indonesia); a.k.a. 'ABU THORIQ'; a.k.a. 'RUSDJAN'; a.k.a. 'RUSJAN'; a.k.a. 'THORIQUDDIN'; a.k.a. 'THORIQUIDDIN'; a.k.a. 'THORIQUIDIN'; a.k.a. 'TORIQUDDIN'; a.k.a. 'RUSYDAN'."
8886,"SUMARSONO, Aris","individual","SDGT",-0- ,-0- ,-0- ,-0- ,-0- ,-0- ,-0- ,"DOB 1963; POB Gebang village, Masaran, Sragen, Central Java, Indonesia; nationality Indonesia; Gender Male; Secondary sanctions risk: section 1(b) of Executive Order 13224, as amended by Executive Order 13886; a.k.a. 'ZULKARNAN'; a.k.a. 'ZULKARNAIN'; a.k.a. 'ZULKARNIN'; a.k.a. 'ZULKARNAEN'; a.k.a. 'USTAD DAUD ZULKARNAEN'; a.k.a. 'MURSHID'."
9329,"AL-TIKRITI, Yasir Sabawi Ibrahim Hasan","individual","IRAQ2",-0- ,-0- ,-0- ,-0- ,-0- ,-0- ,-0- ,"DOB 15 May 1968; alt. DOB 1970; POB Al-Owja, Iraq; alt. POB Baghdad, Iraq; nationality Iraq; Passport 284158 (Iraq) expires 21 Aug 2005."
9330,"AL-TIKRITI, Omar Sabawi Ibrahim Hasan","individual","IRAQ2",-0- ,-0- ,-0- ,-0- ,-0- ,-0- ,-0- ,"DOB circa 1970; POB Baghdad, Iraq; nationality Iraq; Passport 2863795S (Iraq) expires 23 Aug 2005."
9331,"AL-TIKRITI, Ayman Sabawi Ibrahim Hasan","individual","IRAQ2",-0- ,-0- ,-0- ,-0- ,-0- ,-0- ,-0- ,"DOB 21 Oct 1971; POB Baghdad, Iraq; alt. POB Al-Owja, Iraq; nationality Iraq."
9332,"AL-TIKRITI, Ibrahim Sabawi Ibrahim Hasan","individual","IRAQ2",-0- ,-0- ,-0- ,-0- ,-0- ,-0- ,-0- ,"DOB 25 Oct 1983; alt. DOB 1977; POB Baghdad, Iraq; nationality Iraq; Passport 284173 (Iraq) expires 21 Aug 2005."
9333,"ELEHSSAN",-0- ,"SDGT",-0- ,-0- ,-0- ,-0- ,-0- ,-0- ,-0- ,"Secondary sanctions risk: section 1(b) of Executive Order 13224, as amended by Executive Order 13886."
9334,"ISLAMIC JIHAD GROUP",-0- ,"FTO] [SDGT",-0- ,-0- ,-0- ,-0- ,-0- ,-0- ,-0- ,"Secondary sanctions risk: section 1(b) of Executive Order 13224, as amended by Executive Order 13886; a.k.a. 'IJG'."
9337,"ARRIOLA MARQUEZ ORGANIZATION",-0- ,"SDNTK",-0- ,-0- ,-0- ,-0- ,-0- ,-0- ,-0- ,-0- 
9338,"ARRIOLA MARQUEZ, Miguel Angel","individual","SDNTK",-0- ,-0- ,-0- ,-0- ,-0- ,-0- ,-0- ,"DOB 15 Dec 1967; POB Chihuahua, Mexico; nationality Mexico; citizen Mexico; R.F.C. AIMM-671215-387 (Mexico); C.U.R.P. AIMM67125HCHRRG06 (Mexico) issued 1968."
9339,"ARRIOLA MARQUEZ, Oscar Arturo","individual","SDNTK",-0- ,-0- ,-0- ,-0- ,-0- ,-0- ,-0- ,"DOB 06 Nov 1968; alt. DOB 11 Jun 1968; POB Chihuahua, Mexico; nationality Mexico; citizen Mexico; R.F.C. AIMO-681106-9F7 (Mexico); C.U.R.P. AIMO681106HCHRRS01 (Mexico) issued 1969."
9340,"WONG, Moon Chi","individual","SDNTK",-0- ,-0- ,-0- ,-0- ,-0- ,-0- ,-0- ,"DOB 18 Mar 1961; alt. DOB 21 Apr 1945; alt. DOB 25 Jan 1947; alt. DOB 08 Feb 1955; alt. DOB 03 Aug 1958; alt. DOB 08 Aug 1958; POB China; nationality China; citizen China; alt. citizen Cambodia; Passport 611657479 (China); alt. Passport 2355009C (China); National ID No. D489833(9) (Hong Kong); British National Overseas Passport 750200421 (United Kingdom); a.k.a. 'CHI BANG'."
9341,"GAXIOLA MEDINA, Rigoberto","individual","SDNTK",-0- ,-0- ,-0- ,-0- ,-0- ,-0- ,-0- ,"DOB 27 Sep 1950; alt. DOB 27 Oct 1950; POB Sinaloa, Mexico; nationality Mexico; citizen Mexico; R.F.C. GAMR-501027 (Mexico); C.U.R.P. GAMR501027HSLXDG00 (Mexico)."
9344,"DIODATO DEL GALLO, Marco Marino","individual","SDNTK",-0- ,-0- ,-0- ,-0- ,-0- ,-0- ,-0- ,"DOB 28 Jan 1957; POB Italy; nationality Italy; citizen Italy; alt. citizen Bolivia; Passport 072130-A (Italy); a.k.a. 'RENATO'."
9345,"KOREA MINING DEVELOPMENT TRADING CORPORATION",-0- ,"NPWMD] [DPRK2",-0- ,-0- ,-0- ,-0- ,-0- ,-0- ,-0- ,"Secondary sanctions risk: North Korea Sanctions Regulations, sections 510.201 and 510.210; Transactions Prohibited For Persons Owned or Controlled By U.S. Financial Institutions: North Korea Sanctions Regulations section 510.214; a.k.a. 'KOMID'."
9346,"TANCHON COMMERCIAL BANK",-0- ,"NPWMD",-0- ,-0- ,-0- ,-0- ,-0- ,-0- ,-0- ,"Secondary sanctions risk: North Korea Sanctions Regulations, sections 510.201 and 510.210; Transactions Prohibited For Persons Owned or Controlled By U.S. Financial Institutions: North Korea Sanctions Regulations section 510.214."
9347,"KOREA RYONBONG GENERAL CORPORATION",-0- ,"NPWMD",-0- ,-0- ,-0- ,-0- ,-0- ,-0- ,-0- ,"Secondary sanctions risk: North Korea Sanctions Regulations, sections 510.201 and 510.210; Transactions Prohibited For Persons Owned or Controlled By U.S. Financial Institutions: North Korea Sanctions Regulations section 510.214."
9348,"AEROSPACE INDUSTRIES ORGANIZATION",-0- ,"NPWMD] [IFSR] [IRAN-CON-ARMS-EO",-0- ,-0- ,-0- ,-0- ,-0- ,-0- ,-0- ,"Additional Sanctions Information - Subject to Secondary Sanctions; a.k.a. 'AIO'."
9349,"SHAHID HEMMAT INDUSTRIAL GROUP",-0- ,"NPWMD] [IFSR",-0- ,-0- ,-0- ,-0- ,-0- ,-0- ,-0- ,"Additional Sanctions Information - Subject to Secondary Sanctions; a.k.a. 'SHIG'; a.k.a. 'SAPICO'; a.k.a. 'ARMACO'."
9350,"SHAHID BAKERI INDUSTRIAL GROUP",-0- ,"NPWMD] [IFSR",-0- ,-0- ,-0- ,-0- ,-0- ,-0- ,-0- ,"Additional Sanctions Information - Subject to Secondary Sanctions; a.k.a. 'SBIG'."
9352,"SCIENTIFIC STUDIES AND RESEARCH CENTER",-0- ,"NPWMD",-0- ,-0- ,-0- ,-0- ,-0- ,-0- ,-0- ,"a.k.a. 'SSRC'."
9353,"AL-TIKRITI, Bashar Sabawi Ibrahim Hasan","individual","IRAQ2",-0- ,-0- ,-0- ,-0- ,-0- ,-0- ,-0- ,"DOB 17 Jul 1970; POB Baghdad, Iraq; nationality Iraq."
9354,"AL-TIKRITI, Sa'd Sabawi Ibrahim Hasan","individual","IRAQ2",-0- ,-0- ,-0- ,-0- ,-0- ,-0- ,-0- ,"DOB 19 Sep 1988; nationality Iraq."
9356,"EL BOUHALI, Ahmed","individual","SDGT",-0- ,-0- ,-0- ,-0- ,-0- ,-0- ,-0- ,"DOB 31 May 1963; POB Sidi Kacem, Morocco; nationality Morocco; Secondary sanctions risk: section 1(b) of Executive Order 13224, as amended by Executive Order 13886; Italian Fiscal Code LBHHMD63E31Z330M; a.k.a. 'ABU KATADA'."
9357,"BOUGHANEMI, Faycal","individual","SDGT",-0- ,-0- ,-0- ,-0- ,-0- ,-0- ,-0- ,"DOB 28 Oct 1966; POB Tunis, Tunisia; nationality Tunisia; Secondary sanctions risk: section 1(b) of Executive Order 13224, as amended by Executive Order 13886; Italian Fiscal Code BGHFCL66R28Z352G."
9358,"LAAGOUB, Abdelkader","individual","SDGT",-0- ,-0- ,-0- ,-0- ,-0- ,-0- ,-0- ,"DOB 23 Apr 1966; POB Casablanca, Morocco; nationality Morocco; Secondary sanctions risk: section 1(b) of Executive Order 13224, as amended by Executive Order 13886; Italian Fiscal Code LGBBLK66D23Z330U."
9385,"SERVICIOS ADMINISTRATIVOS Y DE ORGANIZACION, S.C.",-0- ,"SDNTK",-0- ,-0- ,-0- ,-0- ,-0- ,-0- ,-0- ,-0- 
9386,"KONTROLES ELECTRONICOS DE BAJA CALIFORNIA, S.A. DE C.V.",-0- ,"SDNTK",-0- ,-0- ,-0- ,-0- ,-0- ,-0- ,-0- ,"R.F.C. KEB-020222-380 (Mexico)."
9387,"COMERCIALIZADORA AMIA, S.A. DE C.V.",-0- ,"SDNTK",-0- ,-0- ,-0- ,-0- ,-0- ,-0- ,-0- ,"R.F.C. CAM-940526-8H9 (Mexico)."
9388,"MELGOZA TORRES, Martin","individual","SDNTK",-0- ,-0- ,-0- ,-0- ,-0- ,-0- ,-0- ,"DOB 11 Nov 1946; POB Villa de Alvarez, Colima, Mexico; R.F.C. METM-46111-BF4 (Mexico); Credencial electoral 073855815496 (Mexico)."
9390,"ALTAMIRANO LOPEZ, Hector","individual","SDNTK",-0- ,-0- ,-0- ,-0- ,-0- ,-0- ,-0- ,"DOB 18 Feb 1975; POB Baja California, Mexico; C.U.R.P. AALH750218HBCLPC02 (Mexico)."
9391,"SOTO GIL, Yolanda Esthela","individual","SDNTK",-0- ,-0- ,-0- ,-0- ,-0- ,-0- ,-0- ,"DOB 05 Aug 1950; POB Tijuana, Baja California, Mexico; C.U.R.P. SOGY500805MBCTLL15 (Mexico)."
9392,"MARTINEZ CASAS, Carlos Mario","individual","SDNTK",-0- ,-0- ,-0- ,-0- ,-0- ,-0- ,-0- ,"DOB 23 Apr 1969; nationality Mexico; citizen Mexico; R.F.C. MACC-690423-D78 (Mexico); C.U.R.P. MACC690423HCHRSR08 (Mexico)."
9393,"TAPIA ORTEGA, Abigail","individual","SDNTK",-0- ,-0- ,-0- ,-0- ,-0- ,-0- ,-0- ,"DOB 23 Sep 1974; POB Mexico City, Mexico; nationality Mexico; citizen Mexico."
9394,"LOPEZ POBLANO, Beatriz Raquel","individual","SDNTK",-0- ,-0- ,-0- ,-0- ,-0- ,-0- ,-0- ,"DOB 11 Apr 1968; alt. DOB 11 Apr 1971; POB Delicias, Chihuahua, Mexico; nationality Mexico; citizen Mexico."
9395,"CARRERA YLLADES, Marisela","individual","SDNTK",-0- ,-0- ,-0- ,-0- ,-0- ,-0- ,-0- ,"DOB 02 Feb 1968; POB Hidalgo del Parral, Chihuahua, Mexico; nationality Mexico; citizen Mexico; R.F.C. CATM-680202-T88 (Mexico); C.U.R.P. CAYM680202MCHRLR06 (Mexico); alt. C.U.R.P. CAIM680202MCHRLR08 (Mexico)."
9396,"PEREZ CASTANO, Mario Alberto","individual","SDNTK",-0- ,-0- ,-0- ,-0- ,-0- ,-0- ,-0- ,"DOB 25 Jun 1966; POB Hidalgo del Parral, Chihuahua, Mexico; nationality Mexico; citizen Mexico; R.F.C. PECM-660625-FN5 (Mexico); C.U.R.P. PECM660625HCHRSR07 (Mexico)."
9397,"HERNANDEZ MORENO, Arturo","individual","SDNTK",-0- ,-0- ,-0- ,-0- ,-0- ,-0- ,-0- ,"DOB 27 Nov 1962; POB Hidalgo Del Parral, Chihuaua, Mexico; nationality Mexico; citizen Mexico; R.F.C. HEMA-621127 (Mexico)."
9398,"ARRIOLA MARQUEZ, Edgar Fernando","individual","SDNTK",-0- ,-0- ,-0- ,-0- ,-0- ,-0- ,-0- ,"DOB 23 Nov 1973; POB Delicias, Chihuahua, Mexico; nationality Mexico; citizen Mexico; R.F.C. AIME-731123-115 (Mexico)."
9399,"ARRIOLA MARQUEZ, Luis Raul","individual","SDNTK",-0- ,-0- ,-0- ,-0- ,-0- ,-0- ,-0- ,"DOB 09 May 1971; POB Saucillo, Chihuahua, Mexico; nationality Mexico; citizen Mexico; R.F.C. AIML-710509-V89 (Mexico); alt. R.F.C. AEML-710509-Q27 (Mexico); C.U.R.P. AIML710509HCHRRS09 (Mexico); alt. C.U.R.P. AEML710509HCHRRS07 (Mexico)."
9400,"INDIO VITORIO S. DE P.R. DE R.L. DE C.V.",-0- ,"SDNTK",-0- ,-0- ,-0- ,-0- ,-0- ,-0- ,-0- ,"R.F.C. IVI-030311-1L6 (Mexico)."
9401,"CHIHUAHUA FOODS S.A. DE C.V.",-0- ,"SDNTK",-0- ,-0- ,-0- ,-0- ,-0- ,-0- ,-0- ,-0- 
9402,"CORRALES SAN IGNACIO S.P.R. DE R.L. DE C.V.",-0- ,"SDNTK",-0- ,-0- ,-0- ,-0- ,-0- ,-0- ,-0- ,"R.F.C. CSI-000516-2U3 (Mexico)."
9403,"CAMBIOS PALMILLA S.A. DE C.V.",-0- ,"SDNTK",-0- ,-0- ,-0- ,-0- ,-0- ,-0- ,-0- ,-0- 
9404,"GASOLINERAS SAN FERNANDO S.A. DE C.V.",-0- ,"SDNTK",-0- ,-0- ,-0- ,-0- ,-0- ,-0- ,-0- ,-0- 
9405,"INMOBILIARIA EL PRESON S.A. DE C.V.",-0- ,"SDNTK",-0- ,-0- ,-0- ,-0- ,-0- ,-0- ,-0- ,-0- 
9406,"INMOBILIARIA EL ESCORPION DEL NORTE S.A. DE C.V.",-0- ,"SDNTK",-0- ,-0- ,-0- ,-0- ,-0- ,-0- ,-0- ,-0- 
9407,"DEL NORTES CARNES FINAS SAN IGNACIO S.A. DE C.V.",-0- ,"SDNTK",-0- ,-0- ,-0- ,-0- ,-0- ,-0- ,-0- ,-0- 
9408,"AUTO EXPRESS DORADOS S.A. DE C.V.",-0- ,"SDNTK",-0- ,-0- ,-0- ,-0- ,-0- ,-0- ,-0- ,-0- 
9410,"LICON MUNOZ, Jorge Arturo","individual","SDNTK",-0- ,-0- ,-0- ,-0- ,-0- ,-0- ,-0- ,"DOB 17 May 1974; nationality Mexico; citizen Mexico; C.U.R.P. LIMJ740517HCHCXR09 (Mexico); Immigration No. A7800002 Border Crossing (United States)."
9411,"CARRASCO MIRANDA, Willebaldo","individual","SDNTK",-0- ,-0- ,-0- ,-0- ,-0- ,-0- ,-0- ,"DOB 06 Oct 1958; POB Chihuahua, Chihuahua, Mexico; nationality Mexico; citizen Mexico; C.U.R.P. CAMW581006HCHRRL00 (Mexico)."
9412,"ARREOLA GOMEZ, Guadalupe Armando","individual","SDNTK",-0- ,-0- ,-0- ,-0- ,-0- ,-0- ,-0- ,"DOB 25 Sep 1956; POB Saucillo, Chihuahua, Mexico; nationality Mexico; citizen Mexico; R.F.C. AEGG560925 (Mexico); C.U.R.P. AEGG560925HCHRMD05 (Mexico)."
9414,"ARRIOLA LUNA, Paola","individual","SDNTK",-0- ,-0- ,-0- ,-0- ,-0- ,-0- ,-0- ,"DOB 26 Jan 1986; POB Chihuahua, Chihuahua, Mexico; nationality Mexico; citizen Mexico; C.U.R.P. AILP860126MCHRNL06 (Mexico)."
9443,"MATANGA, Tandabantu Godwin","individual","GLOMAG",-0- ,-0- ,-0- ,-0- ,-0- ,-0- ,-0- ,"DOB 05 Feb 1962; POB Chipinge, Zimbabwe; nationality Zimbabwe; Gender Male; National ID No. 75128777N13 (Zimbabwe)."
9451,"SALEH, Dr. Abdul Latif","individual","SDGT",-0- ,-0- ,-0- ,-0- ,-0- ,-0- ,-0- ,"DOB 05 Mar 1957; POB Baghdad, Iraq; citizen Jordan; alt. citizen Albania; Secondary sanctions risk: section 1(b) of Executive Order 13224, as amended by Executive Order 13886; Passport D366 871 (Jordan)."
9480,"AL-SIBA'I, Hani Muhammad Yusuf","individual","SDGT",-0- ,-0- ,-0- ,-0- ,-0- ,-0- ,-0- ,"DOB 01 Mar 1961; POB Qaylubiyah, Egypt; nationality Egypt; Secondary sanctions risk: section 1(b) of Executive Order 13224, as amended by Executive Order 13886."
9483,"AHMAD, Zaki Izzat Zaki","individual","SDGT",-0- ,-0- ,-0- ,-0- ,-0- ,-0- ,-0- ,"DOB 21 Apr 1960; POB Sharqiyah, Egypt; nationality Egypt; Secondary sanctions risk: section 1(b) of Executive Order 13224, as amended by Executive Order 13886."
9484,"ABD AL-RAHMAN, Abdullah Muhammad Rajab","individual","SDGT",-0- ,-0- ,-0- ,-0- ,-0- ,-0- ,-0- ,"DOB 03 Nov 1957; POB Kafr al-Shaykh; nationality Egypt; Secondary sanctions risk: section 1(b) of Executive Order 13224, as amended by Executive Order 13886."
9485,"AL-ISLAMBULI, Muhammad Ahmad Shawqi","individual","SDGT",-0- ,-0- ,-0- ,-0- ,-0- ,-0- ,-0- ,"DOB 21 Jan 1952; POB Minya, Egypt; nationality Egypt; Secondary sanctions risk: section 1(b) of Executive Order 13224, as amended by Executive Order 13886."
9486,"MUSTAFA BAKRI, Ali Sa'd Muhammad","individual","SDGT",-0- ,-0- ,-0- ,-0- ,-0- ,-0- ,-0- ,"DOB 18 Apr 1966; nationality Egypt; Secondary sanctions risk: section 1(b) of Executive Order 13224, as amended by Executive Order 13886."
9519,"HESONG TRADING CORPORATION",-0- ,"NPWMD",-0- ,-0- ,-0- ,-0- ,-0- ,-0- ,-0- ,"Secondary sanctions risk: North Korea Sanctions Regulations, sections 510.201 and 510.210; Transactions Prohibited For Persons Owned or Controlled By U.S. Financial Institutions: North Korea Sanctions Regulations section 510.214."
9520,"TOSONG TECHNOLOGY TRADING CORPORATION",-0- ,"NPWMD",-0- ,-0- ,-0- ,-0- ,-0- ,-0- ,-0- ,"Secondary sanctions risk: North Korea Sanctions Regulations, sections 510.201 and 510.210; Transactions Prohibited For Persons Owned or Controlled By U.S. Financial Institutions: North Korea Sanctions Regulations section 510.214."
9521,"KOREA COMPLEX EQUIPMENT IMPORT CORPORATION",-0- ,"NPWMD",-0- ,-0- ,-0- ,-0- ,-0- ,-0- ,-0- ,"Secondary sanctions risk: North Korea Sanctions Regulations, sections 510.201 and 510.210; Transactions Prohibited For Persons Owned or Controlled By U.S. Financial Institutions: North Korea Sanctions Regulations section 510.214."
9523,"KOREA KWANGSONG TRADING CORPORATION",-0- ,"NPWMD",-0- ,-0- ,-0- ,-0- ,-0- ,-0- ,-0- ,"Secondary sanctions risk: North Korea Sanctions Regulations, sections 510.201 and 510.210; Transactions Prohibited For Persons Owned or Controlled By U.S. Financial Institutions: North Korea Sanctions Regulations section 510.214."
9524,"KOREA PUGANG TRADING CORPORATION",-0- ,"NPWMD",-0- ,-0- ,-0- ,-0- ,-0- ,-0- ,-0- ,"Secondary sanctions risk: North Korea Sanctions Regulations, sections 510.201 and 510.210; Transactions Prohibited For Persons Owned or Controlled By U.S. Financial Institutions: North Korea Sanctions Regulations section 510.214."
9525,"KOREA RYONGWANG TRADING CORPORATION",-0- ,"NPWMD",-0- ,-0- ,-0- ,-0- ,-0- ,-0- ,-0- ,"Secondary sanctions risk: North Korea Sanctions Regulations, sections 510.201 and 510.210; Transactions Prohibited For Persons Owned or Controlled By U.S. Financial Institutions: North Korea Sanctions Regulations section 510.214."
9526,"KOREA INTERNATIONAL CHEMICAL JOINT VENTURE COMPANY",-0- ,"NPWMD",-0- ,-0- ,-0- ,-0- ,-0- ,-0- ,-0- ,"Secondary sanctions risk: North Korea Sanctions Regulations, sections 510.201 and 510.210; Transactions Prohibited For Persons Owned or Controlled By U.S. Financial Institutions: North Korea Sanctions Regulations section 510.214."
9527,"KOREA RYONHA MACHINERY JOINT VENTURE CORPORATION",-0- ,"NPWMD",-0- ,-0- ,-0- ,-0- ,-0- ,-0- ,-0- ,"Secondary sanctions risk: North Korea Sanctions Regulations, sections 510.201 and 510.210; Transactions Prohibited For Persons Owned or Controlled By U.S. Financial Institutions: North Korea Sanctions Regulations section 510.214."
9528,"UDOMDET, Ronnayut","individual","SDNTK",-0- ,-0- ,-0- ,-0- ,-0- ,-0- ,-0- ,"DOB 17 Jun 1967."
9529,"CHARIAPAPORN, Hiran","individual","SDNTK",-0- ,-0- ,-0- ,-0- ,-0- ,-0- ,-0- ,"DOB 03 Jan 1950; National ID No. 310062394060 (Thailand)."
9530,"JUNTARAPRAPORN, Aping","individual","SDNTK",-0- ,-0- ,-0- ,-0- ,-0- ,-0- ,-0- ,"DOB 14 Jan 1955."
9531,"PHUANGPHET, Suwit","individual","SDNTK",-0- ,-0- ,-0- ,-0- ,-0- ,-0- ,-0- ,"DOB 28 Oct 1956; National ID No. 3570900170841 (Thailand)."
9532,"JANPRAPAPORN, Arin","individual","SDNTK",-0- ,-0- ,-0- ,-0- ,-0- ,-0- ,-0- ,"DOB 05 May 1954; Passport M93116 (Thailand)."
9533,"KRADUMPORN, Somboon","individual","SDNTK",-0- ,-0- ,-0- ,-0- ,-0- ,-0- ,-0- ,"DOB 06 May 1959; National ID No. 3570900151471 (Thailand)."
9534,"KRADUMPORN, Varee","individual","SDNTK",-0- ,-0- ,-0- ,-0- ,-0- ,-0- ,-0- ,"DOB 18 Mar 1960; National ID No. 3570900151480 (Thailand)."
9535,"CHAIWORASIN, Wimonsi","individual","SDNTK",-0- ,-0- ,-0- ,-0- ,-0- ,-0- ,-0- ,"DOB 1953; Passport B272327 (Thailand); National ID No. 3570900519762 (Thailand)."
9536,"CHAIWORASIN, Wilai","individual","SDNTK",-0- ,-0- ,-0- ,-0- ,-0- ,-0- ,-0- ,"DOB 1934; National ID No. 3102002529284 (Thailand)."
9537,"PICHAYOS, Winai","individual","SDNTK",-0- ,-0- ,-0- ,-0- ,-0- ,-0- ,-0- ,"DOB 01 Dec 1957; Passport K203350 (Thailand)."
9538,"CHAIJAMROONPHAN, Warin","individual","SDNTK",-0- ,-0- ,-0- ,-0- ,-0- ,-0- ,-0- ,"DOB 09 Jan 1956; Passport N302083 (Thailand); National ID No. 3101701873838 (Thailand)."
9539,"NICE FANTASY GARMENT COMPANY LTD.",-0- ,"SDNTK",-0- ,-0- ,-0- ,-0- ,-0- ,-0- ,-0- ,-0- 
9540,"V.R. FRUIT COMPANY",-0- ,"SDNTK",-0- ,-0- ,-0- ,-0- ,-0- ,-0- ,-0- ,-0- 
9541,"SIAM NICE COMPANY LTD.",-0- ,"SDNTK",-0- ,-0- ,-0- ,-0- ,-0- ,-0- ,-0- ,-0- 
9542,"SCORE COMMERCIAL COMPANY LTD.",-0- ,"SDNTK",-0- ,-0- ,-0- ,-0- ,-0- ,-0- ,-0- ,-0- 
9543,"RUNGRIN COMPANY LTD.",-0- ,"SDNTK",-0- ,-0- ,-0- ,-0- ,-0- ,-0- ,-0- ,-0- 
9544,"RATTANA VICHAI COMPANY LTD.",-0- ,"SDNTK",-0- ,-0- ,-0- ,-0- ,-0- ,-0- ,-0- ,-0- 
9545,"PROGRESS SURAWEE COMPANY LTD.",-0- ,"SDNTK",-0- ,-0- ,-0- ,-0- ,-0- ,-0- ,-0- ,-0- 
9546,"PLUS TECH AUTO SUPPLY COMPANY LTD.",-0- ,"SDNTK",-0- ,-0- ,-0- ,-0- ,-0- ,-0- ,-0- ,-0- 
9547,"PLOYDAENG JEWELRY SHOP",-0- ,"SDNTK",-0- ,-0- ,-0- ,-0- ,-0- ,-0- ,-0- ,-0- 
9548,"MAESAI K.D.P. COMPANY LTD.",-0- ,"SDNTK",-0- ,-0- ,-0- ,-0- ,-0- ,-0- ,-0- ,-0- 
9549,"KRADUMPORN IMPORT EXPORT COMPANY LTD.",-0- ,"SDNTK",-0- ,-0- ,-0- ,-0- ,-0- ,-0- ,-0- ,-0- 
9550,"HATKAEW COMPANY LTD.",-0- ,"SDNTK",-0- ,-0- ,-0- ,-0- ,-0- ,-0- ,-0- ,-0- 
9551,"GREEN CAR RENT LIMITED PARTNERSHIP",-0- ,"SDNTK",-0- ,-0- ,-0- ,-0- ,-0- ,-0- ,-0- ,-0- 
9552,"BANGKOK SILK FLOWER COMPANY LTD.",-0- ,"SDNTK",-0- ,-0- ,-0- ,-0- ,-0- ,-0- ,-0- ,-0- 
9553,"BANGKOK ARTI-FLORA DESIGN LIMITED PARTNERSHIP",-0- ,"SDNTK",-0- ,-0- ,-0- ,-0- ,-0- ,-0- ,-0- ,-0- 
9554,"A-TEAM CHEMICALS COMPANY LTD.",-0- ,"SDNTK",-0- ,-0- ,-0- ,-0- ,-0- ,-0- ,-0- ,-0- 
9564,"QUINTERO SANCLEMENTE, Ramon Alberto","individual","SDNT",-0- ,-0- ,-0- ,-0- ,-0- ,-0- ,-0- ,"DOB 30 Nov 1960; alt. DOB 28 Nov 1958; alt. DOB 30 Nov 1961; POB Cali, Colombia; alt. POB Buga, Valle, Colombia; citizen Colombia; Cedula No. 14881147 (Colombia); Passport AE048871 (Colombia); a.k.a. 'LUCAS'; a.k.a. 'EL INGENIERO'; a.k.a. 'DON TOMAS'."
9584,"SAHIRON, Radulan","individual","SDGT",-0- ,-0- ,-0- ,-0- ,-0- ,-0- ,-0- ,"DOB 1955; alt. DOB circa 1952; POB Kaunayan, Patikul, Jolo Island, the Philippines; nationality Philippines; Secondary sanctions risk: section 1(b) of Executive Order 13224, as amended by Executive Order 13886; a.k.a. 'SAJIRUN, Radulan'; a.k.a. 'COMMANDER PUTOL'."
9585,"HAPILON, Isnilon Totoni","individual","SDGT",-0- ,-0- ,-0- ,-0- ,-0- ,-0- ,-0- ,"DOB 18 Mar 1966; alt. DOB 10 Mar 1967; POB Bulanza, Lantawan, Basilan, the Philippines; nationality Philippines; Secondary sanctions risk: section 1(b) of Executive Order 13224, as amended by Executive Order 13886; a.k.a. 'SALAHUDIN'; a.k.a. 'ABU MUSAB'; a.k.a. 'TUAN ISNILON'."
9586,"RASHID, Ata Abdoulaziz","individual","SDGT",-0- ,-0- ,-0- ,-0- ,-0- ,-0- ,-0- ,"DOB 01 Dec 1973; POB Sulaymaniyah, Iraq; nationality Iraq; Secondary sanctions risk: section 1(b) of Executive Order 13224, as amended by Executive Order 13886; Travel Document Number A0020375 (Germany)."
9587,"HUSSEIN, Mazen Ali","individual","SDGT",-0- ,-0- ,-0- ,-0- ,-0- ,-0- ,-0- ,"DOB 01 Jan 1982; alt. DOB 01 Jan 1980; POB Baghdad, Iraq; nationality Iraq; Secondary sanctions risk: section 1(b) of Executive Order 13224, as amended by Executive Order 13886; Travel Document Number A0144378 (Germany)."
9588,"AHMAD, Farhad Kanabi","individual","SDGT",-0- ,-0- ,-0- ,-0- ,-0- ,-0- ,-0- ,"DOB 01 Jul 1971; POB Arbil, Iraq; nationality Iraq; Secondary sanctions risk: section 1(b) of Executive Order 13224, as amended by Executive Order 13886; Travel Document Number A0139243 (Germany)."
9589,"YOUSEF, Rafik Mohamad","individual","SDGT",-0- ,-0- ,-0- ,-0- ,-0- ,-0- ,-0- ,"DOB 27 Aug 1974; POB Baghdad, Iraq; nationality Iraq; Secondary sanctions risk: section 1(b) of Executive Order 13224, as amended by Executive Order 13886; Travel Document Number A0092301 (Germany)."
9591,"IZZAT, Dieman Abdulkadir","individual","SDGT",-0- ,-0- ,-0- ,-0- ,-0- ,-0- ,-0- ,"DOB 04 Jul 1965; POB Kirkuk, Iraq; nationality Iraq; Secondary sanctions risk: section 1(b) of Executive Order 13224, as amended by Executive Order 13886; Travel Document Number A0141062 (Germany)."
9593,"KHALIL, Ibrahim Mohamed","individual","SDGT",-0- ,-0- ,-0- ,-0- ,-0- ,-0- ,-0- ,"DOB 02 Jul 1975; alt. DOB 02 May 1972; alt. DOB 03 Jul 1975; alt. DOB 1972; POB Dayr Az-Zawr, Syria; alt. POB Baghdad, Iraq; nationality Syria; Secondary sanctions risk: section 1(b) of Executive Order 13224, as amended by Executive Order 13886; Travel Document Number A0003900 (Germany); Temporary suspension of deportation No. T04338017, expired 08 May 2013, issued by Alien's Office of the city of Mainz."
9595,"AL-FAQIH, Abd al-Rahman","individual","SDGT",-0- ,-0- ,-0- ,-0- ,-0- ,-0- ,-0- ,"DOB 15 Dec 1959; POB Libya; Secondary sanctions risk: section 1(b) of Executive Order 13224, as amended by Executive Order 13886; a.k.a. 'ABU MOHAMMED'; a.k.a. 'ABU ABD AL-RAHMAN'; a.k.a. 'MUSTAFA'; a.k.a. 'MAHMUD'; a.k.a. 'ABU KHALID'."
9596,"ABD'RABBAH, Ghuma","individual","SDGT",-0- ,-0- ,-0- ,-0- ,-0- ,-0- ,-0- ,"DOB 02 Sep 1957; POB Benghazi, Libya; nationality United Kingdom; Secondary sanctions risk: section 1(b) of Executive Order 13224, as amended by Executive Order 13886; a.k.a. 'ABD'RABBAH'; a.k.a. 'ABU JAMIL'."
9597,"KHALED, Abdulbaqi Mohammed","individual","SDGT",-0- ,-0- ,-0- ,-0- ,-0- ,-0- ,-0- ,"DOB 18 Aug 1957; POB Tripoli, Libya; citizen United Kingdom; Secondary sanctions risk: section 1(b) of Executive Order 13224, as amended by Executive Order 13886; a.k.a. 'ABU KHAWLA'."
9598,"NASUF, Tahir","individual","SDGT",-0- ,-0- ,-0- ,-0- ,-0- ,-0- ,-0- ,"DOB 04 Nov 1961; alt. DOB 11 Apr 1961; POB Tripoli, Libya; Secondary sanctions risk: section 1(b) of Executive Order 13224, as amended by Executive Order 13886; a.k.a. 'AL-QA'QA'; a.k.a. 'ABU SALIMA EL LIBI'; a.k.a. 'ABU RIDA'."
9599,"BENHAMMEDI, Mohammed","individual","SDGT",-0- ,-0- ,-0- ,-0- ,-0- ,-0- ,-0- ,"DOB 22 Sep 1966; POB Libya; citizen Libya; Secondary sanctions risk: section 1(b) of Executive Order 13224, as amended by Executive Order 13886; a.k.a. 'HAMMEDI, Ben'; a.k.a. 'PANHAMMEDI'; a.k.a. 'ABU HAJIR'; a.k.a. 'ABU HAJIR AL LIBI'; a.k.a. 'ABU AL QASSAM'."
9600,"SARA PROPERTIES LIMITED",-0- ,"SDGT",-0- ,-0- ,-0- ,-0- ,-0- ,-0- ,-0- ,"Secondary sanctions risk: section 1(b) of Executive Order 13224, as amended by Executive Order 13886; Registered Charity No. 4636613 (United Kingdom); http://www.saraproperties.co.uk (website)."
9601,"MEADOWBROOK INVESTMENTS LIMITED",-0- ,"SDGT",-0- ,-0- ,-0- ,-0- ,-0- ,-0- ,-0- ,"Secondary sanctions risk: section 1(b) of Executive Order 13224, as amended by Executive Order 13886; Registered Charity No. 05059698 (United Kingdom)."
9602,"OZLAM PROPERTIES LIMITED",-0- ,"SDGT",-0- ,-0- ,-0- ,-0- ,-0- ,-0- ,-0- ,"Secondary sanctions risk: section 1(b) of Executive Order 13224, as amended by Executive Order 13886; Registered Charity No. 05258730."
9603,"SANABEL RELIEF AGENCY LIMITED",-0- ,"SDGT",-0- ,-0- ,-0- ,-0- ,-0- ,-0- ,-0- ,"Secondary sanctions risk: section 1(b) of Executive Order 13224, as amended by Executive Order 13886; Registration ID 3713110 (United Kingdom); Registered Charity No. 1083469 (United Kingdom); http://www.sanabel.org.uk (website); info@sanabel.org.uk (email).; a.k.a. 'SRA'; a.k.a. 'SARA'."
9608,"HILAL, Musa","individual","DARFUR","Sheikh and Paramount Chief of the Jalul Tribe in North Darfur",-0- ,-0- ,-0- ,-0- ,-0- ,-0- ,"DOB circa 1960; POB Kutum, North Darfur, Sudan; Sheikh and Paramount Chief of the Jalul Tribe in North Darfur."
9609,"AL MANAR TV",-0- ,"SDGT",-0- ,-0- ,-0- ,-0- ,-0- ,-0- ,-0- ,"Additional Sanctions Information - Subject to Secondary Sanctions Pursuant to the Hizballah Financial Sanctions Regulations; Secondary sanctions risk: section 1(b) of Executive Order 13224, as amended by Executive Order 13886; info@manartv.com; www.manartv.com; www.almanar.com.lb."
9610,"LEBANESE MEDIA GROUP",-0- ,"SDGT",-0- ,-0- ,-0- ,-0- ,-0- ,-0- ,-0- ,"Additional Sanctions Information - Subject to Secondary Sanctions Pursuant to the Hizballah Financial Sanctions Regulations; Secondary sanctions risk: section 1(b) of Executive Order 13224, as amended by Executive Order 13886; Commercial Registry Number 59531 (Lebanon)."
9611,"AL NOUR RADIO",-0- ,"SDGT",-0- ,-0- ,-0- ,-0- ,-0- ,-0- ,-0- ,"Additional Sanctions Information - Subject to Secondary Sanctions Pursuant to the Hizballah Financial Sanctions Regulations; Secondary sanctions risk: section 1(b) of Executive Order 13224, as amended by Executive Order 13886; info@al-nour.net; www.al-nour.net."
9613,"BADRI, Gabril Abdul Kareem","individual","DARFUR","Colonel for the National Movement for Reform and Development (NMRD)",-0- ,-0- ,-0- ,-0- ,-0- ,-0- ,"DOB circa 1961; Colonel for the National Movement for Reform and Development (NMRD)."
9614,"BA'ASYIR, Abu Bakar","individual","SDGT",-0- ,-0- ,-0- ,-0- ,-0- ,-0- ,-0- ,"DOB 17 Aug 1938; POB Jombang, East Java, Indonesia; nationality Indonesia; Secondary sanctions risk: section 1(b) of Executive Order 13224, as amended by Executive Order 13886; a.k.a. 'ABDUS SAMAD'; a.k.a. 'ABDUS SOMAD'."
9615,"GUNAWAN, Gun Gun Rusman","individual","SDGT",-0- ,-0- ,-0- ,-0- ,-0- ,-0- ,-0- ,"DOB 06 Jul 1977; POB Cianjur, West Java, Indonesia; nationality Indonesia; Secondary sanctions risk: section 1(b) of Executive Order 13224, as amended by Executive Order 13886; a.k.a. 'ABD AL-HADI'; a.k.a. 'ABDUL HADI'; a.k.a. 'ABDUL KARIM'; a.k.a. 'BUKHORI'; a.k.a. 'BUKHORY'."
9616,"RIFKI, Taufik","individual","SDGT",-0- ,-0- ,-0- ,-0- ,-0- ,-0- ,-0- ,"DOB 29 Aug 1974; alt. DOB 19 Aug 1974; alt. DOB 09 Aug 1974; alt. DOB 19 Aug 1980; POB Dacusuman Surakarta, Central Java, Indonesia; nationality Indonesia; Secondary sanctions risk: section 1(b) of Executive Order 13224, as amended by Executive Order 13886; a.k.a. 'AMI IRAQ'; a.k.a. 'AMI IRZA'; a.k.a. 'AMY ERJA'; a.k.a. 'AMMY ERZA'; a.k.a. 'AMMY IZZA'; a.k.a. 'AMI KUSOMAN'; a.k.a. 'ABU OBAIDA'; a.k.a. 'ABU OBAIDAH'; a.k.a. 'ABU OBEIDA'; a.k.a. 'ABU UBAIDAH'; a.k.a. 'OBAIDAH'; a.k.a. 'ABU OBAYDA'; a.k.a. 'IZZA KUSOMAN'."
9617,"ANSHORI, Abdullah","individual","SDGT",-0- ,-0- ,-0- ,-0- ,-0- ,-0- ,-0- ,"DOB 1958; POB Pacitan, East Java, Indonesia; nationality Indonesia; Secondary sanctions risk: section 1(b) of Executive Order 13224, as amended by Executive Order 13886; a.k.a. 'ABU FATIH'; a.k.a. 'ABU FATHI'."
9618,"KOHAS AG",-0- ,"NPWMD",-0- ,-0- ,-0- ,-0- ,-0- ,-0- ,-0- ,"Secondary sanctions risk: North Korea Sanctions Regulations, sections 510.201 and 510.210; Transactions Prohibited For Persons Owned or Controlled By U.S. Financial Institutions: North Korea Sanctions Regulations section 510.214; C.R. No. CH-217.0.135.719-4 (Switzerland)."
9619,"STEIGER, Jakob","individual","NPWMD",-0- ,-0- ,-0- ,-0- ,-0- ,-0- ,-0- ,"DOB 27 Apr 1941; POB Altstatten, SG, Switzerland; Secondary sanctions risk: North Korea Sanctions Regulations, sections 510.201 and 510.210; Transactions Prohibited For Persons Owned or Controlled By U.S. Financial Institutions: North Korea Sanctions Regulations section 510.214."
9620,"EL HASSAN, Gaffar Mohmed","individual","DARFUR","Major General for the Sudan Armed Forces",-0- ,-0- ,-0- ,-0- ,-0- ,-0- ,"DOB 24 Jun 1952; POB Khartoum, Sudan; Major General for the Sudan Armed Forces."
9647,"ZAHHAR, Mahmoud Khaled","individual","SDGT] [NS-PLC",-0- ,-0- ,-0- ,-0- ,-0- ,-0- ,-0- ,"DOB 1945; POB Gaza Strip; nationality Palestinian; Gender Male; Secondary sanctions risk: section 1(b) of Executive Order 13224, as amended by Executive Order 13886; a.k.a. 'ZAHAR, Mahmoud'; a.k.a. 'AL-ZAHAR, Mahmoud'; Linked To: HAMAS."
9659,"HAMMAD, Fathi Ahmad Mohammad","individual","SDGT] [NS-PLC",-0- ,-0- ,-0- ,-0- ,-0- ,-0- ,-0- ,"DOB 1961; POB Jabaliya, Gaza Strip; Secondary sanctions risk: section 1(b) of Executive Order 13224, as amended by Executive Order 13886."
9749,"LIMMT ECONOMIC AND TRADE COMPANY, LTD.",-0- ,"NPWMD] [IFSR",-0- ,-0- ,-0- ,-0- ,-0- ,-0- ,-0- ,"Additional Sanctions Information - Subject to Secondary Sanctions; and all other locations worldwide."
9750,"BEIJING ALITE TECHNOLOGIES CO., LTD.",-0- ,"NPWMD] [IFSR",-0- ,-0- ,-0- ,-0- ,-0- ,-0- ,-0- ,"Additional Sanctions Information - Subject to Secondary Sanctions; and all other locations worldwide."
9753,"CHINA NATIONAL PRECISION MACHINERY IMPORT/EXPORT CORPORATION",-0- ,"NPWMD] [IFSR",-0- ,-0- ,-0- ,-0- ,-0- ,-0- ,-0- ,"Additional Sanctions Information - Subject to Secondary Sanctions; and all other locations worldwide."
9754,"NAWAY, Haji Ali","individual","SDNTK",-0- ,-0- ,-0- ,-0- ,-0- ,-0- ,-0- ,"DOB circa 1945; alt. DOB circa 1950; POB Sistan Va Baluchistan, Iran; nationality Iran; Additional Sanctions Information - Subject to Secondary Sanctions."
9756,"AMEZCUA CONTRERAS ORGANIZATION",-0- ,"SDNTK",-0- ,-0- ,-0- ,-0- ,-0- ,-0- ,-0- ,-0- 
9757,"JAMIL GEORGES, Fahd","individual","SDNTK",-0- ,-0- ,-0- ,-0- ,-0- ,-0- ,-0- ,"DOB 07 Jun 1941; nationality Lebanon; citizen Brazil; Cedula No. RG-013147 (Brazil); a.k.a. 'EL PADRINO'; a.k.a. 'TURCO'."
9758,"IBRAHIM, Dawood","individual","SDNTK] [SDGT",-0- ,-0- ,-0- ,-0- ,-0- ,-0- ,-0- ,"DOB 26 Dec 1955; alt. DOB 31 Dec 1955; POB Ratnagiri, Maharashtra, India; nationality India; citizen India; alt. citizen Pakistan; alt. citizen United Arab Emirates; Secondary sanctions risk: section 1(b) of Executive Order 13224, as amended by Executive Order 13886; Passport M-110522 (India) issued 13 Nov 1978; alt. Passport R-841697 (India) issued 26 Nov 1981; alt. Passport A-333602 (India) issued 04 Jun 1985; alt. Passport A-501801 (India) issued 26 Jul 1985; alt. Passport P-537849 (India) issued 30 Jul 1979; alt. Passport K-560098 (India) issued 30 Jul 1975; alt. Passport V-57865 (India) issued 03 Oct 1983; alt. Passport G-866537 (Pakistan) issued 12 Aug 1991; alt. Passport G-869537 (Pakistan); alt. Passport F-823692 (Yemen) issued 02 Sep 1989; alt. Passport A-717288 (United Arab Emirates) issued 18 Aug 1985."
9759,"DAWOOD IBRAHIM ORGANIZATION",-0- ,"SDNTK",-0- ,-0- ,-0- ,-0- ,-0- ,-0- ,-0- ,"a.k.a. 'D COMPANY'."
9760,"LUKASHENKA, Alyaksandr Ryhorovich","individual","BELARUS",-0- ,-0- ,-0- ,-0- ,-0- ,-0- ,-0- ,"DOB 30 Aug 1954; alt. DOB 31 Aug 1954; POB Kopys, Vitebsk oblast, Belarus; nationality Belarus; Gender Male."
9761,"HALAVANAU, Viktar Hryhoryavich","individual","BELARUS","Minister of Justice",-0- ,-0- ,-0- ,-0- ,-0- ,-0- ,"DOB 1952; POB Borisov, Belarus; Minister of Justice."
9762,"ZIMOUSKY, Aliaksandr Leanidavich","individual","BELARUS","Head of the Belarusian State Television and Radio Company (BSTRC); Member of the Upper House of Parliament",-0- ,-0- ,-0- ,-0- ,-0- ,-0- ,"DOB 10 Jan 1961; POB Germany; Head of the Belarusian State Television and Radio Company (BSTRC); Member of the Upper House of Parliament."
9763,"SANAM INDUSTRIAL GROUP",-0- ,"NPWMD] [IFSR",-0- ,-0- ,-0- ,-0- ,-0- ,-0- ,-0- ,"Additional Sanctions Information - Subject to Secondary Sanctions."
9764,"YA MAHDI INDUSTRIES GROUP",-0- ,"NPWMD] [IFSR",-0- ,-0- ,-0- ,-0- ,-0- ,-0- ,-0- ,"Additional Sanctions Information - Subject to Secondary Sanctions; a.k.a. 'YMA'."
9766,"SUKHARENKA, Stiapan Mikalayevich","individual","BELARUS","Chairman of Belarusian KGB",-0- ,-0- ,-0- ,-0- ,-0- ,-0- ,"DOB 27 Jan 1957; POB Zdudichi, Gomel' oblast, Belarus; Chairman of Belarusian KGB."
9768,"PAULICHENKA, Dzmitry Valeryevich","individual","BELARUS","Colonel in BKGB and Commander of the Special Response Group of the Ministry of the Interior (SOBR)",-0- ,-0- ,-0- ,-0- ,-0- ,-0- ,"DOB 1966; POB Vitebsk oblast, Belarus; Colonel in BKGB and Commander of the Special Response Group of the Ministry of the Interior (SOBR)."
9769,"SHEIMAN, Viktar Uladzimiravich","individual","BELARUS","State Secretary of the Security Council",-0- ,-0- ,-0- ,-0- ,-0- ,-0- ,"DOB 26 May 1958; POB Soltanishka, Voronovskovo, Belarus; alt. POB Grodno, Belarus; State Secretary of the Security Council; former Prosecutor General."
9770,"YARMOSHINA, Lidziya Mihaulauna","individual","BELARUS","Head of the Central Commission for Elections and National Referendums (CEC)",-0- ,-0- ,-0- ,-0- ,-0- ,-0- ,"DOB 29 Jan 1953; POB Slutsk, Belarus; Head of the Central Commission for Elections and National Referendums (CEC)."
9771,"PIATKEVICH, Natallia Uladzimirauna","individual","BELARUS","Deputy Head of the President's Administration",-0- ,-0- ,-0- ,-0- ,-0- ,-0- ,"DOB 24 Oct 1972; POB Minsk, Belarus; Deputy Head of the President's Administration."
9797,"LUKASHENKA, Viktar Aliaksandravich","individual","BELARUS","Head of Presidential Guard",-0- ,-0- ,-0- ,-0- ,-0- ,-0- ,"DOB 1976; POB Mogilev, Belarus; Head of Presidential Guard; Also identified as National Security Advisor."
9898,"NAUMAU, Uladzimir Uladzimiravich","individual","BELARUS","Minister of the Interior",-0- ,-0- ,-0- ,-0- ,-0- ,-0- ,"DOB 1956; Minister of the Interior; Position also referred to as Minister of Internal Affairs."
9932,"AL-MUJIL, Abd Al Hamid Sulaiman Muhammed","individual","SDGT","Doctor",-0- ,-0- ,-0- ,-0- ,-0- ,-0- ,"DOB 28 Apr 1949; alt. DOB 29 Apr 1949; POB Kuwait; nationality Saudi Arabia; citizen Saudi Arabia; Secondary sanctions risk: section 1(b) of Executive Order 13224, as amended by Executive Order 13886; Passport F 137998 issued 18 Apr 2004 expires 24 Feb 2009; Doctor; a.k.a. 'ABDALLAH, Abu'."
9935,"'ABD AL-RAZZIQ, Abu Sufian al-Salamabi Muhammed Ahmed","individual","SDGT",-0- ,-0- ,-0- ,-0- ,-0- ,-0- ,-0- ,"DOB 06 Aug 1962; POB Al-Bawgah, Sudan; alt. POB Albaouga, Sudan; nationality Canada; alt. nationality Sudan; Secondary sanctions risk: section 1(b) of Executive Order 13224, as amended by Executive Order 13886; Passport BC166787 (Canada); a.k.a. 'ABOU EL LAYTH'; a.k.a. 'ABOULAIL'; a.k.a. 'ABULAIL'; a.k.a. 'JOLAIBA'; a.k.a. 'DJOLAIBA THE SUDANESE'; a.k.a. 'OULD EL SAYEIGH'; a.k.a. 'ABU SUFIAN'; a.k.a. 'ABU JUIRIAH'."
9936,"NETHERLANDS CARIBBEAN BANK N.V.",-0- ,"CUBA",-0- ,-0- ,-0- ,-0- ,-0- ,-0- ,-0- ,-0- 
9949,"ISLAMIC RESISTANCE SUPPORT ORGANIZATION",-0- ,"SDGT",-0- ,-0- ,-0- ,-0- ,-0- ,-0- ,-0- ,"Additional Sanctions Information - Subject to Secondary Sanctions Pursuant to the Hizballah Financial Sanctions Regulations; Secondary sanctions risk: section 1(b) of Executive Order 13224, as amended by Executive Order 13886."
9964,"YOUSSER COMPANY FOR FINANCE AND INVESTMENT",-0- ,"SDGT",-0- ,-0- ,-0- ,-0- ,-0- ,-0- ,-0- ,"Additional Sanctions Information - Subject to Secondary Sanctions Pursuant to the Hizballah Financial Sanctions Regulations; Secondary sanctions risk: section 1(b) of Executive Order 13224, as amended by Executive Order 13886."
9965,"BAYT AL-MAL",-0- ,"SDGT",-0- ,-0- ,-0- ,-0- ,-0- ,-0- ,-0- ,"Additional Sanctions Information - Subject to Secondary Sanctions Pursuant to the Hizballah Financial Sanctions Regulations; Secondary sanctions risk: section 1(b) of Executive Order 13224, as amended by Executive Order 13886."
9966,"AL-SHAMI, Husayn","individual","SDGT",-0- ,-0- ,-0- ,-0- ,-0- ,-0- ,-0- ,"DOB 1948; alt. DOB 1954; alt. DOB 1960; Additional Sanctions Information - Subject to Secondary Sanctions Pursuant to the Hizballah Financial Sanctions Regulations; Secondary sanctions risk: section 1(b) of Executive Order 13224, as amended by Executive Order 13886."
9971,"PLAYA MAR S.A. DE C.V.",-0- ,"SDNTK",-0- ,-0- ,-0- ,-0- ,-0- ,-0- ,-0- ,"R.F.C. PMA-910805 (Mexico)."
9972,"INMOBILIARIA ESPARTA S.A. DE C.V.",-0- ,"SDNTK",-0- ,-0- ,-0- ,-0- ,-0- ,-0- ,-0- ,"R.F.C. IES-870805 (Mexico)."
9973,"INMOBILIARIA LA PROVINCIA S.A. DE C.V.",-0- ,"SDNTK",-0- ,-0- ,-0- ,-0- ,-0- ,-0- ,-0- ,"R.F.C. IPR-931014 (Mexico)."
9974,"INMOBILIARIA ESTADO 29 S.A. DE C.V.",-0- ,"SDNTK",-0- ,-0- ,-0- ,-0- ,-0- ,-0- ,-0- ,"R.F.C. IEV-950628 (Mexico)."
9975,"INMOBILIARIA TIJUANA COSTA S.A. DE C.V.",-0- ,"SDNTK",-0- ,-0- ,-0- ,-0- ,-0- ,-0- ,-0- ,"R.F.C. ITC-910503 (Mexico)."
9976,"HERNANDEZ SOMERO, Urbano","individual","SDNTK",-0- ,-0- ,-0- ,-0- ,-0- ,-0- ,-0- ,"DOB 25 May 1943; POB Mexicali, Baja California, Mexico; C.U.R.P. HESU430525HBCRMR13 (Mexico); alt. C.U.R.P. HESU430525HBCRMR05 (Mexico); alt. C.U.R.P. HEXU430525HBCRXR07 (Mexico); Immigration No. A38839964 (United States)."
9978,"URIBE URIBE, Miguel Angel","individual","SDNTK",-0- ,-0- ,-0- ,-0- ,-0- ,-0- ,-0- ,"DOB 02 Aug 1957; POB Tijuana, Baja California, Mexico; C.U.R.P. UIUM570802HBCRRG08 (Mexico)."
9979,"JIMENEZ PEREZ, Jose Julian Bruno","individual","SDNTK",-0- ,-0- ,-0- ,-0- ,-0- ,-0- ,-0- ,"DOB 19 Jun 1961; POB Ensenada, Baja California, Mexico; C.U.R.P. # JIPJ610619HBCMRL07 (Mexico)."
9982,"PELAYO MENDOZA, Franco Arturo","individual","SDNTK",-0- ,-0- ,-0- ,-0- ,-0- ,-0- ,-0- ,"DOB 02 Feb 1953; POB Casimiro Castillo, Jalisco, Mexico."
9990,"GOMEZ BUSTAMANTE, Wilmer de Jesus","individual","SDNT",-0- ,-0- ,-0- ,-0- ,-0- ,-0- ,-0- ,"DOB 26 Jan 1970; POB Aguila, Valle; Cedula No. 16223940 (Colombia); Passport AH345442 (Colombia); alt. Passport AF002565 (Colombia)."
9991,"GIRALDO FRANCO, Juan Carlos","individual","SDNT",-0- ,-0- ,-0- ,-0- ,-0- ,-0- ,-0- ,"DOB 10 Jun 1971; Cedula No. 16791184 (Colombia)."
9992,"ROJAS FRANCO, Jaime","individual","SDNT",-0- ,-0- ,-0- ,-0- ,-0- ,-0- ,-0- ,"DOB 24 Dec 1957; POB Cartago, Valle, Colombia; nationality Colombia; citizen Colombia; Cedula No. 16210083 (Colombia)."
9993,"CANO ALZATE, Yolanda Sofia","individual","SDNT",-0- ,-0- ,-0- ,-0- ,-0- ,-0- ,-0- ,"DOB 25 Apr 1957; POB Cartago, Valle; Cedula No. 31399608 (Colombia); Passport AH506324 (Colombia)."
9995,"PATINO RESTREPO, Carlos Arturo","individual","SDNT",-0- ,-0- ,-0- ,-0- ,-0- ,-0- ,-0- ,"DOB 27 Apr 1964; POB La Virginia, Risaralda, Colombia; nationality Colombia; citizen Colombia; Cedula No. 9991679 (Colombia); Passport 9991679 (Colombia); alt. Passport AF186124 (Colombia); alt. Passport AC455469 (Colombia); alt. Passport PO69381 (Colombia); a.k.a. 'PATEMURO'; a.k.a. 'PATE MURO'."
9996,"GOMEZ BUSTAMANTE, Luis Alfonso","individual","SDNT",-0- ,-0- ,-0- ,-0- ,-0- ,-0- ,-0- ,"DOB 01 Nov 1953; Cedula No. 4451571 (Colombia); Passport 4451571 (Colombia)."
10000,"CANO CORREA, Jhon Eidelber","individual","SDNT",-0- ,-0- ,-0- ,-0- ,-0- ,-0- ,-0- ,"DOB 13 Dec 1963; POB El Aguila, Valle, Colombia; nationality Colombia; citizen Colombia; Cedula No. 16217170 (Colombia); alt. Cedula No. 16455750 (Colombia); Passport AF133955 (Colombia); alt. Passport AC877214 (Colombia); a.k.a. 'FLECHAS'."
10001,"INVERSIONES MACARNIC PATINO Y CIA S.C.S.",-0- ,"SDNT",-0- ,-0- ,-0- ,-0- ,-0- ,-0- ,-0- ,"NIT # 816005011-4 (Colombia)."
10002,"COMERCIALIZADORA DE CAFE DEL OCCIDENTE CODECAFE LTDA.",-0- ,"SDNT",-0- ,-0- ,-0- ,-0- ,-0- ,-0- ,-0- ,"NIT # 816004106-0 (Colombia)."
10003,"GOMEZ MARIN LTDA.",-0- ,"SDNT",-0- ,-0- ,-0- ,-0- ,-0- ,-0- ,-0- ,"NIT # 800102465-1 (Colombia)."
10004,"GAVIOTAS LTDA.",-0- ,"SDNT",-0- ,-0- ,-0- ,-0- ,-0- ,-0- ,-0- ,"NIT # 800032092-7 (Colombia); a.k.a. 'HOTEL SIN PK2'."
10005,"CANO AGUDELO S EN C",-0- ,"SDNT",-0- ,-0- ,-0- ,-0- ,-0- ,-0- ,-0- ,"NIT # 821002095-7 (Colombia)."
10007,"AHMAD, Najmuddin Faraj","individual","SDGT",-0- ,-0- ,-0- ,-0- ,-0- ,-0- ,-0- ,"DOB 07 Jul 1956; alt. DOB 17 Jun 1963; POB Olaqloo Sharbajer Village, al-Sulaymaniyah Governorate, Iraq; citizen Iraq; Secondary sanctions risk: section 1(b) of Executive Order 13224, as amended by Executive Order 13886."
10009,"AL-ALI, Hamid","individual","SDGT",-0- ,-0- ,-0- ,-0- ,-0- ,-0- ,-0- ,"DOB 20 Jan 1960; citizen Kuwait; Secondary sanctions risk: section 1(b) of Executive Order 13224, as amended by Executive Order 13886; a.k.a. 'ABU SALIM'."
10010,"AL-JALAMAH, Jaber","individual","SDGT",-0- ,-0- ,-0- ,-0- ,-0- ,-0- ,-0- ,"DOB 24 Sep 1959; nationality Kuwait; Secondary sanctions risk: section 1(b) of Executive Order 13224, as amended by Executive Order 13886; Passport 101423404; a.k.a. 'ABU MUHAMMAD'; a.k.a. ''ABDUL-GHANI'."
10011,"AL-BATHALI, Mubarak Mushakhas Sanad","individual","SDGT",-0- ,-0- ,-0- ,-0- ,-0- ,-0- ,-0- ,"DOB 01 Oct 1961; citizen Kuwait; Secondary sanctions risk: section 1(b) of Executive Order 13224, as amended by Executive Order 13886; Passport 101856740 (Kuwait)."
10012,"KOREA HYOKSIN TRADING CORPORATION",-0- ,"NPWMD",-0- ,-0- ,-0- ,-0- ,-0- ,-0- ,-0- ,"Secondary sanctions risk: North Korea Sanctions Regulations, sections 510.201 and 510.210; Transactions Prohibited For Persons Owned or Controlled By U.S. Financial Institutions: North Korea Sanctions Regulations section 510.214."
10030,"POPOV, Dimitri Igorevich","individual","DRCONGO","General Manager, Great Lakes Business Company and Compagnie Aerienne des Grands Lacs",-0- ,-0- ,-0- ,-0- ,-0- ,-0- ,"DOB 13 Feb 1961; alt. DOB 13 Feb 1965; POB Irkutsk, Russia; General Manager, Great Lakes Business Company and Compagnie Aerienne des Grands Lacs."
10033,"MANDRO, Khawa Panga","individual","DRCONGO","former President, Party for Unity and Safeguarding of the Integrity of Congo (PUSIC)",-0- ,-0- ,-0- ,-0- ,-0- ,-0- ,"DOB 20 Aug 1973; POB Bunia, Democratic Republic of the Congo; former President, Party for Unity and Safeguarding of the Integrity of Congo (PUSIC)."
10034,"MPANO, Douglas","individual","DRCONGO","Manager, Great Lakes Business Company and Compagnie Aerienne des Grands Lacs",-0- ,-0- ,-0- ,-0- ,-0- ,-0- ,"DOB 28 Dec 1965; alt. DOB 29 Dec 1965; POB Goma, Democratic Republic of the Congo; Manager, Great Lakes Business Company and Compagnie Aerienne des Grands Lacs."
10035,"NKUNDA, Laurent","individual","DRCONGO","Founder, National Congress for the People's Defense",-0- ,-0- ,-0- ,-0- ,-0- ,-0- ,"DOB 06 Feb 1967; alt. DOB 02 Feb 1967; POB Rutshuru, North Kivu, Democratic Republic of the Congo; Founder, National Congress for the People's Defense; Senior Officer, Rally for Congolese Democracy-Goma (RCD-G), 1998-2006; Officer, Rwandan Patriotic Front (RPF), 1992-1998."
10036,"MURWANASHYAKA, Ignace","individual","DRCONGO","President, Forces Democratiques pour la Liberation du Rwanda (FDLR)",-0- ,-0- ,-0- ,-0- ,-0- ,-0- ,"DOB 14 May 1963; POB Nogoma-Butera, Rwanda; President, Forces Democratiques pour la Liberation du Rwanda (FDLR)."
10042,"BARAKAT, Hatim Ahmad","individual","SDGT",-0- ,-0- ,-0- ,-0- ,-0- ,-0- ,-0- ,"DOB 25 Sep 1961; POB Mousaitbe, Lebanon; citizen Lebanon; alt. citizen Paraguay; Additional Sanctions Information - Subject to Secondary Sanctions Pursuant to the Hizballah Financial Sanctions Regulations; Secondary sanctions risk: section 1(b) of Executive Order 13224, as amended by Executive Order 13886; Passport 183319 (Paraguay); alt. Passport 148842 (Paraguay); alt. Passport 106318 (Paraguay); Identification Number 2.194.575 (Paraguay); alt. Identification Number 2.194.975 (Paraguay)."
10043,"BARAKAT, Hamzi Ahmad","individual","SDGT",-0- ,-0- ,-0- ,-0- ,-0- ,-0- ,-0- ,"DOB 10 Jan 1963; POB Rubtlatine, Lebanon; alt. POB Beirut, Lebanon; citizen Lebanon; Secondary sanctions risk: section 1(b) of Executive Order 13224, as amended by Executive Order 13886."
10044,"FAYAD, Sobhi Mahmoud","individual","SDGT",-0- ,-0- ,-0- ,-0- ,-0- ,-0- ,-0- ,"DOB 20 Aug 1965; POB Al-Taybe, Lebanon; citizen Lebanon; alt. citizen Paraguay; Additional Sanctions Information - Subject to Secondary Sanctions Pursuant to the Hizballah Financial Sanctions Regulations; Secondary sanctions risk: section 1(b) of Executive Order 13224, as amended by Executive Order 13886; Passport 1035562 (Paraguay); alt. Passport 220705 (Paraguay); alt. Passport 189103 (Paraguay); alt. Passport 142517 (Paraguay); alt. Passport 002301585 (Paraguay)."
10045,"FAYAD, Saleh Mahmoud","individual","SDGT",-0- ,-0- ,-0- ,-0- ,-0- ,-0- ,-0- ,"DOB 20 Oct 1972; POB Al-Taybe, Lebanon; Additional Sanctions Information - Subject to Secondary Sanctions Pursuant to the Hizballah Financial Sanctions Regulations; Secondary sanctions risk: section 1(b) of Executive Order 13224, as amended by Executive Order 13886."
10046,"CASA HAMZE",-0- ,"SDGT",-0- ,-0- ,-0- ,-0- ,-0- ,-0- ,-0- ,"Secondary sanctions risk: section 1(b) of Executive Order 13224, as amended by Executive Order 13886; Paraguayan tax identification number BAHA 6301000."
10047,"ABDALLAH, Muhammad Yusif","individual","SDGT",-0- ,-0- ,-0- ,-0- ,-0- ,-0- ,-0- ,"DOB 15 Jun 1952; POB Khalia, Lebanon; citizen Lebanon; alt. citizen Paraguay; Additional Sanctions Information - Subject to Secondary Sanctions Pursuant to the Hizballah Financial Sanctions Regulations; Secondary sanctions risk: section 1(b) of Executive Order 13224, as amended by Executive Order 13886; Cedula No. 1110775 (Paraguay); Passport 670317 (Lebanon); alt. Passport 137532 (Paraguay)."
10048,"OMAIRI, Farouk","individual","SDGT",-0- ,-0- ,-0- ,-0- ,-0- ,-0- ,-0- ,"DOB 06 Dec 1945; POB Hermel, Lebanon; citizen Brazil; Additional Sanctions Information - Subject to Secondary Sanctions Pursuant to the Hizballah Financial Sanctions Regulations; Secondary sanctions risk: section 1(b) of Executive Order 13224, as amended by Executive Order 13886."
10049,"TARABAIN CHAMAS, Mohamad","individual","SDGT",-0- ,-0- ,-0- ,-0- ,-0- ,-0- ,-0- ,"DOB 11 Jan 1967; POB Asuncion, Paraguay; citizen Lebanon; alt. citizen Brazil; alt. citizen Paraguay; Additional Sanctions Information - Subject to Secondary Sanctions Pursuant to the Hizballah Financial Sanctions Regulations; Secondary sanctions risk: section 1(b) of Executive Order 13224, as amended by Executive Order 13886; National Foreign ID Number RNE: W031645-8 (Brazil)."
10050,"BARAKAT, Mohammad Fayez","individual","SDGT",-0- ,-0- ,-0- ,-0- ,-0- ,-0- ,-0- ,"DOB 11 Mar 1969; POB Rubtlatine, Lebanon; citizen Lebanon; alt. citizen Paraguay; Additional Sanctions Information - Subject to Secondary Sanctions Pursuant to the Hizballah Financial Sanctions Regulations; Secondary sanctions risk: section 1(b) of Executive Order 13224, as amended by Executive Order 13886; Identification Number 2.121.948 (Paraguay)."
10051,"KAZAN, Ali Muhammad","individual","SDGT",-0- ,-0- ,-0- ,-0- ,-0- ,-0- ,-0- ,"DOB 19 Dec 1967; POB Taibe, Lebanon; citizen Lebanon; alt. citizen Paraguay; Additional Sanctions Information - Subject to Secondary Sanctions Pursuant to the Hizballah Financial Sanctions Regulations; Secondary sanctions risk: section 1(b) of Executive Order 13224, as amended by Executive Order 13886; Passport 0089044 (Lebanon)."
10052,"GALERIA PAGE",-0- ,"SDGT",-0- ,-0- ,-0- ,-0- ,-0- ,-0- ,-0- ,"Additional Sanctions Information - Subject to Secondary Sanctions Pursuant to the Hizballah Financial Sanctions Regulations; Secondary sanctions risk: section 1(b) of Executive Order 13224, as amended by Executive Order 13886."
10053,"JIHAD AL-BINA",-0- ,"SDGT",-0- ,-0- ,-0- ,-0- ,-0- ,-0- ,-0- ,"Additional Sanctions Information - Subject to Secondary Sanctions Pursuant to the Hizballah Financial Sanctions Regulations; Secondary sanctions risk: section 1(b) of Executive Order 13224, as amended by Executive Order 13886."
10114,"AL GHABRA, Mohammed","individual","SDGT",-0- ,-0- ,-0- ,-0- ,-0- ,-0- ,-0- ,"DOB 01 Jun 1980; POB Damascus, Syria; nationality United Kingdom; Secondary sanctions risk: section 1(b) of Executive Order 13224, as amended by Executive Order 13886; Passport 094629366 (United Kingdom)."
10116,"CARGO FREIGHT INTERNATIONAL",-0- ,"DRCONGO",-0- ,-0- ,-0- ,-0- ,-0- ,-0- ,-0- ,-0- 
10117,"COMPAGNIE AERIENNE DES GRANDS LACS",-0- ,"DRCONGO",-0- ,-0- ,-0- ,-0- ,-0- ,-0- ,-0- ,-0- 
10118,"GREAT LAKES BUSINESS COMPANY",-0- ,"DRCONGO",-0- ,-0- ,-0- ,-0- ,-0- ,-0- ,-0- ,-0- 
10122,"KALAYE ELECTRIC COMPANY",-0- ,"NPWMD] [IFSR",-0- ,-0- ,-0- ,-0- ,-0- ,-0- ,-0- ,"Additional Sanctions Information - Subject to Secondary Sanctions."
10128,"HIGHER INSTITUTE OF APPLIED SCIENCE AND TECHNOLOGY",-0- ,"NPWMD",-0- ,-0- ,-0- ,-0- ,-0- ,-0- ,-0- ,-0- 
10129,"ELECTRONICS INSTITUTE",-0- ,"NPWMD",-0- ,-0- ,-0- ,-0- ,-0- ,-0- ,-0- ,-0- 
10130,"NATIONAL STANDARDS AND CALIBRATION LABORATORY",-0- ,"NPWMD",-0- ,-0- ,-0- ,-0- ,-0- ,-0- ,-0- ,-0- 
10131,"DOCKRAT, Farhad Ahmed","individual","SDGT",-0- ,-0- ,-0- ,-0- ,-0- ,-0- ,-0- ,"DOB 28 Feb 1959; POB Pretoria, South Africa; nationality South Africa; Secondary sanctions risk: section 1(b) of Executive Order 13224, as amended by Executive Order 13886; Passport 446333407 (South Africa) expires 26 May 2014; National ID No. 5902285162089/055 (South Africa); a.k.a. 'DOCKRAT, F.'."
10132,"DOCKRAT, Junaid Ismail","individual","SDGT",-0- ,-0- ,-0- ,-0- ,-0- ,-0- ,-0- ,"DOB 16 Mar 1971; Secondary sanctions risk: section 1(b) of Executive Order 13224, as amended by Executive Order 13886; National ID No. 7103165178083 (South Africa); a.k.a. 'DOCKRAT, J. I.'; a.k.a. 'AHMED, DR.'."
10133,"SNIPER AFRICA",-0- ,"SDGT",-0- ,-0- ,-0- ,-0- ,-0- ,-0- ,-0- ,"Website www.sniperafrica.com; Secondary sanctions risk: section 1(b) of Executive Order 13224, as amended by Executive Order 13886; Registration ID 200302847123; Tax ID No. 9113562152."
10136,"MIKLASHEVICH, Petr Petrovich","individual","BELARUS","Prosecutor General",-0- ,-0- ,-0- ,-0- ,-0- ,-0- ,"DOB 1954; POB Kosuta, Minsk district, Belarus; nationality Belarus; citizen Belarus; Prosecutor General."
10137,"PODOBED, Yury Nikolaevich","individual","BELARUS","Commander of the Special Riot Police in Minsk (OMON)",-0- ,-0- ,-0- ,-0- ,-0- ,-0- ,"DOB 05 Mar 1962; POB Slutsk, Minsk district, Belarus; nationality Belarus; citizen Belarus; Commander of the Special Riot Police in Minsk (OMON)."
10138,"SLIZHEVSKY, Oleg Leonidovich","individual","BELARUS","Justice Minister of the Republic of Belarus",-0- ,-0- ,-0- ,-0- ,-0- ,-0- ,"DOB 16 Aug 1972; POB Hrodna, Belarus; nationality Belarus; citizen Belarus; Gender Male; Justice Minister of the Republic of Belarus."
10139,"RADKOV, Aleksandr Mikhailovich","individual","BELARUS","Minister of Education",-0- ,-0- ,-0- ,-0- ,-0- ,-0- ,"DOB 01 Jul 1951; POB Votnya, Belarus; nationality Belarus; citizen Belarus; Minister of Education."
10140,"RUSAKEVICH, Vladimir Vasilyevich","individual","BELARUS","Minister of Information",-0- ,-0- ,-0- ,-0- ,-0- ,-0- ,"DOB 13 Sep 1947; POB Vygonoshchi, Belarus; nationality Belarus; citizen Belarus; Minister of Information."
10142,"SIVAKOV, Yury","individual","BELARUS","former Minister of Sport and Tourism; former Minister of the Interior",-0- ,-0- ,-0- ,-0- ,-0- ,-0- ,"DOB 05 Aug 1946; POB Onory, Kirov district, Belarus; nationality Belarus; citizen Belarus; former Minister of Sport and Tourism; former Minister of the Interior."
10143,"BUTEMBO AIRLINES",-0- ,"DRCONGO",-0- ,-0- ,-0- ,-0- ,-0- ,-0- ,-0- ,-0- 
10144,"CONGOCOM TRADING HOUSE",-0- ,"DRCONGO",-0- ,-0- ,-0- ,-0- ,-0- ,-0- ,-0- ,-0- 
10145,"MACHANGA LTD.",-0- ,"DRCONGO",-0- ,-0- ,-0- ,-0- ,-0- ,-0- ,-0- ,-0- 
10146,"UGANDA COMMERCIAL IMPEX",-0- ,"DRCONGO",-0- ,-0- ,-0- ,-0- ,-0- ,-0- ,-0- ,-0- 
10148,"OZIA MAZIO, Dieudonne","individual","DRCONGO",-0- ,-0- ,-0- ,-0- ,-0- ,-0- ,-0- ,"DOB 06 Jun 1949; POB Ariwara, DRC; citizen Congo, Democratic Republic of the; a.k.a. 'OMARI'."
10153,"DEFENSE INDUSTRIES ORGANIZATION",-0- ,"NPWMD] [IFSR] [IRAN-CON-ARMS-EO",-0- ,-0- ,-0- ,-0- ,-0- ,-0- ,-0- ,"Additional Sanctions Information - Subject to Secondary Sanctions; a.k.a. 'SASADJA'."
10154,"HARUN, Ahmad Muhammed","individual","DARFUR","State Minister for Humanitarian Affairs; former State Minister for the Interior; former Coordinator of the Popular Police Forces",-0- ,-0- ,-0- ,-0- ,-0- ,-0- ,"DOB 1964; POB Kordofan, Sudan; nationality Sudan; State Minister for Humanitarian Affairs; former State Minister for the Interior; former Coordinator of the Popular Police Forces."
10155,"AUF, Awad Ibn","individual","DARFUR","Head of Military Intelligence and Security",-0- ,-0- ,-0- ,-0- ,-0- ,-0- ,"DOB circa 1954; nationality Sudan; Head of Military Intelligence and Security."
10325,"MUSONI, Straton","individual","DRCONGO",-0- ,-0- ,-0- ,-0- ,-0- ,-0- ,-0- ,"DOB 06 Apr 1961; alt. DOB 04 Jun 1961; POB Mugambazi, Kigali; nationality Rwanda; citizen Rwanda."
10327,"AL-DIBISKI, Nur Al-Din","individual","SDGT",-0- ,-0- ,-0- ,-0- ,-0- ,-0- ,-0- ,"DOB circa 1963; POB Tripoli, Libya; Secondary sanctions risk: section 1(b) of Executive Order 13224, as amended by Executive Order 13886; Passport 1990/345751 (Libya); a.k.a. 'AL-WARD, Abu'; a.k.a. 'AL-WARD, 'Abd'; a.k.a. 'AL-WARUD, Abu'; a.k.a. 'NAIM, Abu'."
10329,"AZIZAH, Sa'id Yusif Ali Abu","individual","SDGT",-0- ,-0- ,-0- ,-0- ,-0- ,-0- ,-0- ,"DOB 1958; POB Tripoli, Libya; Secondary sanctions risk: section 1(b) of Executive Order 13224, as amended by Executive Order 13886; Passport 87/437555 (Libya); a.k.a. 'THERAB, Abu'; a.k.a. 'THURAB, Abu'; a.k.a. 'HAMID, Abdul'; a.k.a. 'AL-HAMID, Abd'; a.k.a. 'TURAB, Abu'."
10330,"AL-SAYYID, 'Ali Sulayman Mas'ud 'Abd","individual","SDGT",-0- ,-0- ,-0- ,-0- ,-0- ,-0- ,-0- ,"DOB 1969; POB Tripoli, Libya; nationality Libya; Gender Male; Secondary sanctions risk: section 1(b) of Executive Order 13224, as amended by Executive Order 13886; Passport 96/184442 (Libya); a.k.a. 'OSMAN, Mohamed'; a.k.a. 'AL-QAYYIM, 'Ibn'; a.k.a. 'EL-QAIM, Ibn'; a.k.a. 'AL-ZAWL'."
10351,"TORRES FELIX, Javier","individual","SDNTK",-0- ,-0- ,-0- ,-0- ,-0- ,-0- ,-0- ,"DOB 19 Oct 1960; POB Mexico; nationality Mexico; citizen Mexico; a.k.a. 'EL JT'; a.k.a. 'COMPADRE'."
10352,"ARAUJO LAVEAGA, Carmen Amelia","individual","SDNTK",-0- ,-0- ,-0- ,-0- ,-0- ,-0- ,-0- ,"DOB 29 Jan 1967; POB Sinaloa, Mexico; C.U.R.P. AALC670129MSLRVR00 (Mexico)."
10354,"BUENO GARCIA, Santos","individual","SDNTK",-0- ,-0- ,-0- ,-0- ,-0- ,-0- ,-0- ,"DOB 27 Mar 1964; POB Sinaloa, Mexico; nationality Mexico; citizen Mexico; Passport 040035868 (Mexico); C.U.R.P. BUGS640327MSLNRN01 (Mexico)."
10356,"ZAMBADA NIEBLA, Modesta","individual","SDNTK",-0- ,-0- ,-0- ,-0- ,-0- ,-0- ,-0- ,"DOB 22 Nov 1982; POB Culiacan, Sinaloa, Mexico; nationality Mexico; citizen Mexico; Passport 95040018273 (Mexico); R.F.C. ZANM-821122-H87 (Mexico); C.U.R.P. ZANM821122MSLMBD07 (Mexico)."
10357,"ZAMBADA NIEBLA, Monica del Rosario","individual","SDNTK",-0- ,-0- ,-0- ,-0- ,-0- ,-0- ,-0- ,"DOB 02 Mar 1980; alt. DOB 02 Apr 1980; POB Culiacan, Sinaloa, Mexico; nationality Mexico; citizen Mexico; Passport 040037016 (Mexico); alt. Passport 95040018272 (Mexico); R.F.C. ZANM-800402 (Mexico); C.U.R.P. ZANM800402MSLMBN02 (Mexico)."
10358,"ZAMBADA NIEBLA, Midiam Patricia","individual","SDNTK",-0- ,-0- ,-0- ,-0- ,-0- ,-0- ,-0- ,"DOB 04 Mar 1971; POB Culiacan, Sinaloa, Mexico; nationality Mexico; citizen Mexico; Passport 97040022206 (Mexico); R.F.C. ZANM-710304-RN2 (Mexico); C.U.R.P. ZANM710304MSLMBD14 (Mexico); alt. C.U.R.P. ZANM710304MSLMBDO6 (Mexico)."
10359,"ZAMBADA NIEBLA, Maria Teresa","individual","SDNTK",-0- ,-0- ,-0- ,-0- ,-0- ,-0- ,-0- ,"DOB 17 Jun 1969; POB Culiacan, Sinaloa, Mexico; alt. POB Sonora, Mexico; nationality Mexico; citizen Mexico; Passport 97040021870 (Mexico); R.F.C. ZANT-690617-B73 (Mexico); C.U.R.P. ZANT690617MSLMBR01 (Mexico)."
10360,"NIEBLA CORDOZA, Rosario","individual","SDNTK",-0- ,-0- ,-0- ,-0- ,-0- ,-0- ,-0- ,"DOB 06 Oct 1946; POB Culiacan, Sinaloa, Mexico; nationality Mexico; citizen Mexico; R.F.C. NICR-461006-T36 (Mexico); C.U.R.P. NICR461006MSLBRS09 (Mexico)."
10361,"ROSARIO NIEBLA CARDOZA A. EN P.",-0- ,"SDNTK",-0- ,-0- ,-0- ,-0- ,-0- ,-0- ,-0- ,"R.F.C. NICR-461006-T36 (Mexico)."
10363,"ESTANCIA INFANTIL NINO FELIZ S.C.",-0- ,"SDNTK",-0- ,-0- ,-0- ,-0- ,-0- ,-0- ,-0- ,-0- 
10364,"ESTABLO PUERTO RICO S.A. DE C.V.",-0- ,"SDNTK",-0- ,-0- ,-0- ,-0- ,-0- ,-0- ,-0- ,"R.F.C. EPR-000322-UM9 (Mexico)."
10365,"JAMARO CONSTRUCTORES S.A. DE C.V.",-0- ,"SDNTK",-0- ,-0- ,-0- ,-0- ,-0- ,-0- ,-0- ,-0- 
10366,"NUEVA INDUSTRIA DE GANADEROS DE CULIACAN S.A. DE C.V.",-0- ,"SDNTK",-0- ,-0- ,-0- ,-0- ,-0- ,-0- ,-0- ,"R.F.C. NIG-8802029-Y7 (Mexico)."
10368,"BANK SADERAT IRAN",-0- ,"IRAN] [SDGT] [IFSR",-0- ,-0- ,-0- ,-0- ,-0- ,-0- ,-0- ,"Additional Sanctions Information - Subject to Secondary Sanctions; Secondary sanctions risk: section 1(b) of Executive Order 13224, as amended by Executive Order 13886; all offices worldwide."
10369,"AZZA AIR TRANSPORT COMPANY LTD.",-0- ,"DARFUR",-0- ,-0- ,-0- ,-0- ,-0- ,-0- ,-0- ,-0- 
10371,"FARAYAND TECHNIQUE",-0- ,"NPWMD] [IFSR",-0- ,-0- ,-0- ,-0- ,-0- ,-0- ,-0- ,"Additional Sanctions Information - Subject to Secondary Sanctions."
10373,"AL-DULAYMI, Hasan Hashim Khalaf","individual","IRAQ2",-0- ,-0- ,-0- ,-0- ,-0- ,-0- ,-0- ,"DOB 1942; POB Baghdad, Iraq; nationality Iraq; a.k.a. 'ABU WISSAM'."
10374,"AL-TIKRITI, Ahmed Watban Ibrahim Hasan","individual","IRAQ2",-0- ,-0- ,-0- ,-0- ,-0- ,-0- ,-0- ,"DOB 1975; alt. DOB 1979; POB Baghdad, Iraq; nationality Iraq."
10375,"AL-AHMAD, Ahmad Muhammad Yunis","individual","IRAQ2",-0- ,-0- ,-0- ,-0- ,-0- ,-0- ,-0- ,"DOB 19 Sep 1978; POB Al-Anbar, Iraq; nationality Iraq; Passport H0347417 (Iraq) issued 20 Feb 2003 expires 19 Feb 2011; passport place of issue: Al-Anbar, Iraq."
10376,"AL-AHMAD, Sa'ad Muhammad Yunis","individual","IRAQ2",-0- ,-0- ,-0- ,-0- ,-0- ,-0- ,-0- ,"DOB 01 Jan 1981; POB Baghdad, Iraq; nationality Iraq; Identification Number 159014 (Iraq)."
10377,"AL-AZAWI, Hatem Hamdan","individual","IRAQ2",-0- ,-0- ,-0- ,-0- ,-0- ,-0- ,-0- ,"DOB circa 1937."
10378,"AL-DURI, Thabet","individual","IRAQ2",-0- ,-0- ,-0- ,-0- ,-0- ,-0- ,-0- ,"DOB 1943; alt. DOB 1944; POB Dur, Iraq."
10380,"AL-RAWI, Fawzi Mutlaq","individual","SDGT","CHAIRMAN, IRAQI WING OF THE SYRIAN BA'TH PARTY",-0- ,-0- ,-0- ,-0- ,-0- ,-0- ,"DOB 1940; POB RAWAH CITY, IRAQ; nationality Iraq; citizen Syria; Secondary sanctions risk: section 1(b) of Executive Order 13224, as amended by Executive Order 13886; CHAIRMAN, IRAQI WING OF THE SYRIAN BA'TH PARTY; a.k.a. 'ABU FIRAS'; a.k.a. 'ABU AKRAM'."
10381,"CAZAREZ SALAZAR, Victor Emilio","individual","SDNTK",-0- ,-0- ,-0- ,-0- ,-0- ,-0- ,-0- ,"DOB 08 Aug 1961; POB Guasavito, Guasave, Sinaloa, Mexico; nationality Mexico; citizen Mexico; alt. citizen United States; C.U.R.P. CASV610808HSLZLC08 (Mexico); a.k.a. 'EL LICENCIADO'; a.k.a. 'EL VIEJO'."
10382,"PAREDES CORDOVA, Jorge Mario","individual","SDNTK",-0- ,-0- ,-0- ,-0- ,-0- ,-0- ,-0- ,"DOB 09 Jan 1966; POB Morazan, El Progreso, Guatemala; nationality Guatemala; citizen Guatemala; Passport 1102020001107JK (Guatemala); a.k.a. 'EL GORDO'; a.k.a. 'HIPER'."
10383,"KHAN, Shahbaz","individual","SDNTK",-0- ,-0- ,-0- ,-0- ,-0- ,-0- ,-0- ,"DOB 01 Jan 1948; POB Landi Kotal, Pakistan; citizen Pakistan; Passport AB4106401 (Pakistan); a.k.a. 'HAJI SHAHBAZ KOOCHI'; a.k.a. 'HAJI SHAHBAZ'; a.k.a. 'HAJI SHABBAZ'."
10384,"ALIZAI, Haji Azizullah","individual","SDNTK",-0- ,-0- ,-0- ,-0- ,-0- ,-0- ,-0- ,"DOB 1950; alt. DOB 1952; POB Gereshk District, Helmund Province, Afghanistan; alt. POB Kabul City, Afghanistan; citizen Afghanistan; Electoral Registry No. 07385114 (Afghanistan)."
10385,"BARTH, Frederik Heinz","individual","SDNTK",-0- ,-0- ,-0- ,-0- ,-0- ,-0- ,-0- ,"DOB 30 Aug 1965; POB Laupheim, Germany; citizen Germany; Occupation: Chemist."
10386,"GULF CARTEL",-0- ,"SDNTK] [FTO] [SDGT] [ILLICIT-DRUGS-EO14059",-0- ,-0- ,-0- ,-0- ,-0- ,-0- ,-0- ,"Secondary sanctions risk: section 1(b) of Executive Order 13224, as amended by Executive Order 13886; Organization Type: Transnational Terrorist Group; Target Type Criminal Organization; a.k.a. 'CDG'."
10388,"FAJR INDUSTRIES GROUP",-0- ,"NPWMD] [IFSR",-0- ,-0- ,-0- ,-0- ,-0- ,-0- ,-0- ,"Additional Sanctions Information - Subject to Secondary Sanctions."
10389,"MIZAN MACHINE MANUFACTURING GROUP",-0- ,"NPWMD] [IFSR",-0- ,-0- ,-0- ,-0- ,-0- ,-0- ,-0- ,"Additional Sanctions Information - Subject to Secondary Sanctions; a.k.a. '3MG'."
10391,"ISLAMIC REVOLUTIONARY GUARD CORPS",-0- ,"FTO] [SDGT] [NPWMD] [IRGC] [IFSR] [IRAN-HR] [HRIT-IR] [ELECTION-EO13848",-0- ,-0- ,-0- ,-0- ,-0- ,-0- ,-0- ,"Additional Sanctions Information - Subject to Secondary Sanctions; Secondary sanctions risk: section 1(b) of Executive Order 13224, as amended by Executive Order 13886."
10392,"MINISTRY OF DEFENSE AND ARMED FORCES LOGISTICS",-0- ,"SDGT] [NPWMD] [IFSR] [IRAN-CON-ARMS-EO] [RUSSIA-EO14024",-0- ,-0- ,-0- ,-0- ,-0- ,-0- ,-0- ,"Additional Sanctions Information - Subject to Secondary Sanctions; Secondary sanctions risk: See Section 11 of Executive Order 14024.; alt. Secondary sanctions risk: section 1(b) of Executive Order 13224, as amended by Executive Order 13886; Linked To: ISLAMIC REVOLUTIONARY GUARD CORPS (IRGC)-QODS FORCE; Linked To: ROSOBORONEKSPORT OAO."
10405,"SANTANILLA BOTACHE, Miguel","individual","SDGT",-0- ,-0- ,-0- ,-0- ,-0- ,-0- ,-0- ,"DOB 15 Oct 1964; alt. DOB 15 Oct 1963; POB Florencia, Caqueta Department, Colombia; nationality Colombia; citizen Colombia; Gender Male; Secondary sanctions risk: section 1(b) of Executive Order 13224, as amended by Executive Order 13886; a.k.a. 'DUARTE, Gentil'; Linked To: REVOLUTIONARY ARMED FORCES OF COLOMBIA - PEOPLE'S ARMY."
10408,"AL-SALAH SOCIETY",-0- ,"SDGT",-0- ,-0- ,-0- ,-0- ,-0- ,-0- ,-0- ,"Secondary sanctions risk: section 1(b) of Executive Order 13224, as amended by Executive Order 13886."
10409,"AL-KURD, Ahmad Harb","individual","SDGT",-0- ,-0- ,-0- ,-0- ,-0- ,-0- ,-0- ,"DOB circa 1949; alt. DOB circa 1951; POB Deir Al-Balah, Gaza; Secondary sanctions risk: section 1(b) of Executive Order 13224, as amended by Executive Order 13886."
10410,"MARTYRS FOUNDATION",-0- ,"SDGT] [IFSR",-0- ,-0- ,-0- ,-0- ,-0- ,-0- ,-0- ,"Additional Sanctions Information - Subject to Secondary Sanctions; alt. Additional Sanctions Information - Subject to Secondary Sanctions Pursuant to the Hizballah Financial Sanctions Regulations; Secondary sanctions risk: section 1(b) of Executive Order 13224, as amended by Executive Order 13886."
10411,"MARTYRS FOUNDATION IN LEBANON",-0- ,"SDGT",-0- ,-0- ,-0- ,-0- ,-0- ,-0- ,-0- ,"Additional Sanctions Information - Subject to Secondary Sanctions Pursuant to the Hizballah Financial Sanctions Regulations; Secondary sanctions risk: section 1(b) of Executive Order 13224, as amended by Executive Order 13886."
10412,"PALESTINIAN MARTYRS FOUNDATION",-0- ,"SDGT",-0- ,-0- ,-0- ,-0- ,-0- ,-0- ,-0- ,"Additional Sanctions Information - Subject to Secondary Sanctions Pursuant to the Hizballah Financial Sanctions Regulations; Secondary sanctions risk: section 1(b) of Executive Order 13224, as amended by Executive Order 13886."
10413,"GOODWILL CHARITABLE ORGANIZATION, INC.",-0- ,"SDGT",-0- ,-0- ,-0- ,-0- ,-0- ,-0- ,-0- ,"Additional Sanctions Information - Subject to Secondary Sanctions Pursuant to the Hizballah Financial Sanctions Regulations; Secondary sanctions risk: section 1(b) of Executive Order 13224, as amended by Executive Order 13886."
10414,"ALIQ, Qasim","individual","SDGT",-0- ,-0- ,-0- ,-0- ,-0- ,-0- ,-0- ,"DOB 1956; POB Lebanon; Additional Sanctions Information - Subject to Secondary Sanctions Pursuant to the Hizballah Financial Sanctions Regulations; Secondary sanctions risk: section 1(b) of Executive Order 13224, as amended by Executive Order 13886."
10415,"AL-SHAMI, Ahmad","individual","SDGT",-0- ,-0- ,-0- ,-0- ,-0- ,-0- ,-0- ,"DOB 1965; POB Beirut, Lebanon; Additional Sanctions Information - Subject to Secondary Sanctions Pursuant to the Hizballah Financial Sanctions Regulations; Secondary sanctions risk: section 1(b) of Executive Order 13224, as amended by Executive Order 13886."
10416,"AL-QARD AL-HASSAN ASSOCIATION",-0- ,"SDGT",-0- ,-0- ,-0- ,-0- ,-0- ,-0- ,-0- ,"Additional Sanctions Information - Subject to Secondary Sanctions Pursuant to the Hizballah Financial Sanctions Regulations; Secondary sanctions risk: section 1(b) of Executive Order 13224, as amended by Executive Order 13886."
10463,"FATAH AL-ISLAM",-0- ,"SDGT",-0- ,-0- ,-0- ,-0- ,-0- ,-0- ,-0- ,"Secondary sanctions risk: section 1(b) of Executive Order 13224, as amended by Executive Order 13886."
10465,"ISLAMIC REVOLUTIONARY GUARD CORPS (IRGC)-QODS FORCE",-0- ,"FTO] [SDGT] [IRGC] [IFSR] [IRAN-HR] [ELECTION-EO13848",-0- ,-0- ,-0- ,-0- ,-0- ,-0- ,-0- ,"Additional Sanctions Information - Subject to Secondary Sanctions; Secondary sanctions risk: section 1(b) of Executive Order 13224, as amended by Executive Order 13886."
10468,"ZULUAGA LINDO, Francisco Javier","individual","SDNT",-0- ,-0- ,-0- ,-0- ,-0- ,-0- ,-0- ,"DOB 15 Jan 1970; POB Cali, Colombia; nationality Colombia; citizen Colombia; Cedula No. 16774828 (Colombia); Passport AF869394 (Colombia); alt. Passport AE047754 (Colombia); a.k.a. 'GORDO LINDO'."
10469,"VANOY MURILLO, Ramiro","individual","SDNT",-0- ,-0- ,-0- ,-0- ,-0- ,-0- ,-0- ,"DOB 31 Mar 1948; POB Yacopi, Cundinamarca, Colombia; nationality Colombia; citizen Colombia; Cedula No. 462653 (Colombia); a.k.a. 'CUCO'."
10473,"SOCIEDAD SUPERDEPORTES LTDA.",-0- ,"SDNT",-0- ,-0- ,-0- ,-0- ,-0- ,-0- ,-0- ,"NIT # 8009712337 (Colombia)."
10475,"AL-KHASHIBAN, Fahd Muhammad 'Abd Al-'Aziz","individual","SDGT",-0- ,-0- ,-0- ,-0- ,-0- ,-0- ,-0- ,"DOB 16 Oct 1966; POB 'Aniza, Saudi Arabia; nationality Saudi Arabia; Secondary sanctions risk: section 1(b) of Executive Order 13224, as amended by Executive Order 13886; a.k.a. 'THABIT, Shaykh Abu'; a.k.a. 'THABET, Shaykh'; a.k.a. 'RAHMAN, Abu Abdur'; a.k.a. 'RAHMAN, Abdur Abu'; a.k.a. 'THABIT, Abu'."
10476,"SUGHAYR, Muhammad 'Abdallah Salih","individual","SDGT",-0- ,-0- ,-0- ,-0- ,-0- ,-0- ,-0- ,"DOB 20 Aug 1972; alt. DOB 10 Aug 1972; POB Al-Karawiya, Saudi Arabia; nationality Saudi Arabia; Secondary sanctions risk: section 1(b) of Executive Order 13224, as amended by Executive Order 13886; a.k.a. 'BAKR, Abu'; a.k.a. 'ABDULLAH, Abu'."
10477,"AL-TALHI, Abdul Rahim","individual","SDGT",-0- ,-0- ,-0- ,-0- ,-0- ,-0- ,-0- ,"DOB 08 Dec 1961; POB Al-Shefa, Al-Taif, Saudi Arabia; nationality Saudi Arabia; Secondary sanctions risk: section 1(b) of Executive Order 13224, as amended by Executive Order 13886; Passport F275043 (Saudi Arabia) issued 29 May 2004 expires 05 Apr 2009; a.k.a. 'RAHIM, Abdul'."
10479,"REZAIE, Morteza","individual","SDGT] [NPWMD] [IRGC] [IFSR",-0- ,-0- ,-0- ,-0- ,-0- ,-0- ,-0- ,"DOB circa 1956; nationality Iran; citizen Iran; Additional Sanctions Information - Subject to Secondary Sanctions; Secondary sanctions risk: section 1(b) of Executive Order 13224, as amended by Executive Order 13886."
10480,"AHMADIAN, Ali Akbar","individual","SDGT] [NPWMD] [IRGC] [IFSR",-0- ,-0- ,-0- ,-0- ,-0- ,-0- ,-0- ,"DOB circa 1961; POB Kerman, Iran; nationality Iran; citizen Iran; Additional Sanctions Information - Subject to Secondary Sanctions; Secondary sanctions risk: section 1(b) of Executive Order 13224, as amended by Executive Order 13886."
10481,"SOLEIMANI, Qasem","individual","SDGT] [NPWMD] [IRGC] [IFSR",-0- ,-0- ,-0- ,-0- ,-0- ,-0- ,-0- ,"DOB 11 Mar 1957; POB Qom, Iran; nationality Iran; citizen Iran; Additional Sanctions Information - Subject to Secondary Sanctions; Secondary sanctions risk: section 1(b) of Executive Order 13224, as amended by Executive Order 13886; Diplomatic Passport 008827 (Iran) issued 1999."
10483,"HEJAZI, Mohammad","individual","SDGT] [NPWMD] [IRGC] [IFSR",-0- ,-0- ,-0- ,-0- ,-0- ,-0- ,-0- ,"DOB circa 1959; nationality Iran; citizen Iran; Additional Sanctions Information - Subject to Secondary Sanctions; Secondary sanctions risk: section 1(b) of Executive Order 13224, as amended by Executive Order 13886."
10485,"AL-SHEIBANI, Abu Mustafa","individual","IRAQ3",-0- ,-0- ,-0- ,-0- ,-0- ,-0- ,-0- ,"DOB circa 1959; alt. DOB circa 1960; POB Nasiriyah, Iraq; citizen Iran; alt. citizen Iraq; Additional Sanctions Information - Subject to Secondary Sanctions."
10486,"TAMILS REHABILITATION ORGANISATION",-0- ,"SDGT",-0- ,-0- ,-0- ,-0- ,-0- ,-0- ,-0- ,"Secondary sanctions risk: section 1(b) of Executive Order 13224, as amended by Executive Order 13886; Registration ID 50706 (Sri Lanka); alt. Registration ID 6205 (Australia); alt. Registration ID 1107434 (United Kingdom); alt. Registration ID D4025482 (United States); alt. Registration ID 802401-0962 (Sweden); Tax ID No. 52-1943868 (United States); a.k.a. 'TRO'."
10488,"KHATAM OL ANBIA GHARARGAH SAZANDEGI NOOH",-0- ,"SDGT] [NPWMD] [IRGC] [IFSR",-0- ,-0- ,-0- ,-0- ,-0- ,-0- ,-0- ,"Additional Sanctions Information - Subject to Secondary Sanctions; Secondary sanctions risk: section 1(b) of Executive Order 13224, as amended by Executive Order 13886."
10489,"ORIENTAL OIL KISH",-0- ,"SDGT] [NPWMD] [IRGC] [IFSR",-0- ,-0- ,-0- ,-0- ,-0- ,-0- ,-0- ,"Additional Sanctions Information - Subject to Secondary Sanctions; Secondary sanctions risk: section 1(b) of Executive Order 13224, as amended by Executive Order 13886."
10490,"GHORB KARBALA",-0- ,"SDGT] [NPWMD] [IRGC] [IFSR",-0- ,-0- ,-0- ,-0- ,-0- ,-0- ,-0- ,"Additional Sanctions Information - Subject to Secondary Sanctions; Secondary sanctions risk: section 1(b) of Executive Order 13224, as amended by Executive Order 13886."
10491,"SEPASAD ENGINEERING COMPANY",-0- ,"SDGT] [NPWMD] [IRGC] [IFSR",-0- ,-0- ,-0- ,-0- ,-0- ,-0- ,-0- ,"Additional Sanctions Information - Subject to Secondary Sanctions; Secondary sanctions risk: section 1(b) of Executive Order 13224, as amended by Executive Order 13886."
10492,"GHORB NOOH",-0- ,"SDGT] [NPWMD] [IRGC] [IFSR",-0- ,-0- ,-0- ,-0- ,-0- ,-0- ,-0- ,"Additional Sanctions Information - Subject to Secondary Sanctions; Secondary sanctions risk: section 1(b) of Executive Order 13224, as amended by Executive Order 13886."
10493,"OMRAN SAHEL",-0- ,"SDGT] [NPWMD] [IRGC] [IFSR",-0- ,-0- ,-0- ,-0- ,-0- ,-0- ,-0- ,"Additional Sanctions Information - Subject to Secondary Sanctions; Secondary sanctions risk: section 1(b) of Executive Order 13224, as amended by Executive Order 13886."
10494,"SAHEL CONSULTANT ENGINEERS",-0- ,"SDGT] [NPWMD] [IRGC] [IFSR",-0- ,-0- ,-0- ,-0- ,-0- ,-0- ,-0- ,"Additional Sanctions Information - Subject to Secondary Sanctions; Secondary sanctions risk: section 1(b) of Executive Order 13224, as amended by Executive Order 13886."
10495,"HARA COMPANY",-0- ,"SDGT] [NPWMD] [IRGC] [IFSR",-0- ,-0- ,-0- ,-0- ,-0- ,-0- ,-0- ,"Additional Sanctions Information - Subject to Secondary Sanctions; Secondary sanctions risk: section 1(b) of Executive Order 13224, as amended by Executive Order 13886."
10496,"GHARARGAHE SAZANDEGI GHAEM",-0- ,"SDGT] [NPWMD] [IRGC] [IFSR",-0- ,-0- ,-0- ,-0- ,-0- ,-0- ,-0- ,"Additional Sanctions Information - Subject to Secondary Sanctions; Secondary sanctions risk: section 1(b) of Executive Order 13224, as amended by Executive Order 13886."
10566,"HARDAN, Assaad Halim","individual","LEBANON",-0- ,-0- ,-0- ,-0- ,-0- ,-0- ,-0- ,"DOB 31 Jul 1951; POB Rashayya al-Fakhar, Lebanon; alt. POB Rashia al Foukhar, Lebanon; alt. POB Rashayya al-Fuqhar, Lebanon."
10568,"WAHHAB, Wi'am","individual","LEBANON",-0- ,-0- ,-0- ,-0- ,-0- ,-0- ,-0- ,"DOB 1964; POB Al-Jahiliya, Shuf Mountains, Lebanon."
10569,"MAKHLUF, Hafiz","individual","LEBANON","Colonel",-0- ,-0- ,-0- ,-0- ,-0- ,-0- ,"DOB circa 1975; POB Damascus, Syria; Colonel."
10574,"BELNEFTEKHIM",-0- ,"BELARUS",-0- ,-0- ,-0- ,-0- ,-0- ,-0- ,-0- ,-0- 
10575,"BELNEFTEKHIM USA, INC.",-0- ,"BELARUS",-0- ,-0- ,-0- ,-0- ,-0- ,-0- ,-0- ,"US FEIN 000920912 (United States)."
10581,"BAHMANYAR, Bahmanyar Morteza","individual","NPWMD] [IFSR",-0- ,-0- ,-0- ,-0- ,-0- ,-0- ,-0- ,"DOB 31 Dec 1952; POB Tehran, Iran; Additional Sanctions Information - Subject to Secondary Sanctions; Passport I0005159 (Iran); alt. Passport 10005159 (Iran)."
10582,"DASTJERDI, Ahmad Vahid","individual","NPWMD] [IFSR",-0- ,-0- ,-0- ,-0- ,-0- ,-0- ,-0- ,"DOB 15 Jan 1954; Additional Sanctions Information - Subject to Secondary Sanctions; Diplomatic Passport A0002987 (Iran)."
10583,"ESMAELI, Reza-Gholi","individual","NPWMD] [IFSR",-0- ,-0- ,-0- ,-0- ,-0- ,-0- ,-0- ,"DOB 03 Apr 1961; POB Tehran, Iran; Additional Sanctions Information - Subject to Secondary Sanctions; Passport A0002302 (Iran)."
10584,"SALIMI, Hosein","individual","SDGT] [NPWMD] [IRGC] [IFSR","Commander-in-Chief of the Islamic Revolutionary Guard Corps",-0- ,-0- ,-0- ,-0- ,-0- ,-0- ,"DOB 1960; POB Golpayegan, Isfahan province, Iran; nationality Iran; citizen Iran; Additional Sanctions Information - Subject to Secondary Sanctions; Gender Male; Secondary sanctions risk: section 1(b) of Executive Order 13224, as amended by Executive Order 13886; Passport D08531177 (Iran); Commander-in-Chief of the Islamic Revolutionary Guard Corps."
10587,"NOOR MUHAMMAD, Abdul Majeed","individual","SDNTK",-0- ,-0- ,-0- ,-0- ,-0- ,-0- ,-0- ,"DOB 1957; POB Chagai, Pakistan; citizen Pakistan; Passport LA097936 (Pakistan)."
10588,"KHAN, Sherbaz","individual","SDNTK",-0- ,-0- ,-0- ,-0- ,-0- ,-0- ,-0- ,"DOB 03 Apr 1979; POB Khyber Agency, Pakistan; citizen Pakistan; Passport 137987 (Pakistan)."
10589,"DUZCAN, Ceylan","individual","SDNTK",-0- ,-0- ,-0- ,-0- ,-0- ,-0- ,-0- ,"DOB 01 Mar 1975; POB Savsat, Turkey; citizen Turkey; Passport 315408 (Turkey); Driver's License No. 11550 (Turkey)."
10590,"SCHNEIDER, Simon","individual","SDNTK",-0- ,-0- ,-0- ,-0- ,-0- ,-0- ,-0- ,"DOB 14 Jul 1967; POB Hoorn, Netherlands; citizen Netherlands; Passport BA0199589 (Netherlands)."
10591,"MICHIELSEN, Tom","individual","SDNTK",-0- ,-0- ,-0- ,-0- ,-0- ,-0- ,-0- ,"DOB 22 Dec 1975; POB Kapellen, Belgium; citizen Belgium; Passport FF615720 (Belgium); Identification Number 1041 002019 56 (Belgium)."
10592,"GHANI, Mohammad Nadeem","individual","SDNTK",-0- ,-0- ,-0- ,-0- ,-0- ,-0- ,-0- ,"DOB Feb 1968; nationality United Kingdom; citizen United Kingdom; Gender Male; Passport 093055372 (United Kingdom)."
10593,"LOAN, Waseem Rauf","individual","SDNTK",-0- ,-0- ,-0- ,-0- ,-0- ,-0- ,-0- ,"DOB 03 Mar 1966; POB Lahore, Pakistan; citizen Pakistan; Passport AA8908881 (Pakistan); Identification Number 35200-5407888-5 (Pakistan)."
10594,"BEHZAD, Ahmad Abdulla Mohammad Abdulla","individual","SDNTK",-0- ,-0- ,-0- ,-0- ,-0- ,-0- ,-0- ,"DOB 02 Nov 1971; POB Dubai, United Arab Emirates; citizen United Arab Emirates; Passport A1042768 (United Arab Emirates); alt. Passport A0269124 (United Arab Emirates); a.k.a. 'AHMED MOHAMMED ABDULLAH'; a.k.a. 'ABDULLAH MOHAMMED ABDULLAH BAHZAD'; a.k.a. 'MOHAMMED ABDULLAH MOHAMMED BAHZAD'; a.k.a. 'AHMED BEHZA'; a.k.a. 'ABDULLA MOHAMAD ABDULLA MOHAMAD BEHZAD'; a.k.a. 'ABDULLAH AHMAD ABDULLAH MOHAMAD BAHZAD'."
10595,"AZAM, Amir","individual","SDNTK",-0- ,-0- ,-0- ,-0- ,-0- ,-0- ,-0- ,"DOB 02 Nov 1971; POB Chiswick, England; citizen United Arab Emirates; Passport 039856039 (United Kingdom)."
10596,"FMF GENERAL TRADING LLC",-0- ,"SDNTK",-0- ,-0- ,-0- ,-0- ,-0- ,-0- ,-0- ,"C.R. No. 66488 (United Arab Emirates)."
10597,"AL AMLOOD TRADING LLC",-0- ,"SDNTK",-0- ,-0- ,-0- ,-0- ,-0- ,-0- ,-0- ,"C.R. No. 79190 (United Arab Emirates)."
10598,"A A TRADING FZCO",-0- ,"SDNTK",-0- ,-0- ,-0- ,-0- ,-0- ,-0- ,-0- ,-0- 
10599,"BELS FLOWERS IMPORT EXPORT BVBA",-0- ,"SDNTK",-0- ,-0- ,-0- ,-0- ,-0- ,-0- ,-0- ,"C.R. No. 478351540 (Belgium)."
10600,"OFFENBACH HAUSHALTWAREN B.V.",-0- ,"SDNTK",-0- ,-0- ,-0- ,-0- ,-0- ,-0- ,-0- ,"C.R. No. 28094396 (Netherlands)."
10601,"KHAN & SCHIRINDEL GMBH",-0- ,"SDNTK",-0- ,-0- ,-0- ,-0- ,-0- ,-0- ,-0- ,"C.R. No. HRB20555 (Germany)."
10602,"SAF TECH S.L.",-0- ,"SDNTK",-0- ,-0- ,-0- ,-0- ,-0- ,-0- ,-0- ,"C.R. No. B62398060 (Spain)."
10603,"DUBAI TRADING COMPANY",-0- ,"SDNTK",-0- ,-0- ,-0- ,-0- ,-0- ,-0- ,-0- ,-0- 
10604,"ZULEKHA GENERAL TRADING LLC",-0- ,"SDNTK",-0- ,-0- ,-0- ,-0- ,-0- ,-0- ,-0- ,"C.R. No. 32035 (United Arab Emirates); Linked To: GHANI, Mohammad Nadeem."
10605,"SHAHBAZ TV CENTER",-0- ,"SDNTK",-0- ,-0- ,-0- ,-0- ,-0- ,-0- ,-0- ,-0- 
10606,"SHAHNAWAZ TRADERS",-0- ,"SDNTK",-0- ,-0- ,-0- ,-0- ,-0- ,-0- ,-0- ,-0- 
10607,"SHER MATCH INDUSTRIES (PVT.) LIMITED",-0- ,"SDNTK",-0- ,-0- ,-0- ,-0- ,-0- ,-0- ,-0- ,"C.R. No. P-01876/19981106 (Pakistan)."
10608,"SHAHBAZ KHAN GENERAL TRADING LLC",-0- ,"SDNTK",-0- ,-0- ,-0- ,-0- ,-0- ,-0- ,-0- ,"C.R. No. 52060 (United Arab Emirates)."
10609,"MALEKI, Naser","individual","NPWMD] [IFSR",-0- ,-0- ,-0- ,-0- ,-0- ,-0- ,-0- ,"DOB circa 1960; nationality Iran; Additional Sanctions Information - Subject to Secondary Sanctions; Passport A0003039 (Iran)."
10612,"DROUKDEL, Abdelmalek","individual","SDGT",-0- ,-0- ,-0- ,-0- ,-0- ,-0- ,-0- ,"DOB 20 Apr 1970; POB Meftah, Algeria; alt. POB Khemis El Khechna, Algeria; nationality Algeria; Secondary sanctions risk: section 1(b) of Executive Order 13224, as amended by Executive Order 13886; a.k.a. 'ABDELWADOUD, Abou'."
10614,"CAZARES SALAZAR, Blanca Margarita","individual","SDNTK",-0- ,-0- ,-0- ,-0- ,-0- ,-0- ,-0- ,"DOB 18 Sep 1954; alt. DOB 18 Sep 1955; POB Guayabito, Pericos, Morocito, Sinaloa, Mexico; nationality Mexico; citizen Mexico; alt. citizen United States; R.F.C. CASB540918LVI (Mexico); C.U.R.P. CASB540918MSLZLL00 (Mexico); Electoral Registry No. CZSLBL54091825M200 (Mexico)."
10615,"MEZA GASPAR, Arturo","individual","SDNTK",-0- ,-0- ,-0- ,-0- ,-0- ,-0- ,-0- ,"DOB 04 Jul 1946; POB Jacola, Culiacan, Sinaloa, Mexico; nationality Mexico; citizen Mexico; R.F.C. MEGA460704 (Mexico); Electoral Registry No. MZGSAR46070425H400 (Mexico)."
10616,"MEZA CAZARES, Arturo","individual","SDNTK",-0- ,-0- ,-0- ,-0- ,-0- ,-0- ,-0- ,"DOB 06 Mar 1976; alt. DOB 29 Mar 1976; POB Culiacan, Sinaloa, Mexico; nationality Mexico; citizen Mexico; Gender Male; R.F.C. MECA760306V70 (Mexico); alt. R.F.C. MECA760329 (Mexico); Identification Number B9457110 (United States)."
10618,"MEZA CAZARES, Lizbeth","individual","SDNTK",-0- ,-0- ,-0- ,-0- ,-0- ,-0- ,-0- ,"DOB 05 Jan 1981; alt. DOB 15 Jan 1981; POB Culiacan, Sinaloa, Mexico; nationality Mexico; citizen Mexico; R.F.C. MECL810115 (Mexico)."
10620,"PEREZ VERDUZCO, Roberto","individual","SDNTK",-0- ,-0- ,-0- ,-0- ,-0- ,-0- ,-0- ,"DOB 29 Oct 1963; POB Culiacan, Sinaloa, Mexico; nationality Mexico; citizen Mexico; Passport 040049618 (Mexico); R.F.C. PEVR6310292D8 (Mexico); C.U.R.P. PEVR631029HSLRRB06 (Mexico)."
10621,"BELTRAN ROMERO, Mireya Denisse","individual","SDNTK",-0- ,-0- ,-0- ,-0- ,-0- ,-0- ,-0- ,"DOB 11 Mar 1981; POB Tijuana, Baja California, Mexico; nationality Mexico; citizen Mexico; Passport 03900215458 (Mexico); R.F.C. BERM810311CF0 (Mexico)."
10622,"BELTRAN SANCHEZ, Hector Manuel","individual","SDNTK",-0- ,-0- ,-0- ,-0- ,-0- ,-0- ,-0- ,"DOB 02 Mar 1952; POB Culiacan, Sinaloa, Mexico; nationality Mexico; citizen Mexico; R.F.C. BESH520302AS4 (Mexico)."
10626,"AGUIRRE SANCHEZ, Blanca Armida","individual","SDNTK",-0- ,-0- ,-0- ,-0- ,-0- ,-0- ,-0- ,"DOB 07 Mar 1958; POB Tijuana, Baja California, Mexico; nationality Mexico; citizen Mexico; Passport 04020067193 (Mexico); R.F.C. AUSB580307CR4 (Mexico); alt. R.F.C. AUSB580307CRA (Mexico); Electoral Registry No. AGSNBL58030702M801 (Mexico)."
10627,"AGUIRRE SANCHEZ, Claudia","individual","SDNTK",-0- ,-0- ,-0- ,-0- ,-0- ,-0- ,-0- ,"DOB 04 Jan 1969; POB Tijuana, Baja California, Mexico; nationality Mexico; citizen Mexico; Cedula No. 1993358 (Mexico); Electoral Registry No. AGSNCL69010402M000 (Mexico)."
10628,"OLIVAS OJEDA, Marco Antonio","individual","SDNTK",-0- ,-0- ,-0- ,-0- ,-0- ,-0- ,-0- ,"DOB 14 Jun 1960; POB Navolato, Sinaloa, Mexico; nationality Mexico; citizen Mexico; R.F.C. OIOM600614YA5 (Mexico); C.U.R.P. OIOM600614HSLLJR08 (Mexico); Electoral Registry No. OIOJMR60061425H900 (Mexico)."
10629,"RUIZ ZAVALA, Aleyda","individual","SDNTK",-0- ,-0- ,-0- ,-0- ,-0- ,-0- ,-0- ,"DOB 10 May 1962; POB Tamazula, Durango, Mexico; nationality Mexico; citizen Mexico; R.F.C. RUZA6205108L5 (Mexico); C.U.R.P. RUZA620510MDGZVL04 (Mexico); Electoral Registry No. RZZVAL62051010M200 (Mexico)."
10630,"ZAZUETA URREA, Epifanio","individual","SDNTK",-0- ,-0- ,-0- ,-0- ,-0- ,-0- ,-0- ,"DOB 01 Aug 1947; POB Sinaloa, Mexico; nationality Mexico; citizen Mexico; Passport 040032826 (Mexico); R.F.C. ZAUE470801DK6 (Mexico); Electoral Registry No. ZZUREP47080125H900 (Mexico)."
10634,"OLIVAS OJEDA, Juan Carlos","individual","SDNTK",-0- ,-0- ,-0- ,-0- ,-0- ,-0- ,-0- ,"DOB 14 Mar 1965; POB Navolato, Sinaloa, Mexico; nationality Mexico; citizen Mexico."
10636,"OLIVAS OJEDA, Jesus Joaquin","individual","SDNTK",-0- ,-0- ,-0- ,-0- ,-0- ,-0- ,-0- ,"DOB 25 Oct 1955; nationality Mexico; citizen Mexico; R.F.C. OIOJ551025S49 (Mexico)."
10637,"SISTEMA DE RADIO DE SINALOA, S.A. DE C.V.",-0- ,"SDNTK",-0- ,-0- ,-0- ,-0- ,-0- ,-0- ,-0- ,"R.F.C. SRS9903153C5 (Mexico)."
10638,"TOYS FACTORY, S.A. DE C.V.",-0- ,"SDNTK",-0- ,-0- ,-0- ,-0- ,-0- ,-0- ,-0- ,"R.F.C. TFA021112AR9 (Mexico)."
10639,"CONSORCIO INMOBILIARIO DEL VALLE DE CULIACAN, S.A. DE C.V.",-0- ,"SDNTK",-0- ,-0- ,-0- ,-0- ,-0- ,-0- ,-0- ,"R.F.C. CIV0106199MA (Mexico)."
10641,"SEPRIV, S.A. DE C.V.",-0- ,"SDNTK",-0- ,-0- ,-0- ,-0- ,-0- ,-0- ,-0- ,"R.F.C. SEP980319668 (Mexico)."
10642,"OPERADORA INTEGRAL DE COMERCIO, S.A. DE C.V.",-0- ,"SDNTK",-0- ,-0- ,-0- ,-0- ,-0- ,-0- ,-0- ,"R.F.C. OIC040925SA9 (Mexico)."
10643,"TECNOLOGIA DIGITAL Y SERVICIOS, S.A. DE C.V.",-0- ,"SDNTK",-0- ,-0- ,-0- ,-0- ,-0- ,-0- ,-0- ,"R.F.C. TDS021031UD6 (Mexico)."
10645,"MULTISERVICIOS AGSA, S.A. DE C.V.",-0- ,"SDNTK",-0- ,-0- ,-0- ,-0- ,-0- ,-0- ,-0- ,"R.F.C. MAG941123BYA (Mexico)."
10646,"MEXGLOBO, S.A. DE C.V.",-0- ,"SDNTK",-0- ,-0- ,-0- ,-0- ,-0- ,-0- ,-0- ,"R.F.C. MEX9909034Y0 (Mexico)."
10647,"AGBAS CONSULTORES, S.A. DE C.V.",-0- ,"SDNTK",-0- ,-0- ,-0- ,-0- ,-0- ,-0- ,-0- ,"R.F.C. ACO040630893 (Mexico)."
10648,"COCINA DE TIJUANA, S. DE R.L. DE C.V.",-0- ,"SDNTK",-0- ,-0- ,-0- ,-0- ,-0- ,-0- ,-0- ,"R.F.C. CTI050414A55 (Mexico)."
10649,"HACIENDA CIEN ANOS DE TIJUANA, S. DE R.L. DE C.V.",-0- ,"SDNTK",-0- ,-0- ,-0- ,-0- ,-0- ,-0- ,-0- ,"R.F.C. HTI010702GR7 (Mexico); alt. R.F.C. CAN010702DF8 (Mexico)."
10650,"SIN-MEX IMPORTADORA, S.A. DE C.V.",-0- ,"SDNTK",-0- ,-0- ,-0- ,-0- ,-0- ,-0- ,-0- ,"R.F.C. SMI010730DH8 (Mexico)."
10651,"COMERCIAL JOANA, S.A. DE C.V.",-0- ,"SDNTK",-0- ,-0- ,-0- ,-0- ,-0- ,-0- ,-0- ,"R.F.C. CJO010202HQH (Mexico); alt. R.F.C. CJO010202HQ4 (Mexico)."
10652,"COMERCIALIZADORA BRIMAR'S, S.A. DE C.V.",-0- ,"SDNTK",-0- ,-0- ,-0- ,-0- ,-0- ,-0- ,-0- ,"R.F.C. CBS9710303N4 (Mexico)."
10653,"COMERCIALIZADORA TOQUIN, S.A. DE C.V.",-0- ,"SDNTK",-0- ,-0- ,-0- ,-0- ,-0- ,-0- ,-0- ,"R.F.C. CTO010731CH9 (Mexico)."
10654,"COMERCIALIZADORA JALSIN, S.A. DE C.V.",-0- ,"SDNTK",-0- ,-0- ,-0- ,-0- ,-0- ,-0- ,-0- ,"R.F.C. CJA980901J13 (Mexico)."
10655,"COMERCIAL DOMELY, S.A. DE C.V",-0- ,"SDNTK",-0- ,-0- ,-0- ,-0- ,-0- ,-0- ,-0- ,"R.F.C. CDO010522917 (Mexico)."
10656,"AL LAMI, Isma'il Hafiz","individual","IRAQ3",-0- ,-0- ,-0- ,-0- ,-0- ,-0- ,-0- ,"DOB circa 1957; POB Baghdad, Iraq; citizen Iraq; a.k.a. 'DURA, Abu'; a.k.a. 'DIRI, Abu'; a.k.a. 'DAR'A, Abu'; a.k.a. 'HAYDAR, Abu'."
10657,"AL-JABURI, Mish'an Rakin Thamin","individual","IRAQ3",-0- ,-0- ,-0- ,-0- ,-0- ,-0- ,-0- ,"DOB 01 Aug 1957; POB Ninwa, Iraq; nationality Iraq; citizen Syria; Passport 01374026."
10658,"AL-ZAWRA TELEVISION STATION",-0- ,"IRAQ3",-0- ,-0- ,-0- ,-0- ,-0- ,-0- ,-0- ,-0- 
10659,"FORUZANDEH, Ahmed","individual","SDGT] [IRAQ3] [IRGC","Brigadier General, Commanding Officer of the Iranian Islamic Revolutionary Guard Corps-Qods Force Ramazan Corps; Deputy Commander of the Ramazan Headquarters; Chief of Staff of the Iraq Crisis Staff",-0- ,-0- ,-0- ,-0- ,-0- ,-0- ,"DOB circa 1960; alt. DOB 1957; alt. DOB circa 1955; alt. DOB circa 1958; alt. DOB circa 1959; alt. DOB circa 1961; alt. DOB circa 1962; alt. DOB circa 1963; POB Kermanshah, Iran; Additional Sanctions Information - Subject to Secondary Sanctions; Secondary sanctions risk: section 1(b) of Executive Order 13224, as amended by Executive Order 13886; Brigadier General, Commanding Officer of the Iranian Islamic Revolutionary Guard Corps-Qods Force Ramazan Corps; Deputy Commander of the Ramazan Headquarters; Chief of Staff of the Iraq Crisis Staff; a.k.a. 'JAFARI'; a.k.a. 'ABU SHAHAB'; a.k.a. 'ABU AHMAD ISHAB'."
10665,"TEYREBAZEN AZADIYA KURDISTAN",-0- ,"SDGT",-0- ,-0- ,-0- ,-0- ,-0- ,-0- ,-0- ,"Secondary sanctions risk: section 1(b) of Executive Order 13224, as amended by Executive Order 13886; a.k.a. 'TAK'."
10689,"SAEED, Muhammad","individual","SDGT",-0- ,-0- ,-0- ,-0- ,-0- ,-0- ,-0- ,"DOB 05 Jun 1950; POB Sargodha, Punjab, Pakistan; nationality Pakistan; Secondary sanctions risk: section 1(b) of Executive Order 13224, as amended by Executive Order 13886; Passport BE5978421 (Pakistan) issued 14 Nov 2007 expires 12 Nov 2012; alt. Passport Booklet A5250088 (Pakistan); National ID No. 3520025509842-7 (Pakistan); alt. National ID No. 23250460642 (Pakistan); a.k.a. 'HAFIZ SAHIB'; a.k.a. 'TATA JI'."
10690,"LAKHVI, Zaki-ur-Rehman","individual","SDGT",-0- ,-0- ,-0- ,-0- ,-0- ,-0- ,-0- ,"DOB 30 Dec 1960; POB Okara, Pakistan; nationality Pakistan; Secondary sanctions risk: section 1(b) of Executive Order 13224, as amended by Executive Order 13886; Passport AC8342321 (Pakistan) issued 22 Aug 2007 expires 20 Aug 2012; alt. Passport A4827048 (Pakistan); National ID No. 61101-9618232-1 (Pakistan); alt. National ID No. 33960047268 (Pakistan); a.k.a. 'CHACHAJEE'."
10691,"ASHRAF, Haji Muhammad","individual","SDGT",-0- ,-0- ,-0- ,-0- ,-0- ,-0- ,-0- ,"DOB 1955; POB Faisalabad, Pakistan; Secondary sanctions risk: section 1(b) of Executive Order 13224, as amended by Executive Order 13886; Passport A-374184 (Pakistan); alt. Passport AT0712501 (Pakistan) issued 12 Mar 2008 expires 11 Mar 2013; National ID No. 6110125312507 (Pakistan); alt. National ID No. 24492025390 (Pakistan)."
10692,"BAHAZIQ, Mahmoud Mohammad Ahmed","individual","SDGT",-0- ,-0- ,-0- ,-0- ,-0- ,-0- ,-0- ,"DOB 17 Aug 1943; alt. DOB 1943; alt. DOB 1944; alt. DOB 21 Jun 1944; POB India; nationality Saudi Arabia; citizen Saudi Arabia; Secondary sanctions risk: section 1(b) of Executive Order 13224, as amended by Executive Order 13886; Passport C284181 (Saudi Arabia) issued 12 Aug 2000 expires 19 Jun 2005; National ID No. 1004860324 (Saudi Arabia); Registration ID 4-6032-0048-1 (Saudi Arabia); a.k.a. 'ABU 'ABD AL-'AZIZ'; a.k.a. 'ABU ABDUL AZIZ'; a.k.a. 'SHAYKH SAHIB'."
10725,"MAKHLUF, Rami","individual","PAARSSR-EO13894",-0- ,-0- ,-0- ,-0- ,-0- ,-0- ,-0- ,"DOB 10 Jul 1969; POB Syria; nationality Syria; citizen Syria; Gender Male; Passport 98044 (Syria)."
10727,"AL MAZIDIH, Ghazy Fezza Hishan","individual","SDGT",-0- ,-0- ,-0- ,-0- ,-0- ,-0- ,-0- ,"DOB 1974; alt. DOB 1975; Secondary sanctions risk: section 1(b) of Executive Order 13224, as amended by Executive Order 13886; a.k.a. 'ABU FAYSAL'; a.k.a. 'SHLASH, Mushari Abd Aziz Saleh'; a.k.a. 'ABU GHAZZY'."
10728,"AL MAZIDIH, Akram Turki Hishan","individual","SDGT",-0- ,-0- ,-0- ,-0- ,-0- ,-0- ,-0- ,"DOB 1974; alt. DOB 1975; alt. DOB 1979; Secondary sanctions risk: section 1(b) of Executive Order 13224, as amended by Executive Order 13886; a.k.a. 'ABU JARRAH'; a.k.a. 'ABU AKRAM'."
10729,"AL-MARSUMI, Saddah Jaylut","individual","SDGT",-0- ,-0- ,-0- ,-0- ,-0- ,-0- ,-0- ,"DOB 1955; alt. DOB 1956; citizen Syria; Secondary sanctions risk: section 1(b) of Executive Order 13224, as amended by Executive Order 13886."
10742,"HARAKAT UL-JIHAD-I-ISLAMI/BANGLADESH",-0- ,"FTO] [SDGT",-0- ,-0- ,-0- ,-0- ,-0- ,-0- ,-0- ,"Secondary sanctions risk: section 1(b) of Executive Order 13224, as amended by Executive Order 13886."
10743,"MUHAMMAD, Sirajuddin Haqqani Jalaluddin Khwasa","individual","SDGT",-0- ,-0- ,-0- ,-0- ,-0- ,-0- ,-0- ,"DOB 1977; alt. DOB 1978; alt. DOB 1970; POB Danda, Miramshah, Afghanistan; alt. POB Khowst Province, Afghanistan; alt. POB Neka District, Paktika, Afghanistan; alt. POB Srana Village, Garda Saray District, Paktya Province, Afghanistan; Secondary sanctions risk: section 1(b) of Executive Order 13224, as amended by Executive Order 13886."
10755,"POLOTSK STEKLOVOLOKNO OAO",-0- ,"BELARUS",-0- ,-0- ,-0- ,-0- ,-0- ,-0- ,-0- ,-0- 
10761,"AL-SHABAAB",-0- ,"FTO] [SDGT] [SOMALIA",-0- ,-0- ,-0- ,-0- ,-0- ,-0- ,-0- ,"Secondary sanctions risk: section 1(b) of Executive Order 13224, as amended by Executive Order 13886; a.k.a. 'THE YOUTH'; a.k.a. 'MYM'; a.k.a. 'YOUTH WING'; a.k.a. 'THE UNITY OF ISLAMIC YOUTH'; a.k.a. 'AL-HIJRA'; a.k.a. 'AL HIJRA'; a.k.a. 'MUSLIM YOUTH CENTER'; a.k.a. 'MYC'."
10762,"BELARUSIAN OIL TRADE HOUSE",-0- ,"BELARUS",-0- ,-0- ,-0- ,-0- ,-0- ,-0- ,-0- ,"Website WWW.BNTDTORG.BY; alt. Website WWW.BNTD.BY; Business Registration Document # UNP 101119568 (Belarus); a.k.a. 'B.O.T.H.'; a.k.a. 'UNITED TRADING SITE'."
10848,"TRINIDAD, Angelo Ramirez","individual","SDGT",-0- ,-0- ,-0- ,-0- ,-0- ,-0- ,-0- ,"DOB 20 Mar 1978; POB Gattaran, Cagayan Province, Philippines; nationality Philippines; Secondary sanctions risk: section 1(b) of Executive Order 13224, as amended by Executive Order 13886."
10849,"DE VERA, Pio Abogne","individual","SDGT",-0- ,-0- ,-0- ,-0- ,-0- ,-0- ,-0- ,"DOB 19 Dec 1969; POB Bagac, Bagamanok, Catanduanes Province, Philippines; nationality Philippines; Secondary sanctions risk: section 1(b) of Executive Order 13224, as amended by Executive Order 13886; a.k.a. 'MANEX'; a.k.a. 'ART, Tito'."
10850,"DELLOSA, Redendo Cain","individual","SDGT",-0- ,-0- ,-0- ,-0- ,-0- ,-0- ,-0- ,"DOB 15 May 1972; POB Punta, Santa Ana, Manila, Philippines; nationality Philippines; Secondary sanctions risk: section 1(b) of Executive Order 13224, as amended by Executive Order 13886; Federal ID Card 33-3208848-3 (Philippines); a.k.a. 'LLONGGO, Abu'; a.k.a. 'ILONGGO, Abu'; a.k.a. 'MUADZ, Abu'."
10851,"DELOS REYES, Feliciano Semborio, Jr.","individual","SDGT",-0- ,-0- ,-0- ,-0- ,-0- ,-0- ,-0- ,"DOB 04 Nov 1963; POB Arco, Lamitan, Basilan Province, Philippines; nationality Philippines; Secondary sanctions risk: section 1(b) of Executive Order 13224, as amended by Executive Order 13886; a.k.a. 'ABDILLAH, Abdul'."
10852,"AYERAS, Ricardo Perez","individual","SDGT",-0- ,-0- ,-0- ,-0- ,-0- ,-0- ,-0- ,"DOB 15 Sep 1973; POB 24 Paraiso Street, Barangay Poblacion, Mandaluyong City, Manila, Philippines; nationality Philippines; Secondary sanctions risk: section 1(b) of Executive Order 13224, as amended by Executive Order 13886; a.k.a. 'MUJIB, Abdul'."
10853,"LAVILLA, Ruben Pestano, Jr.","individual","SDGT",-0- ,-0- ,-0- ,-0- ,-0- ,-0- ,-0- ,"DOB 04 Oct 1972; POB Sitio Banga Maiti, Barangay Tranghawan, Lambunao, Iloilo Province, Philippines; nationality Philippines; Secondary sanctions risk: section 1(b) of Executive Order 13224, as amended by Executive Order 13886."
10854,"PAREJA, Dinno Amor Rosalejos","individual","SDGT",-0- ,-0- ,-0- ,-0- ,-0- ,-0- ,-0- ,"DOB 19 Jul 1981; POB Cebu City, Cebu Province, Philippines; nationality Philippines; Secondary sanctions risk: section 1(b) of Executive Order 13224, as amended by Executive Order 13886."
10856,"HOJATI, Mohsen","individual","NPWMD] [IFSR",-0- ,-0- ,-0- ,-0- ,-0- ,-0- ,-0- ,"DOB 28 Sep 1955; POB Najafabad, Iran; nationality Iran; Additional Sanctions Information - Subject to Secondary Sanctions; Passport G4506013 (Iran)."
10857,"KETABACHI, Mehrdada Akhlaghi","individual","NPWMD] [IFSR] [IRAN-CON-ARMS-EO",-0- ,-0- ,-0- ,-0- ,-0- ,-0- ,-0- ,"DOB 10 Sep 1958; nationality Iran; Additional Sanctions Information - Subject to Secondary Sanctions; Passport A0030940 (Iran)."
10858,"SHAHID SATTARI INDUSTRIES",-0- ,"NPWMD] [IFSR",-0- ,-0- ,-0- ,-0- ,-0- ,-0- ,-0- ,"Additional Sanctions Information - Subject to Secondary Sanctions."
10860,"SAFAVI, Yahya Rahim","individual","SDGT] [NPWMD] [IRGC] [IFSR",-0- ,-0- ,-0- ,-0- ,-0- ,-0- ,-0- ,"DOB circa 1952; POB Esfahan, Iran; Additional Sanctions Information - Subject to Secondary Sanctions; Secondary sanctions risk: section 1(b) of Executive Order 13224, as amended by Executive Order 13886."
10861,"FAKHRIZADEH-MAHABADI, Mohsen","individual","NPWMD] [IFSR",-0- ,-0- ,-0- ,-0- ,-0- ,-0- ,-0- ,"Additional Sanctions Information - Subject to Secondary Sanctions; Passport A0009228; alt. Passport 4229533; a.k.a. 'FAKHRIZADEH'."
10862,"AMMUNITION AND METALLURGY INDUSTRIES GROUP",-0- ,"NPWMD] [IFSR",-0- ,-0- ,-0- ,-0- ,-0- ,-0- ,-0- ,"Additional Sanctions Information - Subject to Secondary Sanctions."
10863,"7TH OF TIR",-0- ,"NPWMD] [IFSR",-0- ,-0- ,-0- ,-0- ,-0- ,-0- ,-0- ,"Additional Sanctions Information - Subject to Secondary Sanctions."
10887,"PARCHIN CHEMICAL INDUSTRIES",-0- ,"NPWMD] [IFSR",-0- ,-0- ,-0- ,-0- ,-0- ,-0- ,-0- ,"Additional Sanctions Information - Subject to Secondary Sanctions; a.k.a. 'PCI'."
10891,"NASR AL DIN, Ghazi","individual","SDGT",-0- ,-0- ,-0- ,-0- ,-0- ,-0- ,-0- ,"DOB 13 Dec 1962; POB Lebanon; Additional Sanctions Information - Subject to Secondary Sanctions Pursuant to the Hizballah Financial Sanctions Regulations; Secondary sanctions risk: section 1(b) of Executive Order 13224, as amended by Executive Order 13886."
10892,"KAN'AN, Fawzi Mustafa","individual","SDGT",-0- ,-0- ,-0- ,-0- ,-0- ,-0- ,-0- ,"DOB 07 Jun 1943; alt. DOB Feb 1943; alt. DOB 01 Jun 1943; POB Lebanon; alt. POB Betechelida, Lebanon; alt. POB Baalbeck, Lebanon; Additional Sanctions Information - Subject to Secondary Sanctions Pursuant to the Hizballah Financial Sanctions Regulations; Gender Male; Secondary sanctions risk: section 1(b) of Executive Order 13224, as amended by Executive Order 13886; Passport 0877677 (Venezuela); National ID No. V-6.919.272 (Venezuela)."
10893,"BIBLOS TRAVEL AGENCY",-0- ,"SDGT",-0- ,-0- ,-0- ,-0- ,-0- ,-0- ,-0- ,"Additional Sanctions Information - Subject to Secondary Sanctions Pursuant to the Hizballah Financial Sanctions Regulations; Secondary sanctions risk: section 1(b) of Executive Order 13224, as amended by Executive Order 13886."
10894,"HILAL TRAVEL AGENCY",-0- ,"SDGT",-0- ,-0- ,-0- ,-0- ,-0- ,-0- ,-0- ,"Additional Sanctions Information - Subject to Secondary Sanctions Pursuant to the Hizballah Financial Sanctions Regulations; Secondary sanctions risk: section 1(b) of Executive Order 13224, as amended by Executive Order 13886; Business Registration Document # 80074366 (Venezuela)."
10895,"JAFFAR 'ALI, 'Abd al-Rahman Muhammad","individual","SDGT",-0- ,-0- ,-0- ,-0- ,-0- ,-0- ,-0- ,"DOB 15 Jan 1968; POB Muharraq, Bahrain; nationality Bahrain; Secondary sanctions risk: section 1(b) of Executive Order 13224, as amended by Executive Order 13886; a.k.a. 'ABU MUHAMMAD AL-KHAL'; a.k.a. ''ALI AL-KHAL'."
10896,"AL-SUBAIY, Khalifa Muhammad Turki","individual","SDGT",-0- ,-0- ,-0- ,-0- ,-0- ,-0- ,-0- ,"DOB 01 Jan 1965; POB Doha, Qatar; citizen Qatar; Secondary sanctions risk: section 1(b) of Executive Order 13224, as amended by Executive Order 13886; Passport 00685868 (Qatar); National ID No. 26563400140 (Qatar)."
10897,"ABD AL-KHALIQ, Adil Muhammad Mahmud","individual","SDGT",-0- ,-0- ,-0- ,-0- ,-0- ,-0- ,-0- ,"DOB 02 Mar 1984; POB Bahrain; nationality Bahrain; Secondary sanctions risk: section 1(b) of Executive Order 13224, as amended by Executive Order 13886; Passport 1632207 (Bahrain)."
10898,"MOHAMMADHASNI, Haji Asad Khan Zarkari","individual","SDNTK",-0- ,-0- ,-0- ,-0- ,-0- ,-0- ,-0- ,"DOB 01 Jan 1955; POB Nimroz, Afghanistan; citizen Afghanistan; Passport OR1126692 (Afghanistan); a.k.a. 'ASAD, Haji'; a.k.a. 'HAJI ABDULLAH'."
10899,"BELTRAN LEYVA, Marcos Arturo","individual","SDNTK",-0- ,-0- ,-0- ,-0- ,-0- ,-0- ,-0- ,"DOB 27 Sep 1961; alt. DOB 21 Sep 1961; alt. DOB 05 Jun 1962; alt. DOB 05 Feb 1958; POB Culiacan, Sinaloa, Mexico; alt. POB Badiraguato, Sinaloa, Mexico; nationality Mexico; citizen Mexico; a.k.a. 'EL FANTASMA'; a.k.a. 'EL BARBAS'."
10900,"BELTRAN LEYVA ORGANIZATION",-0- ,"SDNTK] [ILLICIT-DRUGS-EO14059",-0- ,-0- ,-0- ,-0- ,-0- ,-0- ,-0- ,"a.k.a. 'BLO'."
10901,"GONZALEZ POLANCO, Hermagoras","individual","SDNTK",-0- ,-0- ,-0- ,-0- ,-0- ,-0- ,-0- ,"DOB 19 Oct 1962; alt. DOB 19 Oct 1959; POB Maicao, Guajira, Colombia; nationality Venezuela; alt. nationality Colombia; citizen Venezuela; alt. citizen Colombia; Cedula No. 7789819 (Venezuela); alt. Cedula No. 84041400 (Colombia); a.k.a. 'GORDITO POLANCO'; a.k.a. 'EL GORDO BAEZ'; a.k.a. 'UNCLE TOLI'; a.k.a. 'MILCIADES'."
10902,"'NDRANGHETA ORGANIZATION",-0- ,"SDNTK",-0- ,-0- ,-0- ,-0- ,-0- ,-0- ,-0- ,-0- 
10903,"YAKUT, Cumhur","individual","SDNTK",-0- ,-0- ,-0- ,-0- ,-0- ,-0- ,-0- ,"DOB 18 Mar 1955; POB Turkey; nationality Turkey; citizen Turkey."
10923,"REVIVAL OF ISLAMIC HERITAGE SOCIETY",-0- ,"SDGT",-0- ,-0- ,-0- ,-0- ,-0- ,-0- ,-0- ,"Secondary sanctions risk: section 1(b) of Executive Order 13224, as amended by Executive Order 13886; Website www.alturath.org. Revival of Islamic Heritage Society Offices Worldwide."
10927,"JOZA INDUSTRIAL COMPANY",-0- ,"NPWMD] [IFSR",-0- ,-0- ,-0- ,-0- ,-0- ,-0- ,-0- ,"Additional Sanctions Information - Subject to Secondary Sanctions."
10928,"RAJAH SOLAIMAN MOVEMENT (RSM)",-0- ,"SDGT",-0- ,-0- ,-0- ,-0- ,-0- ,-0- ,-0- ,"Secondary sanctions risk: section 1(b) of Executive Order 13224, as amended by Executive Order 13886."
10929,"SANTOS, Ahmad","individual","SDGT","RSM leader",-0- ,-0- ,-0- ,-0- ,-0- ,-0- ,"DOB 1971; POB Manila, Phillipines; Secondary sanctions risk: section 1(b) of Executive Order 13224, as amended by Executive Order 13886; RSM leader; a.k.a. 'LAKAY, Abu'."
10930,"JALOLOV, Najmiddin Kamolitdinovich","individual","SDGT",-0- ,-0- ,-0- ,-0- ,-0- ,-0- ,-0- ,"DOB 01 Apr 1972; alt. DOB 1972; POB Andijan region, Uzbekistan; nationality Uzbekistan; Secondary sanctions risk: section 1(b) of Executive Order 13224, as amended by Executive Order 13886; a.k.a. 'ABDURAKHMON'; a.k.a. 'YAKH'YO'; a.k.a. 'YAHYO'."
10931,"BURANOV, Suhayl Fatilloevich","individual","SDGT",-0- ,-0- ,-0- ,-0- ,-0- ,-0- ,-0- ,"DOB 11 Oct 1983; alt. DOB 1983; POB Tashkent, Uzbekistan; nationality Uzbekistan; Secondary sanctions risk: section 1(b) of Executive Order 13224, as amended by Executive Order 13886; a.k.a. 'ABU HUZAIFA'."
10932,"AL-HARAMAIN ISLAMIC FOUNDATION",-0- ,"SDGT",-0- ,-0- ,-0- ,-0- ,-0- ,-0- ,-0- ,"Secondary sanctions risk: section 1(b) of Executive Order 13224, as amended by Executive Order 13886; all offices worldwide."
10934,"GASMI, Salah","individual","SDGT",-0- ,-0- ,-0- ,-0- ,-0- ,-0- ,-0- ,"DOB 13 Apr 1971; POB Zeribet El Oued, Biskra, Algeria; Secondary sanctions risk: section 1(b) of Executive Order 13224, as amended by Executive Order 13886; a.k.a. 'BOUNOUADHER'; a.k.a. 'SALAH ABU MOHAMED'; a.k.a. 'SALAH ABU MUHAMAD'."
10935,"DJOUADI, Yahia","individual","SDGT",-0- ,-0- ,-0- ,-0- ,-0- ,-0- ,-0- ,"DOB 01 Jan 1967; POB M'Hamid, Sidi Bel Abbas, Algeria; Secondary sanctions risk: section 1(b) of Executive Order 13224, as amended by Executive Order 13886; a.k.a. 'ABU ALA'; a.k.a. 'ABOU ALAM'."
10936,"DEGHDEGH, Ahmed","individual","SDGT",-0- ,-0- ,-0- ,-0- ,-0- ,-0- ,-0- ,"DOB 17 Jan 1967; POB Anser, Jijel, Algeria; Secondary sanctions risk: section 1(b) of Executive Order 13224, as amended by Executive Order 13886; a.k.a. 'AL ILLAH, Abd'; a.k.a. 'ABU ABDALLAH'."
10937,"HAMMADOU, Abid","individual","SDGT",-0- ,-0- ,-0- ,-0- ,-0- ,-0- ,-0- ,"DOB 12 Dec 1965; POB Touggourt, Ouargla, Algeria; Secondary sanctions risk: section 1(b) of Executive Order 13224, as amended by Executive Order 13886; a.k.a. 'ABU ABDELLAH'."
10975,"SAFETY EQUIPMENT PROCUREMENT COMPANY",-0- ,"NPWMD] [IFSR",-0- ,-0- ,-0- ,-0- ,-0- ,-0- ,-0- ,"Additional Sanctions Information - Subject to Secondary Sanctions; a.k.a. 'SEP CO.'."
10983,"GUZMAN ENRIQUEZ, Juan Luis","individual","SDNTK",-0- ,-0- ,-0- ,-0- ,-0- ,-0- ,-0- ,"DOB 24 Jun 1950; POB La Huacana, Michoacan De Ocampo, Mexico; nationality Mexico; citizen Mexico; R.F.C. GUEJ500624 (Mexico); C.U.R.P. GUEJ500624HDFZNN06 (Mexico)."
10984,"LUCERO DE MARTINEZ, Sandra","individual","SDNTK",-0- ,-0- ,-0- ,-0- ,-0- ,-0- ,-0- ,"DOB 29 Oct 1969; POB Nogales, Sonora, Mexico; nationality Mexico; citizen Mexico; C.U.R.P. VAZS691029MSRLZN04 (Mexico); alt. C.U.R.P. VAZS691029HSRLZN04 (Mexico)."
10985,"QUINTERO ARCE, Juan Francisco","individual","SDNTK",-0- ,-0- ,-0- ,-0- ,-0- ,-0- ,-0- ,"DOB 26 Aug 1959; POB Mocorito, Sinaloa, Mexico; nationality Mexico; citizen Mexico; R.F.C. QUAJ590826P41 (Mexico); C.U.R.P. QUAJ590826HSLNRN02 (Mexico); a.k.a. 'EL CHATO'."
10986,"AGUIRRE CARDONA, Armando","individual","SDNTK",-0- ,-0- ,-0- ,-0- ,-0- ,-0- ,-0- ,"DOB 28 Oct 1955; POB Nuevo Leon, Monterrey, Mexico; nationality Mexico; citizen Mexico; R.F.C. AUCA551028 (Mexico); C.U.R.P. AUCA551028HNLGRR03 (Mexico)."
10987,"GARCIA DURAN, Maria Del Rosario","individual","SDNTK",-0- ,-0- ,-0- ,-0- ,-0- ,-0- ,-0- ,"DOB 12 Sep 1953; POB Culiacan, Sinaloa, Mexico; nationality Mexico; citizen Mexico; R.F.C. GADR530912 (Mexico); alt. R.F.C. GADR521211 (Mexico)."
10988,"GAXIOLA GARCIA, Carlos Alberto","individual","SDNTK",-0- ,-0- ,-0- ,-0- ,-0- ,-0- ,-0- ,"DOB 02 Mar 1978; POB Hermosillo, Sonora, Mexico; nationality Mexico; citizen Mexico; R.F.C. GAGC780302H75 (Mexico); C.U.R.P. GAGC780302HSRXRR00 (Mexico)."
10989,"GAXIOLA GARCIA, Maria Elena","individual","SDNTK",-0- ,-0- ,-0- ,-0- ,-0- ,-0- ,-0- ,"DOB 18 Aug 1975; POB Culiacan, Sinaloa, Mexico; alt. POB Arizpe, Sonora, Mexico; nationality Mexico; citizen Mexico; R.F.C. GAGE750818L66 (Mexico); alt. R.F.C. GAGE350904 (Mexico); alt. R.F.C. GAGE680511 (Mexico); C.U.R.P. GAGE750818MSLXRL11 (Mexico); alt. C.U.R.P. GAGE750818MSLXRL03 (Mexico)."
10990,"DUARTE MUNOZ, Roque","individual","SDNTK",-0- ,-0- ,-0- ,-0- ,-0- ,-0- ,-0- ,"DOB 09 Dec 1960; POB Mexico."
10991,"FITCH TOVAR, Jose Manuel","individual","SDNTK",-0- ,-0- ,-0- ,-0- ,-0- ,-0- ,-0- ,"DOB 28 Dec 1936; POB Panuco, Concordia, Sinaloa, Mexico; nationality Mexico; citizen Mexico; R.F.C. FITM361228 (Mexico)."
10992,"ARCE BORBOA, Ana Cristina","individual","SDNTK",-0- ,-0- ,-0- ,-0- ,-0- ,-0- ,-0- ,"DOB 22 May 1961; POB Navolato, Sinaloa, Mexico; alt. POB Culiacan, Sinaloa, Mexico; nationality Mexico; citizen Mexico; R.F.C. AEBA610522 (Mexico); C.U.R.P. AEBA610522MSLRRN00 (Mexico); alt. C.U.R.P. AEBA610522MSLRRN18 (Mexico)."
10993,"FITCH PARENTE, Pablo Antonio","individual","SDNTK",-0- ,-0- ,-0- ,-0- ,-0- ,-0- ,-0- ,"DOB 24 Mar 1966; POB Mazatlan, Sinaloa, Mexico; nationality Mexico; citizen Mexico; R.F.C. FIPP660324 (Mexico); C.U.R.P. FIPP660324HSLTRB07 (Mexico)."
10994,"FITCH PARENTE, Jose Elmer","individual","SDNTK",-0- ,-0- ,-0- ,-0- ,-0- ,-0- ,-0- ,"DOB 27 Jan 1965; POB Mazatlan, Sinaloa, Mexico; nationality Mexico; citizen Mexico; R.F.C. FIPJ650127 (Mexico); C.U.R.P. FIPE650127HSLTRL05 (Mexico)."
10995,"GAXIOLA GARCIA, Rigoberto","individual","SDNTK",-0- ,-0- ,-0- ,-0- ,-0- ,-0- ,-0- ,"DOB 25 Jan 1973; alt. DOB 26 Jan 1973; POB CULIACAN, SINALOA, MEXICO; nationality Mexico; citizen Mexico; R.F.C. GAGR730125DC9 (Mexico); alt. R.F.C. GACR730125 (Mexico); alt. R.F.C. GAGP730125 (Mexico); C.U.R.P. GAGR730125HSLXRG08 (Mexico)."
10996,"BIOESPORT S.A. DE C.V.",-0- ,"SDNTK",-0- ,-0- ,-0- ,-0- ,-0- ,-0- ,-0- ,"R.F.C. BIO901025VE2 (Mexico)."
10997,"FLETES Y TRANSPORTES GAXGAR S.A. DE C.V.",-0- ,"SDNTK",-0- ,-0- ,-0- ,-0- ,-0- ,-0- ,-0- ,"R.F.C. FTG950807F20 (Mexico)."
10998,"INMUEBLES SIERRA VISTA S.A. DE C.V.",-0- ,"SDNTK",-0- ,-0- ,-0- ,-0- ,-0- ,-0- ,-0- ,-0- 
10999,"DISTRIBUIDORA DE HERMOSILLO GAXIOLA HERMANOS S.A. DE C.V.",-0- ,"SDNTK",-0- ,-0- ,-0- ,-0- ,-0- ,-0- ,-0- ,"R.F.C. DHG900717NV3 (Mexico)."
11000,"MINERA RIO PRESIDIO S.A. DE C.V.",-0- ,"SDNTK",-0- ,-0- ,-0- ,-0- ,-0- ,-0- ,-0- ,-0- 
11001,"MINERA LA CASTELLANA Y ANEXAS S.A. DE C.V.",-0- ,"SDNTK",-0- ,-0- ,-0- ,-0- ,-0- ,-0- ,-0- ,"R.F.C. MCA9011192R3 (Mexico)."
11002,"MOLDURAS DEL NOROESTE S.A. DE C.V.",-0- ,"SDNTK",-0- ,-0- ,-0- ,-0- ,-0- ,-0- ,-0- ,"R.F.C. MNO960403HJ0 (Mexico)."
11003,"INMOBILIARIA GAXIOLA HERMANOS S.A. DE C.V.",-0- ,"SDNTK",-0- ,-0- ,-0- ,-0- ,-0- ,-0- ,-0- ,"R.F.C. IGH910522UM3 (Mexico); alt. R.F.C. DMG910522 (Mexico)."
11004,"DISTRIBUIDORA GRAN AUTO S.A. DE C.V.",-0- ,"SDNTK",-0- ,-0- ,-0- ,-0- ,-0- ,-0- ,-0- ,"R.F.C. DGA960531NUA (Mexico)."
11005,"TEMPLE DEL PITIC S.A. DE C.V.",-0- ,"SDNTK",-0- ,-0- ,-0- ,-0- ,-0- ,-0- ,-0- ,"R.F.C. CGH960503DL9 (Mexico); d.b.a. 'ANARQUIA PAINTBALL'."
11006,"COPA DE PLATA S.A. DE C.V.",-0- ,"SDNTK",-0- ,-0- ,-0- ,-0- ,-0- ,-0- ,-0- ,"R.F.C. CPL9103222F5 (Mexico)."
11007,"COMPANIA MINERA DEL RIO CIANURY S.A. DE C.V.",-0- ,"SDNTK",-0- ,-0- ,-0- ,-0- ,-0- ,-0- ,-0- ,"R.F.C. MRC900823R6A (Mexico)."
11008,"GRUPO INDUSTRIAL GAXIOLA HERMANOS S.A. DE C.V.",-0- ,"SDNTK",-0- ,-0- ,-0- ,-0- ,-0- ,-0- ,-0- ,"R.F.C. GIG910522BR8 (Mexico)."
11009,"AGRICOLA GAXIOLA S.A. DE C.V.",-0- ,"SDNTK",-0- ,-0- ,-0- ,-0- ,-0- ,-0- ,-0- ,"R.F.C. AGA9607119X3 (Mexico)."
11018,"KONY, Joseph","individual","SDGT] [CAR","Commander of the Lord's Resistance Army",-0- ,-0- ,-0- ,-0- ,-0- ,-0- ,"DOB 1961; alt. DOB 1963; alt. DOB 1965; alt. DOB 1959; alt. DOB 1960; alt. DOB 18 Sep 1964; POB Odek, Omoro, Gulu, Uganda; alt. POB Palaro Village, Palaro Parish, Omoro County, Gulu District, Uganda; alt. POB Atyak, Uganda; nationality Uganda; Gender Male; Secondary sanctions risk: section 1(b) of Executive Order 13224, as amended by Executive Order 13886; Commander of the Lord's Resistance Army; Linked To: LORD'S RESISTANCE ARMY."
11021,"AL-UBAYDI, Ahmad Hassan Kaka","individual","IRAQ3",-0- ,-0- ,-0- ,-0- ,-0- ,-0- ,-0- ,"DOB 1949; POB Baghdad, Iraq; nationality Iraq; Passport F032516 (Iraq) issued 04 May 1976."
11167,"SURAQIYA FOR MEDIA AND BROADCASTING",-0- ,"IRAQ3",-0- ,-0- ,-0- ,-0- ,-0- ,-0- ,-0- ,-0- 
11168,"ARMAMENT INDUSTRIES GROUP",-0- ,"NPWMD] [IFSR",-0- ,-0- ,-0- ,-0- ,-0- ,-0- ,-0- ,"Additional Sanctions Information - Subject to Secondary Sanctions; a.k.a. 'AIG - ARMAMENT INDUSTRIES GROUP'."
11169,"AL-DARI, Harith Sulayman","individual","IRAQ3",-0- ,-0- ,-0- ,-0- ,-0- ,-0- ,-0- ,"DOB 1941; POB Baghdad, Iraq; nationality Iraq; citizen Iraq; Passport N348171 (Iraq)."
11170,"AL-KABI, Arkam 'Abbas","individual","SDGT] [IRAQ3",-0- ,-0- ,-0- ,-0- ,-0- ,-0- ,-0- ,"DOB circa 1976; alt. DOB circa 1973; alt. DOB 17 Jul 1977; POB al 'Amarah, Iraq; alt. POB al Kalamiy, Iraq; alt. POB Baghdad, Iraq; nationality Iraq; Secondary sanctions risk: section 1(b) of Executive Order 13224, as amended by Executive Order 13886; a.k.a. 'ABU-MUHAMMAD'; a.k.a. 'KARUMI'; a.k.a. ''ALI, Abu'."
11173,"ELMABRUK, Maftah Mohamed","individual","SDGT",-0- ,-0- ,-0- ,-0- ,-0- ,-0- ,-0- ,"DOB 01 May 1950; POB Libya; nationality Libya; Gender Male; Secondary sanctions risk: section 1(b) of Executive Order 13224, as amended by Executive Order 13886; a.k.a. 'AL-HAQQ, Al-Hajj 'Abd'; a.k.a. 'AL HAQQ, Al Hajj Abd'; a.k.a. 'AL HAK, Al Haj Abd'; a.k.a. 'AL-HAQ, Haj 'Abd'."
11174,"ELOSTA, Abdelrazag Elsharif","individual","SDGT",-0- ,-0- ,-0- ,-0- ,-0- ,-0- ,-0- ,"DOB 20 Jun 1963; POB SOGUMA, LIBYA; nationality United Kingdom; Gender Male; Secondary sanctions risk: section 1(b) of Executive Order 13224, as amended by Executive Order 13886; a.k.a. 'ABU MU'AWIYA'; a.k.a. 'AL-MULAY, 'Abd'."
11177,"SHAHLAI, Abdul Reza","individual","SDGT] [IRAQ3] [IRGC] [IFSR",-0- ,-0- ,-0- ,-0- ,-0- ,-0- ,-0- ,"DOB circa 1957; Additional Sanctions Information - Subject to Secondary Sanctions; Secondary sanctions risk: section 1(b) of Executive Order 13224, as amended by Executive Order 13886; a.k.a. 'YUSEF, Hajj'; a.k.a. 'YUSIF, Haji'; a.k.a. 'YASIR, Hajji'; a.k.a. 'YUSIF, Hajji'; a.k.a. 'ABU-AL-KARKH', 'Yusuf'."
11181,"IRAN COMMUNICATION INDUSTRIES",-0- ,"NPWMD] [IFSR",-0- ,-0- ,-0- ,-0- ,-0- ,-0- ,-0- ,"Additional Sanctions Information - Subject to Secondary Sanctions."
11183,"SHIRAZ ELECTRONICS INDUSTRIES",-0- ,"NPWMD] [IFSR",-0- ,-0- ,-0- ,-0- ,-0- ,-0- ,-0- ,"Additional Sanctions Information - Subject to Secondary Sanctions; a.k.a. 'SEI'."
11184,"IRAN ELECTRONICS INDUSTRIES",-0- ,"NPWMD] [IFSR] [IRAN-TRA",-0- ,-0- ,-0- ,-0- ,-0- ,-0- ,-0- ,"Website www.ieimil.ir; alt. Website www.ieicorp.com; Additional Sanctions Information - Subject to Secondary Sanctions; Business Registration Document # 829; a.k.a. 'IEI'."
11185,"RANGEL SILVA, Henry de Jesus","individual","VENEZUELA",-0- ,-0- ,-0- ,-0- ,-0- ,-0- ,-0- ,"DOB 28 Aug 1961; nationality Venezuela; Gender Male; Cedula No. 5.764.952 (Venezuela)."
11186,"CARVAJAL BARRIOS, Hugo Armando","individual","VENEZUELA",-0- ,-0- ,-0- ,-0- ,-0- ,-0- ,-0- ,"DOB 01 Apr 1960; POB Puerto La Cruz, Venezuela; nationality Venezuela; Gender Male; Cedula No. 8.352.301 (Venezuela)."
11195,"IRAN AIRCRAFT MANUFACTURING INDUSTRIAL COMPANY",-0- ,"NPWMD] [IFSR] [IRAN-CON-ARMS-EO",-0- ,-0- ,-0- ,-0- ,-0- ,-0- ,-0- ,"Additional Sanctions Information - Subject to Secondary Sanctions; National ID No. 10100722073 (Iran); Registration Number 26740 (Iran); a.k.a. 'HESA'; a.k.a. 'HTC'; a.k.a. 'IAMI'; a.k.a. 'IAMCO'; a.k.a. 'HAVA PEYMA SAZI-E IRAN'; a.k.a. 'HAVAPEYMA SAZI IRAN'; a.k.a. 'HAVAPEYMA SAZHRAN'; a.k.a. 'HEVAPEIMASAZI'; a.k.a. 'SHAHIN CO.'; a.k.a. 'FTP CO.'; Linked To: MINISTRY OF DEFENSE AND ARMED FORCES LOGISTICS; Linked To: ISLAMIC REVOLUTIONARY GUARD CORPS."
11198,"FARASAKHT INDUSTRIES",-0- ,"NPWMD] [IFSR",-0- ,-0- ,-0- ,-0- ,-0- ,-0- ,-0- ,"Additional Sanctions Information - Subject to Secondary Sanctions."
11222,"TSAI, Hsein Tai","individual","NPWMD","General Manager - GLOBAL INTERFACE COMPANY INC.",-0- ,-0- ,-0- ,-0- ,-0- ,-0- ,"DOB 08 Aug 1945; POB Tainan, Taiwan; Secondary sanctions risk: North Korea Sanctions Regulations, sections 510.201 and 510.210; Transactions Prohibited For Persons Owned or Controlled By U.S. Financial Institutions: North Korea Sanctions Regulations section 510.214; Passport 131134049 (Taiwan); General Manager - GLOBAL INTERFACE COMPANY INC."
11223,"SU, Lu-Chi","individual","NPWMD","Corporate Officer",-0- ,-0- ,-0- ,-0- ,-0- ,-0- ,"DOB 07 Feb 1950; alt. DOB Nov 1950; POB Yun Lin Hsien, Taiwan; Secondary sanctions risk: North Korea Sanctions Regulations, sections 510.201 and 510.210; Transactions Prohibited For Persons Owned or Controlled By U.S. Financial Institutions: North Korea Sanctions Regulations section 510.214; Passport 210215095 (Taiwan); Corporate Officer."
11224,"TRANS MERITS CO. LTD.",-0- ,"NPWMD",-0- ,-0- ,-0- ,-0- ,-0- ,-0- ,-0- ,"Secondary sanctions risk: North Korea Sanctions Regulations, sections 510.201 and 510.210; Transactions Prohibited For Persons Owned or Controlled By U.S. Financial Institutions: North Korea Sanctions Regulations section 510.214; Business Registration Document # 16316976 (Taiwan)."
11225,"GLOBAL INTERFACE COMPANY INC.",-0- ,"NPWMD",-0- ,-0- ,-0- ,-0- ,-0- ,-0- ,-0- ,"Secondary sanctions risk: North Korea Sanctions Regulations, sections 510.201 and 510.210; Transactions Prohibited For Persons Owned or Controlled By U.S. Financial Institutions: North Korea Sanctions Regulations section 510.214; Business Registration Document # 12873346 (Taiwan)."
11231,"RENDON POBLETE, Rosalinda","individual","SDNTK",-0- ,-0- ,-0- ,-0- ,-0- ,-0- ,-0- ,"DOB 23 Nov 1953; POB Cuahutla, Morelos, Mexico; nationality Mexico; citizen Mexico."
11236,"PULIDO VALDIVIA, Javier","individual","SDNTK",-0- ,-0- ,-0- ,-0- ,-0- ,-0- ,-0- ,"DOB 14 Jan 1953; nationality Mexico; citizen Mexico; C.U.R.P. PUVJ530114HJCLLV06 (Mexico)."
11237,"LADINO AVILA, Jaime Arturo","individual","SDNTK",-0- ,-0- ,-0- ,-0- ,-0- ,-0- ,-0- ,"DOB 24 Jul 1964; alt. DOB 26 Aug 1962; alt. DOB 13 Nov 1964; nationality Mexico; citizen Mexico; R.F.C. LAAJ640724 (Mexico); C.U.R.P. LAAJ640724HCMDVM07 (Mexico); a.k.a. 'EL OJON'; a.k.a. 'FAYO'."
11238,"AMEZCUA CONTRERAS, Patricia","individual","SDNTK",-0- ,-0- ,-0- ,-0- ,-0- ,-0- ,-0- ,"DOB 18 Mar 1967; nationality Mexico; citizen Mexico; R.F.C. AECP-670318 (Mexico); C.U.R.P. AECP670318MJCMNT07 (Mexico)."
11239,"AMEZCUA CONTRERAS, Adan","individual","SDNTK",-0- ,-0- ,-0- ,-0- ,-0- ,-0- ,-0- ,"DOB 27 Jun 1969; nationality Mexico; citizen Mexico; R.F.C. AECA-690627 (Mexico)."
11240,"ALVAREZ VAZQUEZ, Jose Gerardo","individual","SDNTK",-0- ,-0- ,-0- ,-0- ,-0- ,-0- ,-0- ,"DOB 03 Nov 1963; alt. DOB 24 Sep 1965; alt. DOB 10 May 1966; POB Las Avilas, Guerrero, Mexico; nationality Mexico; citizen Mexico; a.k.a. 'EL INDIO'; a.k.a. 'EL GERA'."
11244,"LABORATORIOS WILLMAR, S.A. DE C.V.",-0- ,"SDNTK",-0- ,-0- ,-0- ,-0- ,-0- ,-0- ,-0- ,"R.F.C. LW1760923BT6 (Mexico)."
11245,"FARMACIA JERLYNE, S.A. DE C.V.",-0- ,"SDNTK",-0- ,-0- ,-0- ,-0- ,-0- ,-0- ,-0- ,-0- 
11246,"AMERICAN TUNE UP, S.A. DE C.V.",-0- ,"SDNTK",-0- ,-0- ,-0- ,-0- ,-0- ,-0- ,-0- ,"Registration ID MAT 46-47 TOMO 460 L. (Mexico)."
11256,"UNION OF GOOD",-0- ,"SDGT",-0- ,-0- ,-0- ,-0- ,-0- ,-0- ,-0- ,"Secondary sanctions risk: section 1(b) of Executive Order 13224, as amended by Executive Order 13886."
11268,"CHOU, Hsien Cheng","individual","SDNTK",-0- ,-0- ,-0- ,-0- ,-0- ,-0- ,-0- ,"DOB 17 Sep 1955; nationality Singapore; citizen Singapore; Gender Male; National ID No. S1199192J (Singapore); Linked To: VEST SPECTRUM (S) PTE. LTD.; Linked To: TET KHAM (S) PTE. LTD."
11269,"THET, Naing Win","individual","SDNTK",-0- ,-0- ,-0- ,-0- ,-0- ,-0- ,-0- ,"DOB 04 Jun 1972; nationality Burma; citizen Burma; Gender Male; Passport 944168 (Burma); Linked To: TET KHAM CONSTRUCTION COMPANY LIMITED."
11270,"KHINE, Oo Oo","individual","SDNTK",-0- ,-0- ,-0- ,-0- ,-0- ,-0- ,-0- ,"DOB 08 Jun 1970; POB Burma; nationality Burma; citizen Burma; Gender Male; Passport A056782 (Burma); National ID No. 009016 (Burma); a.k.a. 'KHINE, U Oo Oo'; Linked To: YANGON AIRWAYS COMPANY LIMITED; Linked To: TET KHAM CONSTRUCTION COMPANY LIMITED; Linked To: TET KHAM GEMS CO., LTD."
11272,"SAMSAENG, Suthep","individual","SDNTK",-0- ,-0- ,-0- ,-0- ,-0- ,-0- ,-0- ,"DOB 12 May 1971; Passport E382464 (Thailand) expires Jan 2007; National ID No. 3100905657113 (Thailand) expires May 2006; a.k.a. 'AH CHOU'; a.k.a. 'AH JOE'."
11273,"AKIRAPHOKIN, Thit","individual","SDNTK",-0- ,-0- ,-0- ,-0- ,-0- ,-0- ,-0- ,"DOB 03 Mar 1972; Passport K491821 (Thailand); National ID No. 310095657121 (Thailand); a.k.a. 'AH HAN'."
11274,"PRAPATWORA, Atchara","individual","SDNTK",-0- ,-0- ,-0- ,-0- ,-0- ,-0- ,-0- ,"DOB 09 Sep 1948; Passport V487440 (Thailand) expires May 2007; National ID No. 3509900001907 (Thailand) expires Sep 2006."
11275,"PO, Kong","individual","SDNTK",-0- ,-0- ,-0- ,-0- ,-0- ,-0- ,-0- ,"DOB 01 Sep 1944; Passport H90011666 (Hong Kong); National ID No. K357514(4) (Hong Kong); a.k.a. 'P'U LI'."
11276,"BOONCHUA, Chanchira","individual","SDNTK",-0- ,-0- ,-0- ,-0- ,-0- ,-0- ,-0- ,"DOB 15 May 1951; National Foreign ID Number 350991386390 (Thailand) issued 28 Oct 1952 expires 14 May 2009; a.k.a. 'JEH FONG'; a.k.a. 'CHEFONG'; a.k.a. 'CHE FONG'."
11277,"HLA, Aung","individual","SDNTK",-0- ,-0- ,-0- ,-0- ,-0- ,-0- ,-0- ,"DOB 09 Feb 1969; nationality Burma; citizen Burma; Gender Male; Passport 706634 (Burma); alt. Passport 497797 (Burma); a.k.a. 'BANG, Ah'; a.k.a. 'PANG, Ah'; a.k.a. 'AUNG, U Hl'; a.k.a. 'HLA AUNG'; Linked To: YANGON AIRWAYS COMPANY LIMITED; Linked To: TET KHAM CONSTRUCTION COMPANY LIMITED; Linked To: TET KHAM GEMS CO., LTD."
11278,"CHANG, Chin Sung","individual","SDNTK",-0- ,-0- ,-0- ,-0- ,-0- ,-0- ,-0- ,"DOB 20 Dec 1959; National ID No. 3550700628151 (Thailand); a.k.a. 'AH SUNG'."
11279,"LAO, Ssu","individual","SDNTK",-0- ,-0- ,-0- ,-0- ,-0- ,-0- ,-0- ,"DOB 01 Jan 1960; Passport P403726 (Thailand); National ID No. 3570700443258 (Thailand); a.k.a. 'LAO SSU'."
11280,"SHIH, Kuo Neng","individual","SDNTK",-0- ,-0- ,-0- ,-0- ,-0- ,-0- ,-0- ,"DOB 1964; a.k.a. 'AH SAN'; a.k.a. 'SHI KWAN NEINK'; a.k.a. 'SHIH KUO NENG'."
11281,"CHA, Ta Fa","individual","SDNTK",-0- ,-0- ,-0- ,-0- ,-0- ,-0- ,-0- ,"DOB 05 Mar 1958; National ID No. 3501000250521 (Thailand); a.k.a. 'CHA TA FA'; a.k.a. 'LU TA FA'; a.k.a. 'TA FA'."
11283,"KYA, La Bo","individual","SDNTK",-0- ,-0- ,-0- ,-0- ,-0- ,-0- ,-0- ,"DOB 1940; alt. DOB 1942; a.k.a. 'CHA LA BO'; a.k.a. 'JA LA BO'; a.k.a. 'KYA LA BO'."
11284,"LI, Cheng Yu","individual","SDNTK",-0- ,-0- ,-0- ,-0- ,-0- ,-0- ,-0- ,"DOB 06 Jun 1961; Passport X638456 (Thailand); National ID No. 5502100007251 (Thailand); a.k.a. 'AH LI KO'; a.k.a. 'LI CHENG YU'."
11285,"TUAN, Shao Kuei","individual","SDNTK",-0- ,-0- ,-0- ,-0- ,-0- ,-0- ,-0- ,"DOB 05 Nov 1950; National ID No. 5500900040846 (Thailand); a.k.a. 'MI CHUNG'; a.k.a. 'MING CHUNG'; a.k.a. 'TA KUEI'; a.k.a. 'TUAN SHAO KUEI'."
11286,"LI, Kai Shou","individual","SDNTK",-0- ,-0- ,-0- ,-0- ,-0- ,-0- ,-0- ,"DOB 1949; a.k.a. 'LI KAI SHOU'."
11288,"PAO, Yu Liang","individual","SDNTK",-0- ,-0- ,-0- ,-0- ,-0- ,-0- ,-0- ,"DOB 1947; Gender Male; a.k.a. 'TA KYET'; a.k.a. 'BAO, You Liang'."
11290,"PAO, Yu Hsiang","individual","SDNTK",-0- ,-0- ,-0- ,-0- ,-0- ,-0- ,-0- ,"DOB 19 Sep 1940; a.k.a. 'TA PANG'; a.k.a. 'PAO YU HSIANG'."
11291,"WEI, Hsueh Yuan","individual","SDNTK",-0- ,-0- ,-0- ,-0- ,-0- ,-0- ,-0- ,"DOB 1952; alt. DOB 1956; National ID No. 3570900338725 (Thailand); a.k.a. 'WEI HSUEH YUAN'; a.k.a. 'WEI HSUEH YING'."
11292,"WEI, Hsueh Lung","individual","SDNTK",-0- ,-0- ,-0- ,-0- ,-0- ,-0- ,-0- ,"DOB 1936; POB Chiang Rai, Thailand; Passport B265235 (Thailand); National Foreign ID Number 5570700010951 (Thailand); a.k.a. 'KEUN DONG'; a.k.a. 'TI JUNG'; a.k.a. 'KEUN SEU CHANG'; a.k.a. 'CHAIRMAN KEUN'; a.k.a. 'WEI HSUEH LUNG'."
11293,"HO, Chun Ting","individual","SDNTK",-0- ,-0- ,-0- ,-0- ,-0- ,-0- ,-0- ,"DOB 18 Jul 1965; Passport A043850 (Burma); National ID No. 029430 (Burma); alt. National ID No. 176089 (Burma); alt. National ID No. 272851 (Singapore); alt. National ID No. 000016 (Burma); a.k.a. 'HO, Aik'; a.k.a. 'HO CHUN TING'; a.k.a. 'HSIO HO'; a.k.a. 'AIK HAW'."
11294,"KHUM THAW COMPANY LIMITED",-0- ,"SDNTK",-0- ,-0- ,-0- ,-0- ,-0- ,-0- ,-0- ,"Registration ID 0505535000804 (Thailand) issued 28 Feb 1992."
11295,"SANGSIRI KANKASET COMPANY LIMITED",-0- ,"SDNTK",-0- ,-0- ,-0- ,-0- ,-0- ,-0- ,-0- ,"Registration ID 0505538000783 (Thailand) issued 08 Feb 1955."
11296,"TET KHAM GEMS CO., LTD.",-0- ,"SDNTK",-0- ,-0- ,-0- ,-0- ,-0- ,-0- ,-0- ,-0- 
11297,"TING SHING TAI JEWELLERY (HK)  CO. LIMITED",-0- ,"SDNTK",-0- ,-0- ,-0- ,-0- ,-0- ,-0- ,-0- ,"Business Registration Document # 32369313 (Hong Kong); Certificate of Incorporation Number 784702 (Hong Kong)."
11298,"SHUEN WAI HOLDING LIMITED",-0- ,"SDNTK",-0- ,-0- ,-0- ,-0- ,-0- ,-0- ,-0- ,"Business Registration Document # 15895496 (Hong Kong); Certificate of Incorporation Number 330330 (Hong Kong)."
11299,"HONG PANG GEMS & JEWELLERY COMPANY LIMITED",-0- ,"SDNTK",-0- ,-0- ,-0- ,-0- ,-0- ,-0- ,-0- ,-0- 
11300,"HONG PANG GEMS & JEWELLERY (HK) CO. LIMITED",-0- ,"SDNTK",-0- ,-0- ,-0- ,-0- ,-0- ,-0- ,-0- ,"Certificate of Incorporation Number 766810 (Hong Kong)."
11301,"HONG PANG TEXTILE COMPANY LIMITED",-0- ,"SDNTK",-0- ,-0- ,-0- ,-0- ,-0- ,-0- ,-0- ,-0- 
11302,"HONG PANG MINING COMPANY LIMITED",-0- ,"SDNTK",-0- ,-0- ,-0- ,-0- ,-0- ,-0- ,-0- ,-0- 
11303,"HONG PANG LIVESTOCK DEVELOPMENT COMPANY LIMITED",-0- ,"SDNTK",-0- ,-0- ,-0- ,-0- ,-0- ,-0- ,-0- ,-0- 
11304,"HONG PANG GENERAL TRADING COMPANY, LIMITED",-0- ,"SDNTK",-0- ,-0- ,-0- ,-0- ,-0- ,-0- ,-0- ,-0- 
11305,"HONG PANG ELECTRONIC INDUSTRY CO., LTD.",-0- ,"SDNTK",-0- ,-0- ,-0- ,-0- ,-0- ,-0- ,-0- ,-0- 
11306,"TET KHAM CONSTRUCTION COMPANY LIMITED",-0- ,"SDNTK",-0- ,-0- ,-0- ,-0- ,-0- ,-0- ,-0- ,-0- 
11307,"DEHONG THAILONG HOTEL CO., LTD.",-0- ,"SDNTK",-0- ,-0- ,-0- ,-0- ,-0- ,-0- ,-0- ,-0- 
11308,"YANGON AIRWAYS COMPANY LIMITED",-0- ,"SDNTK",-0- ,-0- ,-0- ,-0- ,-0- ,-0- ,-0- ,-0- 
11309,"VEST SPECTRUM (S) PTE. LTD.",-0- ,"SDNTK",-0- ,-0- ,-0- ,-0- ,-0- ,-0- ,-0- ,"Registration ID 199306257C (Singapore) issued 23 Sep 1993."
11310,"TET KHAM (S) PTE. LTD.",-0- ,"SDNTK",-0- ,-0- ,-0- ,-0- ,-0- ,-0- ,-0- ,"Registration ID 200004646G (Singapore) issued 29 May 2000."
11311,"AW-MOHAMED, Ahmed Abdi","individual","SDGT] [SOMALIA",-0- ,-0- ,-0- ,-0- ,-0- ,-0- ,-0- ,"DOB 10 Jul 1977; POB Hargeysa, Somalia; nationality Somalia; Gender Male; Secondary sanctions risk: section 1(b) of Executive Order 13224, as amended by Executive Order 13886; a.k.a. 'SHAYKH MUKHTAR'; a.k.a. 'ABU ZUBEYR'; a.k.a. 'GODANI'; a.k.a. 'GODANE'."
11313,"ROBOW, Mukhtar","individual","SDGT",-0- ,-0- ,-0- ,-0- ,-0- ,-0- ,-0- ,"DOB 1969; alt. DOB 10 Oct 1969; POB Xudur, Somalia; alt. POB Keren, Eritrea; nationality Eritrea; Secondary sanctions risk: section 1(b) of Executive Order 13224, as amended by Executive Order 13886; Passport 0310857 (Eritrea) issued 21 Aug 2006 expires 20 Aug 2008; National ID No. 1372584 (Kenya); (Following data derived from an Eritrean passport issued under the alias name of Mukhtar Abdullahi Ali: Alt. DOB: 10 October 1969; Alt. POB: Keren Eritrea; nationality: Eritrean; National ID No.: 1372584, Kenya; Passport No.: 0310857, Eritrea, Issue Date 21 August 2006, Expire Date 20 August 2008); a.k.a. 'ABU MANSUR'; a.k.a. 'ABU MANSOUR'."
11314,"NAVAL DEFENCE MISSILE INDUSTRY GROUP",-0- ,"NPWMD] [IFSR",-0- ,-0- ,-0- ,-0- ,-0- ,-0- ,-0- ,"Additional Sanctions Information - Subject to Secondary Sanctions."
11315,"EL HABHAB, Redouane","individual","SDGT",-0- ,-0- ,-0- ,-0- ,-0- ,-0- ,-0- ,"DOB 20 Dec 1969; POB Casablanca, Morocco; nationality Germany; Secondary sanctions risk: section 1(b) of Executive Order 13224, as amended by Executive Order 13886; Passport 1005552350 (Germany) issued 27 Mar 2001 expires 26 Mar 2011; National ID No. 1007850441 (Germany) issued 27 Mar 2001 expires 26 Mar 2011; currently incarcerated in Lubeck, Germany; a.k.a. 'ABDELRAHMAN'."
11317,"NATIONAL IRANIAN OIL COMPANY",-0- ,"IRAN] [SDGT] [IFSR] [IFCA",-0- ,-0- ,-0- ,-0- ,-0- ,-0- ,-0- ,"Website www.nioc.ir; IFCA Determination - Involved in Energy Sector; Additional Sanctions Information - Subject to Secondary Sanctions; Secondary sanctions risk: section 1(b) of Executive Order 13224, as amended by Executive Order 13886; all offices worldwide; Linked To: ISLAMIC REVOLUTIONARY GUARD CORPS (IRGC)-QODS FORCE; Linked To: MINISTRY OF PETROLEUM."
11318,"NAFTIRAN INTERTRADE CO. LIMITED",-0- ,"IRAN",-0- ,-0- ,-0- ,-0- ,-0- ,-0- ,-0- ,"Additional Sanctions Information - Subject to Secondary Sanctions; all offices worldwide; a.k.a. 'NICO'; Linked To: NIOC INTERNATIONAL AFFAIRS (LONDON) LIMITED."
11319,"NAFTIRAN INTERTRADE CO. SARL",-0- ,"IRAN",-0- ,-0- ,-0- ,-0- ,-0- ,-0- ,-0- ,"Additional Sanctions Information - Subject to Secondary Sanctions; all offices worldwide; a.k.a. 'NICO'."
11320,"GELOWICZ, Fritz Martin","individual","SDGT",-0- ,-0- ,-0- ,-0- ,-0- ,-0- ,-0- ,"DOB 01 Sep 1979; alt. DOB 10 Apr 1979; POB Munich, Germany; alt. POB Liege, Belgium; citizen Germany; Secondary sanctions risk: section 1(b) of Executive Order 13224, as amended by Executive Order 13886; Passport 7020069907 (Germany); Personal ID Card 7020783883; currently incarcerated at Stuttgart-Stammheim, Germany; a.k.a. 'BENZL'."
11322,"YILMAZ, Adem","individual","SDGT",-0- ,-0- ,-0- ,-0- ,-0- ,-0- ,-0- ,"DOB 04 Nov 1978; alt. DOB 11 Apr 1978; POB Bayburt, Turkey; citizen Turkey; Secondary sanctions risk: section 1(b) of Executive Order 13224, as amended by Executive Order 13886; Passport TR-P 614166 (Turkey); alt. Passport 0018850 (Turkey); currently incarcerated at Weiterstadt, Germany."
11346,"WAAD PROJECT",-0- ,"SDGT",-0- ,-0- ,-0- ,-0- ,-0- ,-0- ,-0- ,"Additional Sanctions Information - Subject to Secondary Sanctions Pursuant to the Hizballah Financial Sanctions Regulations; Secondary sanctions risk: section 1(b) of Executive Order 13224, as amended by Executive Order 13886; Telephone No. 009613679153; Telephone No. 009613380223; Telephone No. 03889402; Telephone No. 03669916."
11347,"TAMIL FOUNDATION",-0- ,"SDGT",-0- ,-0- ,-0- ,-0- ,-0- ,-0- ,-0- ,"Secondary sanctions risk: section 1(b) of Executive Order 13224, as amended by Executive Order 13886; Tax ID No. 52-1699409 (United States)."
11351,"FREE LIFE PARTY OF KURDISTAN",-0- ,"SDGT",-0- ,-0- ,-0- ,-0- ,-0- ,-0- ,-0- ,"Secondary sanctions risk: section 1(b) of Executive Order 13224, as amended by Executive Order 13886."
11353,"HAQ, Abdul","individual","SDGT",-0- ,-0- ,-0- ,-0- ,-0- ,-0- ,-0- ,"DOB 10 Oct 1971; POB Chele County, Khuttan Area, Xinjiang Uighur Autonomous Region, China; nationality China; Secondary sanctions risk: section 1(b) of Executive Order 13224, as amended by Executive Order 13886; National ID No. 653225197110100533 (China); a.k.a. 'ABUDUHAKE'; a.k.a. 'AL-HAQ, 'Abd'; a.k.a. 'SAIMAITI, Abdul'; a.k.a. 'MUHELISI'; a.k.a. 'QERMAN'; a.k.a. 'SAIFUDING'."
11355,"AMEEN AL-PESHAWARI, Fazeel-A-Tul Shaykh Abu Mohammed","individual","SDGT",-0- ,-0- ,-0- ,-0- ,-0- ,-0- ,-0- ,"DOB circa 01 Jan 1961; POB Shunkrai village, Sarkani District, Konar Province, Afghanistan; Secondary sanctions risk: section 1(b) of Executive Order 13224, as amended by Executive Order 13886; Passport FU0152122 (Pakistan) expires 24 Apr 2017; alt. Passport FU0152121 (Pakistan); a.k.a. 'AMINULLAH, Shaykh'; a.k.a. 'AMINULLAH, Sheik'; a.k.a. 'SHAYKH AMEEN'; Linked To: JAMIA TALEEM-UL-QURAN-WAL-HADITH MADRASSA; Linked To: TALIBAN; Linked To: LASHKAR E-TAYYIBA."
11357,"KHAN, Abdul Qadeer","individual","NPWMD",-0- ,-0- ,-0- ,-0- ,-0- ,-0- ,-0- ,"DOB 27 Apr 1936; POB Bhopal, India; nationality Pakistan; Passport D000428 (Pakistan)."
11358,"FAROOQ, Muhammad","individual","NPWMD",-0- ,-0- ,-0- ,-0- ,-0- ,-0- ,-0- ,"DOB 12 Mar 1949; nationality Pakistan; Passport S122252 (Pakistan)."
11360,"GRIFFIN, Peter","individual","NPWMD",-0- ,-0- ,-0- ,-0- ,-0- ,-0- ,-0- ,"DOB 09 Sep 1935; POB Oxford, United Kingdom; nationality United Kingdom; Passport B401584 (United Kingdom) issued 28 Sep 1989 expires 28 Sep 1999; alt. Passport B109455 (United Kingdom) issued 03 Oct 1979."
11361,"GRIFFIN, Paul Nicholas","individual","NPWMD",-0- ,-0- ,-0- ,-0- ,-0- ,-0- ,-0- ,"DOB 16 Feb 1964; nationality United Kingdom."
11362,"ALGUADIS, Selim","individual","NPWMD",-0- ,-0- ,-0- ,-0- ,-0- ,-0- ,-0- ,"DOB 27 May 1944; POB Turkey; nationality Turkey; Passport 585843 (Turkey) issued 11 Nov 1999."
11363,"CIRE, Kursad Zafer","individual","NPWMD",-0- ,-0- ,-0- ,-0- ,-0- ,-0- ,-0- ,"DOB 30 Aug 1967; POB Germany; nationality Turkey; Passport 778456 (Turkey) issued 14 May 1997 expires 13 May 2007."
11364,"LERCH, Gotthard","individual","NPWMD",-0- ,-0- ,-0- ,-0- ,-0- ,-0- ,-0- ,"DOB 21 Dec 1942; POB Germany; nationality Germany; Passport 3545767791D (Germany) issued 07 Aug 1998 expires 06 Aug 2008; alt. Passport 3545767791 (Germany)."
11365,"GEIGES, Daniel","individual","NPWMD",-0- ,-0- ,-0- ,-0- ,-0- ,-0- ,-0- ,"DOB 25 Jan 1938; POB Lachen, Switzerland; nationality Switzerland; Passport 8071366 (Switzerland)."
11366,"WISSER, Gerhard","individual","NPWMD] [IFSR",-0- ,-0- ,-0- ,-0- ,-0- ,-0- ,-0- ,"DOB 02 Jul 1939; POB Lohne, Germany; nationality Germany; Additional Sanctions Information - Subject to Secondary Sanctions; Passport 3139001443 (Germany)."
11373,"QASMANI, Arif","individual","SDGT",-0- ,-0- ,-0- ,-0- ,-0- ,-0- ,-0- ,"DOB circa 1944; nationality Pakistan; Secondary sanctions risk: section 1(b) of Executive Order 13224, as amended by Executive Order 13886; a.k.a. 'QASMANI BABA'; a.k.a. 'ARIF UMER'; a.k.a. 'MEMON BABA'; a.k.a. 'BABA JI'."
11375,"JAVAID, Nasir","individual","SDGT",-0- ,-0- ,-0- ,-0- ,-0- ,-0- ,-0- ,"DOB circa 1956; alt. DOB circa 1958; alt. DOB circa 1965; POB Pakistan; nationality Pakistan; Secondary sanctions risk: section 1(b) of Executive Order 13224, as amended by Executive Order 13886; From Gujranwala, Punjab province, Pakistan; a.k.a. 'ABU ISHMAEL'."
11376,"MUJAHID, Mohammed Yahya","individual","SDGT",-0- ,-0- ,-0- ,-0- ,-0- ,-0- ,-0- ,"DOB 12 Mar 1961; POB Lahore, Punjab Province, Pakistan; alt. POB Sheikhupura, Pakistan; Secondary sanctions risk: section 1(b) of Executive Order 13224, as amended by Executive Order 13886; National ID No. 35404-1577309-9 (Pakistan); alt. National ID No. 26961341469 (Pakistan)."
11377,"HAMID, Mustafa","individual","SDGT",-0- ,-0- ,-0- ,-0- ,-0- ,-0- ,-0- ,"DOB Mar 1945; POB Alexandria, Egypt; nationality Egypt; alt. nationality Pakistan; Secondary sanctions risk: section 1(b) of Executive Order 13224, as amended by Executive Order 13886; a.k.a. 'AL-WALID, Abu'; a.k.a. 'AL-MAKKI, Hashim'."
11378,"BIN LADEN, Sa'ad","individual","SDGT",-0- ,-0- ,-0- ,-0- ,-0- ,-0- ,-0- ,"DOB 1982; POB Saudi Arabia; nationality Saudi Arabia; Secondary sanctions risk: section 1(b) of Executive Order 13224, as amended by Executive Order 13886; Passport 520951 (Sudan); alt. Passport 530951 (Sudan); a.k.a. 'AL-KAHTANE, Abdul Rahman'."
11379,"AL-BAHTIYTI, Muhammad Rab'a al-Sayid","individual","SDGT",-0- ,-0- ,-0- ,-0- ,-0- ,-0- ,-0- ,"DOB 1971; POB al-Sharqiyyah, Egypt; nationality Egypt; Secondary sanctions risk: section 1(b) of Executive Order 13224, as amended by Executive Order 13886."
11380,"HUSAIN, Ali Saleh","individual","SDGT",-0- ,-0- ,-0- ,-0- ,-0- ,-0- ,-0- ,"DOB circa 1970; POB al-Hudaydah, Yemen; nationality Yemen; Secondary sanctions risk: section 1(b) of Executive Order 13224, as amended by Executive Order 13886; Individual's height is 5 feet 9 inches.; a.k.a. 'DAHHAK, Abu'."
11387,"MUDACUMURA, Sylvestre","individual","DRCONGO","Major General; Commander FDLR/FOCA",-0- ,-0- ,-0- ,-0- ,-0- ,-0- ,"DOB 1955; POB Karago, Western Province, Rwanda; citizen Rwanda; Major General; Commander FDLR/FOCA; a.k.a. 'RADJA'; a.k.a. 'MUKANDA'; a.k.a. 'COMMANDANT PHARAON'."
11388,"MBARUSHIMANA, Callixte","individual","DRCONGO","FDLR Executive Secretary",-0- ,-0- ,-0- ,-0- ,-0- ,-0- ,"DOB 24 Jul 1963; POB Ndusu/Ruhengeri, Northern Province, Rwanda; alt. POB Ruhengeri Province, Rwanda; citizen Rwanda; FDLR Executive Secretary."
11389,"NTAWUNGUKA, Pacifique","individual","DRCONGO","Colonel; Commander of FDLR 1st Division",-0- ,-0- ,-0- ,-0- ,-0- ,-0- ,"DOB 01 Jan 1964; alt. DOB 1964; POB Gaseke, Gisenyi Province, Rwanda; Colonel; Commander of FDLR 1st Division; a.k.a. 'COLONEL OMEGA'; a.k.a. 'NZERI'."
11390,"MUJYAMBERE, Leopold","individual","DRCONGO","Colonel; Commander, FDLR CO 2nd Division",-0- ,-0- ,-0- ,-0- ,-0- ,-0- ,"DOB 17 Mar 1962; alt. DOB 1966; POB Kigali, Rwanda; citizen Rwanda; Colonel; Commander, FDLR CO 2nd Division; a.k.a. 'MUSENYERI'; a.k.a. 'ACHILLE'."
11391,"NZEYIMANA, Stanislas","individual","DRCONGO","Brig. General; Deputy Overall Commander FOCA",-0- ,-0- ,-0- ,-0- ,-0- ,-0- ,"DOB 01 Jan 1966; alt. DOB 28 Aug 1966; alt. DOB 1967; POB Mugusa (Butare), Rwanda; citizen Rwanda; Brig. General; Deputy Overall Commander FOCA; a.k.a. 'BIGARURA'; a.k.a. 'BIGARUKA'."
11392,"MEJIA REGALADO, Jose Manuel","individual","SDNTK",-0- ,-0- ,-0- ,-0- ,-0- ,-0- ,-0- ,"DOB 18 May 1948; LE Number 07609623 (Peru)."
11396,"PORTILLA BARRAZA, Jorge","individual","SDNTK",-0- ,-0- ,-0- ,-0- ,-0- ,-0- ,-0- ,"DOB 26 Feb 1948; D.N.I. 52249376 (Chile)."
11399,"GONZALES GARBANCHO DE ZEVALLOS, Sara Maria","individual","SDNTK",-0- ,-0- ,-0- ,-0- ,-0- ,-0- ,-0- ,"DOB 02 Aug 1936; LE Number 07553590 (Peru)."
11401,"BELLOSOM ENTERPRISE, INC.",-0- ,"SDNTK",-0- ,-0- ,-0- ,-0- ,-0- ,-0- ,-0- ,"RUC # 2991141409851 (Panama)."
11402,"BLISSEY PANAMA INC.",-0- ,"SDNTK",-0- ,-0- ,-0- ,-0- ,-0- ,-0- ,-0- ,"RUC # 2989391409828 (Panama)."
11403,"LA CROSSE GROUP INC",-0- ,"SDNTK",-0- ,-0- ,-0- ,-0- ,-0- ,-0- ,-0- ,"Registration ID 268379 (Virgin Islands, British)."
11404,"AERO COURIER CARGO S.A.",-0- ,"SDNTK",-0- ,-0- ,-0- ,-0- ,-0- ,-0- ,-0- ,"RUC # 20507531823 (Peru)."
11405,"EMPRESA DE TRANSPORTES CHULUCANAS 2000 S.A.",-0- ,"SDNTK",-0- ,-0- ,-0- ,-0- ,-0- ,-0- ,-0- ,"RUC # 20458820989 (Peru)."
11406,"PERUVIAN PRECIOUS METALS S.A.C.",-0- ,"SDNTK",-0- ,-0- ,-0- ,-0- ,-0- ,-0- ,-0- ,"RUC # 20502799445 (Peru)."
11407,"SERVICIOS SILSA S.A.C.",-0- ,"SDNTK",-0- ,-0- ,-0- ,-0- ,-0- ,-0- ,-0- ,"RUC # 20341067112 (Peru)."
11408,"URANTIA SERVICES S.A.",-0- ,"SDNTK",-0- ,-0- ,-0- ,-0- ,-0- ,-0- ,-0- ,"RUC # 20505575882 (Peru)."
11409,"EDITORA TRANSPARENCIA S.A.",-0- ,"SDNTK",-0- ,-0- ,-0- ,-0- ,-0- ,-0- ,-0- ,"RUC # 20508146885 (Peru)."
11410,"ORIENTE CONTRATISTAS GENERALES S.A.",-0- ,"SDNTK",-0- ,-0- ,-0- ,-0- ,-0- ,-0- ,-0- ,"RUC # 20167975616 (Peru)."
11411,"PERU TOTAL MARKET E.I.R.L.",-0- ,"SDNTK",-0- ,-0- ,-0- ,-0- ,-0- ,-0- ,-0- ,"RUC # 20512036661 (Peru)."
11412,"LUCERO IMPORT S.A.C.",-0- ,"SDNTK",-0- ,-0- ,-0- ,-0- ,-0- ,-0- ,-0- ,"RUC # 20432287221 (Peru)."
11413,"REPRESENTACIONES ORIENTE S.R.L.",-0- ,"SDNTK",-0- ,-0- ,-0- ,-0- ,-0- ,-0- ,-0- ,"RUC # 20275164675 (Peru)."
11414,"ORIENTE TOURS S.R.L.",-0- ,"SDNTK",-0- ,-0- ,-0- ,-0- ,-0- ,-0- ,-0- ,"RUC # 20107539884 (Peru)."
11415,"CORPORACION DE INVERSIONES EMPRESARIALES S.A.",-0- ,"SDNTK",-0- ,-0- ,-0- ,-0- ,-0- ,-0- ,-0- ,"RUC # 20503541727 (Peru)."
11416,"CONTINENTE MOVIL Y SERVICIOS S.R.L.",-0- ,"SDNTK",-0- ,-0- ,-0- ,-0- ,-0- ,-0- ,-0- ,"RUC # 20383848483 (Peru)."
11417,"TALLER DE REPARACIONES DE AERODINOS SUS PARTES Y SERVICIOS AEREOS S.A.",-0- ,"SDNTK",-0- ,-0- ,-0- ,-0- ,-0- ,-0- ,-0- ,"RUC # 20104242244 (Peru)."
11418,"TRANSPORTES AEREOS UNIDOS SELVA AMAZONICA S.A.",-0- ,"SDNTK",-0- ,-0- ,-0- ,-0- ,-0- ,-0- ,-0- ,"RUC # 20110372320 (Peru)."
11419,"PERU GLOBAL TOURS S.A.C.",-0- ,"SDNTK",-0- ,-0- ,-0- ,-0- ,-0- ,-0- ,-0- ,"RUC # 20509567418 (Peru)."
11420,"ASOCIACION CIVIL LOS PROMOTORES AERONAUTICOS",-0- ,"SDNTK",-0- ,-0- ,-0- ,-0- ,-0- ,-0- ,-0- ,"RUC # 20336637733 (Peru)."
11421,"VUELA PERU S.A.C.",-0- ,"SDNTK",-0- ,-0- ,-0- ,-0- ,-0- ,-0- ,-0- ,"RUC # 20508991879 (Peru)."
11422,"AERO CONTINENTE E.I.R.L.",-0- ,"SDNTK",-0- ,-0- ,-0- ,-0- ,-0- ,-0- ,-0- ,"RUC # 20510752695 (Peru)."
11423,"LASA PERU S.A.C.",-0- ,"SDNTK",-0- ,-0- ,-0- ,-0- ,-0- ,-0- ,-0- ,"RUC # 20509588091 (Peru)."
11424,"EMPRESA EDITORA CONTINENTE PRESS S.A.",-0- ,"SDNTK",-0- ,-0- ,-0- ,-0- ,-0- ,-0- ,-0- ,"RUC # 20381427391 (Peru)."
11438,"CARTEL DEL NORESTE",-0- ,"SDNTK] [FTO] [SDGT] [TCO] [ILLICIT-DRUGS-EO14059",-0- ,-0- ,-0- ,-0- ,-0- ,-0- ,-0- ,"Secondary sanctions risk: section 1(b) of Executive Order 13224, as amended by Executive Order 13886; Organization Type: Transnational Terrorist Group; Target Type Criminal Organization; a.k.a. 'CDN'; a.k.a. 'NORTHEAST CARTEL'; a.k.a. 'LOS ZETAS'."
11439,"LA FAMILIA MICHOACANA",-0- ,"SDNTK] [ILLICIT-DRUGS-EO14059",-0- ,-0- ,-0- ,-0- ,-0- ,-0- ,-0- ,-0- 
11440,"SINALOA CARTEL",-0- ,"SDNTK] [FTO] [SDGT] [ILLICIT-DRUGS-EO14059",-0- ,-0- ,-0- ,-0- ,-0- ,-0- ,-0- ,"Secondary sanctions risk: section 1(b) of Executive Order 13224, as amended by Executive Order 13886; Organization Type: Transnational Terrorist Group; Target Type Criminal Organization; a.k.a. 'MEXICAN FEDERATION'; a.k.a. 'GUADALAJARA CARTEL'."
11441,"KHORASAN METALLURGY INDUSTRIES",-0- ,"NPWMD] [IFSR",-0- ,-0- ,-0- ,-0- ,-0- ,-0- ,-0- ,"Additional Sanctions Information - Subject to Secondary Sanctions."
11442,"KAVEH CUTTING TOOLS COMPANY",-0- ,"NPWMD] [IFSR",-0- ,-0- ,-0- ,-0- ,-0- ,-0- ,-0- ,"Additional Sanctions Information - Subject to Secondary Sanctions."
11443,"AMIN INDUSTRIAL COMPLEX",-0- ,"NPWMD] [IFSR",-0- ,-0- ,-0- ,-0- ,-0- ,-0- ,-0- ,"Additional Sanctions Information - Subject to Secondary Sanctions."
11444,"YAZD METALLURGY INDUSTRIES",-0- ,"NPWMD] [IFSR",-0- ,-0- ,-0- ,-0- ,-0- ,-0- ,-0- ,"Additional Sanctions Information - Subject to Secondary Sanctions."
11445,"SHAHID SAYYADE SHIRAZI INDUSTRIES",-0- ,"NPWMD] [IFSR",-0- ,-0- ,-0- ,-0- ,-0- ,-0- ,-0- ,"Additional Sanctions Information - Subject to Secondary Sanctions."
11446,"NIRU BATTERY MANUFACTURING COMPANY",-0- ,"NPWMD] [IFSR",-0- ,-0- ,-0- ,-0- ,-0- ,-0- ,-0- ,"Additional Sanctions Information - Subject to Secondary Sanctions."
11447,"LI, Fangwei","individual","NPWMD] [IFSR",-0- ,-0- ,-0- ,-0- ,-0- ,-0- ,-0- ,"DOB 18 Sep 1972; nationality China; Additional Sanctions Information - Subject to Secondary Sanctions."
11459,"ALVI, Mohammad Masood Azhar","individual","SDGT","Maulana",-0- ,-0- ,-0- ,-0- ,-0- ,-0- ,"DOB 10 Jul 1968; alt. DOB 10 Jun 1968; POB Bahawalpur, Punjab Province, Pakistan; nationality Pakistan; citizen Pakistan; Secondary sanctions risk: section 1(b) of Executive Order 13224, as amended by Executive Order 13886; Maulana."
11460,"CHEEMA, Azam","individual","SDGT",-0- ,-0- ,-0- ,-0- ,-0- ,-0- ,-0- ,"DOB 1953; POB Faisalabad, Pakistan; nationality Pakistan; citizen Pakistan; Secondary sanctions risk: section 1(b) of Executive Order 13224, as amended by Executive Order 13886."
11461,"AL-MUHANDIS, Abu Mahdi","individual","IRAQ3",-0- ,-0- ,-0- ,-0- ,-0- ,-0- ,-0- ,"DOB 1953; POB Ma'ghal, Basrah, Iraq; nationality Iraq; citizen Iran; alt. citizen Iraq; Additional Sanctions Information - Subject to Secondary Sanctions; a.k.a. 'AL-IBRAHIMI, Jamal Fa'far 'Ali'; a.k.a. 'AL-TAMIMI, Jamal al-Madan'; a.k.a. 'MOHAMMED, Jamal Jaafar'; a.k.a. 'JAAFAR, Jaafar Jamal'."
11462,"KATA'IB HIZBALLAH",-0- ,"FTO] [SDGT] [IRAQ3",-0- ,-0- ,-0- ,-0- ,-0- ,-0- ,-0- ,"Secondary sanctions risk: section 1(b) of Executive Order 13224, as amended by Executive Order 13886; www.aleseb.com; a.k.a. 'KATA'IB HIZBALLAH FI AL-IRAQ'; a.k.a. 'HIZBALLAH BRIGADES-IRAQ OF THE ISLAMIC RESISTANCE IN IRAQ'; a.k.a. 'ISLAMIC RESISTANCE IN IRAQ'; a.k.a. 'KATIBAT ABU FATHEL AL A'ABAS'; a.k.a. 'KATIBUT KARBALAH'; a.k.a. 'KATIBAT ZAYD EBIN ALI'."
11463,"LOPEZ OSPINA, Carlos Antonio","individual","SDNT",-0- ,-0- ,-0- ,-0- ,-0- ,-0- ,-0- ,"DOB 06 Mar 1926; alt. DOB 03 Jun 1926; Cedula No. 3311296 (Colombia)."
11464,"JACOME DEL VALLE, Omar Alfredo","individual","SDNT",-0- ,-0- ,-0- ,-0- ,-0- ,-0- ,-0- ,"DOB 24 Oct 1958; POB Mexico; C.U.R.P. JAVO581024HDFCLM02 (Mexico); a.k.a. 'EL PIOLO'."
11466,"VASQUEZ VALENCIA, Natalia Andrea","individual","SDNT",-0- ,-0- ,-0- ,-0- ,-0- ,-0- ,-0- ,"DOB 01 Oct 1974; POB Medellin, Colombia; Cedula No. 43587931 (Colombia)."
11467,"SUAZA BARCO, Maria del Carmen","individual","SDNT",-0- ,-0- ,-0- ,-0- ,-0- ,-0- ,-0- ,"DOB 06 May 1921; P